ROW_ID,CO2 (ppm),TEMP (deg C),Absolute GMSL (mm) relative to Jan 1950,CO2_12m_ago,CO2_5y_ago,CO2_10y_ago,TEMP_12m_ago,TEMP_5y_ago,TEMP_10y_ago,GMSL_12m_ago,GMSL_5y_ago,GMSL_10y_ago,GMSL_after_3m_TO_PREDICT
0,309.41,14.15561478,0.0,309.15,307.74,307.12,14.52375786,14.32178683,14.12083333,4.55674,-15.74326,-19.74326,0.85695
1,312.6,14.12923423,-1.15053,312.69,310.97,310.1,14.31706043,14.14571943,14.20850556,4.95674,-16.04326,-20.94326,1.33319
2,316.04,14.29203217,-1.3122,315.67,314.63,313.18,14.36671727,14.25638287,14.18079369,1.35674,-16.84326,-22.64326,1.72534
3,318.66,14.22922603,0.85695,318.43,318.08,315.42,14.33282178,14.4015178,14.46109573,-1.24326,-15.54326,-27.34326,1.08913
4,318.93,14.36419099,1.33319,319.01,317.46,316.55,14.45719807,14.33248227,14.54969113,-3.34326,-14.24326,-28.04326,0.40567
5,318.66,14.42566579,1.72534,318.49,317.08,315.37,14.38219923,14.53285593,14.39769833,-3.64326,-10.24326,-32.44326,2.13301
6,316.87,14.35276213,1.08913,315.94,314.53,313.4,14.50786298,14.41746893,14.61558049,-4.74326,-14.24326,-30.54326,4.96434
7,312.87,14.24926943,0.40567,312.85,311.92,309.77,14.39975159,14.73053925,14.56675046,-3.44326,-14.44326,-27.64326,7.72716
8,309.99,14.40104859,2.13301,309.2,308.32,306.75,14.43254463,14.54015343,14.43109983,-4.84326,-18.74326,-23.64326,10.13415
9,306.97,14.41901963,4.96434,307.4,306.31,304.73,14.39789479,14.50766747,14.25239556,-1.14326,-16.24326,-19.34326,8.75009
10,306.15,14.16478436,7.72716,307.01,305.4,303.8,14.4117698,14.30907243,14.30645553,-0.64326,-15.94326,-16.14326,12.752585
11,307.44,14.40362828,10.13415,307.46,305.65,304.91,14.39520638,14.19838993,14.46596423,0.85674,-12.64326,-15.14326,18.037154
12,309.67,14.14796633,8.75009,309.41,308.33,306.95,14.15561478,14.44568343,14.38506503,0.0,-13.74326,-15.84326,18.67058
13,313.55,14.01998223,12.752585,312.6,312.02,310.26,14.12923423,14.33951183,14.52278703,-1.15053,-9.84326,-12.64326,18.899085
14,316.26,14.22064107,18.037154,316.04,314.66,313.34,14.29203217,14.4138078,14.35222333,-1.3122,-10.64326,-12.24326,13.86508
15,318.6,14.34704488,18.67058,318.66,317.08,315.68,14.22922603,14.44219013,14.25911703,0.85695,-6.74326,-10.84326,10.22884
16,319.75,14.6540107,18.899085,318.93,318.39,317.17,14.36419099,14.51189606,14.45857899,1.33319,-4.24326,-12.74326,6.61001
17,319.03,14.56574528,13.86508,318.66,317.29,316.02,14.42566579,14.42771237,14.57308285,1.72534,-1.24326,-12.74326,7.92512
18,316.72,14.3980655,10.22884,316.87,315.48,314.25,14.35276213,14.48762983,14.52234643,1.08913,0.05674,-9.74326,8.06905
19,312.93,14.57767289,6.61001,312.87,311.85,310.73,14.24926943,14.39606278,14.59103387,0.40567,-2.44326,-5.34326,9.872375
20,309.69,14.57301228,7.92512,309.99,308.55,307.56,14.40104859,14.4120292,14.21175283,2.13301,-6.34326,-5.84326,7.99815
21,307.7,14.58372109,8.06905,306.97,306.26,304.53,14.41901963,14.28779213,14.55745213,4.96434,-9.84326,-9.24326,7.4434
22,307.37,14.48587887,9.872375,306.15,305.49,303.78,14.16478436,14.34115973,14.28115073,7.72716,-12.44326,-14.94326,6.96272
23,307.81,14.60149663,7.99815,307.44,306.3,304.99,14.40362828,14.22547813,14.37460703,10.13415,-13.14326,-15.04326,5.26517
24,310.41,14.55632873,7.4434,309.67,308.68,307.0,14.14796633,14.43281643,14.50461763,8.75009,-13.74326,-16.64326,5.41222
25,313.85,14.47465603,6.96272,313.55,312.12,310.47,14.01998223,14.33979218,14.26915639,12.752585,-11.54326,-15.64326,6.05307
26,316.48,14.32301228,5.26517,316.26,314.88,313.84,14.22064107,14.48694413,14.35732167,18.037154,-8.94326,-16.94326,8.50663
27,319.25,14.35991473,5.41222,318.6,317.41,316.64,14.34704488,14.55195323,14.26248067,18.67058,-11.24326,-17.44326,7.41527
28,320.17,14.50160687,6.05307,319.75,318.32,316.39,14.6540107,14.49650183,14.45724099,18.899085,-10.64326,-16.24326,8.24145
29,319.5,14.52188963,8.50663,319.03,317.49,316.45,14.56574528,14.54682533,14.38621133,13.86508,-8.64326,-13.24326,10.50627
30,316.69,14.52438823,7.41527,316.72,315.24,313.3,14.3980655,14.52319613,14.34065523,10.22884,-5.94326,-9.84326,11.83647
31,313.92,14.37894243,8.24145,312.93,311.94,310.46,14.57767289,14.40191739,14.31739803,6.61001,-3.34326,-6.84326,16.40811
32,310.14,14.45325463,10.50627,309.69,308.93,307.67,14.57301228,14.37415403,14.32461923,7.92512,0.05674,-4.94326,16.947105
33,307.86,14.37365239,11.83647,307.7,306.52,304.85,14.58372109,14.48592753,14.34413808,8.06905,4.55674,-5.84326,16.53865
34,307.35,14.15439789,16.40811,307.37,305.98,304.53,14.48587887,14.37468043,14.19125263,9.872375,9.25674,-5.94326,13.64555
35,307.94,14.36379807,16.947105,307.81,306.51,305.1,14.60149663,14.25022403,14.24623293,7.99815,7.55674,-8.34326,11.87347
36,310.35,14.41393943,16.53865,310.41,308.7,308.01,14.55632873,14.41572563,14.24857133,7.4434,4.65674,-5.84326,13.788856
37,313.95,14.45823376,13.64555,313.85,312.0,310.79,14.47465603,14.22599309,14.38185399,6.96272,0.15674,-5.04326,17.123435
38,317.07,14.41345208,11.87347,316.48,315.95,313.88,14.32301228,14.17366973,14.18043223,5.26517,-1.94326,-5.54326,19.772445
39,319.46,14.563672,13.788856,319.25,317.87,315.81,14.35991473,14.32380383,14.29370203,5.41222,-1.94326,-5.74326,17.25396
40,320.27,14.67612833,17.123435,320.17,318.37,317.75,14.50160687,14.52034657,14.43625157,6.05307,-0.64326,-9.84326,14.654
41,319.52,14.54146378,19.772445,319.5,317.91,316.62,14.52188963,14.46368403,14.30327983,8.50663,-0.74326,-9.64326,11.99396
42,317.49,14.5639581,17.25396,316.69,315.87,314.85,14.52438823,14.47052376,14.32330506,7.41527,0.85674,-13.74326,9.801055
43,314.19,14.53611748,14.654,313.92,312.69,310.92,14.37894243,14.49537843,14.28931039,8.24145,-1.14326,-14.24326,9.14991
44,310.98,14.43383113,11.99396,310.14,309.47,307.34,14.45325463,14.34997173,14.35614293,10.50627,0.25674,-15.64326,8.46341
45,308.83,14.46776383,9.801055,307.86,307.07,305.03,14.37365239,14.48185628,14.41591828,11.83647,-0.14326,-16.34326,10.68292
46,307.74,14.37210839,9.14991,307.35,306.09,304.51,14.15439789,14.44542593,14.38950533,16.40811,1.75674,-17.54326,12.00537
47,308.58,14.47049897,8.46341,307.94,306.37,305.69,14.36379807,14.16905493,14.45567029,16.947105,2.95674,-18.14326,12.74741
48,310.7,14.19087117,10.68292,310.35,309.15,307.78,14.41393943,14.52375786,14.67632477,16.53865,4.55674,-14.64326,10.439056
49,314.87,14.27044289,12.00537,313.95,312.69,310.84,14.45823376,14.31706043,14.56660359,13.64555,4.95674,-8.54326,10.69465
50,318.25,14.31815043,12.74741,317.07,315.67,314.63,14.41345208,14.36671727,14.60734743,11.87347,1.35674,-5.84326,7.87207
51,320.23,14.29299729,10.439056,319.46,318.43,316.78,14.563672,14.33282178,14.43543713,13.788856,-1.24326,-10.44326,5.24545
52,321.06,14.42174333,10.69465,320.27,319.01,317.4,14.67612833,14.45719807,14.46778577,17.123435,-3.34326,-17.74326,4.40375
53,320.02,14.33630269,7.87207,319.52,318.49,316.87,14.54146378,14.38219923,14.54908363,19.772445,-3.64326,-23.54326,6.7777
54,317.72,14.33392043,5.24545,317.49,315.94,314.87,14.5639581,14.50786298,14.53314488,17.25396,-4.74326,-26.34326,11.608375
55,314.55,14.26359646,4.40375,314.19,312.85,311.56,14.53611748,14.39975159,14.59731953,14.654,-3.44326,-26.54326,16.82031
56,311.54,14.19071667,6.7777,310.98,309.2,308.21,14.43383113,14.43254463,14.65346329,11.99396,-4.84326,-24.64326,19.13433
57,309.06,14.29399483,11.608375,308.83,307.4,304.78,14.46776383,14.39789479,14.60617058,9.801055,-1.14326,-21.64326,20.83775
58,307.9,14.38262263,16.82031,307.74,307.01,305.11,14.37210839,14.4117698,14.37386503,9.14991,-0.64326,-17.94326,20.50221
59,309.01,14.25319188,19.13433,308.58,307.46,305.71,14.47049897,14.39520638,14.30398363,8.46341,0.85674,-16.74326,17.22984
60,311.52,14.48541157,20.83775,310.7,309.41,307.74,14.19087117,14.15561478,14.32178683,10.68292,0.0,-15.74326,13.08911
61,314.4,14.1494798,20.50221,314.87,312.6,310.97,14.27044289,14.12923423,14.14571943,12.00537,-1.15053,-16.04326,8.47964
62,317.66,14.04104413,17.22984,318.25,316.04,314.63,14.31815043,14.29203217,14.25638287,12.74741,-1.3122,-16.84326,5.41269
63,320.43,14.2213363,13.08911,320.23,318.66,318.08,14.29299729,14.22922603,14.4015178,10.439056,0.85695,-15.54326,3.3098
64,321.13,14.34632008,8.47964,321.06,318.93,317.46,14.42174333,14.36419099,14.33248227,10.69465,1.33319,-14.24326,6.51636
65,320.69,14.34620853,5.41269,320.02,318.66,317.08,14.33630269,14.42566579,14.53285593,7.87207,1.72534,-10.24326,7.67488
66,318.42,14.30267327,3.3098,317.72,316.87,314.53,14.33392043,14.35276213,14.41746893,5.24545,1.08913,-14.24326,12.15172
67,315.08,14.46599763,6.51636,314.55,312.87,311.92,14.26359646,14.24926943,14.73053925,4.40375,0.40567,-14.44326,12.64603
68,310.96,14.38240423,7.67488,311.54,309.99,308.32,14.19071667,14.40104859,14.54015343,6.7777,2.13301,-18.74326,12.0043
69,309.05,14.3277921,12.15172,309.06,306.97,306.31,14.29399483,14.41901963,14.50766747,11.608375,4.96434,-16.24326,11.03758
70,308.74,14.145626,12.64603,307.9,306.15,305.4,14.38262263,14.16478436,14.30907243,16.82031,7.72716,-15.94326,7.48021
71,308.98,14.11970513,12.0043,309.01,307.44,305.65,14.25319188,14.40362828,14.19838993,19.13433,10.13415,-12.64326,8.27203
72,311.94,14.30971997,11.03758,311.52,309.67,308.33,14.48541157,14.14796633,14.44568343,20.83775,8.75009,-13.74326,11.17185
73,315.44,14.18424599,7.48021,314.4,313.55,312.02,14.1494798,14.01998223,14.33951183,20.50221,12.752585,-9.84326,11.12481
74,318.42,14.22284403,8.27203,317.66,316.26,314.66,14.04104413,14.22064107,14.4138078,17.22984,18.037154,-10.64326,9.586234
75,320.36,14.18623443,11.17185,320.43,318.6,317.08,14.2213363,14.34704488,14.44219013,13.08911,18.67058,-6.74326,4.7557
76,321.62,14.22924033,11.12481,321.13,319.75,318.39,14.34632008,14.6540107,14.51189606,8.47964,18.899085,-4.24326,3.56175
77,321.05,14.26629918,9.586234,320.69,319.03,317.29,14.34620853,14.56574528,14.42771237,5.41269,13.86508,-1.24326,2.83696
78,318.8,14.28533356,4.7557,318.42,316.72,315.48,14.30267327,14.3980655,14.48762983,3.3098,10.22884,0.05674,2.44548
79,315.12,14.18216889,3.56175,315.08,312.93,311.85,14.46599763,14.57767289,14.39606278,6.51636,6.61001,-2.44326,2.35033
80,312.04,14.14423459,2.83696,310.96,309.69,308.55,14.38240423,14.57301228,14.4120292,7.67488,7.92512,-6.34326,3.76323
81,308.91,14.07926266,2.44548,309.05,307.7,306.26,14.3277921,14.58372109,14.28779213,12.15172,8.06905,-9.84326,8.37629
82,309.18,14.21211903,2.35033,308.74,307.37,305.49,14.145626,14.48587887,14.34115973,12.64603,9.872375,-12.44326,16.52904
83,310.01,14.31881993,3.76323,308.98,307.81,306.3,14.11970513,14.60149663,14.22547813,12.0043,7.99815,-13.14326,20.686866
84,312.24,14.27863493,8.37629,311.94,310.41,308.68,14.30971997,14.55632873,14.43281643,11.03758,7.4434,-13.74326,22.45203
85,316.22,14.26942723,16.52904,315.44,313.85,312.12,14.18424599,14.47465603,14.33979218,7.48021,6.96272,-11.54326,24.17976
86,319.64,14.26187318,20.686866,318.42,316.48,314.88,14.22284403,14.32301228,14.48694413,8.27203,5.26517,-8.94326,24.27318
87,321.07,14.40577786,22.45203,320.36,319.25,317.41,14.18623443,14.35991473,14.55195323,11.17185,5.41222,-11.24326,23.901786
88,321.91,14.52339547,24.17976,321.62,320.17,318.32,14.22924033,14.50160687,14.49650183,11.12481,6.05307,-10.64326,20.78559
89,321.57,14.59440701,24.27318,321.05,319.5,317.49,14.26629918,14.52188963,14.54682533,9.586234,8.50663,-8.64326,20.048675
90,318.64,14.48875133,23.901786,318.8,316.69,315.24,14.28533356,14.52438823,14.52319613,4.7557,7.41527,-5.94326,18.931975
91,315.55,14.53828993,20.78559,315.12,313.92,311.94,14.18216889,14.37894243,14.40191739,3.56175,8.24145,-3.34326,20.101806
92,312.84,14.53202717,20.048675,312.04,310.14,308.93,14.14423459,14.45325463,14.37415403,2.83696,10.50627,0.05674,19.14683
93,309.87,14.54419987,18.931975,308.91,307.86,306.52,14.07926266,14.37365239,14.48592753,2.44548,11.83647,4.55674,21.11504
94,309.12,14.55550663,20.101806,309.18,307.35,305.98,14.21211903,14.15439789,14.37468043,2.35033,16.40811,9.25674,20.67315
95,310.01,14.60665887,19.14683,310.01,307.94,306.51,14.31881993,14.36379807,14.25022403,3.76323,16.947105,7.55674,20.77068
96,312.39,14.77063743,21.11504,312.24,310.35,308.7,14.27863493,14.41393943,14.41572563,8.37629,16.53865,4.65674,18.27884
97,316.01,14.59697716,20.67315,316.22,313.95,312.0,14.26942723,14.45823376,14.22599309,16.52904,13.64555,0.15674,18.74672
98,315.71,14.53136628,20.77068,319.64,317.07,315.95,14.26187318,14.41345208,14.17366973,20.686866,11.87347,-1.94326,18.65549
99,317.45,14.5266866,18.27884,321.07,319.46,317.87,14.40577786,14.563672,14.32380383,22.45203,13.788856,-1.94326,19.88533
100,317.51,14.63920013,18.74672,321.91,320.27,318.37,14.52339547,14.67612833,14.52034657,24.17976,17.123435,-0.64326,20.45005
101,317.27,14.52534096,18.65549,321.57,319.52,317.91,14.59440701,14.54146378,14.46368403,24.27318,19.772445,-0.74326,21.770866
102,315.87,14.5799989,19.88533,318.64,317.49,315.87,14.48875133,14.5639581,14.47052376,23.901786,17.25396,0.85674,24.023955
103,314.93,14.48830788,20.45005,315.55,314.19,312.69,14.53828993,14.53611748,14.49537843,20.78559,14.654,-1.14326,25.42147
104,313.21,14.41011133,21.770866,312.84,310.98,309.47,14.53202717,14.43383113,14.34997173,20.048675,11.99396,0.25674,26.31927
105,312.42,14.44213573,24.023955,309.87,308.83,307.07,14.54419987,14.46776383,14.48185628,18.931975,9.801055,-0.14326,24.26001
106,313.33,14.43337338,25.42147,309.12,307.74,306.09,14.55550663,14.37210839,14.44542593,20.101806,9.14991,1.75674,20.933
107,314.67,14.4572696,26.31927,310.01,308.58,306.37,14.60665887,14.47049897,14.16905493,19.14683,8.46341,2.95674,18.841544
108,315.58,14.55729668,24.26001,312.39,310.7,309.15,14.77063743,14.19087117,14.52375786,21.11504,10.68292,4.55674,19.54671
109,316.49,14.50290387,20.933,316.01,314.87,312.69,14.59697716,14.27044289,14.31706043,20.67315,12.00537,4.95674,19.932166
110,316.65,14.6331691,18.841544,315.71,318.25,315.67,14.53136628,14.31815043,14.36671727,20.77068,12.74741,1.35674,21.360465
111,317.72,14.59832566,19.54671,317.45,320.23,318.43,14.5266866,14.29299729,14.33282178,18.27884,10.439056,-1.24326,21.61905
112,318.29,14.53566353,19.932166,317.51,321.06,319.01,14.63920013,14.42174333,14.45719807,18.74672,10.69465,-3.34326,24.01103
113,318.15,14.54951373,21.360465,317.27,320.02,318.49,14.52534096,14.33630269,14.38219923,18.65549,7.87207,-3.64326,22.99512
114,316.54,14.53640743,21.61905,315.87,317.72,315.94,14.5799989,14.33392043,14.50786298,19.88533,5.24545,-4.74326,24.58505
115,314.8,14.47214978,24.01103,314.93,314.55,312.85,14.48830788,14.26359646,14.39975159,20.45005,4.40375,-3.44326,20.24469
116,313.84,14.36145299,22.99512,313.21,311.54,309.2,14.41011133,14.19071667,14.43254463,21.770866,6.7777,-4.84326,21.070914
117,313.33,14.42763133,24.58505,312.42,309.06,307.4,14.44213573,14.29399483,14.39789479,24.023955,11.608375,-1.14326,20.697555
118,314.81,14.33028593,20.24469,313.33,307.9,307.01,14.43337338,14.38262263,14.4117698,25.42147,16.82031,-0.64326,24.763305
119,315.58,14.47510143,21.070914,314.67,309.01,307.46,14.4572696,14.25319188,14.39520638,26.31927,19.13433,0.85674,24.50368
120,316.43,14.49706163,20.697555,315.58,311.52,309.41,14.55729668,14.48541157,14.15561478,24.26001,20.83775,0.0,26.55237
121,316.98,14.58056061,24.763305,316.49,314.4,312.6,14.50290387,14.1494798,14.12923423,20.933,20.50221,-1.15053,27.15882
122,317.58,14.1544637,24.50368,316.65,317.66,316.04,14.6331691,14.04104413,14.29203217,18.841544,17.22984,-1.3122,26.75614
123,319.03,14.32140823,26.55237,317.72,320.43,318.66,14.59832566,14.2213363,14.22922603,19.54671,13.08911,0.85695,25.51483
124,320.03,14.44731133,27.15882,318.29,321.13,318.93,14.53566353,14.34632008,14.36419099,19.932166,8.47964,1.33319,24.728
125,319.58,14.49732869,26.75614,318.15,320.69,318.66,14.54951373,14.34620853,14.42566579,21.360465,5.41269,1.72534,24.26647
126,318.18,14.48825829,25.51483,316.54,318.42,316.87,14.53640743,14.30267327,14.35276213,21.61905,3.3098,1.08913,24.97047
127,315.9,14.53389447,24.728,314.8,315.08,312.87,14.47214978,14.46599763,14.24926943,24.01103,6.51636,0.40567,25.75972
128,314.17,14.44211283,24.26647,313.84,310.96,309.99,14.36145299,14.38240423,14.40104859,22.99512,7.67488,2.13301,28.86083
129,313.83,14.49650283,24.97047,313.33,309.05,306.97,14.42763133,14.3277921,14.41901963,24.58505,12.15172,4.96434,31.66653
130,315.0,14.34820168,25.75972,314.81,308.74,306.15,14.33028593,14.145626,14.16478436,20.24469,12.64603,7.72716,36.41161
131,316.19,14.63146583,28.86083,315.58,308.98,307.44,14.47510143,14.11970513,14.40362828,21.070914,12.0043,10.13415,36.79825
132,316.89,14.54763503,31.66653,316.43,311.94,309.67,14.49706163,14.30971997,14.14796633,20.697555,11.03758,8.75009,37.24923
133,317.7,14.58013433,36.41161,316.98,315.44,313.55,14.58056061,14.18424599,14.01998223,24.763305,7.48021,12.752585,34.786796
134,318.54,14.5024566,36.79825,317.58,318.42,316.26,14.1544637,14.22284403,14.22064107,24.50368,8.27203,18.037154,32.70646
135,319.48,14.54846183,37.24923,319.03,320.36,318.6,14.32140823,14.18623443,14.34704488,26.55237,11.17185,18.67058,31.881034
136,320.58,14.63749306,34.786796,320.03,321.62,319.75,14.44731133,14.22924033,14.6540107,27.15882,11.12481,18.899085,30.8268
137,319.77,14.6030206,32.70646,319.58,321.05,319.03,14.49732869,14.26629918,14.56574528,26.75614,9.586234,13.86508,29.633094
138,318.56,14.57321065,31.881034,318.18,318.8,316.72,14.48825829,14.28533356,14.3980655,25.51483,4.7557,10.22884,26.57108
139,316.79,14.51684468,30.8268,315.9,315.12,312.93,14.53389447,14.18216889,14.57767289,24.728,3.56175,6.61001,24.55687
140,314.99,14.54971688,29.633094,314.17,312.04,309.69,14.44211283,14.14423459,14.57301228,24.26647,2.83696,7.92512,25.39218
141,315.31,14.48649399,26.57108,313.83,308.91,307.7,14.49650283,14.07926266,14.58372109,24.97047,2.44548,8.06905,25.353965
142,316.1,14.45520583,24.55687,315.0,309.18,307.37,14.34820168,14.21211903,14.48587887,25.75972,2.35033,9.872375,26.80176
143,317.01,14.34549229,25.39218,316.19,310.01,307.81,14.63146583,14.31881993,14.60149663,28.86083,3.76323,7.99815,25.502204
144,317.94,14.47439187,25.353965,316.89,312.24,310.41,14.54763503,14.27863493,14.55632873,31.66653,8.37629,7.4434,25.0723
145,318.55,14.53968803,26.80176,317.7,316.22,313.85,14.58013433,14.26942723,14.47465603,36.41161,16.52904,6.96272,24.22526
146,319.68,14.50743478,25.502204,318.54,319.64,316.48,14.5024566,14.26187318,14.32301228,36.79825,20.686866,5.26517,24.49725
147,320.57,14.47526066,25.0723,319.48,321.07,319.25,14.54846183,14.40577786,14.35991473,37.24923,22.45203,5.41222,22.986594
148,321.02,14.43757433,24.22526,320.58,321.91,320.17,14.63749306,14.52339547,14.50160687,34.786796,24.17976,6.05307,25.91564
149,320.62,14.41142933,24.49725,319.77,321.57,319.5,14.6030206,14.59440701,14.52188963,32.70646,24.27318,8.50663,27.35418
150,319.61,14.52390093,22.986594,318.56,318.64,316.69,14.57321065,14.48875133,14.52438823,31.881034,23.901786,7.41527,30.51144
151,317.4,14.4647178,25.91564,316.79,315.55,313.92,14.51684468,14.53828993,14.37894243,30.8268,20.78559,8.24145,29.508575
152,316.24,14.41952317,27.35418,314.99,312.84,310.14,14.54971688,14.53202717,14.45325463,29.633094,20.048675,10.50627,27.974784
153,315.42,14.45803253,30.51144,315.31,309.87,307.86,14.48649399,14.54419987,14.37365239,26.57108,18.931975,11.83647,29.16977
154,316.69,14.46250053,29.508575,316.1,309.12,307.35,14.45520583,14.55550663,14.15439789,24.55687,20.101806,16.40811,28.93327
155,317.7,14.44503393,27.974784,317.01,310.01,307.94,14.34549229,14.60665887,14.36379807,25.39218,19.14683,16.947105,28.8813
156,318.74,14.41522973,29.16977,317.94,312.39,310.35,14.47439187,14.77063743,14.41393943,25.353965,21.11504,16.53865,26.86958
157,319.07,14.53141396,28.93327,318.55,316.01,313.95,14.53968803,14.59697716,14.45823376,26.80176,20.67315,13.64555,25.40561
158,319.86,14.21795173,28.8813,319.68,315.71,317.07,14.50743478,14.53136628,14.41345208,25.502204,20.77068,11.87347,23.979415
159,321.38,14.33163063,26.86958,320.57,317.45,319.46,14.47526066,14.5266866,14.563672,25.0723,18.27884,13.788856,22.60113
160,322.24,14.44538586,25.40561,321.02,317.51,320.27,14.43757433,14.63920013,14.67612833,24.22526,18.74672,17.123435,21.329154
161,321.49,14.54677098,23.979415,320.62,317.27,319.52,14.41142933,14.52534096,14.54146378,24.49725,18.65549,19.772445,23.77272
162,319.74,14.63778775,22.60113,319.61,315.87,317.49,14.52390093,14.5799989,14.5639581,22.986594,19.88533,17.25396,22.52889
163,317.77,14.71304313,21.329154,317.4,314.93,314.19,14.4647178,14.48830788,14.53611748,25.91564,20.45005,14.654,24.37074
164,316.21,14.61858933,23.77272,316.24,313.21,310.98,14.41952317,14.41011133,14.43383113,27.35418,21.770866,11.99396,18.82557
165,315.99,14.56136793,22.52889,315.42,312.42,308.83,14.45803253,14.44213573,14.46776383,30.51144,24.023955,9.801055,14.68363
166,317.07,14.55596726,24.37074,316.69,313.33,307.74,14.46250053,14.43337338,14.37210839,29.508575,25.42147,9.14991,10.29487
167,318.35,14.48829358,18.82557,317.7,314.67,308.58,14.44503393,14.4572696,14.47049897,27.974784,26.31927,8.46341,9.44013
168,319.57,14.42867749,14.68363,318.74,315.58,310.7,14.41522973,14.55729668,14.19087117,29.16977,24.26001,10.68292,8.933036
169,320.04,14.38803473,10.29487,319.07,316.49,314.87,14.53141396,14.50290387,14.27044289,28.93327,20.933,12.00537,13.42977
170,320.75,14.22209828,9.44013,319.86,316.65,318.25,14.21795173,14.6331691,14.31815043,28.8813,18.841544,12.74741,18.8045
171,321.84,14.19448178,8.933036,321.38,317.72,320.23,14.33163063,14.59832566,14.29299729,26.86958,19.54671,10.439056,22.837905
172,322.25,14.35818379,13.42977,322.24,318.29,321.06,14.44538586,14.53566353,14.42174333,25.40561,19.932166,10.69465,23.05688
173,321.89,14.42284193,18.8045,321.49,318.15,320.02,14.54677098,14.54951373,14.33630269,23.979415,21.360465,7.87207,21.13218
174,320.44,14.56204503,22.837905,319.74,316.54,317.72,14.63778775,14.53640743,14.33392043,22.60113,21.61905,5.24545,18.31652
175,318.69,14.37121193,23.05688,317.77,314.8,314.55,14.71304313,14.47214978,14.26359646,21.329154,24.01103,4.40375,18.82349
176,316.71,14.16940777,21.13218,316.21,313.84,311.54,14.61858933,14.36145299,14.19071667,23.77272,22.99512,6.7777,21.93928
177,316.87,14.06393803,18.31652,315.99,313.33,309.06,14.56136793,14.42763133,14.29399483,22.52889,24.58505,11.608375,26.34741
178,317.68,14.18769639,18.82349,317.07,314.81,307.9,14.55596726,14.33028593,14.38262263,24.37074,20.24469,16.82031,30.79306
179,318.71,14.15143197,21.93928,318.35,315.58,309.01,14.48829358,14.47510143,14.25319188,18.82557,21.070914,19.13433,28.806914
180,319.44,14.32725613,26.34741,319.57,316.43,311.52,14.42867749,14.49706163,14.48541157,14.68363,20.697555,20.83775,25.68194
181,320.44,14.22384923,30.79306,320.04,316.98,314.4,14.38803473,14.58056061,14.1494798,10.29487,24.763305,20.50221,21.99781
182,320.89,14.28361313,28.806914,320.75,317.58,317.66,14.22209828,14.1544637,14.04104413,9.44013,24.50368,17.22984,22.887694
183,322.14,14.26283733,25.68194,321.84,319.03,320.43,14.19448178,14.32140823,14.2213363,8.933036,26.55237,13.08911,26.12062
184,322.17,14.43520539,21.99781,322.25,320.03,321.13,14.35818379,14.44731133,14.34632008,13.42977,27.15882,8.47964,29.61251
185,321.87,14.39259333,22.887694,321.89,319.58,320.69,14.42284193,14.49732869,14.34620853,18.8045,26.75614,5.41269,33.04767
186,321.21,14.43237773,26.12062,320.44,318.18,318.42,14.56204503,14.48825829,14.30267327,22.837905,25.51483,3.3098,31.392135
187,318.87,14.39342493,29.61251,318.69,315.9,315.08,14.37121193,14.53389447,14.46599763,23.05688,24.728,6.51636,30.95845
188,317.82,14.34341519,33.04767,316.71,314.17,310.96,14.16940777,14.44211283,14.38240423,21.13218,24.26647,7.67488,29.35428
189,317.3,14.38548558,31.392135,316.87,313.83,309.05,14.06393803,14.49650283,14.3277921,18.31652,24.97047,12.15172,28.71277
190,318.87,14.37614053,30.95845,317.68,315.0,308.74,14.18769639,14.34820168,14.145626,18.82349,25.75972,12.64603,26.68851
191,319.42,14.40695663,29.35428,318.71,316.19,308.98,14.15143197,14.63146583,14.11970513,21.93928,28.86083,12.0043,24.22727
192,320.62,14.32651608,28.71277,319.44,316.89,311.94,14.32725613,14.54763503,14.30971997,26.34741,31.66653,11.03758,22.112754
193,321.6,14.39569373,26.68851,320.44,317.7,315.44,14.22384923,14.58013433,14.18424599,30.79306,36.41161,7.48021,21.03873
194,322.39,14.43843739,24.22727,320.89,318.54,318.42,14.28361313,14.5024566,14.22284403,28.806914,36.79825,8.27203,20.762694
195,323.7,14.36946957,22.112754,322.14,319.48,320.36,14.26283733,14.54846183,14.18623443,25.68194,37.24923,11.17185,22.558654
196,324.08,14.4445905,21.03873,322.17,320.58,321.62,14.43520539,14.63749306,14.22924033,21.99781,34.786796,11.12481,22.928794
197,323.75,14.55475993,20.762694,321.87,319.77,321.05,14.39259333,14.6030206,14.26629918,22.887694,32.70646,9.586234,22.91983
198,322.37,14.65682309,22.558654,321.21,318.56,318.8,14.43237773,14.57321065,14.28533356,26.12062,31.881034,4.7557,21.566886
199,320.36,14.48624033,22.928794,318.87,316.79,315.12,14.39342493,14.51684468,14.18216889,29.61251,30.8268,3.56175,18.12345
200,318.64,14.46479693,22.91983,317.82,314.99,312.04,14.34341519,14.54971688,14.14423459,33.04767,29.633094,2.83696,20.31013
201,318.1,14.28500643,21.566886,317.3,315.31,308.91,14.38548558,14.48649399,14.07926266,31.392135,26.57108,2.44548,19.12568
202,319.78,14.36994069,18.12345,318.87,316.1,309.18,14.37614053,14.45520583,14.21211903,30.95845,24.55687,2.35033,19.45278
203,321.02,14.40898603,20.31013,319.42,317.01,310.01,14.40695663,14.34549229,14.31881993,29.35428,25.39218,3.76323,17.130996
204,322.33,14.33122437,19.12568,320.62,317.94,312.24,14.32651608,14.47439187,14.27863493,28.71277,25.353965,8.37629,18.76129
205,322.5,14.16005223,19.45278,321.6,318.55,316.22,14.39569373,14.53968803,14.26942723,26.68851,26.80176,16.52904,20.222594
206,323.03,14.42711346,17.130996,322.39,319.68,319.64,14.43843739,14.50743478,14.26187318,24.22727,25.502204,20.686866,25.07656
207,324.41,14.41028779,18.76129,323.7,320.57,321.07,14.36946957,14.47526066,14.40577786,22.112754,25.0723,22.45203,25.592795
208,325.0,14.6461057,20.222594,324.08,321.02,321.91,14.4445905,14.43757433,14.52339547,21.03873,24.22526,24.17976,27.59125
209,324.09,14.47214313,25.07656,323.75,320.62,321.57,14.55475993,14.41142933,14.59440701,20.762694,24.49725,24.27318,27.96153
210,322.54,14.53765767,25.592795,322.37,319.61,318.64,14.65682309,14.52390093,14.48875133,22.558654,22.986594,23.901786,28.63312
211,320.92,14.49472039,27.59125,320.36,317.4,315.55,14.48624033,14.4647178,14.53828993,22.928794,25.91564,20.78559,29.25968
212,319.25,14.48391049,27.96153,318.64,316.24,312.84,14.46479693,14.41952317,14.53202717,22.91983,27.35418,20.048675,29.554275
213,319.39,14.54603663,28.63312,318.1,315.42,309.87,14.28500643,14.45803253,14.54419987,21.566886,30.51144,18.931975,30.049865
214,320.73,14.39755433,29.25968,319.78,316.69,309.12,14.36994069,14.46250053,14.55550663,18.12345,29.508575,20.101806,27.609305
215,321.96,14.45143023,29.554275,321.02,317.7,310.01,14.40898603,14.44503393,14.60665887,20.31013,27.974784,19.14683,21.687125
216,322.57,14.22437947,30.049865,322.33,318.74,312.39,14.33122437,14.41522973,14.77063743,19.12568,29.16977,21.11504,16.59843
217,323.15,14.28226273,27.609305,322.5,319.07,316.01,14.16005223,14.53141396,14.59697716,19.45278,28.93327,20.67315,12.968795
218,323.89,14.53343098,21.687125,323.03,319.86,315.71,14.42711346,14.21795173,14.53136628,17.130996,28.8813,20.77068,14.33223
219,325.02,14.37869063,16.59843,324.41,321.38,317.45,14.41028779,14.33163063,14.5266866,18.76129,26.86958,18.27884,18.70686
220,325.57,14.42094893,12.968795,325.0,322.24,317.51,14.6461057,14.44538586,14.63920013,20.222594,25.40561,18.74672,26.151725
221,325.36,14.38071913,14.33223,324.09,321.49,317.27,14.47214313,14.54677098,14.52534096,25.07656,23.979415,18.65549,30.08539
222,324.14,14.47177403,18.70686,322.54,319.74,315.87,14.53765767,14.63778775,14.5799989,25.592795,22.60113,19.88533,33.60364
223,322.11,14.41295903,26.151725,320.92,317.77,314.93,14.49472039,14.71304313,14.48830788,27.59125,21.329154,20.45005,33.88608
224,320.33,14.32325643,30.08539,319.25,316.21,313.21,14.48391049,14.61858933,14.41011133,27.96153,23.77272,21.770866,32.26622
225,320.25,14.50292199,33.60364,319.39,315.99,312.42,14.54603663,14.56136793,14.44213573,28.63312,22.52889,24.023955,33.819465
226,321.32,14.35252753,33.88608,320.73,317.07,313.33,14.39755433,14.55596726,14.43337338,29.25968,24.37074,25.42147,32.41704
227,322.89,14.32691473,32.26622,321.96,318.35,314.67,14.45143023,14.48829358,14.4572696,29.554275,18.82557,26.31927,33.447486
228,324.0,14.36371223,33.819465,322.57,319.57,315.58,14.22437947,14.42867749,14.55729668,30.049865,14.68363,24.26001,32.25073
229,324.41,14.29747383,32.41704,323.15,320.04,316.49,14.28226273,14.38803473,14.50290387,27.609305,10.29487,20.933,31.02242
230,325.63,14.44229593,33.447486,323.89,320.75,316.65,14.53343098,14.22209828,14.6331691,21.687125,9.44013,18.841544,30.57332
231,326.66,14.60474483,32.25073,325.02,321.84,317.72,14.37869063,14.19448178,14.59832566,16.59843,8.933036,19.54671,28.55499
232,327.38,14.69958775,31.02242,325.57,322.25,318.29,14.42094893,14.35818379,14.53566353,12.968795,13.42977,19.932166,30.68789
233,326.71,14.58852283,30.57332,325.36,321.89,318.15,14.38071913,14.42284193,14.54951373,14.33223,18.8045,21.360465,31.7762
234,325.88,14.53912347,28.55499,324.14,320.44,316.54,14.47177403,14.56204503,14.53640743,18.70686,22.837905,21.61905,33.147414
235,323.66,14.40749163,30.68789,322.11,318.69,314.8,14.41295903,14.37121193,14.47214978,26.151725,23.05688,24.01103,31.78196
236,322.38,14.48765083,31.7762,320.33,316.71,313.84,14.32325643,14.16940777,14.36145299,30.08539,21.13218,22.99512,30.20347
237,321.78,14.45566647,33.147414,320.25,316.87,313.33,14.50292199,14.06393803,14.42763133,33.60364,18.31652,24.58505,30.81435
238,322.85,14.58522123,31.78196,321.32,317.68,314.81,14.35252753,14.18769639,14.33028593,33.88608,18.82349,20.24469,32.04626
239,324.11,14.71442597,30.20347,322.89,318.71,315.58,14.32691473,14.15143197,14.47510143,32.26622,21.93928,21.070914,31.39866
240,325.06,14.56664651,30.81435,324.0,319.44,316.43,14.36371223,14.32725613,14.49706163,33.819465,26.34741,20.697555,28.54997
241,325.99,14.591381,32.04626,324.41,320.44,316.98,14.29747383,14.22384923,14.58056061,32.41704,30.79306,24.763305,28.35625
242,326.93,14.47089853,31.39866,325.63,320.89,317.58,14.44229593,14.28361313,14.1544637,33.447486,28.806914,24.50368,28.67789
243,328.13,14.58500093,28.54997,326.66,322.14,319.03,14.60474483,14.26283733,14.32140823,32.25073,25.68194,26.55237,27.03471
244,328.08,14.51945298,28.35625,327.38,322.17,320.03,14.69958775,14.43520539,14.44731133,31.02242,21.99781,27.15882,27.731246
245,327.67,14.56321043,28.67789,326.71,321.87,319.58,14.58852283,14.39259333,14.49732869,30.57332,22.887694,26.75614,27.25278
246,326.34,14.54917423,27.03471,325.88,321.21,318.18,14.53912347,14.43237773,14.48825829,28.55499,26.12062,25.51483,30.88364
247,324.68,14.38194649,27.731246,323.66,318.87,315.9,14.40749163,14.39342493,14.53389447,30.68789,29.61251,24.728,31.07878
248,323.1,14.45261283,27.25278,322.38,317.82,314.17,14.48765083,14.34341519,14.44211283,31.7762,33.04767,24.26647,32.49861
249,323.06,14.42522613,30.88364,321.78,317.3,313.83,14.45566647,14.38548558,14.49650283,33.147414,31.392135,24.97047,34.7294
250,324.01,14.41020193,31.07878,322.85,318.87,315.0,14.58522123,14.37614053,14.34820168,31.78196,30.95845,25.75972,37.9303
251,325.13,14.36788263,32.49861,324.11,319.42,316.19,14.71442597,14.40695663,14.63146583,30.20347,29.35428,28.86083,38.9823
252,326.17,14.4026851,34.7294,325.06,320.62,316.89,14.56664651,14.32651608,14.54763503,30.81435,28.71277,31.66653,38.25096
253,326.69,14.21846097,37.9303,325.99,321.6,317.7,14.591381,14.39569373,14.58013433,32.04626,26.68851,36.41161,34.43453
254,327.18,14.25451558,38.9823,326.93,322.39,318.54,14.47089853,14.43843739,14.5024566,31.39866,24.22727,36.79825,31.939506
255,327.78,14.35665313,38.25096,328.13,323.7,319.48,14.58500093,14.36946957,14.54846183,28.54997,22.112754,37.24923,31.14498
256,328.93,14.37403958,34.43453,328.08,324.08,320.58,14.51945298,14.4445905,14.63749306,28.35625,21.03873,34.786796,33.131286
257,328.57,14.34351247,31.939506,327.67,323.75,319.77,14.56321043,14.55475993,14.6030206,28.67789,20.762694,32.70646,36.55124
258,327.36,14.36199943,31.14498,326.34,322.37,318.56,14.54917423,14.65682309,14.57321065,27.03471,22.558654,31.881034,36.11564
259,325.43,14.36144343,33.131286,324.68,320.36,316.79,14.38194649,14.48624033,14.51684468,27.731246,22.928794,30.8268,33.76951
260,323.36,14.38591663,36.55124,323.1,318.64,314.99,14.45261283,14.46479693,14.54971688,27.25278,22.91983,29.633094,32.01963
261,323.56,14.27363198,36.11564,323.06,318.1,315.31,14.42522613,14.28500643,14.48649399,30.88364,21.566886,26.57108,35.594245
262,324.8,14.31245606,33.76951,324.01,319.78,316.1,14.41020193,14.36994069,14.45520583,31.07878,18.12345,24.55687,40.38558
263,326.01,14.37978356,32.01963,325.13,321.02,317.01,14.36788263,14.40898603,14.34549229,32.49861,20.31013,25.39218,44.347655
264,326.77,14.19546123,35.594245,326.17,322.33,317.94,14.4026851,14.33122437,14.47439187,34.7294,19.12568,25.353965,45.00469
265,327.63,14.15743823,40.38558,326.69,322.5,318.55,14.21846097,14.16005223,14.53968803,37.9303,19.45278,26.80176,47.02163
266,327.75,14.34917348,44.347655,327.18,323.03,319.68,14.25451558,14.42711346,14.50743478,38.9823,17.130996,25.502204,49.47486
267,329.72,14.45174687,45.00469,327.78,324.41,320.57,14.35665313,14.41028779,14.47526066,38.25096,18.76129,25.0723,50.53991
268,330.07,14.49416343,47.02163,328.93,325.0,321.02,14.37403958,14.6461057,14.43757433,34.43453,20.222594,24.22526,46.51744
269,329.09,14.65350239,49.47486,328.57,324.09,320.62,14.34351247,14.47214313,14.41142933,31.939506,25.07656,24.49725,43.98272
270,328.04,14.64872258,50.53991,327.36,322.54,319.61,14.36199943,14.53765767,14.52390093,31.14498,25.592795,22.986594,41.75164
271,326.32,14.60916989,46.51744,325.43,320.92,317.4,14.36144343,14.49472039,14.4647178,33.131286,27.59125,25.91564,42.71764
272,324.84,14.51676173,43.98272,323.36,319.25,316.24,14.38591663,14.48391049,14.41952317,36.55124,27.96153,27.35418,41.13522
273,325.2,14.51675503,41.75164,323.56,319.39,315.42,14.27363198,14.54603663,14.45803253,36.11564,28.63312,30.51144,36.441474
274,326.5,14.42876618,42.71764,324.8,320.73,316.69,14.31245606,14.39755433,14.46250053,33.76951,29.25968,29.508575,36.07104
275,327.55,14.62748043,41.13522,326.01,321.96,317.7,14.37978356,14.45143023,14.44503393,32.01963,29.554275,27.974784,35.05912
276,328.55,14.7106189,36.441474,326.77,322.57,318.74,14.19546123,14.22437947,14.41522973,35.594245,30.049865,29.16977,37.8982
277,329.57,14.73607056,36.07104,327.63,323.15,319.07,14.15743823,14.28226273,14.53141396,40.38558,27.609305,28.93327,35.80443
278,330.3,14.62135593,35.05912,327.75,323.89,319.86,14.34917348,14.53343098,14.21795173,44.347655,21.687125,28.8813,36.98074
279,331.5,14.6497144,37.8982,329.72,325.02,321.38,14.45174687,14.37869063,14.33163063,45.00469,16.59843,26.86958,35.2114
280,332.48,14.69732659,35.80443,330.07,325.57,322.24,14.49416343,14.42094893,14.44538586,47.02163,12.968795,25.40561,35.22276
281,332.07,14.61045067,36.98074,329.09,325.36,321.49,14.65350239,14.38071913,14.54677098,49.47486,14.33223,23.979415,35.1838
282,330.87,14.6139621,35.2114,328.04,324.14,319.74,14.64872258,14.47177403,14.63778775,50.53991,18.70686,22.60113,38.05125
283,329.31,14.44180673,35.22276,326.32,322.11,317.77,14.60916989,14.41295903,14.71304313,46.51744,26.151725,21.329154,44.91875
284,327.52,14.47305193,35.1838,324.84,320.33,316.21,14.51676173,14.32325643,14.61858933,43.98272,30.08539,23.77272,49.75767
285,327.19,14.42255683,38.05125,325.2,320.25,315.99,14.51675503,14.50292199,14.56136793,41.75164,33.60364,22.52889,54.23898
286,328.17,14.45281593,44.91875,326.5,321.32,317.07,14.42876618,14.35252753,14.55596726,42.71764,33.88608,24.37074,53.14784
287,328.65,14.46022408,49.75767,327.55,322.89,318.35,14.62748043,14.32691473,14.48829358,41.13522,32.26622,18.82557,51.990165
288,329.36,14.32461353,54.23898,328.55,324.0,319.57,14.7106189,14.36371223,14.42867749,36.441474,33.819465,14.68363,52.25672
289,330.71,14.11332983,53.14784,329.57,324.41,320.04,14.73607056,14.29747383,14.38803473,36.07104,32.41704,10.29487,51.9572
290,331.49,14.27170363,51.990165,330.3,325.63,320.75,14.62135593,14.44229593,14.22209828,35.05912,33.447486,9.44013,51.359115
291,332.65,14.30661193,52.25672,331.5,326.66,321.84,14.6497144,14.60474483,14.19448178,37.8982,32.25073,8.933036,49.23785
292,333.19,14.33148283,51.9572,332.48,327.38,322.25,14.69732659,14.69958775,14.35818379,35.80443,31.02242,13.42977,47.56777
293,332.2,14.34643263,51.359115,332.07,326.71,321.89,14.61045067,14.58852283,14.42284193,36.98074,30.57332,18.8045,46.626945
294,331.07,14.36546319,49.23785,330.87,325.88,320.44,14.6139621,14.53912347,14.56204503,35.2114,28.55499,22.837905,45.831245
295,329.15,14.44467347,47.56777,329.31,323.66,318.69,14.44180673,14.40749163,14.37121193,35.22276,30.68789,23.05688,47.03246
296,327.33,14.27177993,46.626945,327.52,322.38,316.71,14.47305193,14.48765083,14.16940777,35.1838,31.7762,21.13218,47.797034
297,327.28,14.23360533,45.831245,327.19,321.78,316.87,14.42255683,14.45566647,14.06393803,38.05125,33.147414,18.31652,48.56046
298,328.31,14.26569643,47.03246,328.17,322.85,317.68,14.45281593,14.58522123,14.18769639,44.91875,31.78196,18.82349,49.47744
299,329.58,14.30304713,47.797034,328.65,324.11,318.71,14.46022408,14.71442597,14.15143197,49.75767,30.20347,21.93928,50.93886
300,330.73,14.42413228,48.56046,329.36,325.06,319.44,14.32461353,14.56664651,14.32725613,54.23898,30.81435,26.34741,49.65883
301,331.46,14.40616219,49.47744,330.71,325.99,320.44,14.11332983,14.591381,14.22384923,53.14784,32.04626,30.79306,48.36001
302,331.94,14.45524876,50.93886,331.49,326.93,320.89,14.27170363,14.47089853,14.28361313,51.990165,31.39866,28.806914,46.27057
303,333.11,14.42468063,49.65883,332.65,328.13,322.14,14.30661193,14.58500093,14.26283733,52.25672,28.54997,25.68194,46.19614
304,333.95,14.43548003,48.36001,333.19,328.08,322.17,14.33148283,14.51945298,14.43520539,51.9572,28.35625,21.99781,47.60733
305,333.42,14.37103837,46.27057,332.2,327.67,321.87,14.34643263,14.56321043,14.39259333,51.359115,28.67789,22.887694,48.35692
306,331.97,14.33651533,46.19614,331.07,326.34,321.21,14.36546319,14.54917423,14.43237773,49.23785,27.03471,26.12062,48.89142
307,329.95,14.22765629,47.60733,329.15,324.68,318.87,14.44467347,14.38194649,14.39342493,47.56777,27.731246,29.61251,49.134376
308,328.49,14.22608943,48.35692,327.33,323.1,317.82,14.27177993,14.45261283,14.34341519,46.626945,27.25278,33.04767,46.98198
309,328.36,14.137762,48.89142,327.28,323.06,317.3,14.23360533,14.42522613,14.38548558,45.831245,30.88364,31.392135,46.72877
310,329.38,14.19033043,49.134376,328.31,324.01,318.87,14.26569643,14.41020193,14.37614053,47.03246,31.07878,30.95845,43.97838
311,330.78,14.24266236,46.98198,329.58,325.13,319.42,14.30304713,14.36788263,14.40695663,47.797034,32.49861,29.35428,45.26131
312,331.56,14.33445353,46.72877,330.73,326.17,320.62,14.42413228,14.4026851,14.32651608,48.56046,34.7294,28.71277,46.43608
313,332.74,14.16864388,43.97838,331.46,326.69,321.6,14.40616219,14.21846097,14.39569373,49.47744,37.9303,26.68851,47.12371
314,333.36,14.05268473,45.26131,331.94,327.18,322.39,14.45524876,14.25451558,14.43843739,50.93886,38.9823,24.22727,49.26272
315,334.74,14.24407663,46.43608,333.11,327.78,323.7,14.42468063,14.35665313,14.36946957,49.65883,38.25096,22.112754,48.0058
316,334.72,14.18952363,47.12371,333.95,328.93,324.08,14.43548003,14.37403958,14.4445905,48.36001,34.43453,21.03873,46.09155
317,333.97,14.32254307,49.26272,333.42,328.57,323.75,14.37103837,14.34351247,14.55475993,46.27057,31.939506,20.762694,47.431975
318,333.08,14.40882673,48.0058,331.97,327.36,322.37,14.33651533,14.36199943,14.65682309,46.19614,31.14498,22.558654,47.07502
319,330.68,14.31239598,46.09155,329.95,325.43,320.36,14.22765629,14.36144343,14.48624033,47.60733,33.131286,22.928794,49.88979
320,328.96,14.36865323,47.431975,328.49,323.36,318.64,14.22608943,14.38591663,14.46479693,48.35692,36.55124,22.91983,50.164214
321,328.72,14.00584023,47.07502,328.36,323.56,318.1,14.137762,14.27363198,14.28500643,48.89142,36.11564,21.566886,48.75442
322,330.16,14.24603837,49.88979,329.38,324.8,319.78,14.19033043,14.31245606,14.36994069,49.134376,33.76951,18.12345,46.04911
323,331.62,14.399311,50.164214,330.78,326.01,321.02,14.24266236,14.37978356,14.40898603,46.98198,32.01963,20.31013,44.258605
324,332.68,14.52848237,48.75442,331.56,326.77,322.33,14.33445353,14.19546123,14.33122437,46.72877,35.594245,19.12568,42.024985
325,333.17,14.47982303,46.04911,332.74,327.63,322.5,14.16864388,14.15743823,14.16005223,43.97838,40.38558,19.45278,42.582946
326,334.96,14.48881047,44.258605,333.36,327.75,323.03,14.05268473,14.34917348,14.42711346,45.26131,44.347655,17.130996,43.097785
327,336.14,14.55689328,42.024985,334.74,329.72,324.41,14.24407663,14.45174687,14.41028779,46.43608,45.00469,18.76129,44.15133
328,336.93,14.65089505,42.582946,334.72,330.07,325.0,14.18952363,14.49416343,14.6461057,47.12371,47.02163,20.222594,44.79165
329,336.17,14.67765038,43.097785,333.97,329.09,324.09,14.32254307,14.65350239,14.47214313,49.26272,49.47486,25.07656,45.79617
330,334.89,14.62561123,44.15133,333.08,328.04,322.54,14.40882673,14.64872258,14.53765767,48.0058,50.53991,25.592795,46.51791
331,332.56,14.59903423,44.79165,330.68,326.32,320.92,14.31239598,14.60916989,14.49472039,46.09155,46.51744,27.59125,48.60857
332,331.29,14.42044153,45.79617,328.96,324.84,319.25,14.36865323,14.51676173,14.48391049,47.431975,43.98272,27.96153,51.38144
333,331.28,14.34933179,46.51791,328.72,325.2,319.39,14.00584023,14.51675503,14.54603663,47.07502,41.75164,28.63312,53.936126
334,332.46,14.58254426,48.60857,330.16,326.5,320.73,14.24603837,14.42876618,14.39755433,49.88979,42.71764,29.25968,57.67787
335,333.6,14.52425283,51.38144,331.62,327.55,321.96,14.399311,14.62748043,14.45143023,50.164214,41.13522,29.554275,56.6675
336,334.94,14.51060479,53.936126,332.68,328.55,322.57,14.52848237,14.7106189,14.22437947,48.75442,36.441474,30.049865,56.35443
337,335.26,14.48237317,57.67787,333.17,329.57,323.15,14.47982303,14.73607056,14.28226273,46.04911,36.07104,27.609305,52.66107
338,336.66,14.49295228,56.6675,334.96,330.3,323.89,14.48881047,14.62135593,14.53343098,44.258605,35.05912,21.687125,51.17633
339,337.69,14.51423163,56.35443,336.14,331.5,325.02,14.55689328,14.6497144,14.37869063,42.024985,37.8982,16.59843,49.77951
340,338.02,14.57404893,52.66107,336.93,332.48,325.57,14.65089505,14.69732659,14.42094893,42.582946,35.80443,12.968795,51.29631
341,338.01,14.44014638,51.17633,336.17,332.07,325.36,14.67765038,14.61045067,14.38071913,43.097785,36.98074,14.33223,51.59615
342,336.5,14.57739728,49.77951,334.89,330.87,324.14,14.62561123,14.6139621,14.47177403,44.15133,35.2114,18.70686,51.90438
343,334.42,14.34368508,51.29631,332.56,329.31,322.11,14.59903423,14.44180673,14.41295903,44.79165,35.22276,26.151725,47.388656
344,332.36,14.38113683,51.59615,331.29,327.52,320.33,14.42044153,14.47305193,14.32325643,45.79617,35.1838,30.08539,44.48269
345,332.45,14.37010183,51.90438,331.28,327.19,320.25,14.34933179,14.42255683,14.50292199,46.51791,38.05125,33.60364,41.59114
346,333.76,14.53875343,47.388656,332.46,328.17,321.32,14.58254426,14.45281593,14.35252753,48.60857,44.91875,33.88608,42.733504
347,334.91,14.55113783,44.48269,333.6,328.65,322.89,14.52425283,14.46022408,14.32691473,51.38144,49.75767,32.26622,43.81256
348,336.56,14.64425748,41.59114,334.94,329.36,324.0,14.51060479,14.32461353,14.36371223,53.936126,54.23898,33.819465,43.5797
349,337.29,14.37806793,42.733504,335.26,330.71,324.41,14.48237317,14.11332983,14.29747383,57.67787,53.14784,32.41704,42.09125
350,337.88,14.57940095,43.81256,336.66,331.49,325.63,14.49295228,14.27170363,14.44229593,56.6675,51.990165,33.447486,42.56223
351,338.32,14.55735583,43.5797,337.69,332.65,326.66,14.51423163,14.30661193,14.60474483,56.35443,52.25672,32.25073,44.91858
352,338.26,14.61905091,42.09125,338.02,333.19,327.38,14.57404893,14.33148283,14.69958775,52.66107,51.9572,31.02242,49.693915
353,337.38,14.63398831,42.56223,338.01,332.2,326.71,14.44014638,14.34643263,14.58852283,51.17633,51.359115,30.57332,52.34029
354,335.57,14.56813901,44.91858,336.5,331.07,325.88,14.57739728,14.36546319,14.53912347,49.77951,49.23785,28.55499,54.75604
355,334.37,14.65633481,49.693915,334.42,329.15,323.66,14.34368508,14.44467347,14.40749163,51.29631,47.56777,30.68789,52.463386
356,335.02,14.68951503,52.34029,332.36,327.33,322.38,14.38113683,14.27177993,14.48765083,51.59615,46.626945,31.7762,54.582755
357,336.36,14.70108979,54.75604,332.45,327.28,321.78,14.37010183,14.23360533,14.45566647,51.90438,45.831245,33.147414,54.4589
358,337.36,14.68143743,52.463386,333.76,328.31,322.85,14.53875343,14.26569643,14.58522123,47.388656,47.03246,31.78196,55.523505
359,337.9,14.93366425,54.582755,334.91,329.58,324.11,14.55113783,14.30304713,14.71442597,44.48269,47.797034,30.20347,53.509215
360,338.58,14.76679223,54.4589,336.56,330.73,325.06,14.64425748,14.42413228,14.56664651,41.59114,48.56046,30.81435,53.85686
361,339.26,14.81735413,55.523505,337.29,331.46,325.99,14.37806793,14.40616219,14.591381,42.733504,49.47744,32.04626,53.493255
362,339.6,14.7890672,53.509215,337.88,331.94,326.93,14.57940095,14.45524876,14.47089853,43.81256,50.93886,31.39866,52.938346
363,340.0,14.88180344,53.85686,338.32,333.11,328.13,14.55735583,14.42468063,14.58500093,43.5797,49.65883,28.54997,50.467826
364,340.44,14.97452157,53.493255,338.26,333.95,328.08,14.61905091,14.43548003,14.51945298,42.09125,48.36001,28.35625,48.66318
365,339.99,14.81199639,52.938346,337.38,333.42,327.67,14.63398831,14.37103837,14.56321043,42.56223,46.27057,28.67789,48.668624
366,338.44,14.85633271,50.467826,335.57,331.97,326.34,14.56813901,14.33651533,14.54917423,44.91858,46.19614,27.03471,50.4742
367,337.21,14.78137295,48.66318,334.37,329.95,324.68,14.65633481,14.22765629,14.38194649,49.693915,47.60733,27.731246,55.601585
368,337.05,14.69809811,48.668624,335.02,328.49,323.1,14.68951503,14.22608943,14.45261283,52.34029,48.35692,27.25278,59.75701
369,337.82,14.60997861,50.4742,336.36,328.36,323.06,14.70108979,14.137762,14.42522613,54.75604,48.89142,30.88364,61.78662
370,338.93,14.6364116,55.601585,337.36,329.38,324.01,14.68143743,14.19033043,14.41020193,52.463386,49.134376,31.07878,62.87613
371,339.64,14.59334176,59.75701,337.9,330.78,325.13,14.93366425,14.24266236,14.36788263,54.582755,46.98198,32.49861,64.641036
372,340.19,14.89225571,61.78662,338.58,331.56,326.17,14.76679223,14.33445353,14.4026851,54.4589,46.72877,34.7294,65.62232
373,340.75,14.81618016,62.87613,339.26,332.74,326.69,14.81735413,14.16864388,14.21846097,55.523505,43.97838,37.9303,66.952865
374,341.38,14.90219968,64.641036,339.6,333.36,327.18,14.7890672,14.05268473,14.25451558,53.509215,45.26131,38.9823,67.43305
375,341.68,14.85270398,65.62232,340.0,334.74,327.78,14.88180344,14.24407663,14.35665313,53.85686,46.43608,38.25096,65.74939
376,341.43,14.83585637,66.952865,340.44,334.72,328.93,14.97452157,14.18952363,14.37403958,53.493255,47.12371,34.43453,66.554175
377,340.63,14.81643098,67.43305,339.99,333.97,328.57,14.81199639,14.32254307,14.34351247,52.938346,49.26272,31.939506,65.49738
378,339.22,14.82412045,65.74939,338.44,333.08,327.36,14.85633271,14.40882673,14.36199943,50.467826,48.0058,31.14498,67.63923
379,338.08,14.82955258,66.554175,337.21,330.68,325.43,14.78137295,14.31239598,14.36144343,48.66318,46.09155,33.131286,66.690925
380,337.97,14.72983735,65.49738,337.05,328.96,323.36,14.69809811,14.36865323,14.38591663,48.668624,47.431975,36.55124,65.20894
381,339.07,14.6468467,67.63923,337.82,328.72,323.56,14.60997861,14.00584023,14.27363198,50.4742,47.07502,36.11564,61.396155
382,340.18,14.64073556,66.690925,338.93,330.16,324.8,14.6364116,14.24603837,14.31245606,55.601585,49.88979,33.76951,60.32455
383,340.75,14.83107941,65.20894,339.64,331.62,326.01,14.59334176,14.399311,14.37978356,59.75701,50.164214,32.01963,59.033164
384,341.37,14.48910039,61.396155,340.19,332.68,326.77,14.89225571,14.52848237,14.19546123,61.78662,48.75442,35.594245,56.55514
385,341.95,14.57771867,60.32455,340.75,333.17,327.63,14.81618016,14.47982303,14.15743823,62.87613,46.04911,40.38558,56.113425
386,342.23,14.42861553,59.033164,341.38,334.96,327.75,14.90219968,14.48881047,14.34917348,64.641036,44.258605,44.347655,54.90035
387,342.52,14.52813903,56.55514,341.68,336.14,329.72,14.85270398,14.55689328,14.45174687,65.62232,42.024985,45.00469,53.877685
388,342.37,14.69379895,56.113425,341.43,336.93,330.07,14.83585637,14.65089505,14.49416343,66.952865,42.582946,47.02163,55.25953
389,341.49,14.64566796,54.90035,340.63,336.17,329.09,14.81643098,14.67765038,14.65350239,67.43305,43.097785,49.47486,59.31457
390,339.75,14.72767441,53.877685,339.22,334.89,328.04,14.82412045,14.62561123,14.64872258,65.74939,44.15133,50.53991,64.89328
391,338.11,14.61193459,55.25953,338.08,332.56,326.32,14.82955258,14.59903423,14.60916989,66.554175,44.79165,46.51744,67.51424
392,338.16,14.60029786,59.31457,337.97,331.29,324.84,14.72983735,14.42044153,14.51676173,65.49738,45.79617,43.98272,68.07847
393,339.61,14.54567713,64.89328,339.07,331.28,325.2,14.6468467,14.34933179,14.51675503,67.63923,46.51791,41.75164,69.83621
394,340.95,14.54500383,67.51424,340.18,332.46,326.5,14.64073556,14.58254426,14.42876618,66.690925,48.60857,42.71764,69.14403
395,341.77,14.83272259,68.07847,340.75,333.6,327.55,14.83107941,14.52425283,14.62748043,65.20894,51.38144,41.13522,70.761115
396,342.37,14.91479676,69.83621,341.37,334.94,328.55,14.48910039,14.51060479,14.7106189,61.396155,53.936126,36.441474,73.89519
397,342.74,14.87265198,69.14403,341.95,335.26,329.57,14.57771867,14.48237317,14.73607056,60.32455,57.67787,36.07104,77.08853
398,343.04,14.87764352,70.761115,342.23,336.66,330.3,14.42861553,14.49295228,14.62135593,59.033164,56.6675,35.05912,75.620463
399,343.51,14.78915493,73.89519,342.52,337.69,331.5,14.52813903,14.51423163,14.6497144,56.55514,56.35443,37.8982,71.40705
400,343.84,14.93251317,77.08853,342.37,338.02,332.48,14.69379895,14.57404893,14.69732659,56.113425,52.66107,35.80443,63.76304
401,343.5,14.79994385,75.620463,341.49,338.01,332.07,14.64566796,14.44014638,14.61045067,54.90035,51.17633,36.98074,62.9429
402,342.14,14.74918359,71.40705,339.75,336.5,330.87,14.72767441,14.57739728,14.6139621,53.877685,49.77951,35.2114,59.97777
403,340.62,14.81604283,63.76304,338.11,334.42,329.31,14.61193459,14.34368508,14.44180673,55.25953,51.29631,35.22276,62.78521
404,340.53,14.86890691,62.9429,338.16,332.36,327.52,14.60029786,14.38113683,14.47305193,59.31457,51.59615,35.1838,60.74435
405,341.75,14.59032529,59.97777,339.61,332.45,327.19,14.54567713,14.37010183,14.42255683,64.89328,51.90438,38.05125,62.16959
406,342.83,14.7117204,62.78521,340.95,333.76,328.17,14.54500383,14.53875343,14.45281593,67.51424,47.388656,44.91875,63.31174
407,343.49,14.64184087,60.74435,341.77,334.91,328.65,14.83272259,14.55113783,14.46022408,68.07847,44.48269,49.75767,66.59885
408,344.32,14.66405099,62.16959,342.37,336.56,329.36,14.91479676,14.64425748,14.32461353,69.83621,41.59114,54.23898,67.47002
409,344.82,14.50812237,63.31174,342.74,337.29,330.71,14.87265198,14.37806793,14.11332983,69.14403,42.733504,53.14784,68.46626
410,344.96,14.6731252,66.59885,343.04,337.88,331.49,14.87764352,14.57940095,14.27170363,70.761115,43.81256,51.990165,70.635665
411,345.19,14.59682076,67.47002,343.51,338.32,332.65,14.78915493,14.55735583,14.30661193,73.89519,43.5797,52.25672,70.198585
412,345.33,14.85093396,68.46626,343.84,338.26,333.19,14.93251317,14.61905091,14.33148283,77.08853,42.09125,51.9572,71.585494
413,344.57,14.55990117,70.635665,343.5,337.38,332.2,14.79994385,14.63398831,14.34643263,75.620463,42.56223,51.359115,69.43963
414,343.2,14.53385918,70.198585,342.14,335.57,331.07,14.74918359,14.56813901,14.36546319,71.40705,44.91858,49.23785,68.532455
415,342.21,14.62724773,71.585494,340.62,334.37,329.15,14.81604283,14.65633481,14.44467347,63.76304,49.693915,47.56777,65.214965
416,342.13,14.57978051,69.43963,340.53,335.02,327.33,14.86890691,14.68951503,14.27177993,62.9429,52.34029,46.626945,63.24494
417,342.99,14.54368963,68.532455,341.75,336.36,327.28,14.59032529,14.70108979,14.23360533,59.97777,54.75604,45.831245,59.26037
418,344.16,14.41312783,65.214965,342.83,337.36,328.31,14.7117204,14.68143743,14.26569643,62.78521,52.463386,47.03246,60.097495
419,345.0,14.46251576,63.24494,343.49,337.9,329.58,14.64184087,14.93366425,14.30304713,60.74435,54.582755,47.797034,57.93407
420,345.35,14.64364808,59.26037,344.32,338.58,330.73,14.66405099,14.76679223,14.42413228,62.16959,54.4589,48.56046,57.88811
421,345.8,14.37103646,60.097495,344.82,339.26,331.46,14.50812237,14.81735413,14.40616219,63.31174,55.523505,49.47744,56.09697
422,346.64,14.53516667,57.93407,344.96,339.6,331.94,14.6731252,14.7890672,14.45524876,66.59885,53.509215,50.93886,56.50897
423,346.94,14.59321015,57.88811,345.19,340.0,333.11,14.59682076,14.88180344,14.42468063,67.47002,53.85686,49.65883,55.93048
424,346.78,14.6288852,56.09697,345.33,340.44,333.95,14.85093396,14.97452157,14.43548003,68.46626,53.493255,48.36001,54.23731
425,346.26,14.59937279,56.50897,344.57,339.99,333.42,14.55990117,14.81199639,14.37103837,70.635665,52.938346,46.27057,54.99428
426,344.92,14.53006928,55.93048,343.2,338.44,331.97,14.53385918,14.85633271,14.33651533,70.198585,50.467826,46.19614,55.76441
427,343.41,14.6715812,54.23731,342.21,337.21,329.95,14.62724773,14.78137295,14.22765629,71.585494,48.66318,47.60733,57.13389
428,343.37,14.54500383,54.99428,342.13,337.05,328.49,14.57978051,14.69809811,14.22608943,69.43963,48.668624,48.35692,57.439536
429,344.64,14.41887563,55.76441,342.99,337.82,328.36,14.54368963,14.60997861,14.137762,68.532455,50.4742,48.89142,58.825576
430,345.79,14.47190278,57.13389,344.16,338.93,329.38,14.41312783,14.6364116,14.19033043,65.214965,55.601585,49.134376,59.97297
431,346.55,14.51992886,57.439536,345.0,339.64,330.78,14.46251576,14.59334176,14.24266236,63.24494,59.75701,46.98198,59.34746
432,347.11,14.63353055,58.825576,345.35,340.19,331.56,14.64364808,14.89225571,14.33445353,59.26037,61.78662,46.72877,59.101455
433,347.34,14.6874532,59.97297,345.8,340.75,332.74,14.37103646,14.81618016,14.16864388,60.097495,62.87613,43.97838,57.81842
434,347.71,14.65307515,59.34746,346.64,341.38,333.36,14.53516667,14.90219968,14.05268473,57.93407,64.641036,45.26131,58.598495
435,348.22,14.76596253,59.101455,346.94,341.68,334.74,14.59321015,14.85270398,14.24407663,57.88811,65.62232,46.43608,56.29286
436,348.32,14.79647916,57.81842,346.78,341.43,334.72,14.6288852,14.83585637,14.18952363,56.09697,66.952865,47.12371,57.104384
437,347.76,14.61777489,58.598495,346.26,340.63,333.97,14.59937279,14.81643098,14.32254307,56.50897,67.43305,49.26272,56.156585
438,346.29,14.61721699,56.29286,344.92,339.22,333.08,14.53006928,14.82412045,14.40882673,55.93048,65.74939,48.0058,55.741256
439,344.92,14.62853043,57.104384,343.41,338.08,330.68,14.6715812,14.82955258,14.31239598,54.23731,66.554175,46.09155,55.370734
440,344.86,14.53892319,56.156585,343.37,337.97,328.96,14.54500383,14.72983735,14.36865323,54.99428,65.49738,47.431975,56.57123
441,346.03,14.47180169,55.741256,344.64,339.07,328.72,14.41887563,14.6468467,14.00584023,55.76441,67.63923,47.07502,58.41835
442,347.3,14.56446259,55.370734,345.79,340.18,330.16,14.47190278,14.64073556,14.24603837,57.13389,66.690925,49.88979,61.11474
443,347.76,14.61865418,56.57123,346.55,340.75,331.62,14.51992886,14.83107941,14.399311,57.439536,65.20894,50.164214,58.87801
444,348.01,14.73305028,58.41835,347.11,341.37,332.68,14.63353055,14.48910039,14.52848237,58.825576,61.396155,48.75442,57.26378
445,348.56,14.77655499,61.11474,347.34,341.95,333.17,14.6874532,14.57771867,14.47982303,59.97297,60.32455,46.04911,58.72255
446,349.28,14.58453743,58.87801,347.71,342.23,334.96,14.65307515,14.42861553,14.48881047,59.34746,59.033164,44.258605,60.296966
447,349.98,14.73166745,57.26378,348.22,342.52,336.14,14.76596253,14.52813903,14.55689328,59.101455,56.55514,42.024985,61.45121
448,350.26,14.79305737,58.72255,348.32,342.37,336.93,14.79647916,14.69379895,14.65089505,57.81842,56.113425,42.582946,56.156585
449,349.46,14.87453835,60.296966,347.76,341.49,336.17,14.61777489,14.64566796,14.67765038,58.598495,54.90035,43.097785,54.30982
450,347.84,14.97658913,61.45121,346.29,339.75,334.89,14.61721699,14.72767441,14.62561123,56.29286,53.877685,44.15133,52.8972
451,346.61,14.79494088,56.156585,344.92,338.11,332.56,14.62853043,14.61193459,14.59903423,57.104384,55.25953,44.79165,57.55024
452,346.7,14.84177678,54.30982,344.86,338.16,331.29,14.53892319,14.60029786,14.42044153,56.156585,59.31457,45.79617,61.06116
453,347.97,14.71944897,52.8972,346.03,339.61,331.28,14.47180169,14.54567713,14.34933179,55.741256,64.89328,46.51791,60.507964
454,349.25,14.69259637,57.55024,347.3,340.95,332.46,14.56446259,14.54500383,14.58254426,55.370734,67.51424,48.60857,61.78639
455,350.21,14.93986218,61.06116,347.76,341.77,333.6,14.61865418,14.83272259,14.52425283,56.57123,68.07847,51.38144,59.76762
456,350.91,14.93508141,60.507964,348.01,342.37,334.94,14.73305028,14.91479676,14.51060479,58.41835,69.83621,53.936126,61.3991
457,351.47,14.73262113,61.78639,348.56,342.74,335.26,14.77655499,14.87265198,14.48237317,61.11474,69.14403,57.67787,61.51658
458,351.85,14.87388699,59.76762,349.28,343.04,336.66,14.58453743,14.87764352,14.49295228,58.87801,70.761115,56.6675,63.07029
459,352.3,14.87692349,61.3991,349.98,343.51,337.69,14.73166745,14.78915493,14.51423163,57.26378,73.89519,56.35443,63.264304
460,352.46,14.96336549,61.51658,350.26,343.84,338.02,14.79305737,14.93251317,14.57404893,58.72255,77.08853,52.66107,64.79428
461,351.76,14.90896886,63.07029,349.46,343.5,338.01,14.87453835,14.79994385,14.44014638,60.296966,75.620463,51.17633,66.36252
462,350.28,14.8685035,63.264304,347.84,342.14,336.5,14.97658913,14.74918359,14.57739728,61.45121,71.40705,49.77951,67.03448
463,349.1,14.89924233,64.79428,346.61,340.62,334.42,14.79494088,14.81604283,14.34368508,56.156585,63.76304,51.29631,64.68857
464,349.27,14.87856763,66.36252,346.7,340.53,332.36,14.84177678,14.86890691,14.38113683,54.30982,62.9429,51.59615,60.23281
465,350.44,14.71413129,67.03448,347.97,341.75,332.45,14.71944897,14.59032529,14.37010183,52.8972,59.97777,51.90438,60.27551
466,351.61,14.49687093,64.68857,349.25,342.83,333.76,14.69259637,14.7117204,14.53875343,57.55024,62.78521,47.388656,61.624885
467,352.46,14.69619076,60.23281,350.21,343.49,334.91,14.93986218,14.64184087,14.55113783,61.06116,60.74435,44.48269,67.23353
468,353.01,14.47002023,60.27551,350.91,344.32,336.56,14.93508141,14.66405099,14.64425748,60.507964,62.16959,41.59114,68.03284
469,353.46,14.729021,61.624885,351.47,344.82,337.29,14.73262113,14.50812237,14.37806793,61.78639,63.31174,42.733504,68.506705
470,354.01,14.70856755,67.23353,351.85,344.96,337.88,14.87388699,14.6731252,14.57940095,59.76762,66.59885,43.81256,66.60134
471,354.38,14.75093263,68.03284,352.3,345.19,338.32,14.87692349,14.59682076,14.55735583,61.3991,67.47002,43.5797,66.90668
472,354.19,14.65850251,68.506705,352.46,345.33,338.26,14.96336549,14.85093396,14.61905091,61.51658,68.46626,42.09125,68.63033
473,353.27,14.65953343,66.60134,351.76,344.57,337.38,14.90896886,14.55990117,14.63398831,63.07029,70.635665,42.56223,69.96967
474,351.56,14.82807248,66.90668,350.28,343.2,335.57,14.8685035,14.53385918,14.56813901,63.264304,70.198585,44.91858,70.26473
475,350.21,14.74416058,68.63033,349.1,342.21,334.37,14.89924233,14.62724773,14.65633481,64.79428,71.585494,49.693915,70.75679
476,350.56,14.78293698,69.96967,349.27,342.13,335.02,14.87856763,14.57978051,14.68951503,66.36252,69.43963,52.34029,69.04472
477,351.85,14.69082349,70.26473,350.44,342.99,336.36,14.71413129,14.54368963,14.70108979,67.03448,68.532455,54.75604,67.93939
478,353.04,14.57580463,70.75679,351.61,344.16,337.36,14.49687093,14.41312783,14.68143743,64.68857,65.214965,52.463386,64.93515
479,353.91,14.82591813,69.04472,352.46,345.0,337.9,14.69619076,14.46251576,14.93366425,60.23281,63.24494,54.582755,63.83339
480,354.48,14.83604233,67.93939,353.01,345.35,338.58,14.47002023,14.64364808,14.76679223,60.27551,59.26037,54.4589,64.436706
481,354.87,14.79086487,64.93515,353.46,345.8,339.26,14.729021,14.37103646,14.81735413,61.624885,60.097495,55.523505,64.38622
482,355.2,15.13869088,63.83339,354.01,346.64,339.6,14.70856755,14.53516667,14.7890672,67.23353,57.93407,53.509215,68.55674
483,355.51,15.01340382,64.436706,354.38,346.94,340.0,14.75093263,14.59321015,14.88180344,68.03284,57.88811,53.85686,68.461104
484,355.41,15.04921048,64.38622,354.19,346.78,340.44,14.65850251,14.6288852,14.97452157,68.506705,56.09697,53.493255,72.086036
485,354.32,14.88138097,68.55674,353.27,346.26,339.99,14.65953343,14.59937279,14.81199639,66.60134,56.50897,52.938346,72.16387
486,352.7,14.98770898,68.461104,351.56,344.92,338.44,14.82807248,14.53006928,14.85633271,66.90668,55.93048,50.467826,73.200107
487,351.58,14.89965337,72.086036,350.21,343.41,337.21,14.74416058,14.6715812,14.78137295,68.63033,54.23731,48.66318,73.84164
488,351.79,14.83529942,72.16387,350.56,343.37,337.05,14.78293698,14.54500383,14.69809811,69.96967,54.99428,48.668624,71.150146
489,353.19,14.90740197,73.200107,351.85,344.64,337.82,14.69082349,14.41887563,14.60997861,70.26473,55.76441,50.4742,72.63738
490,354.45,14.94534962,73.84164,353.04,345.79,338.93,14.57580463,14.47190278,14.6364116,70.75679,57.13389,55.601585,72.88263
491,355.19,14.91627209,71.150146,353.91,346.55,339.64,14.82591813,14.51992886,14.59334176,69.04472,57.439536,59.75701,73.76143
492,355.76,14.90032189,72.63738,354.48,347.11,340.19,14.83604233,14.63353055,14.89225571,67.93939,58.825576,61.78662,70.33324
493,356.19,14.94318383,72.88263,354.87,347.34,340.75,14.79086487,14.6874532,14.81618016,64.93515,59.97297,62.87613,68.148
494,356.69,14.81302159,73.76143,355.2,347.71,341.38,15.13869088,14.65307515,14.90219968,63.83339,59.34746,64.641036,67.704185
495,357.2,14.94311135,70.33324,355.51,348.22,341.68,15.01340382,14.76596253,14.85270398,64.436706,59.101455,65.62232,69.536956
496,357.11,14.88907521,68.148,355.41,348.32,341.43,15.04921048,14.79647916,14.83585637,64.38622,57.81842,66.952865,71.97729
497,356.18,15.09365552,67.704185,354.32,347.76,340.63,14.88138097,14.61777489,14.81643098,68.55674,58.598495,67.43305,72.828166
498,354.53,15.01793664,69.536956,352.7,346.29,339.22,14.98770898,14.61721699,14.82412045,68.461104,56.29286,65.74939,73.734405
499,353.06,14.92604344,71.97729,351.58,344.92,338.08,14.89965337,14.62853043,14.82955258,72.086036,57.104384,66.554175,74.268306
500,352.93,14.86400502,72.828166,351.79,344.86,337.97,14.83529942,14.53892319,14.72983735,72.16387,56.156585,65.49738,73.81456
501,354.01,14.71734517,73.734405,353.19,346.03,339.07,14.90740197,14.47180169,14.6468467,73.200107,55.741256,67.63923,76.370864
502,355.16,14.7075681,74.268306,354.45,347.3,340.18,14.94534962,14.56446259,14.64073556,73.84164,55.370734,66.690925,78.360644
503,355.95,14.72886651,73.81456,355.19,347.76,340.75,14.91627209,14.61865418,14.83107941,71.150146,56.57123,65.20894,76.893012
504,356.54,14.85586064,76.370864,355.76,348.01,341.37,14.90032189,14.73305028,14.48910039,72.63738,58.41835,61.396155,75.75164
505,356.89,14.81510633,78.360644,356.19,348.56,341.95,14.94318383,14.77655499,14.57771867,72.88263,61.11474,60.32455,72.754306
506,357.26,14.81876462,76.893012,356.69,349.28,342.23,14.81302159,14.58453743,14.42861553,73.76143,58.87801,59.033164,73.39997
507,357.76,14.64630693,75.75164,357.2,349.98,342.52,14.94311135,14.73166745,14.52813903,70.33324,57.26378,56.55514,71.717155
508,357.83,14.72716038,72.754306,357.11,350.26,342.37,14.88907521,14.79305737,14.69379895,68.148,58.72255,56.113425,71.76862
509,356.87,14.74309723,73.39997,356.18,349.46,341.49,15.09365552,14.87453835,14.64566796,67.704185,60.296966,54.90035,72.82561
510,355.19,14.60397809,71.717155,354.53,347.84,339.75,15.01793664,14.97658913,14.72767441,69.536956,61.45121,53.877685,76.151027
511,353.66,14.57749551,71.76862,353.06,346.61,338.11,14.92604344,14.79494088,14.61193459,71.97729,56.156585,55.25953,75.21204
512,353.58,14.45674223,72.82561,352.93,346.7,338.16,14.86400502,14.84177678,14.60029786,72.828166,54.30982,59.31457,73.953952
513,354.81,14.46420473,76.151027,354.01,347.97,339.61,14.71734517,14.71944897,14.54567713,73.734405,52.8972,64.89328,71.95581
514,355.99,14.44800563,75.21204,355.16,349.25,340.95,14.7075681,14.69259637,14.54500383,74.268306,57.55024,67.51424,73.001712
515,356.74,14.60251897,73.953952,355.95,350.21,341.77,14.72886651,14.93986218,14.83272259,73.81456,61.06116,68.07847,74.681464
516,357.2,14.75849049,71.95581,356.54,350.91,342.37,14.85586064,14.93508141,14.91479676,76.370864,60.507964,69.83621,76.809302
517,357.54,14.75733559,73.001712,356.89,351.47,342.74,14.81510633,14.73262113,14.87265198,78.360644,61.78639,69.14403,77.188678
518,357.94,14.70220653,74.681464,357.26,351.85,343.04,14.81876462,14.87388699,14.87764352,76.893012,59.76762,70.761115,73.097037
519,358.41,14.73989575,76.809302,357.76,352.3,343.51,14.64630693,14.87692349,14.78915493,75.75164,61.3991,73.89519,69.60416
520,358.38,14.77053635,77.188678,357.83,352.46,343.84,14.72716038,14.96336549,14.93251317,72.754306,61.51658,77.08853,66.50781
521,357.34,14.76315301,73.097037,356.87,351.76,343.5,14.74309723,14.90896886,14.79994385,73.39997,63.07029,75.620463,63.39115
522,355.7,14.71521943,69.60416,355.19,350.28,342.14,14.60397809,14.8685035,14.74918359,71.717155,63.264304,71.40705,64.65116
523,354.41,14.68119805,66.50781,353.66,349.1,340.62,14.57749551,14.89924233,14.81604283,71.76862,64.79428,63.76304,63.42213
524,354.47,14.54922478,63.39115,353.58,349.27,340.53,14.45674223,14.87856763,14.86890691,72.82561,66.36252,62.9429,67.89537
525,355.72,14.63538735,64.65116,354.81,350.44,341.75,14.46420473,14.71413129,14.59032529,76.151027,67.03448,59.97777,71.39577
526,356.96,14.52332299,63.42213,355.99,351.61,342.83,14.44800563,14.49687093,14.7117204,75.21204,64.68857,62.78521,71.18595
527,357.87,14.71297066,67.89537,356.74,352.46,343.49,14.60251897,14.69619076,14.64184087,73.953952,60.23281,60.74435,72.669723
528,358.48,14.67052548,71.39577,357.2,353.01,344.32,14.75849049,14.47002023,14.66405099,71.95581,60.27551,62.16959,71.17806
529,359.0,14.42956633,71.18595,357.54,353.46,344.82,14.75733559,14.729021,14.50812237,73.001712,61.624885,63.31174,73.611095
530,359.36,14.64746278,72.669723,357.94,354.01,344.96,14.70220653,14.70856755,14.6731252,74.681464,67.23353,66.59885,72.871677
531,359.71,14.78532975,71.17806,358.41,354.38,345.19,14.73989575,14.75093263,14.59682076,76.809302,68.03284,67.47002,75.74867
532,359.74,14.71733658,73.611095,358.38,354.19,345.33,14.77053635,14.65850251,14.85093396,77.188678,68.506705,68.46626,75.1356
533,358.8,14.81177037,72.871677,357.34,353.27,344.57,14.76315301,14.65953343,14.55990117,73.097037,66.60134,70.635665,75.10243
534,357.27,14.79051678,75.74867,355.7,351.56,343.2,14.71521943,14.82807248,14.53385918,69.60416,66.90668,70.198585,74.826602
535,356.06,14.68130868,75.1356,354.41,350.21,342.21,14.68119805,14.74416058,14.62724773,66.50781,68.63033,71.585494,72.983504
536,356.02,14.82715218,75.10243,354.47,350.56,342.13,14.54922478,14.78293698,14.57978051,63.39115,69.96967,69.43963,75.14402
537,357.27,14.77362913,74.826602,355.72,351.85,342.99,14.63538735,14.69082349,14.54368963,64.65116,70.26473,68.532455,76.120044
538,358.69,14.8163976,72.983504,356.96,353.04,344.16,14.52332299,14.57580463,14.41312783,63.42213,70.75679,65.214965,77.287356
539,359.55,14.7938184,75.14402,357.87,353.91,345.0,14.71297066,14.82591813,14.46251576,67.89537,69.04472,63.24494,78.57149
540,360.13,14.93702595,76.120044,358.48,354.48,345.35,14.67052548,14.83604233,14.64364808,71.39577,67.93939,59.26037,76.82014
541,360.62,15.13120263,77.287356,359.0,354.87,345.8,14.42956633,14.79086487,14.37103646,71.18595,64.93515,60.097495,76.444575
542,361.08,14.83012383,78.57149,359.36,355.2,346.64,14.64746278,15.13869088,14.53516667,72.669723,63.83339,57.93407,75.662543
543,361.55,14.94652264,76.82014,359.71,355.51,346.94,14.78532975,15.01340382,14.59321015,71.17806,64.436706,57.88811,77.571033
544,361.47,14.83063309,76.444575,359.74,355.41,346.78,14.71733658,15.04921048,14.6288852,73.611095,64.38622,56.09697,77.693145
545,360.62,14.97967713,75.662543,358.8,354.32,346.26,14.81177037,14.88138097,14.59937279,72.871677,68.55674,56.50897,79.488048
546,359.0,14.96123688,77.571033,357.27,352.7,344.92,14.79051678,14.98770898,14.53006928,75.74867,68.461104,55.93048,80.735263
547,357.74,14.95872681,77.693145,356.06,351.58,343.41,14.68130868,14.89965337,14.6715812,75.1356,72.086036,54.23731,82.691672
548,358.06,14.86524098,79.488048,356.02,351.79,343.37,14.82715218,14.83529942,14.54500383,75.10243,72.16387,54.99428,85.963904
549,359.43,14.87071889,80.735263,357.27,353.19,344.64,14.77362913,14.90740197,14.41887563,74.826602,73.200107,55.76441,85.085475
550,360.77,14.84160798,82.691672,358.69,354.45,345.79,14.8163976,14.94534962,14.47190278,72.983504,73.84164,57.13389,84.843814
551,361.65,14.72534553,85.963904,359.55,355.19,346.55,14.7938184,14.91627209,14.51992886,75.14402,71.150146,57.439536,79.30748
552,362.14,14.70661823,85.085475,360.13,355.76,347.11,14.93702595,14.90032189,14.63353055,76.120044,72.63738,58.825576,76.77639
553,362.5,14.84378331,84.843814,360.62,356.19,347.34,15.13120263,14.94318383,14.6874532,77.287356,72.88263,59.97297,76.06384
554,362.82,14.75550168,79.30748,361.08,356.69,347.71,14.83012383,14.81302159,14.65307515,78.57149,73.76143,59.34746,75.812842
555,363.14,14.72138113,76.77639,361.55,357.2,348.22,14.94652264,14.94311135,14.76596253,76.82014,70.33324,59.101455,81.81847
556,363.29,14.69859021,76.06384,361.47,357.11,348.32,14.83063309,14.88907521,14.79647916,76.444575,68.148,57.81842,84.17636
557,362.88,14.74997609,75.812842,360.62,356.18,347.76,14.97967713,15.09365552,14.61777489,75.662543,67.704185,58.598495,89.741374
558,361.57,14.85872262,81.81847,359.0,354.53,346.29,14.96123688,15.01793664,14.61721699,77.571033,69.536956,56.29286,87.06576
559,360.07,14.95408433,84.17636,357.74,353.06,344.92,14.95872681,14.92604344,14.62853043,77.693145,71.97729,57.104384,85.39107
560,359.7,14.73831837,89.741374,358.06,352.93,344.86,14.86524098,14.86400502,14.53892319,79.488048,72.828166,56.156585,83.561004
561,360.67,14.62530893,87.06576,359.43,354.01,346.03,14.87071889,14.71734517,14.47180169,80.735263,73.734405,55.741256,86.07995
562,361.78,14.84633439,85.39107,360.77,355.16,347.3,14.84160798,14.7075681,14.56446259,82.691672,74.268306,55.370734,88.647506
563,362.63,14.81988328,83.561004,361.65,355.95,347.76,14.72534553,14.72886651,14.61865418,85.963904,73.81456,56.57123,92.171924
564,363.27,14.69682783,86.07995,362.14,356.54,348.01,14.70661823,14.85586064,14.73305028,85.085475,76.370864,58.41835,92.659392
565,363.63,14.7514581,88.647506,362.5,356.89,348.56,14.84378331,14.81510633,14.77655499,84.843814,78.360644,61.11474,93.25212
566,364.02,14.89566701,92.171924,362.82,357.26,349.28,14.75550168,14.81876462,14.58453743,79.30748,76.893012,58.87801,93.00883
567,364.5,14.73790163,92.659392,363.14,357.76,349.98,14.72138113,14.64630693,14.73166745,76.77639,75.75164,57.26378,88.46817
568,364.5,14.81338399,93.25212,363.29,357.83,350.26,14.69859021,14.72716038,14.79305737,76.06384,72.754306,58.72255,88.248702
569,363.58,14.98571961,93.00883,362.88,356.87,349.46,14.74997609,14.74309723,14.87453835,75.812842,73.39997,60.296966,87.150493
570,361.93,14.8930835,88.46817,361.57,355.19,347.84,14.85872262,14.60397809,14.97658913,81.81847,71.717155,61.45121,92.1909
571,360.4,14.9316129,88.248702,360.07,353.66,346.61,14.95408433,14.57749551,14.79494088,84.17636,71.76862,56.156585,91.922233
572,360.4,15.00119584,87.150493,359.7,353.58,346.7,14.73831837,14.45674223,14.84177678,89.741374,72.82561,54.30982,94.09293
573,361.94,15.01276009,92.1909,360.67,354.81,347.97,14.62530893,14.46420473,14.71944897,87.06576,76.151027,52.8972,90.751132
574,363.61,15.04753392,91.922233,361.78,355.99,349.25,14.84633439,14.44800563,14.69259637,85.39107,75.21204,57.55024,87.260078
575,364.68,15.01794141,94.09293,362.63,356.74,350.21,14.81988328,14.60251897,14.93986218,83.561004,73.953952,61.06116,83.37303
576,365.19,15.01816743,90.751132,363.27,357.2,350.91,14.69682783,14.75849049,14.93508141,86.07995,71.95581,60.507964,79.74895
577,365.46,15.2200517,87.260078,363.63,357.54,351.47,14.7514581,14.75733559,14.73262113,88.647506,73.001712,61.78639,79.63827
578,365.93,15.03052895,83.37303,364.02,357.94,351.85,14.89566701,14.70220653,14.87388699,92.171924,74.681464,59.76762,79.91009
579,366.58,15.18669217,79.74895,364.5,358.41,352.3,14.73790163,14.73989575,14.87692349,92.659392,76.809302,61.3991,82.108893
580,366.86,15.24399846,79.63827,364.5,358.38,352.46,14.81338399,14.77053635,14.96336549,93.25212,77.188678,61.51658,83.14758
581,366.26,15.24896901,79.91009,363.58,357.34,351.76,14.98571961,14.76315301,14.90896886,93.00883,73.097037,63.07029,85.31116
582,364.83,15.18690102,82.108893,361.93,355.7,350.28,14.8930835,14.71521943,14.8685035,88.46817,69.60416,63.264304,83.427577
583,363.79,15.20706933,83.14758,360.4,354.41,349.1,14.9316129,14.68119805,14.89924233,88.248702,66.50781,64.79428,81.540187
584,364.03,15.01308148,85.31116,360.4,354.47,349.27,15.00119584,14.54922478,14.87856763,87.150493,63.39115,66.36252,80.58693
585,365.34,14.88796036,83.427577,361.94,355.72,350.44,15.01276009,14.63538735,14.71413129,92.1909,64.65116,67.03448,83.91869
586,366.6,14.8267669,81.540187,363.61,356.96,351.61,15.04753392,14.52332299,14.49687093,91.922233,63.42213,64.68857,87.613643
587,367.47,14.97844117,80.58693,364.68,357.87,352.46,15.01794141,14.71297066,14.69619076,94.09293,67.89537,60.23281,92.02342
588,368.11,14.83916562,83.91869,365.19,358.48,353.01,15.01816743,14.67052548,14.47002023,90.751132,71.39577,60.27551,91.30896
589,368.51,15.01788895,87.613643,365.46,359.0,353.46,15.2200517,14.42956633,14.729021,87.260078,71.18595,61.624885,92.35656
590,368.91,14.67512314,92.02342,365.93,359.36,354.01,15.03052895,14.64746278,14.70856755,83.37303,72.669723,67.23353,91.615375
591,369.29,14.76235287,91.30896,366.58,359.71,354.38,15.18669217,14.78532975,14.75093263,79.74895,71.17806,68.03284,93.146495
592,369.21,14.76846497,92.35656,366.86,359.74,354.19,15.24399846,14.71733658,14.65850251,79.63827,73.611095,68.506705,92.096805
593,368.36,14.83355611,91.615375,366.26,358.8,353.27,15.24896901,14.81177037,14.65953343,79.91009,72.871677,66.60134,91.604396
594,366.69,14.86318391,93.146495,364.83,357.27,351.56,15.18690102,14.79051678,14.82807248,82.108893,75.74867,66.90668,90.04663
595,365.33,14.82805054,92.096805,363.79,356.06,350.21,15.20706933,14.68130868,14.74416058,83.14758,75.1356,68.63033,86.730235
596,365.45,14.86517995,91.604396,364.03,356.02,350.56,15.01308148,14.82715218,14.78293698,85.31116,75.10243,69.96967,84.61819
597,366.75,14.76424306,90.04663,365.34,357.27,351.85,14.88796036,14.77362913,14.69082349,83.427577,74.826602,70.26473,82.669643
598,368.04,14.76277249,86.730235,366.6,358.69,353.04,14.8267669,14.8163976,14.57580463,81.540187,72.983504,70.75679,85.360652
599,368.88,14.84224122,84.61819,367.47,359.55,353.91,14.97844117,14.7938184,14.82591813,80.58693,75.14402,69.04472,89.667342
600,369.39,14.67656701,82.669643,368.11,360.13,354.48,14.83916562,14.93702595,14.83604233,83.91869,76.120044,67.93939,93.05543
601,369.65,14.9293937,85.360652,368.51,360.62,354.87,15.01788895,15.13120263,14.79086487,87.613643,77.287356,64.93515,97.30015
602,369.97,14.84737103,89.667342,368.91,361.08,355.2,14.67512314,14.83012383,15.13869088,92.02342,78.57149,63.83339,96.55958
603,370.35,14.98314374,93.05543,369.29,361.55,355.51,14.76235287,14.94652264,15.01340382,91.30896,76.82014,64.436706,97.605575
604,370.24,14.84514993,97.30015,369.21,361.47,355.41,14.76846497,14.83063309,15.04921048,92.35656,76.444575,64.38622,92.29697
605,369.31,14.82182687,96.55958,368.36,360.62,354.32,14.83355611,14.97967713,14.88138097,91.615375,75.662543,68.55674,89.892505
606,367.91,14.82737916,97.605575,366.69,359.0,352.7,14.86318391,14.96123688,14.98770898,93.146495,77.571033,68.461104,86.45
607,366.76,14.89057343,92.29697,365.33,357.74,351.58,14.82805054,14.95872681,14.89965337,92.096805,77.693145,72.086036,87.469695
608,366.71,14.82714074,89.892505,365.45,358.06,351.79,14.86517995,14.86524098,14.83529942,91.604396,79.488048,72.16387,88.83938
609,367.91,14.66993706,86.45,366.75,359.43,353.19,14.76424306,14.87071889,14.90740197,90.04663,80.735263,73.200107,92.95798
610,369.28,14.71932403,87.469695,368.04,360.77,354.45,14.76277249,14.84160798,14.94534962,86.730235,82.691672,73.84164,93.39769
611,370.1,14.72358506,88.83938,368.88,361.65,355.19,14.84224122,14.72534553,14.91627209,84.61819,85.963904,71.150146,96.322543
612,370.69,14.83636849,92.95798,369.39,362.14,355.76,14.67656701,14.70661823,14.90032189,82.669643,85.085475,72.63738,94.293708
613,371.18,14.78312771,93.39769,369.65,362.5,356.19,14.9293937,14.84378331,14.94318383,85.360652,84.843814,72.88263,95.214683
614,371.58,14.90677827,96.322543,369.97,362.82,356.69,14.84737103,14.75550168,14.81302159,89.667342,79.30748,73.76143,95.565112
615,371.9,14.91245549,94.293708,370.35,363.14,357.2,14.98314374,14.72138113,14.94311135,93.05543,76.77639,70.33324,97.23964
616,371.76,15.0199899,95.214683,370.24,363.29,357.11,14.84514993,14.69859021,14.88907521,97.30015,76.06384,68.148,99.03658
617,370.83,14.954791,95.565112,369.31,362.88,356.18,14.82182687,14.74997609,15.09365552,96.55958,75.812842,67.704185,99.03509
618,369.45,15.04464905,97.23964,367.91,361.57,354.53,14.82737916,14.85872262,15.01793664,97.605575,81.81847,69.536956,96.170436
619,368.31,15.01466553,99.03658,366.76,360.07,353.06,14.89057343,14.95408433,14.92604344,92.29697,84.17636,71.97729,92.395328
620,368.36,14.98771088,99.03509,366.71,359.7,352.93,14.82714074,14.73831837,14.86400502,89.892505,89.741374,72.828166,89.43264
621,369.71,14.95957463,96.170436,367.91,360.67,354.01,14.66993706,14.62530893,14.71734517,86.45,87.06576,73.734405,89.415282
622,371.06,15.16546624,92.395328,369.28,361.78,355.16,14.71932403,14.84633439,14.7075681,87.469695,85.39107,74.268306,90.46307
623,371.98,15.0959224,89.43264,370.1,362.63,355.95,14.72358506,14.81988328,14.72886651,88.83938,83.561004,73.81456,91.296695
624,372.51,15.16137879,89.415282,370.69,363.27,356.54,14.83636849,14.69682783,14.85586064,92.95798,86.07995,76.370864,90.75178
625,372.91,15.05776303,90.46307,371.18,363.63,356.89,14.78312771,14.7514581,14.81510633,93.39769,88.647506,78.360644,92.437774
626,373.38,15.25693314,91.296695,371.58,364.02,357.26,14.90677827,14.89566701,14.81876462,96.322543,92.171924,76.893012,94.946445
627,373.73,15.00224393,90.75178,371.9,364.5,357.76,14.91245549,14.73790163,14.64630693,94.293708,92.659392,75.75164,95.026774
628,373.71,15.14574044,92.437774,371.76,364.5,357.83,15.0199899,14.81338399,14.72716038,95.214683,93.25212,72.754306,94.138305
629,372.84,15.08895009,94.946445,370.83,363.58,356.87,14.954791,14.98571961,14.74309723,95.565112,93.00883,73.39997,96.087897
630,371.41,15.09909051,95.026774,369.45,361.93,355.19,15.04464905,14.8930835,14.60397809,97.23964,88.46817,71.717155,97.435126
631,370.35,15.01901429,94.138305,368.31,360.4,353.66,15.01466553,14.9316129,14.57749551,99.03658,88.248702,71.76862,99.772857
632,370.67,15.0710954,96.087897,368.36,360.4,353.58,14.98771088,15.00119584,14.45674223,99.03509,87.150493,72.82561,98.249274
633,371.95,14.98469632,97.435126,369.71,361.94,354.81,14.95957463,15.01276009,14.46420473,96.170436,92.1909,76.151027,97.028148
634,373.28,15.01114362,99.772857,371.06,363.61,355.99,15.16546624,15.04753392,14.44800563,92.395328,91.922233,75.21204,95.54124
635,374.26,14.94362824,98.249274,371.98,364.68,356.74,15.0959224,15.01794141,14.60251897,89.43264,94.09293,73.953952,94.80369
636,374.94,15.17265122,97.028148,372.51,365.19,357.2,15.16137879,15.01816743,14.75849049,89.415282,90.751132,71.95581,98.95608
637,375.47,14.97837632,95.54124,372.91,365.46,357.54,15.05776303,15.2200517,14.75733559,90.46307,87.260078,73.001712,101.68249
638,375.91,14.89992803,94.80369,373.38,365.93,357.94,15.25693314,15.03052895,14.70220653,91.296695,83.37303,74.681464,105.99074
639,376.39,14.94577687,98.95608,373.73,366.58,358.41,15.00224393,15.18669217,14.73989575,90.75178,79.74895,76.809302,106.475934
640,376.54,15.05208009,101.68249,373.71,366.86,358.38,15.14574044,15.24399846,14.77053635,92.437774,79.63827,77.188678,109.001613
641,375.71,14.92695134,105.99074,372.84,366.26,357.34,15.08895009,15.24896901,14.76315301,94.946445,79.91009,73.097037,109.883725
642,374.16,15.01790231,106.475934,371.41,364.83,355.7,15.09909051,15.18690102,14.71521943,95.026774,82.108893,69.60416,109.640412
643,372.93,15.11152642,109.001613,370.35,363.79,354.41,15.01901429,15.20706933,14.68119805,94.138305,83.14758,66.50781,105.374314
644,373.09,15.13968842,109.883725,370.67,364.03,354.47,15.0710954,15.01308148,14.54922478,96.087897,85.31116,63.39115,103.750743
645,374.36,15.16966622,109.640412,371.95,365.34,355.72,14.98469632,14.88796036,14.63538735,97.435126,83.427577,64.65116,100.505244
646,375.65,15.02842515,105.374314,373.28,366.6,356.96,15.01114362,14.8267669,14.52332299,99.772857,81.540187,63.42213,98.09774
647,376.52,15.24313348,103.750743,374.26,367.47,357.87,14.94362824,14.97844117,14.71297066,98.249274,80.58693,67.89537,99.00361
648,377.21,15.02434438,100.505244,374.94,368.11,358.48,15.17265122,14.83916562,14.67052548,97.028148,83.91869,71.39577,100.477504
649,377.72,15.09291833,98.09774,375.47,368.51,359.0,14.97837632,15.01788895,14.42956633,95.54124,87.613643,71.18595,105.605582
650,378.15,15.05475133,99.00361,375.91,368.91,359.36,14.89992803,14.67512314,14.64746278,94.80369,92.02342,72.669723,107.18522
651,378.48,15.05147355,100.477504,376.39,369.29,359.71,14.94577687,14.76235287,14.78532975,98.95608,91.30896,71.17806,105.445306
652,378.41,14.85547345,105.605582,376.54,369.21,359.74,15.05208009,14.76846497,14.71733658,101.68249,92.35656,73.611095,106.045016
653,377.51,14.97237103,107.18522,375.71,368.36,358.8,14.92695134,14.83355611,14.81177037,105.99074,91.615375,72.871677,103.529002
654,375.94,14.78929417,105.445306,374.16,366.69,357.27,15.01790231,14.86318391,14.79051678,106.475934,93.146495,75.74867,103.01754
655,374.47,14.90403073,106.045016,372.93,365.33,356.06,15.11152642,14.82805054,14.68130868,109.001613,92.096805,75.1356,101.024642
656,374.38,15.0258035,103.529002,373.09,365.45,356.02,15.13968842,14.86517995,14.82715218,109.883725,91.604396,75.10243,101.08552
657,375.72,15.07233136,103.01754,374.36,366.75,357.27,15.16966622,14.76424306,14.77362913,109.640412,90.04663,74.826602,104.26583
658,377.2,15.13698762,101.024642,375.65,368.04,358.69,15.02842515,14.76277249,14.8163976,105.374314,86.730235,72.983504,104.25885
659,378.17,14.97008126,101.08552,376.52,368.88,359.55,15.24313348,14.84224122,14.7938184,103.750743,84.61819,75.14402,102.55215
660,378.73,15.21366589,104.26583,377.21,369.39,360.13,15.02434438,14.67656701,14.93702595,100.505244,82.669643,76.120044,102.229167
661,379.27,15.0718736,104.25885,377.72,369.65,360.62,15.09291833,14.9293937,15.13120263,98.09774,85.360652,77.287356,103.050033
662,379.87,15.15442078,102.55215,378.15,369.97,361.08,15.05475133,14.84737103,14.83012383,99.00361,89.667342,78.57149,105.072084
663,380.32,15.13630574,102.229167,378.48,370.35,361.55,15.05147355,14.98314374,14.94652264,100.477504,93.05543,76.82014,105.27429
664,380.42,15.13534634,103.050033,378.41,370.24,361.47,14.85547345,14.84514993,14.83063309,105.605582,97.30015,76.444575,103.780856
665,379.6,15.14225285,105.072084,377.51,369.31,360.62,14.97237103,14.82182687,14.97967713,107.18522,96.55958,75.662543,100.13004
666,377.94,15.15046113,105.27429,375.94,367.91,359.0,14.78929417,14.82737916,14.96123688,105.445306,97.605575,77.571033,99.070823
667,376.73,15.09521096,103.780856,374.47,366.76,357.74,14.90403073,14.89057343,14.95872681,106.045016,92.29697,77.693145,97.500796
668,376.76,15.1955375,100.13004,374.38,366.71,358.06,15.0258035,14.82714074,14.86524098,103.529002,89.892505,79.488048,98.52967
669,378.07,15.23747342,99.070823,375.72,367.91,359.43,15.07233136,14.66993706,14.87071889,103.01754,86.45,80.735263,98.016795
670,379.53,15.19727795,97.500796,377.2,369.28,360.77,15.13698762,14.71932403,14.84160798,101.024642,87.469695,82.691672,100.988364
671,380.53,15.16687958,98.52967,378.17,370.1,361.65,14.97008126,14.72358506,14.72534553,101.08552,88.83938,85.963904,105.88532
672,381.34,15.02233308,98.016795,378.73,370.69,362.14,15.21366589,14.83636849,14.70661823,104.26583,92.95798,85.085475,107.819026
673,381.96,15.15526192,100.988364,379.27,371.18,362.5,15.0718736,14.78312771,14.84378331,104.25885,93.39769,84.843814,106.232904
674,382.35,15.054511,105.88532,379.87,371.58,362.82,15.15442078,14.90677827,14.75550168,102.55215,96.322543,79.30748,102.28242
675,382.67,14.99594681,107.819026,380.32,371.9,363.14,15.13630574,14.91245549,14.72138113,102.229167,94.293708,76.77639,100.88523
676,382.62,14.99404996,106.232904,380.42,371.76,363.29,15.13534634,15.0199899,14.69859021,103.050033,95.214683,76.06384,103.005805
677,381.76,15.14697545,102.28242,379.6,370.83,362.88,15.14225285,14.954791,14.74997609,105.072084,95.565112,75.812842,105.486829
678,380.06,15.06843941,100.88523,377.94,369.45,361.57,15.15046113,15.04464905,14.85872262,105.27429,97.23964,81.81847,106.744353
679,378.47,15.13658135,103.005805,376.73,368.31,360.07,15.09521096,15.01466553,14.95408433,103.780856,99.03658,84.17636,106.361507
680,378.63,15.11396401,105.486829,376.76,368.36,359.7,15.1955375,14.98771088,14.73831837,100.13004,99.03509,89.741374,100.382484
681,380.09,15.2035455,106.744353,378.07,369.71,360.67,15.23747342,14.95957463,14.62530893,99.070823,96.170436,87.06576,97.752284
682,381.45,15.16690057,106.361507,379.53,371.06,361.78,15.19727795,15.16546624,14.84633439,97.500796,92.395328,85.39107,92.69157
683,382.4,15.2610759,100.382484,380.53,371.98,362.63,15.16687958,15.0959224,14.81988328,98.52967,89.43264,83.561004,97.025012
684,383.03,15.42936033,97.752284,381.34,372.51,363.27,15.02233308,15.16137879,14.69682783,98.016795,89.415282,86.07995,101.49299
685,383.54,15.15385525,92.69157,381.96,372.91,363.63,15.15526192,15.05776303,14.7514581,100.988364,90.46307,88.647506,110.189853
686,384.01,15.06664937,97.025012,382.35,373.38,364.02,15.054511,15.25693314,14.89566701,105.88532,91.296695,92.171924,114.521054
687,384.27,15.23957627,101.49299,382.67,373.73,364.5,14.99594681,15.00224393,14.73790163,107.819026,90.75178,92.659392,116.533359
688,384.12,15.14963238,110.189853,382.62,373.71,364.5,14.99404996,15.14574044,14.81338399,106.232904,92.437774,93.25212,114.977527
689,383.26,15.04199403,114.521054,381.76,372.84,363.58,15.14697545,15.08895009,14.98571961,102.28242,94.946445,93.00883,111.244088
690,381.55,15.07145875,116.533359,380.06,371.41,361.93,15.06843941,15.09909051,14.8930835,100.88523,95.026774,88.46817,109.34754
691,380.3,15.04687112,114.977527,378.47,370.35,360.4,15.13658135,15.01901429,14.9316129,103.005805,94.138305,88.248702,109.664828
692,380.69,14.97605222,111.244088,378.63,370.67,360.4,15.11396401,15.0710954,15.00119584,105.486829,96.087897,87.150493,109.86447
693,382.1,15.05158131,109.34754,380.09,371.95,361.94,15.2035455,14.98469632,15.01276009,106.744353,97.435126,92.1909,110.818452
694,383.45,15.02711957,109.664828,381.45,373.28,363.61,15.16690057,15.01114362,15.04753392,106.361507,99.772857,91.922233,109.677949
695,384.46,14.97654526,109.86447,382.4,374.26,364.68,15.2610759,14.94362824,15.01794141,100.382484,98.249274,94.09293,114.222827
696,385.23,14.7380914,110.818452,383.03,374.94,365.19,15.42936033,15.17265122,15.01816743,97.752284,97.028148,90.751132,116.992549
697,385.74,14.74510663,109.677949,383.54,375.47,365.46,15.15385525,14.97837632,15.2200517,92.69157,95.54124,87.260078,122.40421
698,386.15,15.08472531,114.222827,384.01,375.91,365.93,15.06664937,14.89992803,15.03052895,97.025012,94.80369,83.37303,122.713751
699,386.53,14.93918603,116.992549,384.27,376.39,366.58,15.23957627,14.94577687,15.18669217,101.49299,98.95608,79.74895,124.562659
700,386.49,14.96058362,122.40421,384.12,376.54,366.86,15.14963238,15.05208009,15.24399846,110.189853,101.68249,79.63827,121.730661
701,385.58,14.86739819,122.713751,383.26,375.71,366.26,15.04199403,14.92695134,15.24896901,114.521054,105.99074,79.91009,119.49672
702,384.1,15.04166405,124.562659,381.55,374.16,364.83,15.07145875,15.01790231,15.18690102,116.533359,106.475934,82.108893,115.184411
703,382.77,14.98658936,121.730661,380.3,372.93,363.79,15.04687112,15.11152642,15.20706933,114.977527,109.001613,83.14758,114.417739
704,382.54,15.03575413,119.49672,380.69,373.09,364.03,14.97605222,15.13968842,15.01308148,111.244088,109.883725,85.31116,111.855569
705,383.67,15.10273926,115.184411,382.1,374.36,365.34,15.05158131,15.16966622,14.88796036,109.34754,109.640412,83.427577,112.74595
706,385.18,15.11732667,114.417739,383.45,375.65,366.6,15.02711957,15.02842515,14.8267669,109.664828,105.374314,81.540187,111.069293
707,386.27,15.02185815,111.855569,384.46,376.52,367.47,14.97654526,15.24313348,14.97844117,109.86447,103.750743,80.58693,114.468741
708,387.03,15.12588303,112.74595,385.23,377.21,368.11,14.7380914,15.02434438,14.83916562,110.818452,100.505244,83.91869,115.743638
709,387.48,15.03115361,111.069293,385.74,377.72,368.51,14.74510663,15.09291833,15.01788895,109.677949,98.09774,87.613643,121.4406
710,387.71,14.94473927,114.468741,386.15,378.15,368.91,15.08472531,15.05475133,14.67512314,114.222827,99.00361,92.02342,125.024746
711,387.99,15.00578587,115.743638,386.53,378.48,369.29,14.93918603,15.05147355,14.76235287,116.992549,100.477504,91.30896,126.448132
712,387.95,15.06172364,121.4406,386.49,378.41,369.21,14.96058362,14.85547345,14.76846497,122.40421,105.605582,92.35656,127.112152
713,386.96,15.0701999,125.024746,385.58,377.51,368.36,14.86739819,14.97237103,14.83355611,122.713751,107.18522,91.615375,128.9029294
714,385.01,15.20279496,126.448132,384.1,375.94,366.69,15.04166405,14.78929417,14.86318391,124.562659,105.445306,93.146495,130.302181
715,383.63,15.11080735,127.112152,382.77,374.47,365.33,14.98658936,14.90403073,14.82805054,121.730661,106.045016,92.096805,132.6256345
716,383.93,15.16958421,128.9029294,382.54,374.38,365.45,15.03575413,15.0258035,14.86517995,119.49672,103.529002,91.604396,136.3596503
717,385.49,15.1456012,130.302181,383.67,375.72,366.75,15.10273926,15.07233136,14.76424306,115.184411,103.01754,90.04663,136.0076002
718,386.94,15.20674413,132.6256345,385.18,377.2,368.04,15.11732667,15.13698762,14.76277249,114.417739,101.024642,86.730235,138.4876002
719,387.84,15.13387864,136.3596503,386.27,378.17,368.88,15.02185815,14.97008126,14.84224122,111.855569,101.08552,84.61819,135.2076002
720,388.62,15.25987237,136.0076002,387.03,378.73,369.39,15.12588303,15.21366589,14.67656701,112.74595,104.26583,82.669643,138.1976002
721,389.33,15.28808873,138.4876002,387.48,379.27,369.65,15.03115361,15.0718736,14.9293937,111.069293,104.25885,85.360652,138.6776002
722,389.68,15.33490746,135.2076002,387.71,379.87,369.97,14.94473927,15.15442078,14.84737103,114.468741,102.55215,89.667342,139.8676002
723,389.98,15.3182792,138.1976002,387.99,380.32,370.35,15.00578587,15.13630574,14.98314374,115.743638,102.229167,93.05543,138.3976002
724,389.95,15.26413148,138.6776002,387.95,380.42,370.24,15.06172364,15.13534634,14.84514993,121.4406,103.050033,97.30015,141.0176002
725,389.01,15.15237324,139.8676002,386.96,379.6,369.31,15.0701999,15.14225285,14.82182687,125.024746,105.072084,96.55958,135.5176002
726,387.35,15.11706727,138.3976002,385.01,377.94,367.91,15.20279496,15.15046113,14.82737916,126.448132,105.27429,97.605575,135.7476002
727,386.23,15.11172478,141.0176002,383.63,376.73,366.76,15.11080735,15.09521096,14.89057343,127.112152,103.780856,92.29697,136.7676002
728,386.7,15.16490453,135.5176002,383.93,376.76,366.71,15.16958421,15.1955375,14.82714074,128.9029294,100.13004,89.892505,133.5476002
729,388.25,15.18196957,135.7476002,385.49,378.07,367.91,15.1456012,15.23747342,14.66993706,130.302181,99.070823,86.45,133.1876002
730,389.62,15.19965165,136.7676002,386.94,379.53,369.28,15.20674413,15.19727795,14.71932403,132.6256345,97.500796,87.469695,132.1576002
731,390.34,14.96411412,133.5476002,387.84,380.53,370.1,15.13387864,15.16687958,14.72358506,136.3596503,98.52967,88.83938,133.7676002
732,390.85,14.97575276,133.1876002,388.62,381.34,370.69,15.25987237,15.02233308,14.83636849,136.0076002,98.016795,92.95798,133.6376002
733,391.29,14.88992207,132.1576002,389.33,381.96,371.18,15.28808873,15.15526192,14.78312771,138.4876002,100.988364,93.39769,133.9176002
734,391.66,15.00736706,133.7676002,389.68,382.35,371.58,15.33490746,15.054511,14.90677827,135.2076002,105.88532,96.322543,135.6376002
735,392.05,15.07948296,133.6376002,389.98,382.67,371.9,15.3182792,14.99594681,14.91245549,138.1976002,107.819026,94.293708,131.9476002
736,392.08,15.02400868,133.9176002,389.95,382.62,371.76,15.26413148,14.99404996,15.0199899,138.6776002,106.232904,95.214683,134.8776002
737,391.14,15.08623975,135.6376002,389.01,381.76,370.83,15.15237324,15.14697545,14.954791,139.8676002,102.28242,95.565112,132.6876002
738,389.2,15.20817368,131.9476002,387.35,380.06,369.45,15.11706727,15.06843941,15.04464905,138.3976002,100.88523,97.23964,139.4476002
739,387.87,15.17635148,134.8776002,386.23,378.47,368.31,15.11172478,15.13658135,15.01466553,141.0176002,103.005805,99.03658,131.7676002
740,388.27,15.11322587,132.6876002,386.7,378.63,368.36,15.16490453,15.11396401,14.98771088,135.5176002,105.486829,99.03509,138.4976002
741,389.83,15.09518426,139.4476002,388.25,380.09,369.71,15.18196957,15.2035455,14.95957463,135.7476002,106.744353,96.170436,142.4576002
742,391.19,14.9712476,131.7676002,389.62,381.45,371.06,15.19965165,15.16690057,15.16546624,136.7676002,106.361507,92.395328,143.7576002
743,392.02,15.02782052,138.4976002,390.34,382.4,371.98,14.96411412,15.2610759,15.0959224,133.5476002,100.382484,89.43264,142.5276002
744,392.61,14.900649,142.4576002,390.85,383.03,372.51,14.97575276,15.42936033,15.16137879,133.1876002,97.752284,89.415282,142.1876002
745,393.2,14.88691228,143.7576002,391.29,383.54,372.91,14.88992207,15.15385525,15.05776303,132.1576002,92.69157,90.46307,145.3476002
746,393.72,14.92973607,142.5276002,391.66,384.01,373.38,15.00736706,15.06664937,15.25693314,133.7676002,97.025012,91.296695,148.1876002
747,393.99,15.12017911,142.1876002,392.05,384.27,373.73,15.07948296,15.23957627,15.00224393,133.6376002,101.49299,90.75178,148.7776002
748,393.88,15.23926919,145.3476002,392.08,384.12,373.71,15.02400868,15.14963238,15.14574044,133.9176002,110.189853,92.437774,145.8876002
749,392.84,15.18523114,148.1876002,391.14,383.26,372.84,15.08623975,15.04199403,15.08895009,135.6376002,114.521054,94.946445,147.3976002
750,391.0,15.10537713,148.7776002,389.2,381.55,371.41,15.20817368,15.07145875,15.09909051,131.9476002,116.533359,95.026774,147.6776002
751,389.89,15.14196389,145.8876002,387.87,380.3,370.35,15.17635148,15.04687112,15.01901429,134.8776002,114.977527,94.138305,148.3276002
752,390.55,15.1787719,147.3976002,388.27,380.69,370.67,15.11322587,14.97605222,15.0710954,132.6876002,111.244088,96.087897,147.4976002
753,392.16,15.28476708,147.6776002,389.83,382.1,371.95,15.09518426,15.05158131,14.98469632,139.4476002,109.34754,97.435126,147.6276002
754,393.56,15.26181977,148.3276002,391.19,383.45,373.28,14.9712476,15.02711957,15.01114362,131.7676002,109.664828,99.772857,147.5576002
755,394.39,15.03374951,147.4976002,392.02,384.46,374.26,15.02782052,14.97654526,14.94362824,138.4976002,109.86447,98.249274,149.8776002
756,395.07,15.21294873,147.6276002,392.61,385.23,374.94,14.900649,14.7380914,15.17265122,142.4576002,110.818452,97.028148,147.6276002
757,395.69,15.08155816,147.5576002,393.2,385.74,375.47,14.88691228,14.74510663,14.97837632,143.7576002,109.677949,95.54124,148.7676002
758,396.28,15.08987134,149.8776002,393.72,386.15,375.91,14.92973607,15.08472531,14.89992803,142.5276002,114.222827,94.80369,146.4376002
759,396.74,15.02946751,147.6276002,393.99,386.53,376.39,15.12017911,14.93918603,14.94577687,142.1876002,116.992549,98.95608,146.6176002
760,396.75,15.08720772,148.7676002,393.88,386.49,376.54,15.23926919,14.96058362,15.05208009,145.3476002,122.40421,101.68249,143.4776002
761,395.96,15.17324155,146.4376002,392.84,385.58,375.71,15.18523114,14.86739819,14.92695134,148.1876002,122.713751,105.99074,142.9476002
762,394.48,15.04006951,146.6176002,391.0,384.1,374.16,15.10537713,15.04166405,15.01790231,148.7776002,124.562659,106.475934,146.5776002
763,393.24,15.12020676,143.4776002,389.89,382.77,372.93,15.14196389,14.98658936,15.11152642,145.8876002,121.730661,109.001613,149.0276002
764,393.21,15.23555367,142.9476002,390.55,382.54,373.09,15.1787719,15.03575413,15.13968842,147.3976002,119.49672,109.883725,144.8476002
765,394.5,15.11700433,146.5776002,392.16,383.67,374.36,15.28476708,15.10273926,15.16966622,147.6776002,115.184411,109.640412,148.2276002
766,395.96,15.2155637,149.0276002,393.56,385.18,375.65,15.26181977,15.11732667,15.02842515,148.3276002,114.417739,105.374314,151.2576002
767,396.87,15.19239133,144.8476002,394.39,386.27,376.52,15.03374951,15.02185815,15.24313348,147.4976002,111.855569,103.750743,151.2876002
768,397.51,15.19315236,148.2276002,395.07,387.03,377.21,15.21294873,15.12588303,15.02434438,147.6276002,112.74595,100.505244,150.5676002
769,397.97,14.97013371,151.2576002,395.69,387.48,377.72,15.08155816,15.03115361,15.09291833,147.5576002,111.069293,98.09774,147.9876002
770,398.27,15.15658849,151.2876002,396.28,387.71,378.15,15.08987134,14.94473927,15.05475133,149.8776002,114.468741,99.00361,150.3776002
771,398.63,15.17536824,150.5676002,396.74,387.99,378.48,15.02946751,15.00578587,15.05147355,147.6276002,115.743638,100.477504,152.0476002
772,398.69,15.24910062,147.9876002,396.75,387.95,378.41,15.08720772,15.06172364,14.85547345,148.7676002,121.4406,105.605582,152.6376002
773,397.72,15.13792126,150.3776002,395.96,386.96,377.51,15.17324155,15.0701999,14.97237103,146.4376002,125.024746,107.18522,152.1376002
774,396.13,15.13083451,152.0476002,394.48,385.01,375.94,15.04006951,15.20279496,14.78929417,146.6176002,126.448132,105.445306,154.5176002
775,395.02,15.20141976,152.6376002,393.24,383.63,374.47,15.12020676,15.11080735,14.90403073,143.4776002,127.112152,106.045016,151.5276002
776,395.12,15.25030511,152.1376002,393.21,383.93,374.38,15.23555367,15.16958421,15.0258035,142.9476002,128.9029294,103.529002,157.7376002
777,396.38,15.22916882,154.5176002,394.5,385.49,375.72,15.11700433,15.1456012,15.07233136,146.5776002,130.302181,103.01754,154.8176002
778,397.86,15.11702721,151.5276002,395.96,386.94,377.2,15.2155637,15.20674413,15.13698762,149.0276002,132.6256345,101.024642,157.1276002
779,398.83,15.25396913,157.7376002,396.87,387.84,378.17,15.19239133,15.13387864,14.97008126,144.8476002,136.3596503,101.08552,157.0476002
780,399.56,15.25869076,154.8176002,397.51,388.62,378.73,15.19315236,15.25987237,15.21366589,148.2276002,136.0076002,104.26583,159.1476002
781,400.12,15.26466363,157.1276002,397.97,389.33,379.27,14.97013371,15.28808873,15.0718736,151.2576002,138.4876002,104.25885,156.7676002
782,400.57,15.29459469,157.0476002,398.27,389.68,379.87,15.15658849,15.33490746,15.15442078,151.2876002,135.2076002,102.55215,159.1176002
783,400.96,15.12236111,159.1476002,398.63,389.98,380.32,15.17536824,15.3182792,15.13630574,150.5676002,138.1976002,102.229167,158.9676002
784,400.91,15.24234955,156.7676002,398.69,389.95,380.42,15.24910062,15.26413148,15.13534634,147.9876002,138.6776002,103.050033,159.2976002
785,400.06,15.25204175,159.1176002,397.72,389.01,379.6,15.13792126,15.15237324,15.14225285,150.3776002,139.8676002,105.072084,161.5476002
786,398.38,15.21876519,158.9676002,396.13,387.35,377.94,15.13083451,15.11706727,15.15046113,152.0476002,138.3976002,105.27429,164.2676002
787,397.07,15.30767815,159.2976002,395.02,386.23,376.73,15.20141976,15.11172478,15.09521096,152.6376002,141.0176002,103.780856,159.3376002
788,397.34,15.33273595,161.5476002,395.12,386.7,376.76,15.25030511,15.16490453,15.1955375,152.1376002,135.5176002,100.13004,162.0376002
789,398.8,15.50684445,164.2676002,396.38,388.25,378.07,15.22916882,15.18196957,15.23747342,154.5176002,135.7476002,99.070823,161.1976002
790,400.36,15.45170013,159.3376002,397.86,389.62,379.53,15.11702721,15.19965165,15.19727795,151.5276002,136.7676002,97.500796,164.0776002
791,401.66,15.60498423,162.0376002,398.83,390.34,380.53,15.25396913,14.96411412,15.16687958,157.7376002,133.5476002,98.52967,162.3076002
792,402.62,15.61722273,161.1976002,399.56,390.85,381.34,15.25869076,14.97575276,15.02233308,154.8176002,133.1876002,98.016795,162.8976002
793,403.26,15.75360103,164.0776002,400.12,391.29,381.96,15.26466363,14.88992207,15.15526192,157.1276002,132.1576002,100.988364,161.6876002
794,403.85,15.69174853,162.3076002,400.57,391.66,382.35,15.29459469,15.00736706,15.054511,157.0476002,133.7676002,105.88532,163.0776002
795,404.36,15.59541793,162.8976002,400.96,392.05,382.67,15.12236111,15.07948296,14.99594681,159.1476002,133.6376002,107.819026,162.1076002
796,404.4,15.48107426,161.6876002,400.91,392.08,382.62,15.24234955,15.02400868,14.99404996,156.7676002,133.9176002,106.232904,158.4476002
797,403.62,15.32701199,163.0776002,400.06,391.14,381.76,15.25204175,15.08623975,15.14697545,159.1176002,135.6376002,102.28242,161.5576002
798,402.1,15.42561143,162.1076002,398.38,389.2,380.06,15.21876519,15.20817368,15.06843941,158.9676002,131.9476002,100.88523,158.3676002
799,400.78,15.46664423,158.4476002,397.07,387.87,378.47,15.30767815,15.17635148,15.13658135,159.2976002,134.8776002,103.005805,165.2076002
800,400.96,15.42360585,161.5576002,397.34,388.27,378.63,15.33273595,15.11322587,15.11396401,161.5476002,132.6876002,105.486829,163.0976002
801,402.41,15.40717786,158.3676002,398.8,389.83,380.09,15.50684445,15.09518426,15.2035455,164.2676002,139.4476002,106.744353,163.4476002
802,403.76,15.47066109,165.2076002,400.36,391.19,381.45,15.45170013,14.9712476,15.16690057,159.3376002,131.7676002,106.361507,160.7276002
803,404.67,15.40104573,163.0976002,401.66,392.02,382.4,15.60498423,15.02782052,15.2610759,162.0376002,138.4976002,100.382484,163.1776002
804,405.33,15.46963685,163.4476002,402.62,392.61,383.03,15.61722273,14.900649,15.42936033,161.1976002,142.4576002,97.752284,163.2076002
805,405.91,15.56533616,160.7276002,403.26,393.2,383.54,15.75360103,14.88691228,15.15385525,164.0776002,143.7576002,92.69157,162.8776002
806,406.32,15.56554597,163.1776002,403.85,393.72,384.01,15.69174853,14.92973607,15.06664937,162.3076002,142.5276002,97.025012,162.3776002
807,406.6,15.39408009,163.2076002,404.36,393.99,384.27,15.59541793,15.12017911,15.23957627,162.8976002,142.1876002,101.49299,163.5376002
808,406.64,15.43829816,162.8776002,404.4,393.88,384.12,15.48107426,15.23926919,15.14963238,161.6876002,145.3476002,110.189853,163.8076002
809,405.85,15.26768963,162.3776002,403.62,392.84,383.26,15.32701199,15.18523114,15.04199403,163.0776002,148.1876002,114.521054,165.4876002
