Year,absolute gmsl (mm) relative to 1940,CO2 average (ppm),Temperature (deg C),gmsl change in 3 months ,gmsl change in 5 years,gmsl 5 years ago,gmsl change in 10 years,gmsl 10 years ago,CO2 change 3 months ago,CO2 change in 5 years,CO2 5 years ago,CO2 change in 10 years,CO2 10 years ago,Temperature change 3 months ago,Temperature change in 5 years,Temperature 5 years ago,Temperature change in 10 years,Temperature 10 years ago
1950-01-15,19.74326,309.41,14.15561478,1.14326,15.74326,4,19.74326,0,2.01,1.67,307.74,2.29,307.12,-0.24228001,-0.16617205,14.32178683,0.03478145,14.12083333
1950-02-15,18.59273,312.6,14.12923423,-0.50727,14.89273,3.7,19.79273,-1.2,5.59,1.63,310.97,2.5,310.1,-0.28253557,-0.0164852,14.14571943,-0.07927133,14.20850556
1950-03-15,18.43106,316.04,14.29203217,-2.16894,15.53106,2.9,21.33106,-2.9,8.58,1.41,314.63,2.86,313.18,-0.10317421,0.0356493,14.25638287,0.11123848,14.18079369
1950-04-15,20.60021,318.66,14.22922603,0.85695,16.40021,4.2,28.20021,-7.6,9.25,0.58,318.08,3.24,315.42,0.07361125,-0.17229177,14.4015178,-0.2318697,14.46109573
1950-05-15,21.07645,318.93,14.36419099,2.48372,15.57645,5.5,29.37645,-8.3,6.33,1.47,317.46,2.38,316.55,0.23495676,0.03170872,14.33248227,-0.18550014,14.54969113
1950-06-15,21.4686,318.66,14.42566579,3.03754,11.9686,9.5,34.1686,-12.7,2.62,1.58,317.08,3.29,315.37,0.13363362,-0.10719014,14.53285593,0.02796746,14.39769833
1950-07-15,20.83239,316.87,14.35276213,0.23218,15.33239,5.5,31.63239,-10.8,-1.79,2.34,314.53,3.47,313.4,0.1235361,-0.0647068,14.41746893,-0.26281836,14.61558049
1950-08-15,20.14893,312.87,14.24926943,-0.92752,14.84893,5.3,28.04893,-7.9,-6.06,0.95,311.92,3.1,309.77,-0.11492156,-0.48126982,14.73053925,-0.31748103,14.56675046
1950-09-15,21.87627,309.99,14.40104859,0.40767,20.87627,1,25.77627,-3.9,-8.67,1.67,308.32,3.24,306.75,-0.0246172,-0.13910484,14.54015343,-0.03005124,14.43109983
1950-10-15,24.7076,306.97,14.41901963,3.87521,21.2076,3.5,24.3076,0.4,-9.9,0.66,306.31,2.24,304.73,0.0662575,-0.08864784,14.50766747,0.16662407,14.25239556
1950-11-15,27.47042,306.15,14.16478436,7.32149,23.67042,3.8,23.87042,3.6,-6.72,0.75,305.4,2.35,303.8,-0.08448507,-0.14428807,14.30907243,-0.14167117,14.30645553
1950-12-15,29.87741,307.44,14.40362828,8.00114,22.77741,7.1,25.27741,4.6,-2.55,1.79,305.65,2.53,304.91,0.00257969,0.20523835,14.19838993,-0.06233595,14.46596423
1951-01-15,28.49335,309.67,14.14796633,3.78575,22.49335,6,24.59335,3.9,2.7,1.34,308.33,2.72,306.95,-0.2710533,-0.2977171,14.44568343,-0.2370987,14.38506503
1951-02-15,32.495845,313.55,14.01998223,5.025425,22.595845,9.9,25.395845,7.1,7.4,1.53,312.02,3.29,310.26,-0.14480213,-0.3195296,14.33951183,-0.5028048,14.52278703
1951-03-15,37.780414,316.26,14.22064107,7.903004,28.680414,9.1,30.280414,7.5,8.82,1.6,314.66,2.92,313.34,-0.18298721,-0.19316673,14.4138078,-0.13158226,14.35222333
1951-04-15,38.41384,318.6,14.34704488,9.92049,25.41384,13,29.51384,8.9,8.93,1.52,317.08,2.92,315.68,0.19907855,-0.09514525,14.44219013,0.08792785,14.25911703
1951-05-15,38.642345,319.75,14.6540107,6.1465,23.142345,15.5,31.642345,7,6.2,1.36,318.39,2.58,317.17,0.63402847,0.14211464,14.51189606,0.19543171,14.45857899
1951-06-15,33.60834,319.03,14.56574528,-4.172074,15.10834,18.5,26.60834,7,2.77,1.74,317.29,3.01,316.02,0.34510421,0.13803291,14.42771237,-0.00733757,14.57308285
1951-07-15,29.9721,316.72,14.3980655,-8.44174,10.1721,19.8,19.9721,10,-1.88,1.24,315.48,2.47,314.25,0.05102062,-0.08956433,14.48762983,-0.12428093,14.52234643
1951-08-15,26.35327,312.93,14.57767289,-12.289075,9.05327,17.3,11.95327,14.4,-6.82,1.08,311.85,2.2,310.73,-0.07633781,0.18161011,14.39606278,-0.01336098,14.59103387
1951-09-15,27.66838,309.69,14.57301228,-5.93996,14.26838,13.4,13.76838,13.9,-9.34,1.14,308.55,2.13,307.56,0.007267,0.16098308,14.4120292,0.36125945,14.21175283
1951-10-15,27.81231,307.7,14.58372109,-2.15979,17.91231,9.9,17.31231,10.5,-9.02,1.44,306.26,3.17,304.53,0.18565559,0.29592896,14.28779213,0.02626896,14.55745213
1951-11-15,29.615635,307.37,14.48587887,3.262365,22.315635,7.3,24.815635,4.8,-5.56,1.88,305.49,3.59,303.78,-0.09179402,0.14471914,14.34115973,0.20472814,14.28115073
1951-12-15,27.74141,307.81,14.60149663,0.07303,21.14141,6.6,23.04141,4.7,-1.88,1.51,306.3,2.82,304.99,0.02848435,0.3760185,14.22547813,0.2268896,14.37460703
1952-01-15,27.18666,310.41,14.55632873,-0.62565,21.18666,6,24.08666,3.1,2.71,1.73,308.68,3.41,307,-0.02739236,0.1235123,14.43281643,0.0517111,14.50461763
1952-02-15,26.70598,313.85,14.47465603,-2.909655,18.50598,8.2,22.60598,4.1,6.48,1.73,312.12,3.38,310.47,-0.01122284,0.13486385,14.33979218,0.20549964,14.26915639
1952-03-15,25.00843,316.48,14.32301228,-2.73298,14.20843,10.8,22.20843,2.8,8.67,1.6,314.88,2.64,313.84,-0.27848435,-0.16393185,14.48694413,-0.03430939,14.35732167
1952-04-15,25.15548,319.25,14.35991473,-2.03118,16.65548,8.5,22.85548,2.3,8.84,1.84,317.41,2.61,316.64,-0.196414,-0.1920385,14.55195323,0.09743406,14.26248067
1952-05-15,25.79633,320.17,14.50160687,-0.90965,16.69633,9.1,22.29633,3.5,6.32,1.85,318.32,3.78,316.39,0.02695084,0.00510504,14.49650183,0.04436588,14.45724099
1952-06-15,28.24989,319.5,14.52188963,3.24146,17.14989,11.1,21.74989,6.5,3.02,2.01,317.49,3.05,316.45,0.19887735,-0.0249357,14.54682533,0.1356783,14.38621133
1952-07-15,27.15853,316.69,14.52438823,2.00305,13.35853,13.8,17.25853,9.9,-2.56,1.45,315.24,3.39,313.3,0.1644735,0.0011921,14.52319613,0.183733,14.34065523
1952-08-15,27.98471,313.92,14.37894243,2.18838,11.58471,16.4,15.08471,12.9,-6.25,1.98,311.94,3.46,310.46,-0.12266444,-0.02297496,14.40191739,0.0615444,14.31739803
1952-09-15,30.24953,310.14,14.45325463,1.99964,10.44953,19.8,15.44953,14.8,-9.36,1.21,308.93,2.47,307.67,-0.068635,0.0791006,14.37415403,0.1286354,14.32461923
1952-10-15,31.57973,307.86,14.37365239,4.4212,7.27973,24.3,17.67973,13.9,-8.83,1.34,306.52,3.01,304.85,-0.15073584,-0.11227514,14.48592753,0.02951431,14.34413808
1952-11-15,36.15137,307.35,14.15439789,8.16666,7.15137,29,22.35137,13.8,-6.57,1.37,305.98,2.82,304.53,-0.22454454,-0.22028254,14.37468043,-0.03685474,14.19125263
1952-12-15,36.690365,307.94,14.36379807,6.440835,9.390365,27.3,25.290365,11.4,-2.2,1.43,306.51,2.84,305.1,-0.08945656,0.11357404,14.25022403,0.11756514,14.24623293
1953-01-15,36.28191,310.35,14.41393943,4.70218,11.88191,24.4,22.38191,13.9,2.49,1.65,308.7,2.34,308.01,0.04028704,-0.0017862,14.41572563,0.1653681,14.24857133
1953-02-15,33.38881,313.95,14.45823376,-2.76256,13.48881,19.9,18.68881,14.7,6.6,1.95,312,3.16,310.79,0.30383587,0.23224067,14.22599309,0.07637977,14.38185399
1953-03-15,31.61673,317.07,14.41345208,-5.073635,13.81673,17.8,17.41673,14.2,9.13,1.12,315.95,3.19,313.88,0.04965401,0.23978235,14.17366973,0.23301985,14.18043223
1953-04-15,33.532116,319.46,14.563672,-2.749794,15.732116,17.8,19.532116,14,9.11,1.59,317.87,3.65,315.81,0.14973257,0.23986817,14.32380383,0.26996997,14.29370203
1953-05-15,36.866695,320.27,14.67612833,3.477885,17.766695,19.1,26.966695,9.9,6.32,1.9,318.37,2.52,317.75,0.21789457,0.15578176,14.52034657,0.23987676,14.43625157
1953-06-15,39.515705,319.52,14.54146378,7.898975,20.515705,19,29.415705,10.1,2.45,1.61,317.91,2.9,316.62,0.1280117,0.07777975,14.46368403,0.23818395,14.30327983
1953-07-15,36.99722,317.49,14.5639581,3.465104,16.39722,20.6,30.99722,6,-1.97,1.62,315.87,2.64,314.85,0.0002861,0.09343434,14.47052376,0.24065304,14.32330506
1953-08-15,34.39726,314.19,14.53611748,-2.469435,15.79726,18.6,28.89726,5.5,-6.08,1.5,312.69,3.27,310.92,-0.14001085,0.04073905,14.49537843,0.24680709,14.28931039
1953-09-15,31.73722,310.98,14.43383113,-7.778485,11.73722,20,27.63722,4.1,-8.54,1.51,309.47,3.64,307.34,-0.10763265,0.0838594,14.34997173,0.0776882,14.35614293
1953-10-15,29.544315,308.83,14.46776383,-7.452905,9.944315,19.6,26.144315,3.4,-8.66,1.76,307.07,3.8,305.03,-0.09619427,-0.01409245,14.48185628,0.05184555,14.41591828
1953-11-15,28.89317,307.74,14.37210839,-5.50409,7.39317,21.5,26.69317,2.2,-6.45,1.65,306.09,3.23,304.51,-0.16400909,-0.07331754,14.44542593,-0.01739694,14.38950533
1953-12-15,28.20667,308.58,14.47049897,-3.53055,5.50667,22.7,26.60667,1.6,-2.4,2.21,306.37,2.89,305.69,0.03666784,0.30144404,14.16905493,0.01482868,14.45567029
1954-01-15,30.42618,310.7,14.19087117,0.881865,6.12618,24.3,25.32618,5.1,1.87,1.55,309.15,2.92,307.78,-0.27689266,-0.33288669,14.52375786,-0.4854536,14.67632477
1954-02-15,31.74863,314.87,14.27044289,2.85546,7.04863,24.7,20.54863,11.2,7.13,2.18,312.69,4.03,310.84,-0.1016655,-0.04661754,14.31706043,-0.2961607,14.56660359
1954-03-15,32.49067,318.25,14.31815043,4.284,11.39067,21.1,18.59067,13.9,9.67,2.58,315.67,3.62,314.63,-0.15234854,-0.04856684,14.36671727,-0.289197,14.60734743
1954-04-15,30.182316,320.23,14.29299729,-0.243864,11.682316,18.5,20.882316,9.3,9.53,1.8,318.43,3.45,316.78,0.10212612,-0.03982449,14.33282178,-0.14243984,14.43543713
1954-05-15,30.43791,321.06,14.42174333,-1.31072,14.03791,16.4,28.43791,2,6.19,2.05,319.01,3.66,317.4,0.15130044,-0.03545474,14.45719807,-0.04604244,14.46778577
1954-06-15,27.61533,320.02,14.33630269,-4.87534,11.51533,16.1,31.41533,-3.8,1.77,1.53,318.49,3.15,316.87,0.01815226,-0.04589654,14.38219923,-0.21278094,14.54908363
1954-07-15,24.98871,317.72,14.33392043,-5.193606,9.98871,15,31.58871,-6.6,-2.51,1.78,315.94,2.85,314.87,0.04092314,-0.17394255,14.50786298,-0.19922445,14.53314488
1954-08-15,24.14701,314.55,14.26359646,-6.2909,7.84701,16.3,30.94701,-6.8,-6.51,1.7,312.85,2.99,311.56,-0.15814687,-0.13615513,14.39975159,-0.33372307,14.59731953
1954-09-15,26.52096,311.54,14.19071667,-1.09437,11.62096,14.9,31.42096,-4.9,-8.48,2.34,309.2,3.33,308.21,-0.14558602,-0.24182796,14.43254463,-0.46274662,14.65346329
1954-10-15,31.351635,309.06,14.29399483,6.362925,12.751635,18.6,33.251635,-1.9,-8.66,1.66,307.4,4.28,304.78,-0.0399256,-0.10389996,14.39789479,-0.31217575,14.60617058
1954-11-15,36.56357,307.9,14.38262263,12.41656,17.46357,19.1,34.76357,1.8,-6.65,0.89,307.01,2.79,305.11,0.11902617,-0.02914717,14.4117698,0.0087576,14.37386503
1954-12-15,38.87759,309.01,14.25319188,12.35663,18.27759,20.6,35.87759,3,-2.53,1.55,307.46,3.3,305.71,0.06247521,-0.1420145,14.39520638,-0.05079175,14.30398363
1955-01-15,40.58101,311.52,14.48541157,9.229375,20.83775,19.74326,36.58101,4,2.46,2.11,309.41,3.78,307.74,0.19141674,0.32979679,14.15561478,0.16362474,14.32178683
1955-02-15,40.24547,314.4,14.1494798,3.6819,21.65274,18.59273,36.54547,3.7,6.5,1.8,312.6,3.43,310.97,-0.23314283,0.02024557,14.12923423,0.00376037,14.14571943
1955-03-15,36.9731,317.66,14.04104413,-1.90449,18.54204,18.43106,34.0731,2.9,8.65,1.62,316.04,3.03,314.63,-0.21214775,-0.25098804,14.29203217,-0.21533874,14.25638287
1955-04-15,32.83237,320.43,14.2213363,-7.74864,12.23216,20.60021,28.63237,4.2,8.91,1.77,318.66,2.35,318.08,-0.26407527,-0.00788973,14.22922603,-0.1801815,14.4015178
1955-05-15,28.2229,321.13,14.34632008,-12.02257,7.14645,21.07645,22.7229,5.5,6.73,2.2,318.93,3.67,317.46,0.19684028,-0.01787091,14.36419099,0.01383781,14.33248227
1955-06-15,25.15595,320.69,14.34620853,-11.81715,3.68735,21.4686,15.65595,9.5,3.03,2.03,318.66,3.61,317.08,0.3051644,-0.07945726,14.42566579,-0.1866474,14.53285593
1955-07-15,23.05306,318.42,14.30267327,-9.77931,2.22067,20.83239,17.55306,5.5,-2.01,1.55,316.87,3.89,314.53,0.08133697,-0.05008886,14.35276213,-0.11479566,14.41746893
1955-08-15,26.25962,315.08,14.46599763,-1.96328,6.11069,20.14893,20.95962,5.3,-6.05,2.21,312.87,3.16,311.92,0.11967755,0.2167282,14.24926943,-0.26454162,14.73053925
1955-09-15,27.41814,310.96,14.38240423,2.26219,5.54187,21.87627,26.41814,1,-9.73,0.97,309.99,2.64,308.32,0.0361957,-0.01864436,14.40104859,-0.1577492,14.54015343
1955-10-15,31.89498,309.05,14.3277921,8.84192,7.18738,24.7076,28.39498,3.5,-9.37,2.08,306.97,2.74,306.31,0.02511883,-0.09122753,14.41901963,-0.17987537,14.50766747
1955-11-15,32.38929,308.74,14.145626,6.12967,4.91887,27.47042,28.58929,3.8,-6.34,2.59,306.15,3.34,305.4,-0.32037163,-0.01915836,14.16478436,-0.16344643,14.30907243
1955-12-15,31.74756,308.98,14.11970513,4.32942,1.87015,29.87741,24.64756,7.1,-1.98,1.54,307.44,3.33,305.65,-0.2626991,-0.28392315,14.40362828,-0.0786848,14.19838993
1956-01-15,30.78084,311.94,14.30971997,-1.11414,2.28749,28.49335,24.78084,6,2.89,2.27,309.67,3.61,308.33,-0.01807213,0.16175364,14.14796633,-0.13596346,14.44568343
1956-02-15,27.22347,315.44,14.18424599,-5.16582,-5.272375,32.495845,17.32347,9.9,6.7,1.89,313.55,3.42,312.02,0.03861999,0.16426376,14.01998223,-0.15526584,14.33951183
1956-03-15,28.01529,318.42,14.22284403,-3.73227,-9.765124,37.780414,18.91529,9.1,9.44,2.16,316.26,3.76,314.66,0.1031389,0.00220296,14.22064107,-0.19096377,14.4138078
1956-04-15,30.91511,320.36,14.18623443,0.13427,-7.49873,38.41384,17.91511,13,8.42,1.76,318.6,3.28,317.08,-0.12348554,-0.16081045,14.34704488,-0.2559557,14.44219013
1956-05-15,30.86807,321.62,14.22924033,3.6446,-7.774275,38.642345,15.36807,15.5,6.18,1.87,319.75,3.23,318.39,0.04499434,-0.42477037,14.6540107,-0.28265573,14.51189606
1956-06-15,29.329494,321.05,14.26629918,1.314204,-4.278846,33.60834,10.829494,18.5,2.63,2.02,319.03,3.76,317.29,0.04345515,-0.2994461,14.56574528,-0.16141319,14.42771237
1956-07-15,24.49896,318.8,14.28533356,-6.41615,-5.47314,29.9721,4.69896,19.8,-1.56,2.08,316.72,3.32,315.48,0.09909913,-0.11273194,14.3980655,-0.20229627,14.48762983
1956-08-15,23.30501,315.12,14.18216889,-7.56306,-3.04826,26.35327,6.00501,17.3,-6.5,2.19,312.93,3.27,311.85,-0.04707144,-0.395504,14.57767289,-0.21389389,14.39606278
1956-09-15,22.58022,312.04,14.14423459,-6.749274,-5.08816,27.66838,9.18022,13.4,-9.01,2.35,309.69,3.49,308.55,-0.12206459,-0.42877769,14.57301228,-0.26779461,14.4120292
1956-10-15,22.18874,308.91,14.07926266,-2.31022,-5.62357,27.81231,12.28874,9.9,-9.89,1.21,307.7,2.65,306.26,-0.2060709,-0.50445843,14.58372109,-0.20852947,14.28779213
1956-11-15,22.09359,309.18,14.21211903,-1.21142,-7.522045,29.615635,14.79359,7.3,-5.94,1.81,307.37,3.69,305.49,0.02995014,-0.27375984,14.48587887,-0.1290407,14.34115973
1956-12-15,23.50649,310.01,14.31881993,0.92627,-4.23492,27.74141,16.90649,6.6,-2.03,2.2,307.81,3.71,306.3,0.17458534,-0.2826767,14.60149663,0.0933418,14.22547813
1957-01-15,28.11955,312.24,14.27863493,5.93081,0.93289,27.18666,22.11955,6,3.33,1.83,310.41,3.56,308.68,0.19937227,-0.2776938,14.55632873,-0.1541815,14.43281643
1957-02-15,36.2723,316.22,14.26942723,14.17871,9.56632,26.70598,28.0723,8.2,7.04,2.37,313.85,4.1,312.12,0.0573082,-0.2052288,14.47465603,-0.07036495,14.33979218
1957-03-15,40.430126,319.64,14.26187318,16.923636,15.421696,25.00843,29.630126,10.8,9.63,3.16,316.48,4.76,314.88,-0.05694675,-0.0611391,14.32301228,-0.22507095,14.48694413
1957-04-15,42.19529,321.07,14.40577786,14.07574,17.03981,25.15548,33.69529,8.5,8.83,1.82,319.25,3.66,317.41,0.12714293,0.04586313,14.35991473,-0.14617537,14.55195323
1957-05-15,43.92302,321.91,14.52339547,7.65072,18.12669,25.79633,34.82302,9.1,5.69,1.74,320.17,3.59,318.32,0.25396824,0.0217886,14.50160687,0.02689364,14.49650183
1957-06-15,44.01644,321.57,14.59440701,3.586314,15.76655,28.24989,32.91644,11.1,1.93,2.07,319.5,4.08,317.49,0.33253383,0.07251738,14.52188963,0.04758168,14.54682533
1957-07-15,43.645046,318.64,14.48875133,1.449756,16.486516,27.15853,29.845046,13.8,-2.43,1.95,316.69,3.4,315.24,0.08297347,-0.0356369,14.52438823,-0.0344448,14.52319613
1957-08-15,40.52885,315.55,14.53828993,-3.39417,12.54414,27.98471,24.12885,16.4,-6.36,1.63,313.92,3.61,311.94,0.01489446,0.1593475,14.37894243,0.13637254,14.40191739
1957-09-15,39.791935,312.84,14.53202717,-4.224505,9.542405,30.24953,19.991935,19.8,-8.73,2.7,310.14,3.91,308.93,-0.06237984,0.07877254,14.45325463,0.15787314,14.37415403
1957-10-15,38.675235,309.87,14.54419987,-4.969811,7.095505,31.57973,14.375235,24.3,-8.77,2.01,307.86,3.35,306.52,0.05544854,0.17054748,14.37365239,0.05827234,14.48592753
1957-11-15,39.845066,309.12,14.55550663,-0.683784,3.693696,36.15137,10.845066,29,-6.43,1.77,307.35,3.14,305.98,0.0172167,0.40110874,14.15439789,0.1808262,14.37468043
1957-12-15,38.89009,310.01,14.60665887,-0.901845,2.199725,36.690365,11.59009,27.3,-2.83,2.07,307.94,3.5,306.51,0.0746317,0.2428608,14.36379807,0.35643484,14.25022403
1958-01-15,40.8583,312.39,14.77063743,2.183065,4.57639,36.28191,16.4583,24.4,2.52,2.04,310.35,3.69,308.7,0.22643756,0.356698,14.41393943,0.3549118,14.41572563
1958-02-15,40.41641,316.01,14.59697716,0.571344,7.0276,33.38881,20.51641,19.9,6.89,2.06,313.95,4.01,312,0.04147053,0.1387434,14.45823376,0.37098407,14.22599309
1958-03-15,40.51394,315.71,14.53136628,1.62385,8.89721,31.61673,22.71394,17.8,5.7,-1.36,317.07,-0.24,315.95,-0.07529259,0.1179142,14.41345208,0.35769655,14.17366973
1958-04-15,38.0221,317.45,14.5266866,-2.8362,4.489984,33.532116,20.2221,17.8,5.06,-2.01,319.46,-0.42,317.87,-0.24395083,-0.0369854,14.563672,0.20288277,14.32380383
1958-05-15,38.48998,317.51,14.63920013,-1.92643,1.623285,36.866695,19.38998,19.1,1.5,-2.76,320.27,-0.86,318.37,0.04222297,-0.0369282,14.67612833,0.11885356,14.52034657
1958-06-15,38.39875,317.27,14.52534096,-2.11519,-1.116955,39.515705,19.39875,19,1.56,-2.25,319.52,-0.64,317.91,-0.00602532,-0.01612282,14.54146378,0.06165693,14.46368403
1958-07-15,39.62859,315.87,14.5799989,1.60649,2.63137,36.99722,19.02859,20.6,-1.58,-1.62,317.49,0,315.87,0.0533123,0.0160408,14.5639581,0.10947514,14.47052376
1958-08-15,40.19331,314.93,14.48830788,1.70333,5.79605,34.39726,21.59331,18.6,-2.58,0.74,314.19,2.24,312.69,-0.15089225,-0.0478096,14.53611748,-0.00707055,14.49537843
1958-09-15,41.514126,313.21,14.41011133,3.115376,9.776906,31.73722,21.514126,20,-4.06,2.23,310.98,3.74,309.47,-0.11522963,-0.0237198,14.43383113,0.0601396,14.34997173
1958-10-15,43.767215,312.42,14.44213573,4.138625,14.2229,29.544315,24.167215,19.6,-3.45,3.59,308.83,5.35,307.07,-0.13786317,-0.0256281,14.46776383,-0.03972055,14.48185628
1958-11-15,45.16473,313.33,14.43337338,4.97142,16.27156,28.89317,23.66473,21.5,-1.6,5.59,307.74,7.24,306.09,-0.0549345,0.06126499,14.37210839,-0.01205255,14.44542593
1958-12-15,46.06253,314.67,14.4572696,4.548404,17.85586,28.20667,23.36253,22.7,1.46,6.09,308.58,8.3,306.37,0.04715827,-0.01322937,14.47049897,0.28821467,14.16905493
1959-01-15,44.00327,315.58,14.55729668,0.236055,13.57709,30.42618,19.70327,24.3,3.16,4.88,310.7,6.43,309.15,0.11516095,0.36642551,14.19087117,0.03353882,14.52375786
1959-02-15,40.67626,316.49,14.50290387,-4.48847,8.92763,31.74863,15.97626,24.7,3.16,1.62,314.87,3.8,312.69,0.06953049,0.23246098,14.27044289,0.18584344,14.31706043
1959-03-15,38.584804,316.65,14.6331691,-7.477726,6.094134,32.49067,17.484804,21.1,1.98,-1.6,318.25,0.98,315.67,0.1758995,0.31501867,14.31815043,0.26645183,14.36671727
1959-04-15,39.28997,317.72,14.59832566,-4.7133,9.107654,30.182316,20.78997,18.5,2.14,-2.51,320.23,-0.71,318.43,0.04102898,0.30532837,14.29299729,0.26550388,14.33282178
1959-05-15,39.675426,318.29,14.53566353,-1.000834,9.237516,30.43791,23.275426,16.4,1.8,-2.77,321.06,-0.72,319.01,0.03275966,0.1139202,14.42174333,0.07846546,14.45719807
1959-06-15,41.103725,318.15,14.54951373,2.518921,13.488395,27.61533,25.003725,16.1,1.5,-1.87,320.02,-0.34,318.49,-0.08365537,0.21321104,14.33630269,0.1673145,14.38219923
1959-07-15,41.36231,316.54,14.53640743,2.07234,16.3736,24.98871,26.36231,15,-1.18,-1.18,317.72,0.6,315.94,-0.06191823,0.202487,14.33392043,0.02854445,14.50786298
1959-08-15,43.75429,314.8,14.47214978,4.078864,19.60728,24.14701,27.45429,16.3,-3.49,0.25,314.55,1.95,312.85,-0.06351375,0.20855332,14.26359646,0.07239819,14.39975159
1959-09-15,42.73838,313.84,14.36145299,1.634655,16.21742,26.52096,27.83838,14.9,-4.31,2.3,311.54,4.64,309.2,-0.18806074,0.17073632,14.19071667,-0.07109164,14.43254463
1959-10-15,44.32831,313.33,14.42763133,2.966,12.976675,31.351635,25.72831,18.6,-3.21,4.27,309.06,5.93,307.4,-0.1087761,0.1336365,14.29399483,0.02973654,14.39789479
1959-11-15,39.98795,314.81,14.33028593,-3.76634,3.42438,36.56357,20.88795,19.1,0.01,6.91,307.9,7.8,307.01,-0.14186385,-0.0523367,14.38262263,-0.08148387,14.4117698
1959-12-15,40.814174,315.58,14.47510143,-1.924206,1.936584,38.87759,20.214174,20.6,1.74,6.57,309.01,8.12,307.46,0.11364844,0.22190955,14.25319188,0.07989505,14.39520638
1960-01-15,40.440815,316.43,14.49706163,-3.887495,-0.140195,40.58101,20.697555,19.74326,3.1,4.91,311.52,7.02,309.41,0.0694303,0.01165006,14.48541157,0.34144685,14.15561478
1960-02-15,44.506565,316.98,14.58056061,4.518615,4.261095,40.24547,25.913835,18.59273,2.17,2.58,314.4,4.38,312.6,0.25027468,0.43108081,14.1494798,0.45132638,14.12923423
1960-03-15,44.24694,317.58,14.1544637,3.432766,7.27384,36.9731,25.81588,18.43106,2,-0.08,317.66,1.54,316.04,-0.32063773,0.11341957,14.04104413,-0.13756847,14.29203217
1960-04-15,46.29563,319.03,14.32140823,5.854815,13.46326,32.83237,25.69542,20.60021,2.6,-1.4,320.43,0.37,318.66,-0.1756534,0.10007193,14.2213363,0.0921822,14.22922603
1960-05-15,46.90208,320.03,14.44731133,2.395515,18.67918,28.2229,25.82563,21.07645,3.05,-1.1,321.13,1.1,318.93,-0.13324928,0.10099125,14.34632008,0.08312034,14.36419099
1960-06-15,46.4994,319.58,14.49732869,2.25246,21.34345,25.15595,25.0308,21.4686,2,-1.11,320.69,0.92,318.66,0.34286499,0.15112016,14.34620853,0.0716629,14.42566579
1960-07-15,45.25809,318.18,14.48825829,-1.03754,22.20503,23.05306,24.4257,20.83239,-0.85,-0.24,318.42,1.31,316.87,0.16685006,0.18558502,14.30267327,0.13549616,14.35276213
1960-08-15,44.47126,315.9,14.53389447,-2.43082,18.21164,26.25962,24.32233,20.14893,-4.13,0.82,315.08,3.03,312.87,0.08658314,0.06789684,14.46599763,0.28462504,14.24926943
1960-09-15,44.00973,314.17,14.44211283,-2.48967,16.59159,27.41814,22.13346,21.87627,-5.41,3.21,310.96,4.18,309.99,-0.05521586,0.0597086,14.38240423,0.04106424,14.40104859
1960-10-15,44.71373,313.83,14.49650283,-0.54436,12.81875,31.89498,20.00613,24.7076,-4.35,4.78,309.05,6.86,306.97,0.00824454,0.16871073,14.3277921,0.0774832,14.41901963
1960-11-15,45.50298,315,14.34820168,1.03172,13.11369,32.38929,18.03256,27.47042,-0.9,6.26,308.74,8.85,306.15,-0.18569279,0.20257568,14.145626,0.18341732,14.16478436
1960-12-15,48.60409,316.19,14.63146583,4.59436,16.85653,31.74756,18.72668,29.87741,2.02,7.21,308.98,8.75,307.44,0.189353,0.5117607,14.11970513,0.22783755,14.40362828
1961-01-15,51.40979,316.89,14.54763503,6.69606,20.62895,30.78084,22.91644,28.49335,3.06,4.95,311.94,7.22,309.67,0.0511322,0.23791506,14.30971997,0.3996687,14.14796633
1961-02-15,56.15487,317.7,14.58013433,10.65189,28.9314,27.22347,23.659025,32.495845,2.7,2.26,315.44,4.15,313.55,0.23193265,0.39588834,14.18424599,0.5601521,14.01998223
1961-03-15,56.54151,318.54,14.5024566,7.93742,28.52622,28.01529,18.761096,37.780414,2.35,0.12,318.42,2.28,316.26,-0.12900923,0.27961257,14.22284403,0.28181553,14.22064107
1961-04-15,56.99249,319.48,14.54846183,5.5827,26.07738,30.91511,18.57865,38.41384,2.59,-0.88,320.36,0.88,318.6,0.0008268,0.3622274,14.18623443,0.20141695,14.34704488
1961-05-15,54.530056,320.58,14.63749306,-1.624814,23.661986,30.86807,15.887711,38.642345,2.88,-1.04,321.62,0.83,319.75,0.05735873,0.40825273,14.22924033,-0.01651764,14.6540107
1961-06-15,52.44972,319.77,14.6030206,-4.09179,23.120226,29.329494,18.84138,33.60834,1.23,-1.28,321.05,0.74,319.03,0.100564,0.33672142,14.26629918,0.03727532,14.56574528
1961-07-15,51.624294,318.56,14.57321065,-5.368196,27.125334,24.49896,21.652194,29.9721,-0.92,-0.24,318.8,1.84,316.72,0.02474882,0.28787709,14.28533356,0.17514515,14.3980655
1961-08-15,50.57006,316.79,14.51684468,-3.959996,27.26505,23.30501,24.21679,26.35327,-3.79,1.67,315.12,3.86,312.93,-0.12064838,0.33467579,14.18216889,-0.06082821,14.57767289
1961-09-15,49.376354,314.99,14.54971688,-3.073366,26.796134,22.58022,21.707974,27.66838,-4.78,2.95,312.04,5.3,309.69,-0.05330372,0.40548229,14.14423459,-0.0232954,14.57301228
1961-10-15,46.31434,315.31,14.48649399,-5.309954,24.1256,22.18874,18.50203,27.81231,-3.25,6.4,308.91,7.61,307.7,-0.08671666,0.40723133,14.07926266,-0.0972271,14.58372109
1961-11-15,44.30013,316.1,14.45520583,-6.26993,22.20654,22.09359,14.684495,29.615635,-0.69,6.92,309.18,8.73,307.37,-0.06163885,0.2430868,14.21211903,-0.03067304,14.48587887
1961-12-15,45.13544,317.01,14.34549229,-4.240914,21.62895,23.50649,17.39403,27.74141,2.02,7,310.01,9.2,307.81,-0.20422459,0.02667236,14.31881993,-0.25600434,14.60149663
1962-01-15,45.097225,317.94,14.47439187,-1.217115,16.977675,28.11955,17.910565,27.18666,2.63,5.7,312.24,7.53,310.41,-0.01210212,0.19575694,14.27863493,-0.08193686,14.55632873
1962-02-15,46.54502,318.55,14.53968803,2.24489,10.27272,36.2723,19.83904,26.70598,2.45,2.33,316.22,4.7,313.85,0.0844822,0.2702608,14.26942723,0.065032,14.47465603
1962-03-15,45.245464,319.68,14.50743478,0.110024,4.815338,40.430126,20.237034,25.00843,2.67,0.04,319.64,3.2,316.48,0.16194249,0.2455616,14.26187318,0.1844225,14.32301228
1962-04-15,44.81556,320.57,14.47526066,-0.281665,2.62027,42.19529,19.66008,25.15548,2.63,-0.5,321.07,1.32,319.25,0.00086879,0.0694828,14.40577786,0.11534593,14.35991473
1962-05-15,43.96852,321.02,14.43757433,-2.5765,0.0455,43.92302,18.17219,25.79633,2.47,-0.89,321.91,0.85,320.17,-0.1021137,-0.08582114,14.52339547,-0.06403254,14.50160687
1962-06-15,44.24051,320.62,14.41142933,-1.004954,0.22407,44.01644,15.99062,28.24989,0.94,-0.95,321.57,1.12,319.5,-0.09600545,-0.18297768,14.59440701,-0.1104603,14.52188963
1962-07-15,42.729854,319.61,14.52390093,-2.085706,-0.915192,43.645046,15.571324,27.15853,-0.96,0.97,318.64,2.92,316.69,0.04864027,0.0351496,14.48875133,-0.0004873,14.52438823
1962-08-15,45.6589,317.4,14.4647178,1.69038,5.13005,40.52885,17.67419,27.98471,-3.62,1.85,315.55,3.48,313.92,0.02714347,-0.07357213,14.53828993,0.08577537,14.37894243
1962-09-15,47.09744,316.24,14.41952317,2.85693,7.305505,39.791935,16.84791,30.24953,-4.38,3.4,312.84,6.1,310.14,0.00809384,-0.112504,14.53202717,-0.03373146,14.45325463
1962-10-15,50.2547,315.42,14.45803253,7.524846,11.579465,38.675235,18.67497,31.57973,-4.19,5.55,309.87,7.56,307.86,-0.0658684,-0.08616734,14.54419987,0.08438014,14.37365239
1962-11-15,49.251835,316.69,14.46250053,3.592935,9.406769,39.845066,13.100465,36.15137,-0.71,7.57,309.12,9.34,307.35,-0.00221727,-0.0930061,14.55550663,0.30810264,14.15439789
1962-12-15,47.718044,317.7,14.44503393,0.620604,8.827954,38.89009,11.027679,36.690365,1.46,7.69,310.01,9.76,307.94,0.02551076,-0.16162494,14.60665887,0.08123586,14.36379807
1963-01-15,48.91303,318.74,14.41522973,-1.34167,8.05473,40.8583,12.63112,36.28191,3.32,6.35,312.39,8.39,310.35,-0.0428028,-0.3554077,14.77063743,0.0012903,14.41393943
1963-02-15,48.67653,319.07,14.53141396,-0.575305,8.26012,40.41641,15.28772,33.38881,2.38,3.06,316.01,5.12,313.95,0.06891343,-0.0655632,14.59697716,0.0731802,14.45823376
1963-03-15,48.62456,319.86,14.21795173,0.906516,8.11062,40.51394,17.00783,31.61673,2.16,4.15,315.71,2.79,317.07,-0.2270822,-0.31341455,14.53136628,-0.19550035,14.41345208
1963-04-15,46.61284,321.38,14.33163063,-2.30019,8.59074,38.0221,13.080724,33.532116,2.64,3.93,317.45,1.92,319.46,-0.0835991,-0.19505597,14.5266866,-0.23204137,14.563672
1963-05-15,45.14887,322.24,14.44538586,-3.52766,6.65889,38.48998,8.282175,36.866695,3.17,4.73,317.51,1.97,320.27,-0.0860281,-0.19381427,14.63920013,-0.23074247,14.67612833
1963-06-15,43.722675,321.49,14.54677098,-4.901885,5.323925,38.39875,4.20697,39.515705,1.63,4.22,317.27,1.97,319.52,0.32881925,0.02143002,14.52534096,0.0053072,14.54146378
1963-07-15,42.34439,319.74,14.63778775,-4.26845,2.7158,39.62859,5.34717,36.99722,-1.64,3.87,315.87,2.25,317.49,0.30615712,0.05778885,14.5799989,0.07382965,14.5639581
1963-08-15,41.072414,317.77,14.71304313,-4.076456,0.879104,40.19331,6.675154,34.39726,-4.47,2.84,314.93,3.58,314.19,0.26765727,0.22473525,14.48830788,0.17692565,14.53611748
1963-09-15,43.51598,316.21,14.61858933,-0.206695,2.001854,41.514126,11.77876,31.73722,-5.28,3,313.21,5.23,310.98,0.07181835,0.208478,14.41011133,0.1847582,14.43383113
1963-10-15,42.27215,315.99,14.56136793,-0.07224,-1.495065,43.767215,12.727835,29.544315,-3.75,3.57,312.42,7.16,308.83,-0.07641982,0.1192322,14.44213573,0.0936041,14.46776383
1963-11-15,44.114,317.07,14.55596726,3.041586,-1.05073,45.16473,15.22083,28.89317,-0.7,3.74,313.33,9.33,307.74,-0.15707587,0.12259388,14.43337338,0.18385887,14.37210839
1963-12-15,38.56883,318.35,14.48829358,-4.94715,-7.4937,46.06253,10.36216,28.20667,2.14,3.68,314.67,9.77,308.58,-0.13029575,0.03102398,14.4572696,0.01779461,14.47049897
1964-01-15,34.42689,319.57,14.42867749,-7.84526,-9.57638,44.00327,4.00071,30.42618,3.58,3.99,315.58,8.87,310.7,-0.13269044,-0.12861919,14.55729668,0.23780632,14.19087117
1964-02-15,30.03813,320.04,14.38803473,-14.07587,-10.63813,40.67626,-1.7105,31.74863,2.97,3.55,316.49,5.17,314.87,-0.16793253,-0.11486914,14.50290387,0.11759184,14.27044289
1964-03-15,29.18339,320.75,14.22209828,-9.38544,-9.401414,38.584804,-3.30728,32.49067,2.4,4.1,316.65,2.5,318.25,-0.2661953,-0.41107082,14.6331691,-0.09605215,14.31815043
1964-04-15,28.676296,321.84,14.19448178,-5.750594,-10.613674,39.28997,-1.50602,30.182316,2.27,4.12,317.72,1.61,320.23,-0.23419571,-0.40384388,14.59832566,-0.09851551,14.29299729
1964-05-15,33.17303,322.25,14.35818379,3.1349,-6.502396,39.675426,2.73512,30.43791,2.21,3.96,318.29,1.19,321.06,-0.02985094,-0.17747974,14.53566353,-0.06355954,14.42174333
1964-06-15,38.54776,321.89,14.42284193,9.36437,-2.555965,41.103725,10.93243,27.61533,1.14,3.74,318.15,1.87,320.02,0.20074365,-0.1266718,14.54951373,0.08653924,14.33630269
1964-07-15,42.581165,320.44,14.56204503,13.904869,1.218855,41.36231,17.592455,24.98871,-1.4,3.9,316.54,2.72,317.72,0.36756325,0.0256376,14.53640743,0.2281246,14.33392043
1964-08-15,42.80014,318.69,14.37121193,9.62711,-0.95415,43.75429,18.65313,24.14701,-3.56,3.89,314.8,4.14,314.55,0.01302814,-0.10093785,14.47214978,0.10761547,14.26359646
1964-09-15,40.87544,316.71,14.16940777,2.32768,-1.86294,42.73838,14.35448,26.52096,-5.18,2.87,313.84,5.17,311.54,-0.25343416,-0.19204522,14.36145299,-0.0213089,14.19071667
1964-10-15,38.05978,316.87,14.06393803,-4.521385,-6.26853,44.32831,6.708145,31.351635,-3.57,3.54,313.33,7.81,309.06,-0.498107,-0.3636933,14.42763133,-0.2300568,14.29399483
1964-11-15,38.56675,317.68,14.18769639,-4.23339,-1.4212,39.98795,2.00318,36.56357,-1.01,2.87,314.81,9.78,307.9,-0.18351554,-0.14258954,14.33028593,-0.19492624,14.38262263
1964-12-15,41.68254,318.71,14.15143197,0.8071,0.868366,40.814174,2.80495,38.87759,2,3.13,315.58,9.7,309.01,-0.0179758,-0.32366946,14.47510143,-0.10175991,14.25319188
1965-01-15,46.09067,319.44,14.32725613,8.03089,5.649855,40.440815,5.50966,40.58101,2.57,3.01,316.43,7.92,311.52,0.2633181,-0.1698055,14.49706163,-0.15815544,14.48541157
1965-02-15,50.53632,320.44,14.22384923,11.96957,6.029755,44.506565,10.29085,40.24547,2.76,3.46,316.98,6.04,314.4,0.03615284,-0.35671138,14.58056061,0.07436943,14.1494798
1965-03-15,48.550174,320.89,14.28361313,6.867634,4.303234,44.24694,11.577074,36.9731,2.18,3.31,317.58,3.23,317.66,0.13218116,0.12914943,14.1544637,0.242569,14.04104413
1965-04-15,45.4252,322.14,14.26283733,-0.66547,-0.87043,46.29563,12.59283,32.83237,2.7,3.11,319.03,1.71,320.43,-0.0644188,-0.0585709,14.32140823,0.04150103,14.2213363
1965-05-15,41.74107,322.17,14.43520539,-8.79525,-5.16101,46.90208,13.51817,28.2229,1.73,2.14,320.03,1.04,321.13,0.21135616,-0.01210594,14.44731133,0.08888531,14.34632008
1965-06-15,42.630954,321.87,14.39259333,-5.91922,-3.868446,46.4994,17.475004,25.15595,0.98,2.29,319.58,1.18,320.69,0.1089802,-0.10473536,14.49732869,0.0463848,14.34620853
1965-07-15,45.86388,321.21,14.43237773,0.43868,0.60579,45.25809,22.81082,23.05306,-0.93,3.03,318.18,2.79,318.42,0.1695404,-0.05588056,14.48825829,0.12970446,14.30267327
1965-08-15,49.35577,318.87,14.39342493,7.6147,4.88451,44.47126,23.09615,26.25962,-3.3,2.97,315.9,3.79,315.08,-0.04178046,-0.14046954,14.53389447,-0.0725727,14.46599763
1965-09-15,52.79093,317.82,14.34341519,10.159976,8.7812,44.00973,25.37279,27.41814,-4.05,3.65,314.17,6.86,310.96,-0.04917814,-0.09869764,14.44211283,-0.03898904,14.38240423
1965-10-15,51.135395,317.3,14.38548558,5.271515,6.421665,44.71373,19.240415,31.89498,-3.91,3.47,313.83,8.25,309.05,-0.04689215,-0.11101725,14.49650283,0.05769348,14.3277921
1965-11-15,50.70171,318.87,14.37614053,1.34594,5.19873,45.50298,18.31242,32.38929,0,3.87,315,10.13,308.74,-0.0172844,0.02793885,14.34820168,0.23051453,14.145626
1965-12-15,49.09754,319.42,14.40695663,-3.69339,0.49345,48.60409,17.34998,31.74756,1.6,3.23,316.19,10.44,308.98,0.06354144,-0.2245092,14.63146583,0.2872515,14.11970513
1966-01-15,48.45603,320.62,14.32651608,-2.679365,-2.95376,51.40979,17.67519,30.78084,3.32,3.73,316.89,8.68,311.94,-0.0589695,-0.22111895,14.54763503,0.01679611,14.30971997
1966-02-15,46.43177,321.6,14.39569373,-4.26994,-9.7231,56.15487,19.2083,27.22347,2.73,3.9,317.7,6.16,315.44,0.0195532,-0.1844406,14.58013433,0.21144774,14.18424599
1966-03-15,43.97053,322.39,14.43843739,-5.12701,-12.57098,56.54151,15.95524,28.01529,2.97,3.85,318.54,3.97,318.42,0.03148076,-0.06401921,14.5024566,0.21559336,14.22284403
1966-04-15,41.856014,323.7,14.36946957,-6.600016,-15.136476,56.99249,10.940904,30.91511,3.08,4.22,319.48,3.34,320.36,0.04295349,-0.17899226,14.54846183,0.18323514,14.18623443
1966-05-15,40.78199,324.08,14.4445905,-5.64978,-13.748066,54.530056,9.91392,30.86807,2.48,3.5,320.58,2.46,321.62,0.04889677,-0.19290256,14.63749306,0.21535017,14.22924033
1966-06-15,40.505954,323.75,14.55475993,-3.464576,-11.943766,52.44972,11.17646,29.329494,1.36,3.98,319.77,2.7,321.05,0.11632254,-0.04826067,14.6030206,0.28846075,14.26629918
1966-07-15,42.301914,322.37,14.65682309,0.4459,-9.32238,51.624294,17.802954,24.49896,-1.33,3.81,318.56,3.57,318.8,0.28735352,0.08361244,14.57321065,0.37148953,14.28533356
1966-08-15,42.672054,320.36,14.48624033,1.890064,-7.898006,50.57006,19.367044,23.30501,-3.72,3.57,316.79,5.24,315.12,0.04164983,-0.03060435,14.51684468,0.30407144,14.18216889
1966-09-15,42.66309,318.64,14.46479693,2.157136,-6.713264,49.376354,20.08287,22.58022,-5.11,3.65,314.99,6.6,312.04,-0.089963,-0.08491995,14.54971688,0.32056234,14.14423459
1966-10-15,41.310146,318.1,14.28500643,-0.991768,-5.004194,46.31434,19.121406,22.18874,-4.27,2.79,315.31,9.19,308.91,-0.37181666,-0.20148756,14.48649399,0.20574377,14.07926266
1966-11-15,37.86671,319.78,14.36994069,-4.805344,-6.43342,44.30013,15.77312,22.09359,-0.58,3.68,316.1,10.6,309.18,-0.11629964,-0.08526514,14.45520583,0.15782166,14.21211903
1966-12-15,40.05339,321.02,14.40898603,-2.6097,-5.08205,45.13544,16.5469,23.50649,2.38,4.01,317.01,11.01,310.01,-0.0558109,0.06349374,14.34549229,0.0901661,14.31881993
1967-01-15,38.86894,322.33,14.33122437,-2.441206,-6.228285,45.097225,10.74939,28.11955,4.23,4.39,317.94,10.09,312.24,0.04621794,-0.1431675,14.47439187,0.05258944,14.27863493
1967-02-15,39.19604,322.5,14.16005223,1.32933,-7.34898,46.54502,2.92374,36.2723,2.72,3.95,318.55,6.28,316.22,-0.20988846,-0.3796358,14.53968803,-0.109375,14.26942723
1967-03-15,36.874256,323.03,14.42711346,-3.179134,-8.371208,45.245464,-3.55587,40.430126,2.01,3.35,319.68,3.39,319.64,0.01812743,-0.08032132,14.50743478,0.16524028,14.26187318
1967-04-15,38.50455,324.41,14.41028779,-0.36439,-6.31101,44.81556,-3.69074,42.19529,2.08,3.84,320.57,3.34,321.07,0.07906342,-0.06497287,14.47526066,0.00450993,14.40577786
1967-05-15,39.965854,325,14.6461057,0.769814,-4.002666,43.96852,-3.957166,43.92302,2.5,3.98,321.02,3.09,321.91,0.48605347,0.20853137,14.43757433,0.12271023,14.52339547
1967-06-15,44.81982,324.09,14.47214313,7.945564,0.57931,44.24051,0.80338,44.01644,1.06,3.47,320.62,2.52,321.57,0.04502967,0.0607138,14.41142933,-0.12226388,14.59440701
1967-07-15,45.336055,322.54,14.53765767,6.831505,2.606201,42.729854,1.691009,43.645046,-1.87,2.93,319.61,3.9,318.64,0.12736988,0.01375674,14.52390093,0.04890634,14.48875133
1967-08-15,47.33451,320.92,14.49472039,7.368656,1.67561,45.6589,6.80566,40.52885,-4.08,3.52,317.4,5.37,315.55,-0.15138531,0.03000259,14.4647178,-0.04356954,14.53828993
1967-09-15,47.70479,319.25,14.48391049,2.88497,0.60735,47.09744,7.912855,39.791935,-4.84,3.01,316.24,6.41,312.84,0.01176736,0.06438732,14.41952317,-0.04811668,14.53202717
1967-10-15,48.37638,319.39,14.54603663,3.040325,-1.87832,50.2547,9.701145,38.675235,-3.15,3.97,315.42,9.52,309.87,0.00837896,0.0880041,14.45803253,0.00183676,14.54419987
1967-11-15,49.00294,320.73,14.39755433,1.66843,-0.248895,49.251835,9.157874,39.845066,-0.19,4.04,316.69,11.61,309.12,-0.09716606,-0.0649462,14.46250053,-0.1579523,14.55550663
1967-12-15,49.297535,321.96,14.45143023,1.592745,1.579491,47.718044,10.407445,38.89009,2.71,4.26,317.7,11.95,310.01,-0.03248026,0.0063963,14.44503393,-0.15522864,14.60665887
1968-01-15,49.793125,322.57,14.22437947,1.416745,0.880095,48.91303,8.934825,40.8583,3.18,3.83,318.74,10.18,312.39,-0.32165716,-0.19085026,14.41522973,-0.54625796,14.77063743
1968-02-15,47.352565,323.15,14.28226273,-1.650375,-1.323965,48.67653,6.936155,40.41641,2.42,4.08,319.07,7.14,316.01,-0.1152916,-0.24915123,14.53141396,-0.31471443,14.59697716
1968-03-15,41.430385,323.89,14.53343098,-7.86715,-7.194175,48.62456,0.916445,40.51394,1.93,4.03,319.86,8.18,315.71,0.08200075,0.31547925,14.21795173,0.0020647,14.53136628
1968-04-15,36.34169,325.02,14.37869063,-13.451435,-10.27115,46.61284,-1.68041,38.0221,2.45,3.64,321.38,7.57,317.45,0.15431116,0.04706,14.33163063,-0.14799597,14.5266866
1968-05-15,32.712055,325.57,14.42094893,-14.64051,-12.436815,45.14887,-5.777925,38.48998,2.42,3.33,322.24,8.06,317.51,0.1386862,-0.02443693,14.44538586,-0.2182512,14.63920013
1968-06-15,34.07549,325.36,14.38071913,-7.354895,-9.647185,43.722675,-4.32326,38.39875,1.47,3.87,321.49,8.09,317.27,-0.15271185,-0.16605185,14.54677098,-0.14462183,14.52534096
1968-07-15,38.45012,324.14,14.47177403,2.10843,-3.89427,42.34439,-1.17847,39.62859,-0.88,4.4,319.74,8.27,315.87,0.0930834,-0.16601372,14.63778775,-0.10822487,14.5799989
1968-08-15,45.894985,322.11,14.41295903,13.18293,4.822571,41.072414,5.701675,40.19331,-3.46,4.34,317.77,7.18,314.93,-0.0079899,-0.3000841,14.71304313,-0.07534885,14.48830788
1968-09-15,49.82865,320.33,14.32325643,15.75316,6.31267,43.51598,8.314524,41.514126,-5.03,4.12,316.21,7.12,313.21,-0.0574627,-0.2953329,14.61858933,-0.0868549,14.41011133
1968-10-15,53.3469,320.25,14.50292199,14.89678,11.07475,42.27215,9.579685,43.767215,-3.89,4.26,315.99,7.83,312.42,0.03114796,-0.05844594,14.56136793,0.06078626,14.44213573
1968-11-15,53.62934,321.32,14.35252753,7.734355,9.51534,44.114,8.46461,45.16473,-0.79,4.25,317.07,7.99,313.33,-0.0604315,-0.20343973,14.55596726,-0.08084585,14.43337338
1968-12-15,52.00948,322.89,14.32691473,2.18083,13.44065,38.56883,5.94695,46.06253,2.56,4.54,318.35,8.22,314.67,0.0036583,-0.16137885,14.48829358,-0.13035487,14.4572696
1969-01-15,53.562725,324,14.36371223,0.215825,19.135835,34.42689,9.559455,44.00327,3.75,4.43,319.57,8.42,315.58,-0.13920976,-0.06496526,14.42867749,-0.19358445,14.55729668
1969-02-15,52.1603,324.41,14.29747383,-1.46904,22.12217,30.03813,11.48404,40.67626,3.09,4.37,320.04,7.92,316.49,-0.0550537,-0.0905609,14.38803473,-0.20543004,14.50290387
1969-03-15,53.190746,325.63,14.44229593,1.181266,24.007356,29.18339,14.605942,38.584804,2.74,4.88,320.75,8.98,316.65,0.1153812,0.22019765,14.22209828,-0.19087317,14.6331691
1969-04-15,51.99399,326.66,14.60474483,-1.568735,23.317694,28.676296,12.70402,39.28997,2.66,4.82,321.84,8.94,317.72,0.2410326,0.41026305,14.19448178,0.00641917,14.59832566
1969-05-15,50.76568,327.38,14.69958775,-1.39462,17.59265,33.17303,11.090254,39.675426,2.97,5.13,322.25,9.09,318.29,0.40211392,0.34140396,14.35818379,0.16392422,14.53566353
1969-06-15,50.31658,326.71,14.58852283,-2.874166,11.76882,38.54776,9.212855,41.103725,1.08,4.82,321.89,8.56,318.15,0.1462269,0.1656809,14.42284193,0.0390091,14.54951373
1969-07-15,48.29825,325.88,14.53912347,-3.69574,5.717085,42.581165,6.93594,41.36231,-0.78,5.44,320.44,9.34,316.54,-0.06562136,-0.02292156,14.56204503,0.00271604,14.53640743
1969-08-15,50.43115,323.66,14.40749163,-0.33453,7.63101,42.80014,6.67686,43.75429,-3.72,4.97,318.69,8.86,314.8,-0.29209612,0.0362797,14.37121193,-0.06465815,14.47214978
1969-09-15,51.51946,322.38,14.48765083,1.20288,10.64402,40.87544,8.78108,42.73838,-4.33,5.67,316.71,8.54,313.84,-0.100872,0.31824306,14.16940777,0.12619784,14.36145299
1969-10-15,52.890674,321.78,14.45566647,4.592424,14.830894,38.05978,8.562364,44.32831,-4.1,4.91,316.87,8.45,313.33,-0.083457,0.39172844,14.06393803,0.02803514,14.42763133
1969-11-15,51.52522,322.85,14.58522123,1.09407,12.95847,38.56675,11.53727,39.98795,-0.81,5.17,317.68,8.04,314.81,0.1777296,0.39752484,14.18769639,0.2549353,14.33028593
1969-12-15,49.94673,324.11,14.71442597,-1.57273,8.26419,41.68254,9.132556,40.814174,1.73,5.4,318.71,8.53,315.58,0.22677514,0.562994,14.15143197,0.23932454,14.47510143
1970-01-15,50.55761,325.06,14.56664651,-2.333064,4.46694,46.09067,10.116795,40.440815,3.28,5.62,319.44,8.63,316.43,0.11098004,0.23939038,14.32725613,0.06958488,14.49706163
1970-02-15,51.78952,325.99,14.591381,0.2643,1.2532,50.53632,7.282955,44.506565,3.14,5.55,320.44,9.01,316.98,0.00615977,0.36753177,14.22384923,0.01082039,14.58056061
1970-03-15,51.14192,326.93,14.47089853,1.19519,2.591746,48.550174,6.89498,44.24694,2.82,6.04,320.89,9.35,317.58,-0.24352744,0.1872854,14.28361313,0.31643483,14.1544637
1970-04-15,48.29323,328.13,14.58500093,-2.26438,2.86803,45.4252,1.9976,46.29563,3.07,5.99,322.14,9.1,319.03,0.01835442,0.3221636,14.26283733,0.2635927,14.32140823
1970-05-15,48.09951,328.08,14.51945298,-3.69001,6.35844,41.74107,1.19743,46.90208,2.09,5.91,322.17,8.05,320.03,-0.07192802,0.08424759,14.43520539,0.07214165,14.44731133
1970-06-15,48.42115,327.67,14.56321043,-2.72077,5.790196,42.630954,1.92175,46.4994,0.74,5.8,321.87,8.09,319.58,0.0923119,0.1706171,14.39259333,0.06588174,14.49732869
1970-07-15,46.77797,326.34,14.54917423,-1.51526,0.91409,45.86388,1.51988,45.25809,-1.79,5.13,321.21,8.16,318.18,-0.0358267,0.1167965,14.43237773,0.06091594,14.48825829
1970-08-15,47.474506,324.68,14.38194649,-0.625004,-1.881264,49.35577,3.003246,44.47126,-3.4,5.81,318.87,8.78,315.9,-0.13750649,-0.01147844,14.39342493,-0.15194798,14.53389447
1970-09-15,46.99604,323.1,14.45261283,-1.42511,-5.79489,52.79093,2.98631,44.00973,-4.57,5.28,317.82,8.93,314.17,-0.1105976,0.10919764,14.34341519,0.0105,14.44211283
1970-10-15,50.6269,323.06,14.42522613,3.84893,-0.508495,51.135395,5.91317,44.71373,-3.28,5.76,317.3,9.23,313.83,-0.1239481,0.03974055,14.38548558,-0.0712767,14.49650283
1970-11-15,50.82204,324.01,14.41020193,3.347534,0.12033,50.70171,5.31906,45.50298,-0.67,5.14,318.87,9.01,315,0.02825544,0.0340614,14.37614053,0.06200025,14.34820168
1970-12-15,52.24187,325.13,14.36788263,5.24583,3.14433,49.09754,3.63778,48.60409,2.03,5.71,319.42,8.94,316.19,-0.0847302,-0.039074,14.40695663,-0.2635832,14.63146583
1971-01-15,54.47266,326.17,14.4026851,3.84576,6.01663,48.45603,3.06287,51.40979,3.11,5.55,320.62,9.28,316.89,-0.02254103,0.07616902,14.32651608,-0.14494993,14.54763503
1971-02-15,57.67356,326.69,14.21846097,6.85152,11.24179,46.43177,1.51869,56.15487,2.68,5.09,321.6,8.99,317.7,-0.19174096,-0.17723276,14.39569373,-0.36167336,14.58013433
1971-03-15,58.72556,327.18,14.25451558,6.48369,14.75503,43.97053,2.18405,56.54151,2.05,4.79,322.39,8.64,318.54,-0.11336705,-0.18392181,14.43843739,-0.24794102,14.5024566
1971-04-15,57.99422,327.78,14.35665313,3.52156,16.138206,41.856014,1.00173,56.99249,1.61,4.08,323.7,8.3,319.48,-0.04603197,-0.01281644,14.36946957,-0.1918087,14.54846183
1971-05-15,54.17779,328.93,14.37403958,-3.49577,13.3958,40.78199,-0.352266,54.530056,2.24,4.85,324.08,8.35,320.58,0.15557861,-0.07055092,14.4445905,-0.26345348,14.63749306
1971-06-15,51.682766,328.57,14.34351247,-7.042794,11.176812,40.505954,-0.766954,52.44972,1.39,4.82,323.75,8.8,319.77,0.08899689,-0.21124746,14.55475993,-0.25950813,14.6030206
1971-07-15,50.88824,327.36,14.36199943,-7.10598,8.586326,42.301914,-0.736054,51.624294,-0.42,4.99,322.37,8.8,318.56,0.0053463,-0.29482366,14.65682309,-0.21121122,14.57321065
1971-08-15,52.874546,325.43,14.36144343,-1.303244,10.202492,42.672054,2.304486,50.57006,-3.5,5.07,320.36,8.64,316.79,-0.01259615,-0.1247969,14.48624033,-0.15540125,14.51684468
1971-09-15,56.2945,323.36,14.38591663,4.611734,13.63141,42.66309,6.918146,49.376354,-5.21,4.72,318.64,8.37,314.99,0.04240416,-0.0788803,14.46479693,-0.16380025,14.54971688
1971-10-15,55.8589,323.56,14.27363198,4.97066,14.548754,41.310146,9.54456,46.31434,-3.8,5.46,318.1,8.25,315.31,-0.08836745,-0.01137445,14.28500643,-0.21286201,14.48649399
1971-11-15,53.51277,324.8,14.31245606,0.638224,15.64606,37.86671,9.21264,44.30013,-0.63,5.02,319.78,8.7,316.1,-0.04898737,-0.05748463,14.36994069,-0.14274977,14.45520583
1971-12-15,51.76289,326.01,14.37978356,-4.53161,11.7095,40.05339,6.62745,45.13544,2.65,4.99,321.02,9,317.01,-0.00613307,-0.02920247,14.40898603,0.03429127,14.34549229
1972-01-15,55.337505,326.77,14.19546123,-0.521395,16.468565,38.86894,10.24028,45.097225,3.21,4.44,322.33,8.83,317.94,-0.07817075,-0.13576314,14.33122437,-0.27893064,14.47439187
1972-02-15,60.12884,327.63,14.15743823,6.61607,20.9328,39.19604,13.58382,46.54502,2.83,5.13,322.5,9.08,318.55,-0.15501783,-0.002614,14.16005223,-0.3822498,14.53968803
1972-03-15,64.090915,327.75,14.34917348,12.328025,27.216659,36.874256,18.845451,45.245464,1.74,4.72,323.03,8.07,319.68,-0.03061008,-0.07793998,14.42711346,-0.1582613,14.50743478
1972-04-15,64.74795,329.72,14.45174687,9.410445,26.2434,38.50455,19.93239,44.81556,2.95,5.31,324.41,9.15,320.57,0.25628564,0.04145908,14.41028779,-0.02351379,14.47526066
1972-05-15,66.76489,330.07,14.49416343,6.63605,26.799036,39.965854,22.79637,43.96852,2.44,5.07,325,9.05,321.02,0.3367252,-0.15194227,14.6461057,0.0565891,14.43757433
1972-06-15,69.21812,329.09,14.65350239,5.127205,24.3983,44.81982,24.97761,44.24051,1.34,5,324.09,8.47,320.62,0.30432891,0.18135926,14.47214313,0.24207306,14.41142933
1972-07-15,70.28317,328.04,14.64872258,5.53522,24.947115,45.336055,27.553316,42.729854,-1.68,5.5,322.54,8.43,319.61,0.19697571,0.11106491,14.53765767,0.12482165,14.52390093
1972-08-15,66.2607,326.32,14.60916989,-0.50419,18.92619,47.33451,20.6018,45.6589,-3.75,5.4,320.92,8.92,317.4,0.11500646,0.1144495,14.49472039,0.14445209,14.4647178
1972-09-15,63.72598,324.84,14.51676173,-5.49214,16.02119,47.70479,16.62854,47.09744,-4.25,5.59,319.25,8.6,316.24,-0.13674066,0.03285124,14.48391049,0.09723856,14.41952317
1972-10-15,61.4949,325.2,14.51675503,-8.78827,13.11852,48.37638,11.2402,50.2547,-2.84,5.81,319.39,9.78,315.42,-0.13196755,-0.0292816,14.54603663,0.0587225,14.45803253
1972-11-15,62.4609,326.5,14.42876618,-3.7998,13.45796,49.00294,13.209065,49.251835,0.18,5.77,320.73,9.81,316.69,-0.18040371,0.03121185,14.39755433,-0.03373435,14.46250053
1972-12-15,60.87848,327.55,14.62748043,-2.8475,11.580945,49.297535,13.160436,47.718044,2.71,5.59,321.96,9.85,317.7,0.1107187,0.1760502,14.45143023,0.1824465,14.44503393
1973-01-15,56.184734,328.55,14.7106189,-5.310166,6.391609,49.793125,7.271704,48.91303,3.35,5.98,322.57,9.81,318.74,0.19386387,0.48623943,14.22437947,0.29538917,14.41522973
1973-02-15,55.8143,329.57,14.73607056,-6.6466,8.461735,47.352565,7.13777,48.67653,3.07,6.42,323.15,10.5,319.07,0.30730438,0.45380783,14.28226273,0.2046566,14.53141396
1973-03-15,54.80238,330.3,14.62135593,-6.0761,13.371995,41.430385,6.17782,48.62456,2.75,6.41,323.89,10.44,319.86,-0.0061245,0.08792495,14.53343098,0.4034042,14.21795173
1973-04-15,57.64146,331.5,14.6497144,1.456726,21.29977,36.34169,11.02862,46.61284,2.95,6.48,325.02,10.12,321.38,-0.0609045,0.27102377,14.37869063,0.31808377,14.33163063
1973-05-15,55.54769,332.48,14.69732659,-0.26661,22.835635,32.712055,10.39882,45.14887,2.91,6.91,325.57,10.24,322.24,-0.03874397,0.27637766,14.42094893,0.25194073,14.44538586
1973-06-15,56.724,332.07,14.61045067,1.92162,22.64851,34.07549,13.001325,43.722675,1.77,6.71,325.36,10.58,321.49,-0.01090526,0.22973154,14.38071913,0.06367969,14.54677098
1973-07-15,54.95466,330.87,14.6139621,-2.6868,16.50454,38.45012,12.61027,42.34439,-0.63,6.73,324.14,11.13,319.74,-0.0357523,0.14218807,14.47177403,-0.02382565,14.63778775
1973-08-15,54.96602,329.31,14.44180673,-0.58167,9.071035,45.894985,13.893606,41.072414,-3.17,7.2,322.11,11.54,317.77,-0.25551986,0.0288477,14.41295903,-0.2712364,14.71304313
1973-09-15,54.92706,327.52,14.47305193,-1.79694,5.09841,49.82865,11.41108,43.51598,-4.55,7.19,320.33,11.31,316.21,-0.13739874,0.1497955,14.32325643,-0.1455374,14.61858933
1973-10-15,57.79451,327.19,14.42255683,2.83985,4.44761,53.3469,15.52236,42.27215,-3.68,6.94,320.25,11.2,315.99,-0.19140527,-0.08036516,14.50292199,-0.1388111,14.56136793
1973-11-15,64.66201,328.17,14.45281593,9.69599,11.03267,53.62934,20.54801,44.114,-1.14,6.85,321.32,11.1,317.07,0.0110092,0.1002884,14.35252753,-0.10315133,14.55596726
1973-12-15,69.50093,328.65,14.46022408,14.57387,17.49145,52.00948,30.9321,38.56883,1.13,5.76,322.89,10.3,318.35,-0.01282785,0.13330935,14.32691473,-0.0280695,14.48829358
1974-01-15,73.98224,329.36,14.32461353,16.18773,20.419515,53.562725,39.55535,34.42689,2.17,5.36,324,9.79,319.57,-0.0979433,-0.0390987,14.36371223,-0.10406396,14.42867749
1974-02-15,72.8911,330.71,14.11332983,8.22909,20.7308,52.1603,42.85297,30.03813,2.54,6.3,324.41,10.67,320.04,-0.3394861,-0.184144,14.29747383,-0.2747049,14.38803473
1974-03-15,71.733425,331.49,14.27170363,2.232495,18.542679,53.190746,42.550035,29.18339,2.84,5.86,325.63,10.74,320.75,-0.18852045,-0.1705923,14.44229593,0.04960535,14.22209828
1974-04-15,71.99998,332.65,14.30661193,-1.98226,20.00599,51.99399,43.323684,28.676296,3.29,5.99,326.66,10.81,321.84,-0.0180016,-0.2981329,14.60474483,0.11213015,14.19448178
1974-05-15,71.70046,333.19,14.33148283,-1.19064,20.93478,50.76568,38.52743,33.17303,2.48,5.81,327.38,10.94,322.25,0.218153,-0.36810492,14.69958775,-0.02670096,14.35818379
1974-06-15,71.102375,332.2,14.34643263,-0.63105,20.785795,50.31658,32.554615,38.54776,0.71,5.49,326.71,10.31,321.89,0.074729,-0.2420902,14.58852283,-0.0764093,14.42284193
1974-07-15,68.98111,331.07,14.36546319,-3.01887,20.68286,48.29825,26.399945,42.581165,-1.58,5.19,325.88,10.63,320.44,0.05885126,-0.17366028,14.53912347,-0.19658184,14.56204503
1974-08-15,67.31103,329.15,14.44467347,-4.38943,16.87988,50.43115,24.51089,42.80014,-4.04,5.49,323.66,10.46,318.69,0.11319064,0.03718184,14.40749163,0.07346154,14.37121193
1974-09-15,66.370205,327.33,14.27177993,-4.73217,14.850745,51.51946,25.494765,40.87544,-4.87,4.95,322.38,10.62,316.71,-0.0746527,-0.2158709,14.48765083,0.10237216,14.16940777
1974-10-15,65.574505,327.28,14.23360533,-3.406605,12.683831,52.890674,27.514725,38.05978,-3.79,5.5,321.78,10.41,316.87,-0.13185786,-0.22206114,14.45566647,0.1696673,14.06393803
1974-11-15,66.77572,328.31,14.26569643,-0.53531,15.2505,51.52522,28.20897,38.56675,-0.84,5.46,322.85,10.63,317.68,-0.17897704,-0.3195248,14.58522123,0.07800004,14.18769639
1974-12-15,67.540294,329.58,14.30304713,1.170089,17.593564,49.94673,25.857754,41.68254,2.25,5.47,324.11,10.87,318.71,0.0312672,-0.41137884,14.71442597,0.15161516,14.15143197
1975-01-15,68.30372,330.73,14.42413228,2.729215,17.74611,50.55761,22.21305,46.09067,3.45,5.67,325.06,11.29,319.44,0.19052695,-0.14251423,14.56664651,0.09687615,14.32725613
1975-02-15,69.2207,331.46,14.40616219,2.44498,17.43118,51.78952,18.68438,50.53632,3.15,5.47,325.99,11.02,320.44,0.14046576,-0.18521881,14.591381,0.18231296,14.22384923
1975-03-15,70.68212,331.94,14.45524876,3.141826,19.5402,51.14192,22.131946,48.550174,2.36,5.01,326.93,11.05,320.89,0.15220163,-0.01564977,14.47089853,0.17163563,14.28361313
1975-04-15,69.40209,333.11,14.42468063,1.09837,21.10886,48.29323,23.97689,45.4252,2.38,4.98,328.13,10.97,322.14,0.00054835,-0.1603203,14.58500093,0.1618433,14.26283733
1975-05-15,68.10327,333.95,14.43548003,-1.11743,20.00376,48.09951,26.3622,41.74107,2.49,5.87,328.08,11.78,322.17,0.02931784,-0.08397295,14.51945298,0.00027464,14.43520539
1975-06-15,66.01383,333.42,14.37103837,-4.66829,17.59268,48.42115,23.382876,42.630954,1.48,5.75,327.67,11.55,321.87,-0.08421039,-0.19217206,14.56321043,-0.02155496,14.39259333
1975-07-15,65.9394,331.97,14.33651533,-3.46269,19.16143,46.77797,20.07552,45.86388,-1.14,5.63,326.34,10.76,321.21,-0.0881653,-0.2126589,14.54917423,-0.0958624,14.43237773
1975-08-15,67.35059,329.95,14.22765629,-0.75268,19.876084,47.474506,17.99482,49.35577,-4,5.27,324.68,11.08,318.87,-0.20782374,-0.1542902,14.38194649,-0.16576864,14.39342493
1975-09-15,68.10018,328.49,14.22608943,2.08635,21.10414,46.99604,15.30925,52.79093,-4.93,5.39,323.1,10.67,317.82,-0.14494894,-0.2265234,14.45261283,-0.11732576,14.34341519
1975-10-15,68.63468,328.36,14.137762,2.69528,18.00778,50.6269,17.499285,51.135395,-3.61,5.3,323.06,11.06,317.3,-0.19875333,-0.28746413,14.42522613,-0.24772358,14.38548558
1975-11-15,68.877636,329.38,14.19033043,1.527046,18.055596,50.82204,18.175926,50.70171,-0.57,5.37,324.01,10.51,318.87,-0.03732586,-0.2198715,14.41020193,-0.1858101,14.37614053
1975-12-15,66.72524,330.78,14.24266236,-1.37494,14.48337,52.24187,17.6277,49.09754,2.29,5.65,325.13,11.36,319.42,0.01657293,-0.12522027,14.36788263,-0.16429427,14.40695663
1976-01-15,66.47203,331.56,14.33445353,-2.16265,11.99937,54.47266,18.016,48.45603,3.2,5.39,326.17,10.94,320.62,0.19669153,-0.06823157,14.4026851,0.00793745,14.32651608
1976-02-15,63.72164,332.74,14.16864388,-5.155996,6.04808,57.67356,17.28987,46.43177,3.36,6.05,326.69,11.14,321.6,-0.02168655,-0.04981709,14.21846097,-0.22704985,14.39569373
1976-03-15,65.00457,333.36,14.05268473,-1.72067,6.27901,58.72556,21.03404,43.97053,2.58,6.18,327.18,10.97,322.39,-0.18997763,-0.20183085,14.25451558,-0.38575266,14.43843739
1976-04-15,66.17934,334.74,14.24407663,-0.29269,8.18512,57.99422,24.323326,41.856014,3.18,6.96,327.78,11.04,323.7,-0.0903769,-0.1125765,14.35665313,-0.12539294,14.36946957
1976-05-15,66.86697,334.72,14.18952363,3.14533,12.68918,54.17779,26.08498,40.78199,1.98,5.79,328.93,10.64,324.08,0.02087975,-0.18451595,14.37403958,-0.25506687,14.4445905
1976-06-15,69.00598,333.97,14.32254307,4.00141,17.323214,51.682766,28.500026,40.505954,0.61,5.4,328.57,10.22,323.75,0.26985834,-0.0209694,14.34351247,-0.23221686,14.55475993
1976-07-15,67.74906,333.08,14.40882673,1.56972,16.86082,50.88824,25.447146,42.301914,-1.66,5.72,327.36,10.71,322.37,0.1647501,0.0468273,14.36199943,-0.24799636,14.65682309
1976-08-15,65.83481,330.68,14.31239598,-1.03216,12.960264,52.874546,23.162756,42.672054,-4.04,5.25,325.43,10.32,320.36,0.12287235,-0.04904745,14.36144343,-0.17384435,14.48624033
1976-09-15,67.175235,328.96,14.36865323,-1.830745,10.880735,56.2945,24.512145,42.66309,-5.01,5.6,323.36,10.32,318.64,0.04611016,-0.0172634,14.38591663,-0.0961437,14.46479693
1976-10-15,66.81828,328.72,14.00584023,-0.93078,10.95938,55.8589,25.508134,41.310146,-4.36,5.16,323.56,10.62,318.1,-0.4029865,-0.26779175,14.27363198,-0.2791662,14.28500643
1976-11-15,69.63305,330.16,14.24603837,3.79824,16.12028,53.51277,31.76634,37.86671,-0.52,5.36,324.8,10.38,319.78,-0.06635761,-0.06641769,14.31245606,-0.12390232,14.36994069
1976-12-15,69.907474,331.62,14.399311,2.732239,18.144584,51.76289,29.854084,40.05339,2.66,5.61,326.01,10.6,321.02,0.03065777,0.01952744,14.37978356,-0.00967503,14.40898603
1977-01-15,68.49768,332.68,14.52848237,1.6794,13.160175,55.337505,29.62874,38.86894,3.96,5.91,326.77,10.35,322.33,0.52264214,0.33302114,14.19546123,0.197258,14.33122437
1977-02-15,65.79237,333.17,14.47982303,-3.84068,5.66353,60.12884,26.59633,39.19604,3.01,5.54,327.63,10.67,322.5,0.23378466,0.3223848,14.15743823,0.3197708,14.16005223
1977-03-15,64.001865,334.96,14.48881047,-5.905609,-0.08905,64.090915,27.127609,36.874256,3.34,7.21,327.75,11.93,323.03,0.08949947,0.13963699,14.34917348,0.06169701,14.42711346
1977-04-15,61.768245,336.14,14.55689328,-6.729435,-2.979705,64.74795,23.263695,38.50455,3.46,6.42,329.72,11.73,324.41,0.02841091,0.10514641,14.45174687,0.14660549,14.41028779
1977-05-15,62.326206,336.93,14.65089505,-3.466164,-4.438684,66.76489,22.360352,39.965854,3.76,6.86,330.07,11.93,325,0.17107202,0.15673162,14.49416343,0.00478935,14.6461057
1977-06-15,62.841045,336.17,14.67765038,-1.16082,-6.377075,69.21812,18.021225,44.81982,1.21,7.08,329.09,12.08,324.09,0.18883991,0.02414799,14.65350239,0.20550725,14.47214313
1977-07-15,63.89459,334.89,14.62561123,2.126345,-6.38858,70.28317,18.558535,45.336055,-1.25,6.85,328.04,12.35,322.54,0.06871795,-0.02311135,14.64872258,0.08795356,14.53765767
1977-08-15,64.53491,332.56,14.59903423,2.208704,-1.72579,66.2607,17.2004,47.33451,-4.37,6.24,326.32,11.64,320.92,-0.05186082,-0.01013566,14.60916989,0.10431384,14.49472039
1977-09-15,65.53943,331.29,14.42044153,2.698385,1.81345,63.72598,17.83464,47.70479,-4.88,6.45,324.84,12.04,319.25,-0.25720885,-0.0963202,14.51676173,-0.06346896,14.48391049
1977-10-15,66.26117,331.28,14.34933179,2.36658,4.76627,61.4949,17.88479,48.37638,-3.61,6.08,325.2,11.89,319.39,-0.27627944,-0.16742324,14.51675503,-0.19670484,14.54603663
1977-11-15,68.35183,332.46,14.58254426,3.81692,5.89093,62.4609,19.34889,49.00294,-0.1,5.96,326.5,11.73,320.73,-0.01648997,0.15377808,14.42876618,0.18498993,14.39755433
1977-12-15,71.1247,333.6,14.52425283,5.58527,10.24622,60.87848,21.827165,49.297535,2.31,6.05,327.55,11.64,321.96,0.1038113,-0.1032276,14.62748043,0.0728226,14.45143023
1978-01-15,73.679386,334.94,14.51060479,7.418216,17.494652,56.184734,23.886261,49.793125,3.66,6.39,328.55,12.37,322.57,0.161273,-0.20001411,14.7106189,0.28622532,14.22437947
1978-02-15,77.42113,335.26,14.48237317,9.0693,21.60683,55.8143,30.068565,47.352565,2.8,5.69,329.57,12.11,323.15,-0.10017109,-0.25369739,14.73607056,0.20011044,14.28226273
1978-03-15,76.41076,336.66,14.49295228,5.28606,21.60838,54.80238,34.980375,41.430385,3.06,6.36,330.3,12.77,323.89,-0.03130055,-0.12840365,14.62135593,-0.0404787,14.53343098
1978-04-15,76.09769,337.69,14.51423163,2.418304,18.45623,57.64146,39.756,36.34169,2.75,6.19,331.5,12.67,325.02,0.00362684,-0.13548277,14.6497144,0.135541,14.37869063
1978-05-15,72.40433,338.02,14.57404893,-5.0168,16.85664,55.54769,39.692275,32.712055,2.76,5.54,332.48,12.45,325.57,0.09167576,-0.12327766,14.69732659,0.1531,14.42094893
1978-06-15,70.91959,338.01,14.44014638,-5.49117,14.19559,56.724,36.8441,34.07549,1.35,5.94,332.07,12.65,325.36,-0.0528059,-0.17030429,14.61045067,0.05942725,14.38071913
1978-07-15,69.52277,336.5,14.57739728,-6.57492,14.56811,54.95466,31.07265,38.45012,-1.19,5.63,330.87,12.36,324.14,0.06316565,-0.03656482,14.6139621,0.10562325,14.47177403
1978-08-15,71.03957,334.42,14.34368508,-1.36476,16.07355,54.96602,25.144585,45.894985,-3.6,5.11,329.31,12.31,322.11,-0.23036385,-0.09812165,14.44180673,-0.06927395,14.41295903
1978-09-15,71.33941,332.36,14.38113683,0.41982,16.41235,54.92706,21.51076,49.82865,-5.65,4.84,327.52,12.03,320.33,-0.05900955,-0.0919151,14.47305193,0.0578804,14.32325643
1978-10-15,71.64764,332.45,14.37010183,2.12487,13.85313,57.79451,18.30074,53.3469,-4.05,5.26,327.19,12.2,320.25,-0.20729545,-0.052455,14.42255683,-0.13282016,14.50292199
1978-11-15,67.131916,333.76,14.53875343,-3.907654,2.469906,64.66201,13.502576,53.62934,-0.66,5.59,328.17,12.44,321.32,0.19506835,0.0859375,14.45281593,0.1862259,14.35252753
1978-12-15,64.22595,334.91,14.55113783,-7.11346,-5.27498,69.50093,12.21647,52.00948,2.55,6.26,328.65,12.02,322.89,0.170001,0.09091375,14.46022408,0.2242231,14.32691473
1979-01-15,61.3344,336.56,14.64425748,-10.31324,-12.64784,73.98224,7.771675,53.562725,4.11,7.2,329.36,12.56,324,0.27415565,0.31964395,14.32461353,0.28054525,14.36371223
1979-02-15,62.476764,337.29,14.37806793,-4.655152,-10.414336,72.8911,10.316464,52.1603,3.53,6.58,330.71,12.88,324.41,-0.1606855,0.2647381,14.11332983,0.0805941,14.29747383
1979-03-15,63.55582,337.88,14.57940095,-0.67013,-8.177605,71.733425,10.365074,53.190746,2.97,6.39,331.49,12.25,325.63,0.02826312,0.30769732,14.27170363,0.13710502,14.44229593
1979-04-15,63.32296,338.32,14.55735583,1.98856,-8.67702,71.99998,11.32897,51.99399,1.76,5.67,332.65,11.66,326.66,-0.08690165,0.2507439,14.30661193,-0.047389,14.60474483
1979-05-15,61.83451,338.26,14.61905091,-0.642254,-9.86595,71.70046,11.06883,50.76568,0.97,5.07,333.19,10.88,327.38,0.24098298,0.28756808,14.33148283,-0.08053684,14.69958775
1979-06-15,62.30549,337.38,14.63398831,-1.25033,-8.796885,71.102375,11.98891,50.31658,-0.5,5.18,332.2,10.67,326.71,0.05458736,0.28755568,14.34643263,0.04546548,14.58852283
1979-07-15,64.66184,335.57,14.56813901,1.33888,-4.31927,68.98111,16.36359,48.29825,-2.75,4.5,331.07,9.69,325.88,0.01078318,0.20267582,14.36546319,0.02901554,14.53912347
1979-08-15,69.437175,334.37,14.65633481,7.602665,2.126145,67.31103,19.006025,50.43115,-3.89,5.22,329.15,10.71,323.66,0.0372839,0.21166134,14.44467347,0.24884318,14.40749163
1979-09-15,72.08355,335.02,14.68951503,9.77806,5.713345,66.370205,20.56409,51.51946,-2.36,7.69,327.33,12.64,322.38,0.05552672,0.4177351,14.27177993,0.2018642,14.48765083
1979-10-15,74.4993,336.36,14.70108979,9.83746,8.924795,65.574505,21.608626,52.890674,0.79,9.08,327.28,14.58,321.78,0.13295078,0.46748446,14.23360533,0.24542332,14.45566647
1979-11-15,72.206646,337.36,14.68143743,2.769471,5.430926,66.77572,20.681426,51.52522,2.99,9.05,328.31,14.51,322.85,0.02510262,0.415741,14.26569643,0.0962162,14.58522123
1979-12-15,74.326015,337.9,14.93366425,2.242465,6.785721,67.540294,24.379285,49.94673,2.88,8.32,329.58,13.79,324.11,0.24414922,0.63061712,14.30304713,0.21923828,14.71442597
1980-01-15,74.20216,338.58,14.76679223,-0.29714,5.89844,68.30372,23.64455,50.55761,2.22,7.85,330.73,13.52,325.06,0.06570244,0.34265995,14.42413228,0.20014572,14.56664651
1980-02-15,75.266765,339.26,14.81735413,3.060119,6.046065,69.2207,23.477245,51.78952,1.9,7.8,331.46,13.27,325.99,0.1359167,0.41119194,14.40616219,0.22597313,14.591381
1980-03-15,73.252475,339.6,14.7890672,-1.07354,2.570355,70.68212,22.110555,51.14192,1.7,7.66,331.94,12.67,326.93,-0.14459705,0.33381844,14.45524876,0.31816867,14.47089853
1980-04-15,73.60012,340,14.88180344,-0.60204,4.19803,69.40209,25.30689,48.29323,1.42,6.89,333.11,11.87,328.13,0.11501121,0.45712281,14.42468063,0.29680251,14.58500093
1980-05-15,73.236515,340.44,14.97452157,-2.03025,5.133245,68.10327,25.137005,48.09951,1.18,6.49,333.95,12.36,328.08,0.15716744,0.53904154,14.43548003,0.45506859,14.51945298
1980-06-15,72.681606,339.99,14.81199639,-0.570869,6.667776,66.01383,24.260456,48.42115,0.39,6.57,333.42,12.32,327.67,0.02292919,0.44095802,14.37103837,0.24878596,14.56321043
1980-07-15,70.211086,338.44,14.85633271,-3.389034,4.271686,65.9394,23.433116,46.77797,-1.56,6.47,331.97,12.1,326.34,-0.02547073,0.51981738,14.33651533,0.30715848,14.54917423
1980-08-15,68.40644,337.21,14.78137295,-4.830075,1.05585,67.35059,20.931934,47.474506,-3.23,7.26,329.95,12.53,324.68,-0.19314862,0.55371666,14.22765629,0.39942646,14.38194649
1980-09-15,68.411884,337.05,14.69809811,-4.269722,0.311704,68.10018,21.415844,46.99604,-2.94,8.56,328.49,13.95,323.1,-0.11389828,0.47200868,14.22608943,0.24548528,14.45261283
1980-10-15,70.21746,337.82,14.60997861,0.006374,1.58278,68.63468,19.59056,50.6269,-0.62,9.46,328.36,14.76,323.06,-0.2463541,0.47221661,14.137762,0.18475248,14.42522613
1980-11-15,75.344845,338.93,14.6364116,6.938405,6.467209,68.877636,24.522805,50.82204,1.72,9.55,329.38,14.92,324.01,-0.14496135,0.44608117,14.19033043,0.22620967,14.41020193
1980-12-15,79.50027,339.64,14.59334176,11.088386,12.77503,66.72524,27.2584,52.24187,2.59,8.86,330.78,14.51,325.13,-0.10475635,0.3506794,14.24266236,0.22545913,14.36788263
1981-01-15,81.52988,340.19,14.89225571,11.31242,15.05785,66.47203,27.05722,54.47266,2.37,8.63,331.56,14.02,326.17,0.2822771,0.55780218,14.33445353,0.48957061,14.4026851
1981-02-15,82.61939,340.75,14.81618016,7.274545,18.89775,63.72164,24.94583,57.67356,1.82,8.01,332.74,14.06,326.69,0.17976856,0.64753628,14.16864388,0.59771919,14.21846097
1981-03-15,84.384296,341.38,14.90219968,4.884026,19.379726,65.00457,25.658736,58.72556,1.74,8.02,333.36,14.2,327.18,0.30885792,0.84951495,14.05268473,0.6476841,14.25451558
1981-04-15,85.36558,341.68,14.85270398,3.8357,19.18624,66.17934,27.37136,57.99422,1.49,6.94,334.74,13.9,327.78,-0.03955173,0.60862735,14.24407663,0.49605085,14.35665313
1981-05-15,86.696125,341.43,14.83585637,4.076735,19.829155,66.86697,32.518335,54.17779,0.68,6.71,334.72,12.5,328.93,0.01967621,0.64633274,14.18952363,0.46181679,14.37403958
1981-06-15,87.17631,340.63,14.81643098,2.792014,18.17033,69.00598,35.493544,51.682766,-0.75,6.66,333.97,12.06,328.57,-0.0857687,0.49388791,14.32254307,0.47291851,14.34351247
1981-07-15,85.49265,339.22,14.82412045,0.12707,17.74359,67.74906,34.60441,50.88824,-2.46,6.14,333.08,11.86,327.36,-0.02858353,0.41529372,14.40882673,0.46212102,14.36199943
1981-08-15,86.297435,338.08,14.82955258,-0.39869,20.462625,65.83481,33.422889,52.874546,-3.35,7.4,330.68,12.65,325.43,-0.00630379,0.5171566,14.31239598,0.46810915,14.36144343
1981-09-15,85.24064,337.97,14.72983735,-1.93567,18.065405,67.175235,28.94614,56.2945,-2.66,9.01,328.96,14.61,323.36,-0.08659363,0.36118412,14.36865323,0.34392072,14.38591663
1981-10-15,87.38249,339.07,14.6468467,1.88984,20.56421,66.81828,31.52359,55.8589,-0.15,10.35,328.72,15.51,323.56,-0.17727375,0.64100647,14.00584023,0.37321472,14.27363198
1981-11-15,86.434185,340.18,14.64073556,0.13675,16.801135,69.63305,32.921415,53.51277,2.1,10.02,330.16,15.38,324.8,-0.18881702,0.39469719,14.24603837,0.3282795,14.31245606
1981-12-15,84.9522,340.75,14.83107941,-0.28844,15.044726,69.907474,33.18931,51.76289,2.78,9.13,331.62,14.74,326.01,0.10124206,0.43176841,14.399311,0.45129585,14.37978356
1982-01-15,81.139415,341.37,14.48910039,-6.243075,12.641735,68.49768,25.80191,55.337505,2.3,8.69,332.68,14.6,326.77,-0.15774631,-0.03938198,14.52848237,0.29363916,14.19546123
1982-02-15,80.06781,341.95,14.57771867,-6.366375,14.27544,65.79237,19.93897,60.12884,1.77,8.78,333.17,14.32,327.63,-0.06301689,0.09789564,14.47982303,0.42028044,14.15743823
1982-03-15,78.776424,342.23,14.42861553,-6.175776,14.774559,64.001865,14.685509,64.090915,1.48,7.27,334.96,14.48,327.75,-0.40246388,-0.06019494,14.48881047,0.07944205,14.34917348
1982-04-15,76.2984,342.52,14.52813903,-4.841015,14.530155,61.768245,11.55045,64.74795,1.15,6.38,336.14,12.8,329.72,0.03903864,-0.02875425,14.55689328,0.07639216,14.45174687
1982-05-15,75.856685,342.37,14.69379895,-4.211125,13.530479,62.326206,9.091795,66.76489,0.42,5.44,336.93,12.3,330.07,0.11608028,0.0429039,14.65089505,0.19963552,14.49416343
1982-06-15,74.64361,341.49,14.64566796,-4.132814,11.802565,62.841045,5.42549,69.21812,-0.74,5.32,336.17,12.4,329.09,0.21705243,-0.03198242,14.67765038,-0.00783443,14.65350239
1982-07-15,73.620945,339.75,14.72767441,-2.677455,9.726355,63.89459,3.337775,70.28317,-2.77,4.86,334.89,11.71,328.04,0.19953538,0.10206318,14.62561123,0.07895183,14.64872258
1982-08-15,75.00279,338.11,14.61193459,-0.853895,10.46788,64.53491,8.74209,66.2607,-4.26,5.55,332.56,11.79,326.32,-0.08186436,0.01290036,14.59903423,0.0027647,14.60916989
1982-09-15,79.05783,338.16,14.60029786,4.41422,13.5184,65.53943,15.33185,63.72598,-3.33,6.87,331.29,13.32,324.84,-0.0453701,0.17985633,14.42044153,0.08353613,14.51676173
1982-10-15,84.63654,339.61,14.54567713,11.015595,18.37537,66.26117,23.14164,61.4949,-0.14,8.33,331.28,14.41,325.2,-0.18199728,0.19634534,14.34933179,0.0289221,14.51675503
1982-11-15,87.2575,340.95,14.54500383,12.25471,18.90567,68.35183,24.7966,62.4609,2.84,8.49,332.46,14.45,326.5,-0.06693076,-0.03754043,14.58254426,0.11623765,14.42876618
1982-12-15,87.82173,341.77,14.83272259,8.7639,16.69703,71.1247,26.94325,60.87848,3.61,8.17,333.6,14.22,327.55,0.23242473,0.30846976,14.52425283,0.20524216,14.62748043
1983-01-15,89.57947,342.37,14.91479676,4.94293,15.900084,73.679386,33.394736,56.184734,2.76,7.43,334.94,13.82,328.55,0.36911963,0.40419197,14.51060479,0.20417786,14.7106189
1983-02-15,88.88729,342.74,14.87265198,1.62979,11.46616,77.42113,33.07299,55.8143,1.79,7.48,335.26,13.17,329.57,0.32764815,0.39027881,14.48237317,0.13658142,14.73607056
1983-03-15,90.504375,343.04,14.87764352,2.682645,14.093615,76.41076,35.701995,54.80238,1.27,6.38,336.66,12.74,330.3,0.04492093,0.38469124,14.49295228,0.25628759,14.62135593
1983-04-15,93.63845,343.51,14.78915493,4.05898,17.54076,76.09769,35.99699,57.64146,1.14,5.82,337.69,12.01,331.5,-0.12564183,0.2749233,14.51423163,0.13944053,14.6497144
1983-05-15,96.83179,343.84,14.93251317,7.9445,24.42746,72.40433,41.2841,55.54769,1.1,5.82,338.02,11.36,332.48,0.05986119,0.35846424,14.57404893,0.23518658,14.69732659
1983-06-15,95.363723,343.5,14.79994385,4.859348,24.444133,70.91959,38.639723,56.724,0.46,5.49,338.01,11.43,332.07,-0.07769967,0.35979747,14.44014638,0.18949318,14.61045067
1983-07-15,91.15031,342.14,14.74918359,-2.48814,21.62754,69.52277,36.19565,54.95466,-1.37,5.64,336.5,11.27,330.87,-0.03997134,0.17178631,14.57739728,0.13522149,14.6139621
1983-08-15,83.5063,340.62,14.81604283,-13.32549,12.46673,71.03957,28.54028,54.96602,-3.22,6.2,334.42,11.31,329.31,-0.11647034,0.47235775,14.34368508,0.3742361,14.44180673
1983-09-15,82.68616,340.53,14.86890691,-12.677563,11.34675,71.33941,27.7591,54.92706,-2.97,8.17,332.36,13.01,327.52,0.06896306,0.48777008,14.38113683,0.39585498,14.47305193
1983-10-15,79.72103,341.75,14.59032529,-11.42928,8.07339,71.64764,21.92652,57.79451,-0.39,9.3,332.45,14.56,327.19,-0.1588583,0.22022346,14.37010183,0.16776846,14.42255683
1983-11-15,82.52847,342.83,14.7117204,-0.97783,15.396554,67.131916,17.86646,64.66201,2.21,9.07,333.76,14.66,328.17,-0.10432243,0.17296697,14.53875343,0.25890447,14.45281593
1983-12-15,80.48761,343.49,14.64184087,-2.19855,16.26166,64.22595,10.98668,69.50093,2.96,8.58,334.91,14.84,328.65,-0.22706604,0.09070304,14.55113783,0.18161679,14.46022408
1984-01-15,81.91285,344.32,14.66405099,2.19182,20.57845,61.3344,7.93061,73.98224,2.57,7.76,336.56,14.96,329.36,0.0737257,0.01979351,14.64425748,0.33943746,14.32461353
1984-02-15,83.055,344.82,14.50812237,0.52653,20.578236,62.476764,10.1639,72.8911,1.99,7.53,337.29,14.11,330.71,-0.20359803,0.13005444,14.37806793,0.39479254,14.11332983
1984-03-15,86.34211,344.96,14.6731252,5.8545,22.78629,63.55582,14.608685,71.733425,1.47,7.08,337.88,13.47,331.49,0.03128433,0.09372425,14.57940095,0.40142157,14.27170363
1984-04-15,87.21328,345.19,14.59682076,5.30043,23.89032,63.32296,15.2133,71.99998,0.87,6.87,338.32,12.54,332.65,-0.06723023,0.03946493,14.55735583,0.29020883,14.30661193
1984-05-15,88.20952,345.33,14.85093396,5.15452,26.37501,61.83451,16.50906,71.70046,0.51,7.07,338.26,12.14,333.19,0.34281159,0.23188305,14.61905091,0.51945113,14.33148283
1984-06-15,90.378925,344.57,14.55990117,4.036815,28.073435,62.30549,19.27655,71.102375,-0.39,7.19,337.38,12.37,332.2,-0.11322403,-0.07408714,14.63398831,0.21346854,14.34643263
1984-07-15,89.941845,343.2,14.53385918,2.728565,25.280005,64.66184,20.960735,68.98111,-1.99,7.63,335.57,12.13,331.07,-0.06296158,-0.03427983,14.56813901,0.16839599,14.36546319
1984-08-15,91.328754,342.21,14.62724773,3.119234,21.891579,69.437175,24.017724,67.31103,-3.12,7.84,334.37,13.06,329.15,-0.22368623,-0.02908708,14.65633481,0.18257426,14.44467347
1984-09-15,89.18289,342.13,14.57978051,-1.196035,17.09934,72.08355,22.812685,66.370205,-2.44,7.11,335.02,14.8,327.33,0.01987934,-0.10973452,14.68951503,0.30800058,14.27177993
1984-10-15,88.275715,342.99,14.54368963,-1.66613,13.776415,74.4993,22.70121,65.574505,-0.21,6.63,336.36,15.71,327.28,0.00983045,-0.15740016,14.70108979,0.3100843,14.23360533
1984-11-15,84.958225,344.16,14.41312783,-6.370529,12.751579,72.206646,18.182505,66.77572,1.95,6.8,337.36,15.85,328.31,-0.2141199,-0.2683096,14.68143743,0.1474314,14.26569643
1984-12-15,82.9882,345,14.46251576,-6.19469,8.662185,74.326015,15.447906,67.540294,2.87,7.1,337.9,15.42,329.58,-0.11726475,-0.47114849,14.93366425,0.15946863,14.30304713
1985-01-15,79.00363,345.35,14.64364808,-9.272085,4.80147,74.20216,10.69991,68.30372,2.36,6.77,338.58,14.62,330.73,0.09995845,-0.12314415,14.76679223,0.2195158,14.42413228
1985-02-15,79.840755,345.8,14.37103646,-5.11747,4.57399,75.266765,10.620055,69.2207,1.64,6.54,339.26,14.34,331.46,-0.04209137,-0.44631767,14.81735413,-0.03512573,14.40616219
1985-03-15,77.67733,346.64,14.53516667,-5.31087,4.424855,73.252475,6.99521,70.68212,1.64,7.04,339.6,14.7,331.94,0.07265091,-0.25390053,14.7890672,0.07991791,14.45524876
1985-04-15,77.63137,346.94,14.59321015,-1.37226,4.03125,73.60012,8.22928,69.40209,1.59,6.94,340,13.83,333.11,-0.05043793,-0.28859329,14.88180344,0.16852952,14.42468063
1985-05-15,75.84023,346.78,14.6288852,-4.000525,2.603715,73.236515,7.73696,68.10327,0.98,6.34,340.44,12.83,333.95,0.25784874,-0.34563637,14.97452157,0.19340517,14.43548003
1985-06-15,76.25223,346.26,14.59937279,-1.4251,3.570624,72.681606,10.2384,66.01383,-0.38,6.27,339.99,12.84,333.42,0.06420612,-0.2126236,14.81199639,0.22833442,14.37103837
1985-07-15,75.67374,344.92,14.53006928,-1.95763,5.462654,70.211086,9.73434,65.9394,-2.02,6.48,338.44,12.95,331.97,-0.06314087,-0.32626343,14.85633271,0.19355395,14.33651533
1985-08-15,73.98057,343.41,14.6715812,-1.85966,5.57413,68.40644,6.62998,67.35059,-3.37,6.2,337.21,13.46,329.95,0.042696,-0.10979175,14.78137295,0.44392491,14.22765629
1985-09-15,74.73754,343.37,14.54500383,-1.51469,6.325656,68.411884,6.63736,68.10018,-2.89,6.32,337.05,14.88,328.49,-0.05436896,-0.15309428,14.69809811,0.3189144,14.22608943
1985-10-15,75.50767,344.64,14.41887563,-0.16607,5.29021,70.21746,6.87299,68.63468,-0.28,6.82,337.82,16.28,328.36,-0.11119365,-0.19110298,14.60997861,0.28111363,14.137762
1985-11-15,76.87715,345.79,14.47190278,2.89658,1.532305,75.344845,7.999514,68.877636,2.38,6.86,338.93,16.41,329.38,-0.19967842,-0.16450882,14.6364116,0.28157235,14.19033043
1985-12-15,77.182796,346.55,14.51992886,2.445256,-2.317474,79.50027,10.457556,66.72524,3.18,6.91,339.64,15.77,330.78,-0.02507497,-0.0734129,14.59334176,0.2772665,14.24266236
1986-01-15,78.568836,347.11,14.63353055,3.061166,-2.961044,81.52988,12.096806,66.47203,2.47,6.92,340.19,15.55,331.56,0.21465492,-0.25872516,14.89225571,0.29907702,14.33445353
1986-02-15,79.71623,347.34,14.6874532,2.83908,-2.90316,82.61939,15.99459,63.72164,1.55,6.59,340.75,14.6,332.74,0.21555042,-0.12872696,14.81618016,0.51880932,14.16864388
1986-03-15,79.09072,347.71,14.65307515,1.907924,-5.293576,84.384296,14.08615,65.00457,1.16,6.33,341.38,14.35,333.36,0.13314629,-0.24912453,14.90219968,0.60039042,14.05268473
1986-04-15,78.844715,348.22,14.76596253,0.275879,-6.520865,85.36558,12.665375,66.17934,1.11,6.54,341.68,13.48,334.74,0.13243198,-0.08674145,14.85270398,0.5218859,14.24407663
1986-05-15,77.56168,348.32,14.79647916,-2.15455,-9.134445,86.696125,10.69471,66.86697,0.98,6.89,341.43,13.6,334.72,0.10902596,-0.03937721,14.83585637,0.60695553,14.18952363
1986-06-15,78.341755,347.76,14.61777489,-0.748965,-8.834555,87.17631,9.335775,69.00598,0.05,7.13,340.63,13.79,333.97,-0.03530026,-0.19865609,14.81643098,0.29523182,14.32254307
1986-07-15,76.03612,346.29,14.61721699,-2.808595,-9.45653,85.49265,8.28706,67.74906,-1.93,7.07,339.22,13.21,333.08,-0.14874554,-0.20690346,14.82412045,0.20839026,14.40882673
1986-08-15,76.847644,344.92,14.62853043,-0.714036,-9.449791,86.297435,11.012834,65.83481,-3.4,6.84,338.08,14.24,330.68,-0.16794873,-0.20102215,14.82955258,0.31613445,14.31239598
1986-09-15,75.899845,344.86,14.53892319,-2.44191,-9.340795,85.24064,8.72461,67.175235,-2.9,6.89,337.97,15.9,328.96,-0.0788517,-0.19091416,14.72983735,0.17026996,14.36865323
1986-10-15,75.484516,346.03,14.47180169,-0.551604,-11.897974,87.38249,8.666236,66.81828,-0.26,6.96,339.07,17.31,328.72,-0.1454153,-0.17504501,14.6468467,0.46596146,14.00584023
1986-11-15,75.113994,347.3,14.56446259,-1.73365,-11.320191,86.434185,5.480944,69.63305,2.38,7.12,340.18,17.14,330.16,-0.06406784,-0.07627297,14.64073556,0.31842422,14.24603837
1986-12-15,76.31449,347.76,14.61865418,0.414645,-8.63771,84.9522,6.407016,69.907474,2.9,7.01,340.75,16.14,331.62,0.07973099,-0.21242523,14.83107941,0.21934318,14.399311
1987-01-15,78.16161,348.01,14.73305028,2.677094,-2.977805,81.139415,9.66393,68.49768,1.98,6.64,341.37,15.33,332.68,0.26124859,0.24394989,14.48910039,0.20456791,14.52848237
1987-02-15,80.858,348.56,14.77655499,5.744006,0.79019,80.06781,15.06563,65.79237,1.26,6.61,341.95,15.39,333.17,0.2120924,0.19883632,14.57771867,0.29673196,14.47982303
1987-03-15,78.62127,349.28,14.58453743,2.30678,-0.155154,78.776424,14.619405,64.001865,1.52,7.05,342.23,14.32,334.96,-0.03411675,0.1559219,14.42861553,0.09572696,14.48881047
1987-04-15,77.00704,349.98,14.73166745,-1.15457,0.70864,76.2984,15.238795,61.768245,1.97,7.46,342.52,13.84,336.14,-0.00138283,0.20352842,14.52813903,0.17477417,14.55689328
1987-05-15,78.46581,350.26,14.79305737,-2.39219,2.609125,75.856685,16.139604,62.326206,1.7,7.89,342.37,13.33,336.93,0.01650238,0.09925842,14.69379895,0.14216232,14.65089505
1987-06-15,80.040226,349.46,14.87453835,1.418956,5.396616,74.64361,17.199181,62.841045,0.18,7.97,341.49,13.29,336.17,0.29000092,0.22887039,14.64566796,0.19688797,14.67765038
1987-07-15,81.19447,347.84,14.97658913,4.18743,7.573525,73.620945,17.29988,63.89459,-2.14,8.09,339.75,12.95,334.89,0.24492168,0.24891472,14.72767441,0.3509779,14.62561123
1987-08-15,75.899845,346.61,14.79494088,-2.565965,0.897055,75.00279,11.364935,64.53491,-3.65,8.5,338.11,14.05,332.56,0.00188351,0.18300629,14.61193459,0.19590665,14.59903423
1987-09-15,74.05308,346.7,14.84177678,-5.987146,-5.00475,79.05783,8.51365,65.53943,-2.76,8.54,338.16,15.41,331.29,-0.03276157,0.24147892,14.60029786,0.42133525,14.42044153
1987-10-15,72.64046,347.97,14.71944897,-8.55401,-11.99608,84.63654,6.37929,66.26117,0.13,8.36,339.61,16.69,331.28,-0.25714016,0.17377184,14.54567713,0.37011718,14.34933179
1987-11-15,77.2935,349.25,14.69259637,1.393655,-9.964,87.2575,8.94167,68.35183,2.64,8.3,340.95,16.79,332.46,-0.10234451,0.14759254,14.54500383,0.11005211,14.58254426
1987-12-15,80.80442,350.21,14.93986218,6.75134,-7.01731,87.82173,9.67972,71.1247,3.51,8.44,341.77,16.61,333.6,0.0980854,0.10713959,14.83272259,0.41560935,14.52425283
1988-01-15,80.251224,350.91,14.93508141,7.610764,-9.328246,89.57947,6.571838,73.679386,2.94,8.54,342.37,15.97,334.94,0.21563244,0.02028465,14.91479676,0.42447662,14.51060479
1988-02-15,81.52965,351.47,14.73262113,4.23615,-7.35764,88.88729,4.10852,77.42113,2.22,8.73,342.74,16.21,335.26,0.04002476,-0.14003085,14.87265198,0.25024796,14.48237317
1988-03-15,79.51088,351.85,14.87388699,-1.29354,-10.993495,90.504375,3.10012,76.41076,1.64,8.81,343.04,15.19,336.66,-0.06597519,-0.00375653,14.87764352,0.38093471,14.49295228
1988-04-15,81.14236,352.3,14.87692349,0.891136,-12.49609,93.63845,5.04467,76.09769,1.39,8.79,343.51,14.61,337.69,-0.05815792,0.08776856,14.78915493,0.36269186,14.51423163
1988-05-15,81.25984,352.46,14.96336549,-0.26981,-15.57195,96.83179,8.85551,72.40433,0.99,8.62,343.84,14.44,338.02,0.230744355,0.030852315,14.93251317,0.389316555,14.57404893
1988-06-15,82.81355,351.76,14.90896886,3.30267,-12.550173,95.363723,11.89396,70.91959,-0.09,8.26,343.5,13.75,338.01,0.03508187,0.10902501,14.79994385,0.46882248,14.44014638
1988-07-15,83.007564,350.28,14.8685035,1.865204,-8.142746,91.15031,13.484794,69.52277,-2.02,8.14,342.14,13.78,336.5,-0.00841999,0.11931991,14.74918359,0.29110622,14.57739728
1988-08-15,84.53754,349.1,14.89924233,3.2777,1.03124,83.5063,13.49797,71.03957,-3.36,8.48,340.62,14.68,334.42,-0.064123155,0.0831995,14.81604283,0.55555725,14.34368508
1988-09-15,86.10578,349.27,14.87856763,3.29223,3.41962,82.68616,14.76637,71.33941,-2.49,8.74,340.53,16.91,332.36,-0.03040123,0.00966072,14.86890691,0.4974308,14.38113683
1988-10-15,86.77774,350.44,14.71413129,3.770176,7.05671,79.72103,15.1301,71.64764,0.16,8.69,341.75,17.99,332.45,-0.15437221,0.123806,14.59032529,0.34402946,14.37010183
1988-11-15,84.43183,351.61,14.49687093,-0.10571,1.90336,82.52847,17.299914,67.131916,2.51,8.78,342.83,17.85,333.76,-0.4023714,-0.21484947,14.7117204,-0.0418825,14.53875343
1988-12-15,79.97607,352.46,14.69619076,-6.12971,-0.51154,80.48761,15.75012,64.22595,3.19,8.97,343.49,17.55,334.91,-0.18237687,0.05434989,14.64184087,0.14505293,14.55113783
1989-01-15,80.01877,353.01,14.47002023,-6.75897,-1.89408,81.91285,18.68437,61.3344,2.57,8.69,344.32,16.45,336.56,-0.24411106,-0.19403076,14.66405099,-0.17423725,14.64425748
1989-02-15,81.368145,353.46,14.729021,-3.063685,-1.686855,83.055,18.891381,62.476764,1.85,8.64,344.82,16.17,337.29,0.23215007,0.22089863,14.50812237,0.35095307,14.37806793
1989-03-15,86.97679,354.01,14.70856755,7.00072,0.63468,86.34211,23.42097,63.55582,1.55,9.05,344.96,16.13,337.88,0.01237679,0.03544235,14.6731252,0.1291666,14.57940095
1989-04-15,87.7761,354.38,14.75093263,7.75733,0.56282,87.21328,24.45314,63.32296,1.37,9.19,345.19,16.06,338.32,0.2809124,0.15411187,14.59682076,0.1935768,14.55735583
1989-05-15,88.249965,354.19,14.65850251,6.88182,0.040445,88.20952,26.415455,61.83451,0.73,8.86,345.33,15.93,338.26,-0.07051849,-0.19243145,14.85093396,0.0394516,14.61905091
1989-06-15,86.3446,353.27,14.65953343,-0.63219,-4.034325,90.378925,24.03911,62.30549,-0.74,8.7,344.57,15.89,337.38,-0.04903412,0.09963226,14.55990117,0.02554512,14.63398831
1989-07-15,86.64994,351.56,14.82807248,-1.12616,-3.291905,89.941845,21.9881,64.66184,-2.82,8.36,343.2,15.99,335.57,0.07713985,0.2942133,14.53385918,0.25993347,14.56813901
1989-08-15,88.37359,350.21,14.74416058,0.123625,-2.955164,91.328754,18.936415,69.437175,-3.98,8,342.21,15.84,334.37,0.08565807,0.11691285,14.62724773,0.08782577,14.65633481
1989-09-15,89.71293,350.56,14.78293698,3.36833,0.53004,89.18289,17.62938,72.08355,-2.71,8.43,342.13,15.54,335.02,0.12340355,0.20315647,14.57978051,0.09342195,14.68951503
1989-10-15,90.00799,351.85,14.69082349,3.35805,1.732275,88.275715,15.50869,74.4993,0.29,8.86,342.99,15.49,336.36,-0.13724899,0.14713386,14.54368963,-0.0102663,14.70108979
1989-11-15,90.50005,353.04,14.57580463,2.12646,5.541825,84.958225,18.293404,72.206646,2.83,8.88,344.16,15.68,337.36,-0.16835595,0.1626768,14.41312783,-0.1056328,14.68143743
1989-12-15,88.78798,353.91,14.82591813,-0.92495,5.79978,82.9882,14.461965,74.326015,3.35,8.91,345,16.01,337.9,0.04298115,0.36340237,14.46251576,-0.10774612,14.93366425
1990-01-15,87.68265,354.48,14.83604233,-2.32534,8.67902,79.00363,13.48049,74.20216,2.63,9.13,345.35,15.9,338.58,0.14521884,0.19239425,14.64364808,0.0692501,14.76679223
1990-02-15,84.67841,354.87,14.79086487,-5.82164,4.837655,79.840755,9.411645,75.266765,1.83,9.07,345.8,15.61,339.26,0.21506024,0.41982841,14.37103646,-0.02648926,14.81735413
1990-03-15,83.57665,355.2,15.13869088,-5.21133,5.89932,77.67733,10.324175,73.252475,1.29,8.56,346.64,15.6,339.6,0.31277275,0.60352421,14.53516667,0.34962368,14.7890672
1990-04-15,84.179966,355.51,15.01340382,-3.502684,6.548596,77.63137,10.579846,73.60012,1.03,8.57,346.94,15.51,340,0.177361493,0.420193673,14.59321015,0.131600383,14.88180344
1990-05-15,84.12948,355.41,15.04921048,-0.54893,8.28925,75.84023,10.892965,73.236515,0.54,8.63,346.78,14.97,340.44,0.258345609,0.420325279,14.6288852,0.074688909,14.97452157
1990-06-15,88.3,354.32,14.88138097,4.72335,12.04777,76.25223,15.618394,72.681606,-0.88,8.06,346.26,14.33,339.99,-0.25730991,0.28200818,14.59937279,0.06938458,14.81199639
1990-07-15,88.204364,352.7,14.98770898,4.024398,12.530624,75.67374,17.993278,70.211086,-2.81,7.78,344.92,14.26,338.44,-0.025694847,0.457639696,14.53006928,0.131376266,14.85633271
1990-08-15,91.829296,351.58,14.89965337,7.699816,17.848726,73.98057,23.422856,68.40644,-3.83,8.17,343.41,14.37,337.21,-0.149557109,0.22807217,14.6715812,0.11828042,14.78137295
1990-09-15,91.90713,351.79,14.83529942,3.60713,17.16959,74.73754,23.495246,68.411884,-2.53,8.42,343.37,14.74,337.05,-0.04608155,0.29029559,14.54500383,0.13720131,14.69809811
1990-10-15,92.943367,353.19,14.90740197,4.739003,17.435697,75.50767,22.725907,70.21746,0.49,8.55,344.64,15.37,337.82,-0.080307006,0.48852634,14.41887563,0.29742336,14.60997861
1990-11-15,93.5849,354.45,14.94534962,1.755604,16.70775,76.87715,18.240055,75.344845,2.87,8.66,345.79,15.52,338.93,0.04569625,0.47344684,14.47190278,0.30893802,14.6364116
1990-12-15,90.893406,355.19,14.91627209,-1.013724,13.71061,77.182796,11.393136,79.50027,3.4,8.64,346.55,15.55,339.64,0.08097267,0.39634323,14.51992886,0.32293033,14.59334176
1991-01-15,92.38064,355.76,14.90032189,-0.562727,13.811804,78.568836,10.85076,81.52988,2.57,8.65,347.11,15.57,340.19,-0.00708008,0.26679134,14.63353055,0.00806618,14.89225571
1991-02-15,92.62589,356.19,14.94318383,-0.95901,12.90966,79.71623,10.0065,82.61939,1.74,8.85,347.34,15.44,340.75,-0.00216579,0.25573063,14.6874532,0.12700367,14.81618016
1991-03-15,93.50469,356.69,14.81302159,2.611284,14.41397,79.09072,9.120394,84.384296,1.5,8.98,347.71,15.31,341.38,-0.1032505,0.15994644,14.65307515,-0.08917809,14.90219968
1991-04-15,90.0765,357.2,14.94311135,-2.30414,11.231785,78.844715,4.71092,85.36558,1.44,8.98,348.22,15.52,341.68,0.04278946,0.17714882,14.76596253,0.09040737,14.85270398
1991-05-15,87.89126,357.11,14.88907521,-4.73463,10.32958,77.56168,1.195135,86.696125,0.92,8.79,348.32,15.68,341.43,-0.05410862,0.09259605,14.79647916,0.05321884,14.83585637
1991-06-15,87.447445,356.18,15.09365552,-6.057245,9.10569,78.341755,0.271135,87.17631,-0.51,8.42,347.76,15.55,340.63,0.280633927,0.475880627,14.61777489,0.277224537,14.81643098
1991-07-15,89.280216,354.53,15.01793664,-0.796284,13.244096,76.03612,3.787566,85.49265,-2.67,8.24,346.29,15.31,339.22,0.074825287,0.400719647,14.61721699,0.193816187,14.82412045
1991-08-15,91.72055,353.06,14.92604344,3.82929,14.872906,76.847644,5.423115,86.297435,-4.05,8.14,344.92,14.98,338.08,0.03696823,0.29751301,14.62853043,0.09649086,14.82955258
1991-09-15,92.571426,352.93,14.86400502,5.123981,16.671581,75.899845,7.330786,85.24064,-3.25,8.07,344.86,14.96,337.97,-0.229650497,0.32508183,14.53892319,0.13416767,14.72983735
1991-10-15,93.477665,354.01,14.71734517,4.197449,17.993149,75.484516,6.095175,87.38249,-0.52,7.98,346.03,14.94,339.07,-0.300591467,0.24554348,14.47180169,0.07049847,14.6468467
1991-11-15,94.011566,355.16,14.7075681,2.291016,18.897572,75.113994,7.577381,86.434185,2.1,7.86,347.3,14.98,340.18,-0.21847534,0.14310551,14.56446259,0.06683254,14.64073556
1991-12-15,93.55782,355.95,14.72886651,0.986394,17.24333,76.31449,8.60562,84.9522,3.02,8.19,347.76,15.2,340.75,-0.13513851,0.11021233,14.61865418,-0.1022129,14.83107941
1992-01-15,96.114124,356.54,14.85586064,2.636459,17.952514,78.16161,14.974709,81.139415,2.53,8.53,348.01,15.17,341.37,0.13851547,0.12281036,14.73305028,0.36676025,14.48910039
1992-02-15,98.103904,356.89,14.81510633,4.092338,17.245904,80.858,18.036094,80.06781,1.73,8.33,348.56,14.94,341.95,0.10753823,0.03855134,14.77655499,0.23738766,14.57771867
1992-03-15,96.636272,357.26,14.81876462,3.078452,18.015002,78.62127,17.859848,78.776424,1.31,7.98,349.28,15.03,342.23,0.08989811,0.23422719,14.58453743,0.39014909,14.42861553
1992-04-15,95.4949,357.76,14.64630693,-0.619224,18.48786,77.00704,19.1965,76.2984,1.22,7.78,349.98,15.24,342.52,-0.20955371,-0.08536052,14.73166745,0.1181679,14.52813903
1992-05-15,92.497566,357.83,14.72716038,-5.606338,14.031756,78.46581,16.640881,75.856685,0.94,7.57,350.26,15.46,342.37,-0.08794595,-0.06589699,14.79305737,0.03336143,14.69379895
1992-06-15,93.14323,356.87,14.74309723,-3.493042,13.103004,80.040226,18.49962,74.64361,-0.39,7.41,349.46,15.38,341.49,-0.07566739,-0.13144112,14.87453835,0.09742927,14.64566796
1992-07-15,91.460415,355.19,14.60397809,-4.034485,10.265945,81.19447,17.83947,73.620945,-2.57,7.35,347.84,15.44,339.75,-0.04232884,-0.37261104,14.97658913,-0.12369632,14.72767441
1992-08-15,91.51188,353.66,14.57749551,-0.985686,15.612035,75.899845,16.50909,75.00279,-4.17,7.05,346.61,15.55,338.11,-0.14966487,-0.21744537,14.79494088,-0.03443908,14.61193459
1992-09-15,92.56887,353.58,14.45674223,-0.57436,18.51579,74.05308,13.51104,79.05783,-3.29,6.88,346.7,15.42,338.16,-0.286355,-0.38503455,14.84177678,-0.14355563,14.60029786
1992-10-15,95.894287,354.81,14.46420473,4.433872,23.253827,72.64046,11.257747,84.63654,-0.38,6.84,347.97,15.2,339.61,-0.13977336,-0.25524424,14.71944897,-0.0814724,14.54567713
1992-11-15,94.9553,355.99,14.44800563,3.44342,17.6618,77.2935,7.6978,87.2575,2.33,6.74,349.25,15.04,340.95,-0.12948988,-0.24459074,14.69259637,-0.0969982,14.54500383
1992-12-15,93.697212,356.74,14.60251897,1.128342,12.892792,80.80442,5.875482,87.82173,3.16,6.53,350.21,14.97,341.77,0.14577674,-0.33734321,14.93986218,-0.23020362,14.83272259
1993-01-15,91.69907,357.2,14.75849049,-4.195217,11.447846,80.251224,2.1196,89.57947,2.39,6.29,350.91,14.83,342.37,0.29428576,-0.17659092,14.93508141,-0.15630627,14.91479676
1993-02-15,92.744972,357.54,14.75733559,-2.210328,11.215322,81.52965,3.857682,88.88729,1.55,6.07,351.47,14.8,342.74,0.30932996,0.02471446,14.73262113,-0.11531639,14.87265198
1993-03-15,94.424724,357.94,14.70220653,0.727512,14.913844,79.51088,3.920349,90.504375,1.2,6.09,351.85,14.9,343.04,0.09968756,-0.17168046,14.87388699,-0.17543699,14.87764352
1993-04-15,96.552562,358.41,14.73989575,4.853492,15.410202,81.14236,2.914112,93.63845,1.21,6.11,352.3,14.9,343.51,-0.01859474,-0.13702774,14.87692349,-0.04925918,14.78915493
1993-05-15,96.931938,358.38,14.77053635,4.186966,15.672098,81.25984,0.100148,96.83179,0.84,5.92,352.46,14.54,343.84,0.01320076,-0.192829135,14.96336549,-0.16197682,14.93251317
1993-06-15,92.840297,357.34,14.76315301,-1.584427,10.026747,82.81355,-2.523426,95.363723,-0.6,5.58,351.76,13.84,343.5,0.06094648,-0.14581585,14.90896886,-0.03679084,14.79994385
1993-07-15,89.34742,355.7,14.71521943,-7.205142,6.339856,83.007564,-1.80289,91.15031,-2.71,5.42,350.28,13.56,342.14,-0.02467632,-0.15328407,14.8685035,-0.03396416,14.74918359
1993-08-15,86.25107,354.41,14.68119805,-10.680868,1.71353,84.53754,2.74477,83.5063,-3.97,5.31,349.1,13.79,340.62,-0.0893383,-0.21804428,14.89924233,-0.13484478,14.81604283
1993-09-15,83.13441,354.47,14.54922478,-9.705887,-2.97137,86.10578,0.44825,82.68616,-2.87,5.2,349.27,13.94,340.53,-0.21392823,-0.32934285,14.87856763,-0.31968213,14.86890691
1993-10-15,84.39442,355.72,14.63538735,-4.953,-2.38332,86.77774,4.67339,79.72103,0.02,5.28,350.44,13.97,341.75,-0.07983208,-0.07874394,14.71413129,0.04506206,14.59032529
1993-11-15,83.16539,356.96,14.52332299,-3.08568,-1.26644,84.43183,0.63692,82.52847,2.55,5.35,351.61,14.13,342.83,-0.15787506,0.02645206,14.49687093,-0.18839741,14.7117204
1993-12-15,87.63863,357.87,14.71297066,4.50422,7.66256,79.97607,7.15102,80.48761,3.4,5.41,352.46,14.38,343.49,0.16374588,0.0167799,14.69619076,0.07112979,14.64184087
1994-01-15,91.13903,358.48,14.67052548,6.74461,11.12026,80.01877,9.22618,81.91285,2.76,5.47,353.01,14.16,344.32,0.03513813,0.20050525,14.47002023,0.00647449,14.66405099
1994-02-15,90.92921,359,14.42956633,7.76382,9.561065,81.368145,7.87421,83.055,2.04,5.54,353.46,14.18,344.82,-0.09375666,-0.29945467,14.729021,-0.07855604,14.50812237
1994-03-15,92.412983,359.36,14.64746278,4.774353,5.436193,86.97679,6.070873,86.34211,1.49,5.35,354.01,14.4,344.96,-0.06550788,-0.06110477,14.70856755,-0.02566242,14.6731252
1994-04-15,90.92132,359.71,14.78532975,-0.21771,3.14522,87.7761,3.70804,87.21328,1.23,5.33,354.38,14.52,345.19,0.11480427,0.03439712,14.75093263,0.18850899,14.59682076
1994-05-15,93.354355,359.74,14.71733658,2.425145,5.10439,88.249965,5.144835,88.20952,0.74,5.55,354.19,14.41,345.33,0.28777025,0.05883407,14.65850251,-0.13359738,14.85093396
1994-06-15,92.614937,358.8,14.81177037,0.201954,6.270337,86.3446,2.236012,90.378925,-0.56,5.53,353.27,14.23,344.57,0.16430759,0.15223694,14.65953343,0.2518692,14.55990117
1994-07-15,95.49193,357.27,14.79051678,4.57061,8.84199,86.64994,5.550085,89.941845,-2.44,5.71,351.56,14.07,343.2,0.00518703,-0.0375557,14.82807248,0.2566576,14.53385918
1994-08-15,94.87886,356.06,14.68130868,1.524505,6.50527,88.37359,3.550106,91.328754,-3.68,5.85,350.21,13.85,342.21,-0.0360279,-0.0628519,14.74416058,0.05406095,14.62724773
1994-09-15,94.84569,356.02,14.82715218,2.230753,5.13276,89.71293,5.6628,89.18289,-2.78,5.46,350.56,13.89,342.13,0.01538181,0.0442152,14.78293698,0.24737167,14.57978051
1994-10-15,94.569862,357.27,14.77362913,-0.922068,4.561872,90.00799,6.294147,88.275715,0,5.42,351.85,14.28,342.99,-0.01688765,0.08280564,14.69082349,0.2299395,14.54368963
1994-11-15,92.726764,358.69,14.8163976,-2.152096,2.226714,90.50005,7.768539,84.958225,2.63,5.65,353.04,14.53,344.16,0.13508892,0.24059297,14.57580463,0.40326977,14.41312783
1994-12-15,94.88728,359.55,14.7938184,0.04159,6.0993,88.78798,11.89908,82.9882,3.53,5.64,353.91,14.55,345,-0.03333378,-0.03209973,14.82591813,0.33130264,14.46251576
1995-01-15,95.863304,360.13,14.93702595,1.293442,8.180654,87.68265,16.859674,79.00363,2.86,5.65,354.48,14.78,345.35,0.16339682,0.10098362,14.83604233,0.29337787,14.64364808
1995-02-15,97.030616,360.62,15.13120263,4.303852,12.352206,84.67841,17.189861,79.840755,1.93,5.75,354.87,14.82,345.8,0.31480503,0.34033776,14.79086487,0.76016617,14.37103646
1995-03-15,98.31475,361.08,14.83012383,3.42747,14.7381,83.57665,20.63742,77.67733,1.53,5.88,355.2,14.44,346.64,0.03630543,-0.30856705,15.13869088,0.29495716,14.53516667
1995-04-15,96.5634,361.55,14.94652264,0.700096,12.383434,84.179966,18.93203,77.63137,1.42,6.04,355.51,14.61,346.94,0.00949669,-0.066881183,15.01340382,0.35331249,14.59321015
1995-05-15,96.187835,361.47,14.83063309,-0.842781,12.058355,84.12948,20.347605,75.84023,0.85,6.06,355.41,14.69,346.78,-0.30056954,-0.218577389,15.04921048,0.20174789,14.6288852
1995-06-15,95.405803,360.62,14.97967713,-2.908947,7.105803,88.3,19.153573,76.25223,-0.46,6.3,354.32,14.36,346.26,0.1495533,0.09829616,14.88138097,0.38030434,14.59937279
1995-07-15,97.314293,359,14.96123688,0.750893,9.109929,88.204364,21.640553,75.67374,-2.55,6.3,352.7,14.08,344.92,0.014714244,-0.026472092,14.98770898,0.431167604,14.53006928
1995-08-15,97.436405,357.74,14.95872681,1.24857,5.607109,91.829296,23.455835,73.98057,-3.73,6.16,351.58,14.33,343.41,0.12809372,0.05907344,14.89965337,0.28714561,14.6715812
1995-09-15,99.231308,358.06,14.86524098,3.825505,7.324178,91.90713,24.493768,74.73754,-2.56,6.27,351.79,14.69,343.37,-0.11443615,0.02994156,14.83529942,0.32023715,14.54500383
1995-10-15,100.478523,359.43,14.87071889,3.16423,7.535156,92.943367,24.970853,75.50767,0.43,6.24,353.19,14.79,344.64,-0.090517994,-0.03668308,14.90740197,0.45184326,14.41887563
1995-11-15,102.434932,360.77,14.84160798,4.998527,8.850032,93.5849,25.557782,76.87715,3.03,6.32,354.45,14.98,345.79,-0.11711883,-0.10374164,14.94534962,0.3697052,14.47190278
1995-12-15,105.707164,361.65,14.72534553,6.475856,14.813758,90.893406,28.524368,77.182796,3.59,6.46,355.19,15.1,346.55,-0.13989545,-0.19092656,14.91627209,0.20541667,14.51992886
1996-01-15,104.828735,362.14,14.70661823,4.350212,12.448095,92.38064,26.259899,78.568836,2.71,6.38,355.76,15.03,347.11,-0.16410066,-0.19370366,14.90032189,0.07308768,14.63353055
1996-02-15,104.587074,362.5,14.84378331,2.152142,11.961184,92.62589,24.870844,79.71623,1.73,6.31,356.19,15.16,347.34,0.00217533,-0.09940052,14.94318383,0.15633011,14.6874532
1996-03-15,99.05074,362.82,14.75550168,-6.656424,5.54605,93.50469,19.96002,79.09072,1.17,6.13,356.69,15.11,347.71,0.03015615,-0.05751991,14.81302159,0.10242653,14.65307515
1996-04-15,96.51965,363.14,14.72138113,-8.309085,6.44315,90.0765,17.674935,78.844715,1,5.94,357.2,14.92,348.22,0.0147629,-0.22173022,14.94311135,-0.0445814,14.76596253
1996-05-15,95.8071,363.29,14.69859021,-8.779974,7.91584,87.89126,18.24542,77.56168,0.79,6.18,357.11,14.97,348.32,-0.1451931,-0.190485,14.88907521,-0.09788895,14.79647916
1996-06-15,95.556102,362.88,14.74997609,-3.494638,8.108657,87.447445,17.214347,78.341755,0.06,6.7,356.18,15.12,347.76,-0.00552559,-0.343679427,15.09365552,0.1322012,14.61777489
1996-07-15,101.56173,361.57,14.85872262,5.04208,12.281514,89.280216,25.52561,76.03612,-1.57,7.04,354.53,15.28,346.29,0.13734149,-0.159214017,15.01793664,0.24150563,14.61721699
1996-08-15,103.91962,360.07,14.95408433,8.11252,12.19907,91.72055,27.071976,76.847644,-3.22,7.01,353.06,15.15,344.92,0.25549412,0.02804089,14.92604344,0.3255539,14.62853043
1996-09-15,109.484634,359.7,14.73831837,13.928532,16.913208,92.571426,33.584789,75.899845,-3.18,6.77,352.93,14.84,344.86,-0.01165772,-0.12568665,14.86400502,0.19939518,14.53892319
1996-10-15,106.80902,360.67,14.62530893,5.24729,13.331355,93.477665,31.324504,75.484516,-0.9,6.66,354.01,14.64,346.03,-0.23341369,-0.09203624,14.71734517,0.15350724,14.47180169
1996-11-15,105.13433,361.78,14.84633439,1.21471,11.122764,94.011566,30.020336,75.113994,1.71,6.62,355.16,14.48,347.3,-0.10774994,0.13876629,14.7075681,0.2818718,14.56446259
1996-12-15,103.304264,362.63,14.81988328,-6.18037,9.746444,93.55782,26.989774,76.31449,2.93,6.68,355.95,14.87,347.76,0.08156491,0.09101677,14.72886651,0.2012291,14.61865418
1997-01-15,105.82321,363.27,14.69682783,-0.98581,9.709086,96.114124,27.6616,78.16161,2.6,6.73,356.54,15.26,348.01,0.0715189,-0.15903281,14.85586064,-0.03622245,14.73305028
1997-02-15,108.390766,363.63,14.7514581,3.256436,10.286862,98.103904,27.532766,80.858,1.85,6.74,356.89,15.07,348.56,-0.09487629,-0.06364823,14.81510633,-0.02509689,14.77655499
1997-03-15,111.915184,364.02,14.89566701,8.61092,15.278912,96.636272,33.293914,78.62127,1.39,6.76,357.26,14.74,349.28,0.07578373,0.07690239,14.81876462,0.31112958,14.58453743
1997-04-15,112.402652,364.5,14.73790163,6.579442,16.907752,95.4949,35.395612,77.00704,1.23,6.74,357.76,14.52,349.98,0.0410738,0.0915947,14.64630693,0.00623418,14.73166745
1997-05-15,112.99538,364.5,14.81338399,4.604614,20.497814,92.497566,34.52957,78.46581,0.87,6.67,357.83,14.24,350.26,0.06192589,0.08622361,14.72716038,0.02032662,14.79305737
1997-06-15,112.75209,363.58,14.98571961,0.836906,19.60886,93.14323,32.711864,80.040226,-0.44,6.71,356.87,14.12,349.46,0.0900526,0.24262238,14.74309723,0.11118126,14.87453835
1997-07-15,108.21143,361.93,14.8930835,-4.191222,16.751015,91.460415,27.01696,81.19447,-2.57,6.74,355.19,14.09,347.84,0.15518187,0.28910541,14.60397809,-0.08350563,14.97658913
1997-08-15,107.991962,360.4,14.9316129,-5.003418,16.480082,91.51188,32.092117,75.899845,-4.1,6.74,353.66,13.79,346.61,0.11822891,0.35411739,14.57749551,0.13667202,14.79494088
1997-09-15,106.893753,360.4,15.00119584,-5.858337,14.324883,92.56887,32.840673,74.05308,-3.18,6.82,353.58,13.7,346.7,0.01547623,0.54445361,14.45674223,0.15941906,14.84177678
1997-10-15,111.93416,361.94,15.01276009,3.72273,16.039873,95.894287,39.2937,72.64046,0.01,7.13,354.81,13.97,347.97,0.119676593,0.548555363,14.46420473,0.293311123,14.71944897
1997-11-15,111.665493,363.61,15.04753392,3.673531,16.710193,94.9553,34.371993,77.2935,3.21,7.62,355.99,14.36,349.25,0.11592102,0.59952829,14.44800563,0.35493755,14.69259637
1997-12-15,113.83619,364.68,15.01794141,6.942437,20.138978,93.697212,33.03177,80.80442,4.28,7.94,356.74,14.47,350.21,0.016745565,0.415422435,14.60251897,0.078079225,14.93986218
1998-01-15,110.494392,365.19,15.01816743,-1.439768,18.795322,91.69907,30.243168,80.251224,3.25,7.99,357.2,14.28,350.91,0.005407333,0.259676936,14.75849049,0.083086016,14.93508141
1998-02-15,107.003338,365.46,15.2200517,-4.662155,14.258366,92.744972,25.473688,81.52965,1.85,7.92,357.54,13.99,351.47,0.17251778,0.46271611,14.75733559,0.48743057,14.73262113
1998-03-15,103.11629,365.93,15.03052895,-10.7199,8.691566,94.424724,23.60541,79.51088,1.25,7.99,357.94,14.08,351.85,0.012587547,0.328322422,14.70220653,0.156641962,14.87388699
1998-04-15,99.49221,366.58,15.18669217,-11.002182,2.939648,96.552562,18.34985,81.14236,1.39,8.17,358.41,14.28,352.3,0.168524744,0.44679642,14.73989575,0.30976868,14.87692349
1998-05-15,99.38153,366.86,15.24399846,-7.621808,2.449592,96.931938,18.12169,81.25984,1.4,8.48,358.38,14.4,352.46,0.02394676,0.47346211,14.77053635,0.280632975,14.96336549
1998-06-15,99.65335,366.26,15.24896901,-3.46294,6.813053,92.840297,16.8398,82.81355,0.33,8.92,357.34,14.5,351.76,0.218440058,0.485816,14.76315301,0.34000015,14.90896886
1998-07-15,101.852153,364.83,15.18690102,2.359943,12.504733,89.34742,18.844589,83.007564,-1.75,9.13,355.7,14.55,350.28,0.00020885,0.47168159,14.71521943,0.31839752,14.8685035
1998-08-15,102.89084,363.79,15.20706933,3.50931,16.63977,86.25107,18.3533,84.53754,-3.07,9.38,354.41,14.69,349.1,-0.03692913,0.52587128,14.68119805,0.307827,14.89924233
1998-09-15,105.05442,364.03,15.01308148,5.40107,21.92001,83.13441,18.94864,86.10578,-2.23,9.56,354.47,14.76,349.27,-0.23588753,0.4638567,14.54922478,0.13451385,14.87856763
1998-10-15,103.170837,365.34,14.88796036,1.318684,18.776417,84.39442,16.393097,86.77774,0.51,9.62,355.72,14.9,350.44,-0.29894066,0.25257301,14.63538735,0.17382907,14.71413129
1998-11-15,101.283447,366.6,14.8267669,-1.607393,18.118057,83.16539,16.851617,84.43183,2.81,9.64,356.96,14.99,351.61,-0.38030243,0.30344391,14.52332299,0.32989597,14.49687093
1998-12-15,100.33019,367.47,14.97844117,-4.72423,12.69156,87.63863,20.35412,79.97607,3.44,9.6,357.87,15.01,352.46,-0.03464031,0.26547051,14.71297066,0.28225041,14.69619076
1999-01-15,103.66195,368.11,14.83916562,0.491113,12.52292,91.13903,23.64318,80.01877,2.77,9.63,358.48,15.1,353.01,-0.04879474,0.16864014,14.67052548,0.36914539,14.47002023
1999-02-15,107.356903,368.51,15.01788895,6.073456,16.427693,90.92921,25.988758,81.368145,1.91,9.51,359,15.05,353.46,0.191122053,0.588322623,14.42956633,0.288867953,14.729021
1999-03-15,111.76668,368.91,14.67512314,11.43649,19.353697,92.412983,24.78989,86.97679,1.44,9.55,359.36,14.9,354.01,-0.30331803,0.02766036,14.64746278,-0.03344441,14.70856755
1999-04-15,111.05222,369.29,14.76235287,7.39027,20.1309,90.92132,23.27612,87.7761,1.18,9.58,359.71,14.91,354.38,-0.07681275,-0.02297688,14.78532975,0.01142024,14.75093263
1999-05-15,112.09982,369.21,14.76846497,4.742917,18.745465,93.354355,23.849855,88.249965,0.7,9.47,359.74,15.02,354.19,-0.249423983,0.05112839,14.71733658,0.10996246,14.65850251
1999-06-15,111.358635,368.36,14.83355611,-0.408045,18.743698,92.614937,25.014035,86.3446,-0.55,9.56,358.8,15.09,353.27,0.15843297,0.02178574,14.81177037,0.17402268,14.65953343
1999-07-15,112.889755,366.69,14.86318391,1.837535,17.397825,95.49193,26.239815,86.64994,-2.6,9.42,357.27,15.13,351.56,0.10083104,0.07266713,14.79051678,0.03511143,14.82807248
1999-08-15,111.840065,365.33,14.82805054,-0.259755,16.961205,94.87886,23.466475,88.37359,-3.88,9.27,356.06,15.12,350.21,0.05958557,0.14674186,14.68130868,0.08388996,14.74416058
1999-09-15,111.347656,365.45,14.86517995,-0.010979,16.501966,94.84569,21.634726,89.71293,-2.91,9.43,356.02,14.89,350.56,0.03162384,0.03802777,14.82715218,0.08224297,14.78293698
1999-10-15,109.78989,366.75,14.76424306,-3.099865,15.220028,94.569862,19.7819,90.00799,0.06,9.48,357.27,14.9,351.85,-0.09894085,-0.00938607,14.77362913,0.07341957,14.69082349
1999-11-15,106.473495,368.04,14.76277249,-5.36657,13.746731,92.726764,15.973445,90.50005,2.71,9.35,358.69,15,353.04,-0.06527805,-0.05362511,14.8163976,0.18696786,14.57580463
1999-12-15,104.36145,368.88,14.84224122,-6.986206,9.47417,94.88728,15.57347,88.78798,3.43,9.33,359.55,14.97,353.91,-0.02293873,0.04842282,14.7938184,0.01632309,14.82591813
2000-01-15,102.412903,369.39,14.67656701,-7.376987,6.549599,95.863304,14.730253,87.68265,2.64,9.26,360.13,14.91,354.48,-0.08767605,-0.26045894,14.93702595,-0.15947532,14.83604233
2000-02-15,105.103912,369.65,14.9293937,-1.369583,8.073296,97.030616,20.425502,84.67841,1.61,9.03,360.62,14.78,354.87,0.16662121,-0.20180893,15.13120263,0.13852883,14.79086487
2000-03-15,109.410602,369.97,14.84737103,5.049152,11.095852,98.31475,25.833952,83.57665,1.09,8.89,361.08,14.77,355.2,0.00512981,0.0172472,14.83012383,-0.29131985,15.13869088
2000-04-15,112.79869,370.35,14.98314374,10.385787,16.23529,96.5634,28.618724,84.179966,0.96,8.8,361.55,14.84,355.51,0.30657673,0.0366211,14.94652264,-0.030260083,15.01340382
2000-05-15,117.04341,370.24,14.84514993,11.939498,20.855575,96.187835,32.91393,84.12948,0.59,8.77,361.47,14.83,355.41,-0.08424377,0.01451684,14.83063309,-0.204060549,15.04921048
2000-06-15,116.30284,369.31,14.82182687,6.892238,20.897037,95.405803,28.00284,88.3,-0.66,8.69,360.62,14.99,354.32,-0.02554416,-0.15785026,14.97967713,-0.0595541,14.88138097
2000-07-15,117.348835,367.91,14.82737916,4.550145,20.034542,97.314293,29.144471,88.204364,-2.44,8.91,359,15.21,352.7,-0.15576458,-0.133857724,14.96123688,-0.160329816,14.98770898
2000-08-15,112.04023,366.76,14.89057343,-5.00318,14.603825,97.436405,20.210934,91.829296,-3.48,9.02,357.74,15.18,351.58,0.0454235,-0.06815338,14.95872681,-0.00907994,14.89965337
2000-09-15,109.635765,366.71,14.82714074,-6.667075,10.404457,99.231308,17.728635,91.90713,-2.6,8.65,358.06,14.92,351.79,0.00531387,-0.03810024,14.86524098,-0.00815868,14.83529942
2000-10-15,106.19326,367.91,14.66993706,-11.155575,5.714737,100.478523,13.249893,92.943367,0,8.48,359.43,14.72,353.19,-0.1574421,-0.20078183,14.87071889,-0.23746491,14.90740197
2000-11-15,107.212955,369.28,14.71932403,-4.827275,4.778023,102.434932,13.628055,93.5849,2.52,8.51,360.77,14.83,354.45,-0.1712494,-0.12228395,14.84160798,-0.22602559,14.94534962
2000-12-15,108.58264,370.1,14.72358506,-1.053125,2.875476,105.707164,17.689234,90.893406,3.39,8.45,361.65,14.91,355.19,-0.10355568,-0.00176047,14.72534553,-0.19268703,14.91627209
2001-01-15,112.70124,370.69,14.83636849,6.50798,7.872505,104.828735,20.3206,92.38064,2.78,8.55,362.14,14.93,355.76,0.16643143,0.12975026,14.70661823,-0.0639534,14.90032189
2001-02-15,113.14095,371.18,14.78312771,5.927995,8.553876,104.587074,20.51506,92.62589,1.9,8.68,362.5,14.99,356.19,0.06380368,-0.0606556,14.84378331,-0.16005612,14.94318383
2001-03-15,116.065803,371.58,14.90677827,7.483163,17.015063,99.05074,22.561113,93.50469,1.48,8.76,362.82,14.89,356.69,0.18319321,0.15127659,14.75550168,0.09375668,14.81302159
2001-04-15,114.036968,371.9,14.91245549,1.335728,17.517318,96.51965,23.960468,90.0765,1.21,8.76,363.14,14.7,357.2,0.076087,0.19107436,14.72138113,-0.03065586,14.94311135
2001-05-15,114.957943,371.76,15.0199899,1.816993,19.150843,95.8071,27.066683,87.89126,0.58,8.47,363.29,14.65,357.11,0.236862188,0.321399688,14.69859021,0.130914688,14.88907521
2001-06-15,115.308372,370.83,14.954791,-0.757431,19.75227,95.556102,27.860927,87.447445,-0.75,7.95,362.88,14.65,356.18,0.04801273,0.20481491,14.74997609,-0.138864517,15.09365552
2001-07-15,116.9829,369.45,15.04464905,2.945932,15.42117,101.56173,27.702684,89.280216,-2.45,7.88,361.57,14.92,354.53,0.132193564,0.185926434,14.85872262,0.026712417,15.01793664
2001-08-15,118.77984,368.31,15.01466553,3.821897,14.86022,103.91962,27.05929,91.72055,-3.45,8.24,360.07,15.25,353.06,-0.005324364,0.060581204,14.95408433,0.088622094,14.92604344
2001-09-15,118.77835,368.36,14.98771088,3.469978,9.293716,109.484634,26.206924,92.571426,-2.47,8.66,359.7,15.43,352.93,0.03291988,0.24939251,14.73831837,0.12370586,14.86400502
2001-10-15,115.913696,369.71,14.95957463,-1.069204,9.104676,106.80902,22.436031,93.477665,0.26,9.04,360.67,15.7,354.01,-0.085074424,0.3342657,14.62530893,0.24222946,14.71734517
2001-11-15,112.138588,371.06,15.16546624,-6.641252,7.004258,105.13433,18.127022,94.011566,2.75,9.28,361.78,15.9,355.16,0.150800706,0.31913185,14.84633439,0.45789814,14.7075681
2001-12-15,109.1759,371.98,15.0959224,-9.60245,5.871636,103.304264,15.61808,93.55782,3.62,9.35,362.63,16.03,355.95,0.10821152,0.27603912,14.81988328,0.36705589,14.72886651
2002-01-15,109.158542,372.51,15.16137879,-6.755154,3.335332,105.82321,13.044418,96.114124,2.8,9.24,363.27,15.97,356.54,0.20180416,0.46455096,14.69682783,0.30551815,14.85586064
2002-02-15,110.20633,372.91,15.05776303,-1.932258,1.815564,108.390766,12.102426,98.103904,1.85,9.28,363.63,16.02,356.89,-0.10770321,0.30630493,14.7514581,0.2426567,14.81510633
2002-03-15,111.039955,373.38,15.25693314,1.864055,-0.875229,111.915184,14.403683,96.636272,1.4,9.36,364.02,16.12,357.26,0.16101074,0.36126613,14.89566701,0.43816852,14.81876462
2002-04-15,110.49504,373.73,15.00224393,1.336498,-1.907612,112.402652,15.00014,95.4949,1.22,9.23,364.5,15.97,357.76,-0.159134864,0.264342296,14.73790163,0.355936996,14.64630693
2002-05-15,112.181034,373.71,15.14574044,1.974704,-0.814346,112.99538,19.683468,92.497566,0.8,9.21,364.5,15.88,357.83,0.08797741,0.33235645,14.81338399,0.41858006,14.72716038
2002-06-15,114.689705,372.84,15.08895009,3.64975,1.937615,112.75209,21.546475,93.14323,-0.54,9.26,363.58,15.97,356.87,-0.167983053,0.103230477,14.98571961,0.345852857,14.74309723
2002-07-15,114.770034,371.41,15.09909051,4.274994,6.558604,108.21143,23.309619,91.460415,-2.32,9.48,361.93,16.22,355.19,0.09684658,0.206007006,14.8930835,0.495112416,14.60397809
2002-08-15,113.881565,370.35,15.01901429,1.700531,5.889603,107.991962,22.369685,91.51188,-3.36,9.95,360.4,16.69,353.66,-0.12672615,0.08740139,14.9316129,0.44151878,14.57749551
2002-09-15,115.831157,370.67,15.0710954,1.141452,8.937404,106.893753,23.262287,92.56887,-2.17,10.27,360.4,17.09,353.58,-0.01785469,0.069899557,15.00119584,0.614353167,14.45674223
2002-10-15,117.178386,371.95,14.98469632,2.408352,5.244226,111.93416,21.284099,95.894287,0.54,10.01,361.94,17.14,354.81,-0.114394186,-0.028063773,15.01276009,0.52049159,14.46420473
2002-11-15,119.516117,373.28,15.01114362,5.634552,7.850624,111.665493,24.560817,94.9553,2.93,9.67,363.61,17.29,355.99,-0.007870675,-0.036390305,15.04753392,0.563137985,14.44800563
2002-12-15,117.992534,374.26,14.94362824,2.161377,4.156344,113.83619,24.295322,93.697212,3.59,9.58,364.68,17.52,356.74,-0.127467157,-0.074313165,15.01794141,0.34110927,14.60251897
2003-01-15,116.771408,374.94,15.17265122,-0.406978,6.277016,110.494392,25.072338,91.69907,2.99,9.75,365.19,17.74,357.2,0.1879549,0.154483794,15.01816743,0.41416073,14.75849049
2003-02-15,115.2845,375.47,14.97837632,-4.231617,8.281162,107.003338,22.539528,92.744972,2.19,10.01,365.46,17.93,357.54,-0.032767295,-0.24167538,15.2200517,0.22104073,14.75733559
2003-03-15,114.54695,375.91,14.89992803,-3.445584,11.43066,103.11629,20.122226,94.424724,1.65,9.98,365.93,17.97,357.94,-0.04370021,-0.130600922,15.03052895,0.1977215,14.70220653
2003-04-15,118.69934,376.39,14.94577687,1.927932,19.20713,99.49221,22.146778,96.552562,1.45,9.81,366.58,17.98,358.41,-0.22687435,-0.2409153,15.18669217,0.20588112,14.73989575
2003-05-15,121.42575,376.54,15.05208009,6.14125,22.04422,99.38153,24.493812,96.931938,1.07,9.68,366.86,18.16,358.38,0.073703765,-0.191918375,15.24399846,0.281543735,14.77053635
2003-06-15,125.734,375.71,14.92695134,11.18705,26.08065,99.65335,32.893703,92.840297,-0.2,9.45,366.26,18.37,357.34,0.02702331,-0.32201767,15.24896901,0.16379833,14.76315301
2003-07-15,126.219194,374.16,15.01790231,7.519854,24.367041,101.852153,36.871774,89.34742,-2.23,9.33,364.83,18.46,355.7,0.072125435,-0.168998715,15.18690102,0.302682875,14.71521943
2003-08-15,128.744873,372.93,15.11152642,7.319123,25.854033,102.89084,42.493803,86.25107,-3.61,9.14,363.79,18.52,354.41,0.059446335,-0.09554291,15.20706933,0.43032837,14.68119805
2003-09-15,129.626985,373.09,15.13968842,3.892985,24.572565,105.05442,46.492575,83.13441,-2.62,9.06,364.03,18.62,354.47,0.21273708,0.12660694,15.01308148,0.59046364,14.54922478
2003-10-15,129.383672,374.36,15.16966622,3.164478,26.212835,103.170837,44.989252,84.39442,0.2,9.02,365.34,18.64,355.72,0.151763915,0.28170586,14.88796036,0.53427887,14.63538735
2003-11-15,125.117574,375.65,15.02842515,-3.627299,23.834127,101.283447,41.952184,83.16539,2.72,9.05,366.6,18.69,356.96,-0.083101273,0.201658247,14.8267669,0.505102157,14.52332299
2003-12-15,123.494003,376.52,15.24313348,-6.132982,23.163813,100.33019,35.855373,87.63863,3.43,9.05,367.47,18.65,357.87,0.10344506,0.26469231,14.97844117,0.53016282,14.71297066
2004-01-15,120.248504,377.21,15.02434438,-9.135168,16.586554,103.66195,29.109474,91.13903,2.85,9.1,368.11,18.73,358.48,-0.145321845,0.185178755,14.83916562,0.353818895,14.67052548
2004-02-15,117.841,377.72,15.09291833,-7.276574,10.484097,107.356903,26.91179,90.92921,2.07,9.21,368.51,18.72,359,0.064493179,0.075029373,15.01788895,0.663351996,14.42956633
2004-03-15,118.74687,378.15,15.05475133,-4.747133,6.98019,111.76668,26.333887,92.412983,1.63,9.24,368.91,18.79,359.36,-0.188382154,0.379628186,14.67512314,0.407288546,14.64746278
2004-04-15,120.220764,378.48,15.05147355,-0.02774,9.168544,111.05222,29.299444,90.92132,1.27,9.19,369.29,18.77,359.71,0.027129173,0.289120678,14.76235287,0.266143798,14.78532975
2004-05-15,125.348842,378.41,14.85547345,7.507842,13.249022,112.09982,31.994487,93.354355,0.69,9.2,369.21,18.67,359.74,-0.237444876,0.08700848,14.76846497,0.13813687,14.71733658
2004-06-15,126.92848,377.51,14.97237103,8.18161,15.569845,111.358635,34.313543,92.614937,-0.64,9.15,368.36,18.71,358.8,-0.082380296,0.13881492,14.83355611,0.16060066,14.81177037
2004-07-15,125.188566,375.94,14.78929417,4.967802,12.298811,112.889755,29.696636,95.49193,-2.54,9.25,366.69,18.67,357.27,-0.262179378,-0.07388974,14.86318391,-0.00122261,14.79051678
2004-08-15,125.788276,374.47,14.90403073,0.439434,13.948211,111.840065,30.909416,94.87886,-3.94,9.14,365.33,18.41,356.06,0.04855728,0.07598019,14.82805054,0.22272205,14.68130868
2004-09-15,123.272262,374.38,15.0258035,-3.656218,11.924606,111.347656,28.426572,94.84569,-3.13,8.93,365.45,18.36,356.02,0.053432466,0.160623546,14.86517995,0.198651316,14.82715218
2004-10-15,122.7608,375.72,15.07233136,-2.427766,12.97091,109.78989,28.190938,94.569862,-0.22,8.97,366.75,18.45,357.27,0.283037189,0.308088299,14.76424306,0.298702229,14.77362913
2004-11-15,120.767902,377.2,15.13698762,-5.020374,14.294407,106.473495,28.041138,92.726764,2.73,9.16,368.04,18.51,358.69,0.23295689,0.37421513,14.76277249,0.32059002,14.8163976
2004-12-15,120.82878,378.17,14.97008126,-2.443482,16.46733,104.36145,25.9415,94.88728,3.79,9.29,368.88,18.62,359.55,-0.055722236,0.12784004,14.84224122,0.17626286,14.7938184
2005-01-15,124.00909,378.73,15.21366589,1.24829,21.596187,102.412903,28.145786,95.863304,3.01,9.34,369.39,18.6,360.13,0.141334531,0.53709888,14.67656701,0.27663994,14.93702595
2005-02-15,124.00211,379.27,15.0718736,3.234208,18.898198,105.103912,26.971494,97.030616,2.07,9.62,369.65,18.65,360.62,-0.065114025,0.142479895,14.9293937,-0.059329035,15.13120263
2005-03-15,122.29541,379.87,15.15442078,1.46663,12.884808,109.410602,23.98066,98.31475,1.7,9.9,369.97,18.79,361.08,0.18433952,0.30704975,14.84737103,0.32429695,14.83012383
2005-04-15,121.972427,380.32,15.13630574,-2.036663,9.173737,112.79869,25.409027,96.5634,1.59,9.97,370.35,18.77,361.55,-0.07736015,0.153162,14.98314374,0.1897831,14.94652264
2005-05-15,122.793293,380.42,15.13534634,-1.208817,5.749883,117.04341,26.605458,96.187835,1.15,10.18,370.24,18.95,361.47,0.063472745,0.29019641,14.84514993,0.30471325,14.83063309
2005-06-15,124.815344,379.6,15.14225285,2.519934,8.512504,116.30284,29.409541,95.405803,-0.27,10.29,369.31,18.98,360.62,-0.01216793,0.32042598,14.82182687,0.16257572,14.97967713
2005-07-15,125.01755,377.94,15.15046113,3.045123,7.668715,117.348835,27.703257,97.314293,-2.38,10.03,367.91,18.94,359,0.01415539,0.32308197,14.82737916,0.189224246,14.96123688
2005-08-15,123.524116,376.73,15.09521096,0.730823,11.483886,112.04023,26.087711,97.436405,-3.69,9.97,366.76,18.99,357.74,-0.04013538,0.20463753,14.89057343,0.13648415,14.95872681
2005-09-15,119.8733,376.76,15.1955375,-4.942044,10.237535,109.635765,20.641992,99.231308,-2.84,10.05,366.71,18.7,358.06,0.05328465,0.36839676,14.82714074,0.33029652,14.86524098
2005-10-15,118.814083,378.07,15.23747342,-6.203467,12.620823,106.19326,18.33556,100.478523,0.13,10.16,367.91,18.64,359.43,0.08701229,0.56753636,14.66993706,0.36675453,14.87071889
2005-11-15,117.244056,379.53,15.19727795,-6.28006,10.031101,107.212955,14.809124,102.434932,2.8,10.25,369.28,18.76,360.77,0.10206699,0.47795392,14.71932403,0.35566997,14.84160798
2005-12-15,118.27293,380.53,15.16687958,-1.60037,9.69029,108.58264,12.565766,105.707164,3.77,10.43,370.1,18.88,361.65,-0.028657916,0.443294524,14.72358506,0.441534054,14.72534553
2006-01-15,117.760055,381.34,15.02233308,-1.054028,5.058815,112.70124,12.93132,104.828735,3.27,10.65,370.69,19.2,362.14,-0.215140345,0.185964585,14.83636849,0.315714845,14.70661823
2006-02-15,120.731624,381.96,15.15526192,3.487568,7.590674,113.14095,16.14455,104.587074,2.43,10.78,371.18,19.46,362.5,-0.04201603,0.37213421,14.78312771,0.31147861,14.84378331
2006-03-15,125.62858,382.35,15.054511,7.35565,9.562777,116.065803,26.57784,99.05074,1.82,10.77,371.58,19.53,362.82,-0.112368584,0.14773273,14.90677827,0.29900932,14.75550168
2006-04-15,127.562286,382.67,14.99594681,9.802231,13.525318,114.036968,31.042636,96.51965,1.33,10.77,371.9,19.53,363.14,-0.026386261,0.083491324,14.91245549,0.274565684,14.72138113
2006-05-15,125.976164,382.62,14.99404996,5.24454,11.018221,114.957943,30.169064,95.8071,0.66,10.86,371.76,19.33,363.29,-0.161211964,-0.025939942,15.0199899,0.295459746,14.69859021
2006-06-15,122.02568,381.76,15.14697545,-3.6029,6.717308,115.308372,26.469578,95.556102,-0.59,10.93,370.83,18.88,362.88,0.09246445,0.19218445,14.954791,0.39699936,14.74997609
2006-07-15,120.62849,380.06,15.06843941,-6.933796,3.64559,116.9829,19.06676,101.56173,-2.61,10.61,369.45,18.49,361.57,0.0724926,0.02379036,15.04464905,0.209716794,14.85872262
2006-08-15,122.749065,378.47,15.13658135,-3.227099,3.969225,118.77984,18.829445,103.91962,-4.15,10.16,368.31,18.4,360.07,0.142531394,0.121915816,15.01466553,0.18249702,14.95408433
2006-09-15,125.230089,378.63,15.11396401,3.204409,6.451739,118.77835,15.745455,109.484634,-3.13,10.27,368.36,18.93,359.7,-0.03301144,0.12625313,14.98771088,0.37564564,14.73831837
2006-10-15,126.487613,380.09,15.2035455,5.859123,10.573917,115.913696,19.678593,106.80902,0.03,10.38,369.71,19.42,360.67,0.135106086,0.24397087,14.95957463,0.57823657,14.62530893
2006-11-15,126.104767,381.45,15.16690057,3.355702,13.966179,112.138588,20.970437,105.13433,2.98,10.39,371.06,19.67,361.78,0.030319215,0.001434325,15.16546624,0.320566175,14.84633439
2006-12-15,120.125744,382.4,15.2610759,-5.104345,10.949844,109.1759,16.82148,103.304264,3.77,10.42,371.98,19.77,362.63,0.14711189,0.1651535,15.0959224,0.44119262,14.81988328
2007-01-15,117.495544,383.03,15.42936033,-8.992069,8.337002,109.158542,11.672334,105.82321,2.94,10.52,372.51,19.76,363.27,0.22581483,0.26798154,15.16137879,0.7325325,14.69682783
2007-02-15,112.43483,383.54,15.15385525,-13.669937,2.2285,110.20633,4.044064,108.390766,2.09,10.63,372.91,19.91,363.63,-0.013045311,0.096092224,15.05776303,0.402397154,14.7514581
2007-03-15,116.768272,384.01,15.06664937,-3.357472,5.728317,111.039955,4.853088,111.915184,1.61,10.63,373.38,19.99,364.02,-0.194426533,-0.190283773,15.25693314,0.170982357,14.89566701
2007-04-15,121.23625,384.27,15.23957627,3.740706,10.74121,110.49504,8.833598,112.402652,1.24,10.54,373.73,19.77,364.5,-0.18978406,0.237332344,15.00224393,0.50167464,14.73790163
2007-05-15,129.933113,384.12,15.14963238,17.498283,17.752079,112.181034,16.937733,112.99538,0.58,10.41,373.71,19.62,364.5,-0.00422287,0.003891944,15.14574044,0.336248394,14.81338399
2007-06-15,134.264314,383.26,15.04199403,17.496042,19.574609,114.689705,21.512224,112.75209,-0.75,10.42,372.84,19.68,363.58,-0.024655342,-0.046956062,15.08895009,0.056274415,14.98571961
2007-07-15,136.276619,381.55,15.07145875,15.040369,21.506585,114.770034,28.065189,108.21143,-2.72,10.14,371.41,19.62,361.93,-0.168117523,-0.027631759,15.09909051,0.178375247,14.8930835
2007-08-15,134.720787,380.3,15.04687112,4.787674,20.839222,113.881565,26.728825,107.991962,-3.82,9.95,370.35,19.9,360.4,-0.102761268,0.027856826,15.01901429,0.115258216,14.9316129
2007-09-15,130.987348,380.69,14.97605222,-3.276966,15.156191,115.831157,24.093595,106.893753,-2.57,10.02,370.67,20.29,360.4,-0.06594181,-0.095043182,15.0710954,-0.025143625,15.00119584
2007-10-15,129.0908,382.1,15.05158131,-7.185819,11.912414,117.178386,17.15664,111.93416,0.55,10.15,371.95,20.16,361.94,-0.019877434,0.066884993,14.98469632,0.03882122,15.01276009
2007-11-15,129.408088,383.45,15.02711957,-5.312699,9.891971,119.516117,17.742595,111.665493,3.15,10.17,373.28,19.84,363.61,-0.019751549,0.015975952,15.01114362,-0.020414353,15.04753392
2007-12-15,129.60773,384.46,14.97654526,-1.379618,11.615196,117.992534,15.77154,113.83619,3.77,10.2,374.26,19.78,364.68,0.000493049,0.032917024,14.94362824,-0.041396141,15.01794141
2008-01-15,130.561712,385.23,14.7380914,1.470912,13.790304,116.771408,20.06732,110.494392,3.13,10.29,374.94,20.04,365.19,-0.313489913,-0.43455982,15.17265122,-0.280076026,15.01816743
2008-02-15,129.421209,385.74,14.74510663,0.013121,14.136709,115.2845,22.417871,107.003338,2.29,10.27,375.47,20.28,365.46,-0.282012937,-0.23326969,14.97837632,-0.47494507,15.2200517
2008-03-15,133.966087,386.15,15.08472531,4.358357,19.419137,114.54695,30.849797,103.11629,1.69,10.24,375.91,20.22,365.93,0.108180046,0.18479728,14.89992803,0.054196358,15.03052895
2008-04-15,136.735809,386.53,14.93918603,6.174097,18.036469,118.69934,37.243599,99.49221,1.3,10.14,376.39,19.95,366.58,0.20109463,-0.00659084,14.94577687,-0.24750614,15.18669217
2008-05-15,142.14747,386.49,14.96058362,12.726261,20.72172,121.42575,42.76594,99.38153,0.75,9.95,376.54,19.63,366.86,0.21547699,-0.091496465,15.05208009,-0.28341484,15.24399846
2008-06-15,142.457011,385.58,14.86739819,8.490924,16.723011,125.734,42.803661,99.65335,-0.57,9.87,375.71,19.32,366.26,-0.21732712,-0.05955315,14.92695134,-0.38157082,15.24896901
2008-07-15,144.305919,384.1,15.04166405,7.57011,18.086725,126.219194,42.453766,101.852153,-2.43,9.94,374.16,19.27,364.83,0.102478024,0.023761749,15.01790231,-0.145236966,15.18690102
2008-08-15,141.473921,382.77,14.98658936,-0.673549,12.729048,128.744873,38.583081,102.89084,-3.72,9.84,372.93,18.98,363.79,0.02600574,-0.12493706,15.11152642,-0.22047997,15.20706933
2008-09-15,139.23998,382.54,15.03575413,-3.217031,9.612995,129.626985,34.18556,105.05442,-3.04,9.45,373.09,18.51,364.03,0.168355944,-0.103934286,15.13968842,0.022672654,15.01308148
2008-10-15,134.927671,383.67,15.10273926,-9.378248,5.543999,129.383672,31.756834,103.170837,-0.43,9.31,374.36,18.33,365.34,0.06107521,-0.066926956,15.16966622,0.214778904,14.88796036
2008-11-15,134.160999,385.18,15.11732667,-7.312922,9.043425,125.117574,32.877552,101.283447,2.41,9.53,375.65,18.58,366.6,0.130737307,0.08890152,15.02842515,0.290559767,14.8267669
2008-12-15,131.598829,386.27,15.02185815,-7.641151,8.104826,123.494003,31.268639,100.33019,3.73,9.75,376.52,18.8,367.47,-0.013895988,-0.221275334,15.24313348,0.043416976,14.97844117
2009-01-15,132.48921,387.03,15.12588303,-2.438461,12.240706,120.248504,28.82726,103.66195,3.36,9.82,377.21,18.92,368.11,0.023143769,0.101538658,15.02434438,0.286717413,14.83916562
2009-02-15,130.812553,387.48,15.03115361,-3.348446,12.971553,117.841,23.45565,107.356903,2.3,9.76,377.72,18.97,368.51,-0.086173057,-0.061764716,15.09291833,0.013264657,15.01788895
2009-03-15,134.212001,387.71,14.94473927,2.613172,15.465131,118.74687,22.445321,111.76668,1.44,9.56,378.15,18.8,368.91,-0.077118876,-0.110012056,15.05475133,0.26961613,14.67512314
2009-04-15,135.486898,387.99,15.00578587,2.997688,15.266134,120.220764,24.434678,111.05222,0.96,9.51,378.48,18.7,369.29,-0.120097161,-0.045687676,15.05147355,0.243433002,14.76235287
2009-05-15,141.18386,387.95,15.06172364,10.371307,15.835018,125.348842,29.08404,112.09982,0.47,9.54,378.41,18.74,369.21,0.030570029,0.206250189,14.85547345,0.293258669,14.76846497
2009-06-15,144.768006,386.96,15.0701999,10.556005,17.839526,126.92848,33.409371,111.358635,-0.75,9.45,377.51,18.6,368.36,0.125460627,0.097828867,14.97237103,0.236643787,14.83355611
2009-07-15,146.191392,385.01,15.20279496,10.704494,21.002826,125.188566,33.301637,112.889755,-2.98,9.07,375.94,18.32,366.69,0.197009088,0.41350079,14.78929417,0.33961105,14.86318391
2009-08-15,146.855412,383.63,15.11080735,5.671552,21.067136,125.788276,35.015347,111.840065,-4.32,9.16,374.47,18.3,365.33,0.049083711,0.20677662,14.90403073,0.28275681,14.82805054
2009-09-15,148.6461894,383.93,15.16958421,3.8781834,25.3739274,123.272262,37.2985334,111.347656,-3.03,9.55,374.38,18.48,365.45,0.099384308,0.143780709,15.0258035,0.304404255,14.86517995
2009-10-15,150.045441,385.49,15.1456012,3.854049,27.284641,122.7608,40.255551,109.78989,0.48,9.77,375.72,18.74,366.75,-0.05719376,0.073269841,15.07233136,0.38135814,14.76424306
2009-11-15,152.3688945,386.94,15.20674413,5.5134825,31.6009925,120.767902,45.8953995,106.473495,3.31,9.74,377.2,18.9,368.04,0.09593678,0.06975651,15.13698762,0.44397164,14.76277249
2009-12-15,156.1029103,387.84,15.13387864,7.4567209,35.2741303,120.82878,51.7414603,104.36145,3.91,9.67,378.17,18.96,368.88,-0.035705565,0.16379738,14.97008126,0.29163742,14.84224122
2010-01-15,155.7508602,388.62,15.25987237,5.705419163,31.74177016,124.00909,53.33795716,102.412903,3.13,9.89,378.73,19.23,369.39,0.11427117,0.04620648,15.21366589,0.58330536,14.67656701
2010-02-15,158.2308602,389.33,15.28808873,5.861965663,34.22875016,124.00211,53.12694816,105.103912,2.39,10.06,379.27,19.68,369.65,0.0813446,0.216215135,15.0718736,0.35869503,14.9293937
2010-03-15,154.9508602,389.68,15.33490746,-1.152050137,32.65545016,122.29541,45.54025816,109.410602,1.84,9.81,379.87,19.71,369.97,0.20102882,0.18048668,15.15442078,0.48753643,14.84737103
2010-04-15,157.9408602,389.98,15.3182792,2.19,35.96843316,121.972427,45.14217016,112.79869,1.36,9.66,380.32,19.63,370.35,0.05840683,0.18197346,15.13630574,0.33513546,14.98314374
2010-05-15,158.4208602,389.95,15.26413148,0.19,35.62756716,122.793293,41.37745016,117.04341,0.62,9.53,380.42,19.71,370.24,-0.02395725,0.12878514,15.13534634,0.41898155,14.84514993
2010-06-15,159.6108602,389.01,15.15237324,4.66,34.79551616,124.815344,43.30802016,116.30284,-0.67,9.41,379.6,19.7,369.31,-0.182534216,0.010120394,15.14225285,0.330546374,14.82182687
2010-07-15,158.1408602,387.35,15.11706727,0.2,33.12331016,125.01755,40.79202516,117.348835,-2.63,9.41,377.94,19.44,367.91,-0.201211933,-0.033393863,15.15046113,0.289688107,14.82737916
2010-08-15,160.7608602,386.23,15.11172478,2.34,37.23674416,123.524116,48.72063016,112.04023,-3.72,9.5,376.73,19.47,366.76,-0.152406696,0.016513824,15.09521096,0.221151354,14.89057343
2010-09-15,155.2608602,386.7,15.16490453,-4.35,35.38756016,119.8733,45.62509516,109.635765,-2.31,9.94,376.76,19.99,366.71,0.012531281,-0.030632975,15.1955375,0.337763785,14.82714074
2010-10-15,155.4908602,388.25,15.18196957,-2.65,36.67677716,118.814083,49.29760016,106.19326,0.9,10.18,378.07,20.34,367.91,0.064902303,-0.05550385,15.23747342,0.51203251,14.66993706
2010-11-15,156.5108602,389.62,15.19965165,-4.25,39.26680416,117.244056,49.29790516,107.212955,3.39,10.09,379.53,20.34,369.28,0.087926866,0.0023737,15.19727795,0.48032762,14.71932403
2010-12-15,153.2908602,390.34,14.96411412,-1.97,35.01793016,118.27293,44.70822016,108.58264,3.64,9.81,380.53,20.24,370.1,-0.200790405,-0.202765464,15.16687958,0.24052906,14.72358506
2011-01-15,152.9308602,390.85,14.97575276,-2.56,35.17080516,117.760055,40.22962016,112.70124,2.6,9.51,381.34,20.16,370.69,-0.20621681,-0.046580315,15.02233308,0.13938427,14.83636849
2011-02-15,151.9008602,391.29,14.88992207,-4.61,31.16923616,120.731624,38.75991016,113.14095,1.67,9.33,381.96,20.11,371.18,-0.30972958,-0.26533985,15.15526192,0.10679436,14.78312771
2011-03-15,153.5108602,391.66,15.00736706,0.22,27.88228016,125.62858,37.44505716,116.065803,1.32,9.31,382.35,20.08,371.58,0.043252944,-0.047143936,15.054511,0.100588794,14.90677827
2011-04-15,153.3808602,392.05,15.07948296,0.45,25.81857416,127.562286,39.34389216,114.036968,1.2,9.38,382.67,20.15,371.9,0.103730203,0.083536149,14.99594681,0.167027473,14.91245549
2011-05-15,153.6608602,392.08,15.02400868,1.76,27.68469616,125.976164,38.70291716,114.957943,0.79,9.46,382.62,20.32,371.76,0.13408661,0.029958724,14.99404996,0.004018782,15.0199899
2011-06-15,155.3808602,391.14,15.08623975,1.87,33.35518016,122.02568,40.07248816,115.308372,-0.52,9.38,381.76,20.31,370.83,0.078872681,-0.060735705,15.14697545,0.131448745,14.954791
2011-07-15,151.6908602,389.2,15.20817368,-1.69,31.06237016,120.62849,34.70796016,116.9829,-2.85,9.14,380.06,19.75,369.45,0.128690717,0.139734266,15.06843941,0.163524626,15.04464905
2011-08-15,154.6208602,387.87,15.17635148,0.96,31.87179516,122.749065,35.84102016,118.77984,-4.21,9.4,378.47,19.56,368.31,0.1523428,0.03977013,15.13658135,0.161685946,15.01466553
2011-09-15,152.4308602,388.27,15.11322587,-2.95,27.20077116,125.230089,33.65251016,118.77835,-2.87,9.64,378.63,19.91,368.36,0.026986122,-0.000738143,15.11396401,0.125514987,14.98771088
2011-10-15,159.1908602,389.83,15.09518426,7.5,32.70324716,126.487613,43.27716416,115.913696,0.63,9.74,380.09,20.12,369.71,-0.112989424,-0.108361244,15.2035455,0.135609626,14.95957463
2011-11-15,151.5108602,391.19,14.9712476,-3.11,25.40609316,126.104767,39.37227216,112.138588,3.32,9.74,381.45,20.13,371.06,-0.20510388,-0.195652965,15.16690057,-0.19421864,15.16546624
2011-12-15,158.2408602,392.02,15.02782052,5.81,38.11511616,120.125744,49.06496016,109.1759,3.75,9.62,382.4,20.04,371.98,-0.08540535,-0.233255383,15.2610759,-0.068101883,15.0959224
2012-01-15,162.2008602,392.61,14.900649,3.01,44.70531616,117.495544,53.04231816,109.158542,2.78,9.58,383.03,20.1,372.51,-0.194535256,-0.52871133,15.42936033,-0.26072979,15.16137879
2012-02-15,163.5008602,393.2,14.88691228,11.99,51.06603016,112.43483,53.29453016,110.20633,2.01,9.66,383.54,20.29,372.91,-0.08433532,-0.266942974,15.15385525,-0.17085075,15.05776303
2012-03-15,162.2708602,393.72,14.92973607,4.03,45.50258816,116.768272,51.23090516,111.039955,1.7,9.71,384.01,20.34,373.38,-0.098084447,-0.136913297,15.06664937,-0.32719707,15.25693314
2012-04-15,161.9308602,393.99,15.12017911,-0.27,40.69461016,121.23625,51.43582016,110.49504,1.38,9.72,384.27,20.26,373.73,0.219530107,-0.119397163,15.23957627,0.117935181,15.00224393
2012-05-15,165.0908602,393.88,15.23926919,1.59,35.15774716,129.933113,52.90982616,112.181034,0.68,9.76,384.12,20.17,373.71,0.35235691,0.089636806,15.14963238,0.09352875,15.14574044
2012-06-15,167.9308602,392.84,15.18523114,5.66,33.66654616,134.264314,53.24115516,114.689705,-0.88,9.58,383.26,20,372.84,0.25549507,0.143237115,15.04199403,0.096281053,15.08895009
2012-07-15,168.5208602,391,15.10537713,6.59,32.24424116,136.276619,53.75082616,114.770034,-2.99,9.45,381.55,19.59,371.41,-0.014801979,0.033918381,15.07145875,0.006286622,15.09909051
2012-08-15,165.6308602,389.89,15.14196389,0.54,30.91007316,134.720787,51.74929516,113.881565,-3.99,9.59,380.3,19.54,370.35,-0.0973053,0.095092774,15.04687112,0.1229496,15.01901429
2012-09-15,167.1408602,390.55,15.1787719,-0.79,36.15351216,130.987348,51.30970316,115.831157,-2.29,9.86,380.69,19.88,370.67,-0.00645924,0.202719685,14.97605222,0.107676503,15.0710954
2012-10-15,167.4208602,392.16,15.28476708,-1.1,38.33006016,129.0908,50.24247416,117.178386,1.16,10.06,382.1,20.21,371.95,0.179389952,0.233185767,15.05158131,0.30007076,14.98469632
2012-11-15,168.0708602,393.56,15.26181977,2.44,38.66277216,129.408088,48.55474316,119.516117,3.67,10.11,383.45,20.28,373.28,0.11985588,0.234700203,15.02711957,0.250676155,15.01114362
2012-12-15,167.2408602,394.39,15.03374951,0.1,37.63313016,129.60773,49.24832616,117.992534,3.84,9.93,384.46,20.13,374.26,-0.14502239,0.057204246,14.97654526,0.09012127,14.94362824
2013-01-15,167.3708602,395.07,15.21294873,-0.05,36.80914816,130.561712,50.59945216,116.771408,2.91,9.84,385.23,20.13,374.94,-0.07181835,0.47485733,14.7380914,0.04029751,15.17265122
2013-02-15,167.3008602,395.69,15.08155816,-0.77,37.87965116,129.421209,52.01636016,115.2845,2.13,9.95,385.74,20.22,375.47,-0.180261612,0.336451528,14.74510663,0.103181838,14.97837632
2013-03-15,169.6208602,396.28,15.08987134,2.38,35.65477316,133.966087,55.07391016,114.54695,1.89,10.13,386.15,20.37,375.91,0.056121827,0.005146027,15.08472531,0.189943307,14.89992803
2013-04-15,167.3708602,396.74,15.02946751,0,30.63505116,136.735809,48.67152016,118.69934,1.67,10.21,386.53,20.35,376.39,-0.183481217,0.090281483,14.93918603,0.083690643,14.94577687
2013-05-15,168.5108602,396.75,15.08720772,1.21,26.36339016,142.14747,47.08511016,121.42575,1.06,10.26,386.49,20.21,376.54,0.005649566,0.126624104,14.96058362,0.035127639,15.05208009
2013-06-15,166.1808602,395.96,15.17324155,-3.44,23.72384916,142.457011,40.44686016,125.734,-0.32,10.38,385.58,20.25,375.71,0.083370209,0.305843356,14.86739819,0.246290206,14.92695134
2013-07-15,166.3608602,394.48,15.04006951,-1.01,22.05494116,144.305919,40.14166616,126.219194,-2.26,10.38,384.1,20.32,374.16,0.010601997,-0.001594544,15.04166405,0.022167205,15.01790231
2013-08-15,163.2208602,393.24,15.12020676,-5.29,21.74693916,141.473921,34.47598716,128.744873,-3.51,10.47,382.77,20.31,372.93,0.032999039,0.133617403,14.98658936,0.008680343,15.11152642
2013-09-15,162.6908602,393.21,15.23555367,-3.49,23.45088016,139.23998,33.06387516,129.626985,-2.75,10.67,382.54,20.12,373.09,0.062312124,0.199799536,15.03575413,0.09586525,15.13968842
2013-10-15,166.3208602,394.5,15.11700433,-0.04,31.39318916,134.927671,36.93718816,129.383672,0.02,10.83,383.67,20.14,374.36,0.076934815,0.014265061,15.10273926,-0.052661895,15.16966622
2013-11-15,168.7708602,395.96,15.2155637,5.55,34.60986116,134.160999,43.65328616,125.117574,2.72,10.78,385.18,20.31,375.65,0.095356937,0.098237033,15.11732667,0.187138553,15.02842515
2013-12-15,164.5908602,396.87,15.19239133,1.9,32.99203116,131.598829,41.09685716,123.494003,3.66,10.6,386.27,20.35,376.52,-0.04316234,0.170533184,15.02185815,-0.05074215,15.24313348
2014-01-15,167.9708602,397.51,15.19315236,1.65,35.48165016,132.48921,47.72235616,120.248504,3.01,10.48,387.03,20.3,377.21,0.076148035,0.067269327,15.12588303,0.168807985,15.02434438
2014-02-15,171.0008602,397.97,14.97013371,2.23,40.18830716,130.812553,53.15986016,117.841,2.01,10.49,387.48,20.25,377.72,-0.24542999,-0.0610199,15.03115361,-0.122784616,15.09291833
2014-03-15,171.0308602,398.27,15.15658849,6.44,36.81885916,134.212001,52.28399016,118.74687,1.4,10.56,387.71,20.12,378.15,-0.035802845,0.211849215,14.94473927,0.101837159,15.05475133
2014-04-15,170.3108602,398.63,15.17536824,2.34,34.82396216,135.486898,50.09009616,120.220764,1.12,10.64,387.99,20.15,378.48,-0.01778412,0.169582368,15.00578587,0.123894692,15.05147355
2014-05-15,167.7308602,398.69,15.24910062,-3.27,26.54700016,141.18386,42.38201816,125.348842,0.72,10.74,387.95,20.28,378.41,0.27896691,0.187376981,15.06172364,0.39362717,14.85547345
2014-06-15,170.1208602,397.72,15.13792126,-0.91,25.35285416,144.768006,43.19238016,126.92848,-0.55,10.76,386.96,20.21,377.51,-0.018667225,0.067721363,15.0701999,0.16555023,14.97237103
2014-07-15,171.7908602,396.13,15.13083451,1.48,25.59946816,146.191392,46.60229416,125.188566,-2.5,11.12,385.01,20.19,375.94,-0.04453373,-0.07196045,15.20279496,0.34154034,14.78929417
2014-08-15,172.3808602,395.02,15.20141976,4.65,25.52544816,146.855412,46.59258416,125.788276,-3.67,11.39,383.63,20.55,374.47,-0.04768086,0.09061241,15.11080735,0.29738903,14.90403073
2014-09-15,171.8808602,395.12,15.25030511,1.76,23.23467076,148.6461894,48.60859816,123.272262,-2.6,11.19,383.93,20.74,374.38,0.11238385,0.080720905,15.16958421,0.224501614,15.0258035
2014-10-15,174.2608602,396.38,15.22916882,2.47,24.21541916,150.045441,51.50006016,122.7608,0.25,10.89,385.49,20.66,375.72,0.09833431,0.08356762,15.1456012,0.156837461,15.07233136
2014-11-15,171.2708602,397.86,15.11702721,-1.11,18.90196566,152.3688945,50.50295816,120.767902,2.84,10.92,386.94,20.66,377.2,-0.084392547,-0.089716917,15.20674413,-0.019960407,15.13698762
2014-12-15,177.4808602,398.83,15.25396913,5.6,21.37794986,156.1029103,56.65208016,120.82878,3.71,10.99,387.84,20.66,378.17,0.00366402,0.12009049,15.13387864,0.28388787,14.97008126
2015-01-15,174.5608602,399.56,15.25869076,0.3,18.81,155.7508602,50.55177016,124.00909,3.18,10.94,388.62,20.83,378.73,0.02952194,-0.00118161,15.25987237,0.04502487,15.21366589
2015-02-15,176.8708602,400.12,15.26466363,5.6,18.64,158.2308602,52.86875016,124.00211,2.26,10.79,389.33,20.85,379.27,0.147636417,-0.0234251,15.28808873,0.192790035,15.0718736
2015-03-15,176.7908602,400.57,15.29459469,-0.69,21.84,154.9508602,54.49545016,122.29541,1.74,10.89,389.68,20.7,379.87,0.04062556,-0.04031277,15.33490746,0.14017391,15.15442078
2015-04-15,178.8908602,400.96,15.12236111,4.33,20.95,157.9408602,56.91843316,121.972427,1.4,10.98,389.98,20.64,380.32,-0.136329647,-0.195918087,15.3182792,-0.013944627,15.13630574
2015-05-15,176.5108602,400.91,15.24234955,-0.36,18.09,158.4208602,53.71756716,122.793293,0.79,10.96,389.95,20.49,380.42,-0.02231408,-0.02178193,15.26413148,0.10700321,15.13534634
2015-06-15,178.8608602,400.06,15.25204175,2.07,19.25,159.6108602,54.04551616,124.815344,-0.51,11.05,389.01,20.46,379.6,-0.04255294,0.099668506,15.15237324,0.1097889,15.14225285
2015-07-15,178.7108602,398.38,15.21876519,-0.18,20.57,158.1408602,53.69331016,125.01755,-2.58,11.03,387.35,20.44,377.94,0.096404077,0.101697923,15.11706727,0.06830406,15.15046113
2015-08-15,179.0408602,397.07,15.30767815,2.53,18.28,160.7608602,55.51674416,123.524116,-3.84,10.84,386.23,20.34,376.73,0.0653286,0.195953366,15.11172478,0.21246719,15.09521096
2015-09-15,181.2908602,397.34,15.33273595,2.43,26.03,155.2608602,61.41756016,119.8733,-2.72,10.64,386.7,20.58,376.76,0.0806942,0.167831425,15.16490453,0.13719845,15.1955375
2015-10-15,184.0108602,398.8,15.50684445,5.3,28.52,155.4908602,65.19677716,118.814083,0.42,10.55,388.25,20.73,378.07,0.28807926,0.32487488,15.18196957,0.26937103,15.23747342
2015-11-15,179.0808602,400.36,15.45170013,0.04,22.57,156.5108602,61.83680416,117.244056,3.29,10.74,389.62,20.83,379.53,0.14402198,0.25204848,15.19965165,0.25442218,15.19727795
2015-12-15,181.7808602,401.66,15.60498423,0.49,28.49,153.2908602,63.50793016,118.27293,4.32,11.32,390.34,21.13,380.53,0.27224828,0.64087011,14.96411412,0.438104646,15.16687958
2016-01-15,180.9408602,402.62,15.61722273,-3.07,28.01,152.9308602,63.18080516,117.760055,3.82,11.77,390.85,21.28,381.34,0.11037828,0.64146997,14.97575276,0.594889655,15.02233308
2016-02-15,183.8208602,403.26,15.75360103,4.74,31.92,151.9008602,63.08923616,120.731624,2.9,11.97,391.29,21.3,381.96,0.3019009,0.86367896,14.88992207,0.59833911,15.15526192
2016-03-15,182.0508602,403.85,15.69174853,0.27,28.54,153.5108602,56.42228016,125.62858,2.19,12.19,391.66,21.5,382.35,0.0867643,0.684381466,15.00736706,0.63723753,15.054511
2016-04-15,182.6408602,404.36,15.59541793,1.7,29.26,153.3808602,55.07857416,127.562286,1.74,12.31,392.05,21.69,382.67,-0.0218048,0.515934967,15.07948296,0.599471116,14.99594681
2016-05-15,181.4308602,404.4,15.48107426,-2.39,27.77,153.6608602,55.45469616,125.976164,1.14,12.32,392.08,21.78,382.62,-0.27252677,0.45706558,15.02400868,0.487024304,14.99404996
2016-06-15,182.8208602,403.62,15.32701199,0.77,27.44,155.3808602,60.79518016,122.02568,-0.23,12.48,391.14,21.86,381.76,-0.36473654,0.240772245,15.08623975,0.18003654,15.14697545
2016-07-15,181.8508602,402.1,15.42561143,-0.79,30.16,151.6908602,61.22237016,120.62849,-2.26,12.9,389.2,22.04,380.06,-0.1698065,0.21743775,15.20817368,0.357172016,15.06843941
2016-08-15,178.1908602,400.78,15.46664423,-3.24,23.57,154.6208602,55.44179516,122.749065,-3.62,12.91,387.87,22.31,378.47,-0.01443003,0.29029275,15.17635148,0.33006288,15.13658135
2016-09-15,181.3008602,400.96,15.42360585,-1.52,28.87,152.4308602,56.07077116,125.230089,-2.66,12.69,388.27,22.33,378.63,0.09659386,0.310379983,15.11322587,0.30964184,15.11396401
2016-10-15,178.1108602,402.41,15.40717786,-3.74,18.92,159.1908602,51.62324716,126.487613,0.31,12.58,389.83,22.32,380.09,-0.01843357,0.311993604,15.09518426,0.20363236,15.2035455
2016-11-15,184.9508602,403.76,15.47066109,6.76,33.44,151.5108602,58.84609316,126.104767,2.98,12.57,391.19,22.31,381.45,0.00401686,0.49941349,14.9712476,0.303760525,15.16690057
2016-12-15,182.8408602,404.67,15.40104573,1.54,24.6,158.2408602,62.71511616,120.125744,3.71,12.65,392.02,22.27,382.4,-0.02256012,0.373225213,15.02782052,0.13996983,15.2610759
2017-01-15,183.1908602,405.33,15.46963685,5.08,20.99,162.2008602,65.69531616,117.495544,2.92,12.72,392.61,22.3,383.03,0.06245899,0.56898785,14.900649,0.04027652,15.42936033
2017-02-15,180.4708602,405.91,15.56533616,-4.48,16.97,163.5008602,68.03603016,112.43483,2.15,12.71,393.2,22.37,383.54,0.09467507,0.67842388,14.88691228,0.411480906,15.15385525
2017-03-15,182.9208602,406.32,15.56554597,0.08,20.65,162.2708602,66.15258816,116.768272,1.65,12.6,393.72,22.31,384.01,0.16450024,0.6358099,14.92973607,0.498896603,15.06664937
2017-04-15,182.9508602,406.6,15.39408009,-0.24,21.02,161.9308602,61.71461016,121.23625,1.27,12.61,393.99,22.33,384.27,-0.07555676,0.273900983,15.12017911,0.15450382,15.23957627
2017-05-15,182.6208602,406.64,15.43829816,2.15,17.53,165.0908602,52.68774716,129.933113,0.73,12.76,393.88,22.52,384.12,-0.127038,0.19902897,15.23926919,0.288665776,15.14963238
2017-06-15,182.1208602,405.85,15.26768963,-0.8,14.19,167.9308602,47.85654616,134.264314,-0.47,13.01,392.84,22.59,383.26,-0.29785634,0.08245849,15.18523114,0.225695605,15.04199403
2017-07-15,183.2808602,404.11,15.33069413,0.33,14.76,168.5208602,47.00424116,136.276619,-2.49,13.11,391,22.56,381.55,-0.06338596,0.225317002,15.10537713,0.259235383,15.07145875
2017-08-15,183.5508602,402.57,15.36134903,0.93,17.92,165.6308602,48.83007316,134.720787,-4.07,12.68,389.89,22.27,380.3,-0.07694913,0.21938514,15.14196389,0.314477914,15.04687112
2017-09-15,185.2308602,402.66,15.34541313,3.11,18.09,167.1408602,54.24351216,130.987348,-3.19,12.11,390.55,21.97,380.69,0.0777235,0.16664123,15.1787719,0.369360915,14.97605222
2017-10-15,184.1608602,404.16,15.42494481,0.88,16.74,167.4208602,55.07006016,129.0908,0.05,12,392.16,22.06,382.1,0.09425068,0.14017773,15.28476708,0.373363497,15.05158131
2017-11-15,186.7608602,405.7,15.31378453,3.21,18.69,168.0708602,57.35277216,129.408088,3.13,12.14,393.56,22.25,383.45,-0.0475645,0.05196476,15.26181977,0.286664963,15.02711957
2017-12-15,186.6708602,406.75,15.43740647,1.44,19.43,167.2408602,57.06313016,129.60773,4.09,12.36,394.39,22.29,384.46,0.09199334,0.40365696,15.03374951,0.460861206,14.97654526
2018-01-15,185.3108602,407.53,15.30684655,1.15,17.94,167.3708602,54.74914816,130.561712,3.37,12.46,395.07,22.3,385.23,-0.11809826,0.09389782,15.21294873,0.56875515,14.7380914
2018-02-15,182.8108602,408.23,15.32842725,-3.95,15.51,167.3008602,53.38965116,129.421209,2.53,12.54,395.69,22.49,385.74,0.01464272,0.246869092,15.08155816,0.58332062,14.74510663
2018-03-15,185.6908602,408.77,15.33907788,-0.98,16.07,169.6208602,51.72477316,133.966087,2.02,12.49,396.28,22.62,386.15,-0.09832859,0.249206543,15.08987134,0.25435257,15.08472531
2018-04-15,184.1008602,409.07,15.37097923,-1.21,16.73,167.3708602,47.36505116,136.735809,1.54,12.33,396.74,22.54,386.53,0.06413268,0.341511717,15.02946751,0.4317932,14.93918603
2018-05-15,185.0508602,408.93,15.31758778,2.24,16.54,168.5108602,42.90339016,142.14747,0.7,12.18,396.75,22.44,386.49,-0.01083947,0.230380056,15.08720772,0.35700416,14.96058362
2018-06-15,184.8908602,408.06,15.29082577,-0.8,18.71,166.1808602,42.43384916,142.457011,-0.71,12.1,395.96,22.48,385.58,-0.04825211,0.117584224,15.17324155,0.42342758,14.86739819
2018-07-15,187.1308602,406.49,15.34341233,3.03,20.77,166.3608602,42.82494116,144.305919,-2.58,12.01,394.48,22.39,384.1,-0.0275669,0.30334282,15.04006951,0.301748276,15.04166405
2018-08-15,185.9908602,405.11,15.27386277,0.94,22.77,163.2208602,44.51693916,141.473921,-3.82,11.87,393.24,22.34,382.77,-0.04372501,0.153656007,15.12020676,0.28727341,14.98658936
2018-09-15,188.3708602,405.18,15.26527493,3.48,25.68,162.6908602,49.13088016,139.23998,-2.88,11.97,393.21,22.64,382.54,-0.02555084,0.02972126,15.23555367,0.229520796,15.03575413
2018-10-15,188.2708602,406.65,15.42020123,1.14,21.95,166.3208602,53.34318916,134.927671,0.16,12.15,394.5,22.98,383.67,0.0767889,0.303196905,15.11700433,0.317461966,15.10273926
2018-11-15,188.3008602,408.12,15.30406468,2.31,19.53,168.7708602,54.13986116,134.160999,3.01,12.16,395.96,22.94,385.18,0.03020191,0.08850098,15.2155637,0.186738013,15.11732667
2018-12-15,187.0608602,409.19,15.39654916,-1.31,22.47,164.5908602,55.46203116,131.598829,4.01,12.32,396.87,22.92,386.27,0.13127423,0.20415783,15.19239133,0.374691014,15.02185815
2019-01-15,191.6308602,409.93,15.35048478,3.36,23.66,167.9708602,59.14165016,132.48921,3.28,12.42,397.51,22.9,387.03,-0.06971645,0.15733242,15.19315236,0.224601747,15.12588303
2019-02-15,190.2408602,410.35,15.37420553,1.94,19.24,171.0008602,59.42830716,130.812553,2.23,12.38,397.97,22.87,387.48,0.07014085,0.40407182,14.97013371,0.34305192,15.03115361
2019-03-15,192.9508602,410.9,15.57404797,5.89,21.92,171.0308602,58.73885916,134.212001,1.71,12.63,398.27,23.19,387.71,0.17749881,0.417459485,15.15658849,0.6293087,14.94473927
2019-04-15,190.5408602,411.35,15.50307458,-1.09,20.23,170.3108602,55.05396216,135.486898,1.42,12.72,398.63,23.36,387.99,0.1525898,0.32770634,15.17536824,0.497288708,15.00578587
2019-05-15,191.7808602,411.36,15.42254633,1.54,24.05,167.7308602,50.59700016,141.18386,1.01,12.67,398.69,23.41,387.95,0.0483408,0.17344571,15.24910062,0.360822691,15.06172364
2019-06-15,194.1508602,410.54,15.43440907,1.2,24.03,170.1208602,49.38285416,144.768006,-0.36,12.82,397.72,23.58,386.96,-0.1396389,0.29648781,15.13792126,0.364209173,15.0701999
2019-07-15,192.6708602,408.88,15.46196931,2.13,20.88,171.7908602,46.47946816,146.191392,-2.47,12.75,396.13,23.87,385.01,-0.04110527,0.3311348,15.13083451,0.25917435,15.20279496
2019-08-15,195.2308602,407.64,15.4214267,3.45,22.85,172.3808602,48.37544816,146.855412,-3.72,12.62,395.02,24.01,383.63,-0.00111963,0.22000694,15.20141976,0.31061935,15.11080735
2019-09-15,194.3208602,407.93,15.44459813,0.17,22.44,171.8808602,45.67467076,148.6461894,-2.61,12.81,395.12,24,383.93,0.01018906,0.19429302,15.25030511,0.275013925,15.16958421
2019-10-15,193.6508602,409.44,15.51872913,0.98,19.39,174.2608602,43.60541916,150.045441,0.56,13.06,396.38,23.95,385.49,0.05675982,0.28956031,15.22916882,0.37312793,15.1456012
2019-11-15,194.8708602,410.87,15.47071641,-0.36,23.6,171.2708602,42.50196566,152.3688945,3.23,13.01,397.86,23.93,386.94,0.04928971,0.353689197,15.11702721,0.26397228,15.20674413
2019-12-15,194.0708602,411.76,15.60501663,-0.25,16.59,177.4808602,37.96794986,156.1029103,3.83,12.93,398.83,23.92,387.84,0.1604185,0.3510475,15.25396913,0.47113799,15.13387864
2020-01-15,190.6008602,412.43,15.64730253,-3.05,16.04,174.5608602,34.85,155.7508602,2.99,12.87,399.56,23.81,388.62,0.1285734,0.38861177,15.25869076,0.38743016,15.25987237
2020-02-15,195.8708602,412.95,15.66495698,1,19,176.8708602,37.64,158.2308602,2.08,12.83,400.12,23.62,389.33,0.19424057,0.40029335,15.26466363,0.37686825,15.28808873
2020-03-15,194.2008602,413.44,15.55351346,0.13,17.41,176.7908602,39.25,154.9508602,1.68,12.87,400.57,23.76,389.68,-0.05150317,0.25891877,15.29459469,0.218606,15.33490746
2020-04-15,193.6808602,413.86,15.58614438,3.08,14.79,178.8908602,35.74,157.9408602,1.43,12.9,400.96,23.88,389.98,-0.06115815,0.463783267,15.12236111,0.26786518,15.3182792
2020-05-15,195.7008602,413.81,15.53170197,-0.17,19.19,176.5108602,37.28,158.4208602,0.86,12.9,400.91,23.86,389.95,-0.13325501,0.28935242,15.24234955,0.26757049,15.26413148
2020-06-15,193.9208602,412.88,15.42594617,-0.28,15.06,178.8608602,34.31,159.6108602,-0.56,12.82,400.06,23.87,389.01,-0.12756729,0.17390442,15.25204175,0.273572926,15.15237324
2020-07-15,196.1108602,411.17,15.3903579,2.43,17.4,178.7108602,37.97,158.1408602,-2.69,12.79,398.38,23.82,387.35,-0.19578648,0.17159271,15.21876519,0.273290633,15.11706727
2020-08-15,193.4608602,409.73,15.33213036,-2.24,14.42,179.0408602,32.7,160.7608602,-4.08,12.66,397.07,23.5,386.23,-0.19957161,0.02445221,15.30767815,0.220405576,15.11172478
2020-09-15,195.2608602,410,15.49936383,1.34,13.97,181.2908602,40,155.2608602,-2.88,12.66,397.34,23.3,386.7,0.07341766,0.16662788,15.33273595,0.334459305,15.16490453
2020-10-15,197.7408602,411.66,15.44153779,1.63,13.73,184.0108602,42.25,155.4908602,0.49,12.86,398.8,23.41,388.25,0.05117989,-0.06530666,15.50684445,0.25956822,15.18196957
2020-11-15,196.8508602,413.25,15.60293477,3.39,17.77,179.0808602,40.34,156.5108602,3.52,12.89,400.36,23.63,389.62,0.27080441,0.15123464,15.45170013,0.40328312,15.19965165
2020-12-15,195.5808602,414.14,15.30055516,0.32,13.8,181.7808602,42.29,153.2908602,4.14,12.48,401.66,23.8,390.34,-0.19880867,-0.30442907,15.60498423,0.33644104,14.96411412
2021-01-15,197.5908602,414.73,15.30937283,-0.15,16.65,180.9408602,44.66,152.9308602,3.07,12.11,402.62,23.88,390.85,-0.13216496,-0.3078499,15.61722273,0.33362007,14.97575276
2021-02-15,197.5608602,415.2,15.12603085,0.71,13.74,183.8208602,45.66,151.9008602,1.95,11.94,403.26,23.91,391.29,-0.476903918,-0.627570178,15.75360103,0.236108782,14.88992207
2021-03-15,194.3008602,415.49,15.25538819,-1.28,12.25,182.0508602,40.79,153.5108602,1.35,11.64,403.85,23.83,391.66,-0.04516697,-0.43636034,15.69174853,0.248021126,15.00736706
2021-04-15,201.5708602,415.81,15.25640958,3.98,18.93,182.6408602,48.19,153.3808602,1.08,11.45,404.36,23.76,392.05,-0.05296325,-0.33900835,15.59541793,0.176926617,15.07948296
2021-05-15,199.3308602,416.01,15.32313531,1.77,17.9,181.4308602,45.67,153.6608602,0.81,11.61,404.4,23.93,392.08,0.197104458,-0.15793895,15.48107426,0.29912663,15.02400868
2021-06-15,200.4608602,415.2,15.27829259,6.16,17.64,182.8208602,45.08,155.3808602,-0.29,11.58,403.62,24.06,391.14,0.0229044,-0.0487194,15.32701199,0.192052845,15.08623975
2021-07-15,200.0408602,413.45,15.39588158,-1.53,18.19,181.8508602,48.35,151.6908602,-2.36,11.35,402.1,24.25,389.2,0.139472,-0.02972985,15.42561143,0.1877079,15.20817368
2021-08-15,202.5908602,412.15,15.37649529,3.26,24.4,178.1908602,47.97,154.6208602,-3.86,11.37,400.78,24.28,387.87,0.05335998,-0.09014894,15.46664423,0.20014381,15.17635148
2021-09-15,201.3108602,412.38,15.46723931,0.85,20.01,181.3008602,48.88,152.4308602,-2.82,11.42,400.96,24.11,388.27,0.18894672,0.04363346,15.42360585,0.354013443,15.11322587
2021-10-15,201.7408602,413.83,15.48688977,1.7,23.63,178.1108602,42.55,159.1908602,0.38,11.42,402.41,24,389.83,0.09100819,0.07971191,15.40717786,0.391705514,15.09518426
2021-11-15,199.5508602,415.58,15.41183465,-3.04,14.6,184.9508602,48.04,151.5108602,3.43,11.82,403.76,24.39,391.19,0.03533936,-0.05882644,15.47066109,0.44058705,14.9712476
2021-12-15,200.0008602,416.6,15.38780873,-1.31,17.16,182.8408602,41.76,158.2408602,4.22,11.93,404.67,24.58,392.02,-0.07943058,-0.013237,15.40104573,0.359988213,15.02782052
2022-01-15,203.0608602,417.18,15.34341423,1.32,19.87,183.1908602,40.86,162.2008602,3.35,11.85,405.33,24.57,392.61,-0.14347554,-0.12622262,15.46963685,0.44276523,14.900649
2022-02-15,203.2108602,417.64,15.29552071,3.66,22.74,180.4708602,39.71,163.5008602,2.06,11.73,405.91,24.44,393.2,-0.11631394,-0.26981545,15.56533616,0.40860843,14.88691228
2022-03-15,201.8508602,418.16,15.45983783,1.85,18.93,182.9208602,39.58,162.2708602,1.56,11.84,406.32,24.44,393.72,0.0720291,-0.10570814,15.56554597,0.53010176,14.92973607
2022-04-15,203.2608602,418.58,15.34914583,0.2,20.31,182.9508602,41.33,161.9308602,1.4,11.98,406.6,24.59,393.99,0.0057316,-0.04493426,15.39408009,0.228966723,15.12017911
2022-05-15,199.9308602,418.45,15.32158845,-3.28,17.31,182.6208602,34.84,165.0908602,0.81,11.81,406.64,24.57,393.88,0.02606774,-0.11670971,15.43829816,0.08231926,15.23926919
2022-06-15,201.2208602,417.43,15.37371343,-0.63,19.1,182.1208602,33.29,167.9308602,-0.73,11.58,405.85,24.59,392.84,-0.0861244,0.1060238,15.26768963,0.18848229,15.18523114
2022-07-15,204.0508602,415.67,15.44245331,0.79,20.77,183.2808602,35.53,168.5208602,-2.91,11.56,404.11,24.67,391,0.09330748,0.11175918,15.33069413,0.337076182,15.10537713
2022-08-15,199.3108602,414.4,15.36108773,-0.62,15.76,183.5508602,33.68,165.6308602,-4.05,11.83,402.57,24.51,389.89,0.03949928,-0.0002613,15.36134903,0.21912384,15.14196389
2022-09-15,204.9808602,414.62,15.41526883,3.76,19.75,185.2308602,37.84,167.1408602,-2.81,11.96,402.66,24.07,390.55,0.0415554,0.0698557,15.34541313,0.23649693,15.1787719
2022-10-15,203.2008602,416.13,15.47451966,-0.85,19.04,184.1608602,35.78,167.4208602,0.46,11.97,404.16,23.97,392.16,0.03206635,0.04957485,15.42494481,0.18975258,15.28476708
2022-11-15,202.1808602,417.84,15.22802918,2.87,15.42,186.7608602,34.11,168.0708602,3.44,12.14,405.7,24.28,393.56,-0.13305855,-0.08575535,15.31378453,-0.03379059,15.26181977
2022-12-15,204.4708602,418.93,15.33628553,-0.51,17.8,186.6708602,37.23,167.2408602,4.31,12.18,406.75,24.54,394.39,-0.0789833,-0.10112094,15.43740647,0.30253602,15.03374951
2023-01-15,207.7408602,419.38,15.31269448,4.54,22.43,185.3108602,40.37,167.3708602,3.25,11.85,407.53,24.31,395.07,-0.16182518,0.00584793,15.30684655,0.09974575,15.21294873
2023-02-15,202.9608602,419.65,15.35841649,0.78,20.15,182.8108602,35.66,167.3008602,1.81,11.42,408.23,23.96,395.69,0.13038731,0.02998924,15.32842725,0.276858332,15.08155816
2023-03-15,208.3808602,419.98,15.57738013,3.91,22.69,185.6908602,38.76,169.6208602,1.05,11.21,408.77,23.7,396.28,0.2410946,0.23830225,15.33907788,0.487508793,15.08987134
2023-04-15,200.3108602,420.51,15.38640683,-7.43,16.21,184.1008602,32.94,167.3708602,1.13,11.44,409.07,23.77,396.74,0.07371235,0.0154276,15.37097923,0.356939317,15.02946751
2023-05-15,209.3508602,420.6,15.4610862,6.39,24.3,185.0508602,40.84,168.5108602,0.95,11.67,408.93,23.85,396.75,0.10266971,0.14349842,15.31758778,0.373878476,15.08720772
2023-06-15,205.8808602,419.6,15.59698003,-2.5,20.99,184.8908602,39.7,166.1808602,-0.38,11.54,408.06,23.64,395.96,0.0195999,0.30615426,15.29082577,0.423738484,15.17324155
2023-07-15,210.0108602,417.93,15.78930466,9.7,22.88,187.1308602,43.65,166.3608602,-2.58,11.44,406.49,23.45,394.48,0.40289783,0.44589233,15.34341233,0.74923515,15.04006951
2023-08-15,208.7508602,416.78,15.77493663,-0.6,22.76,185.9908602,45.53,163.2208602,-3.82,11.67,405.11,23.54,393.24,0.31385043,0.50107386,15.27386277,0.654729867,15.12020676
2023-09-15,209.3308602,417.18,15.99647993,3.45,20.96,188.3708602,46.64,162.6908602,-2.42,12,405.18,23.97,393.21,0.3994999,0.731205,15.26527493,0.76092626,15.23555367
2023-10-15,213.9508602,418.85,15.91539373,3.94,25.68,188.2708602,47.63,166.3208602,0.92,12.2,406.65,24.35,394.5,0.12608907,0.4951925,15.42020123,0.798389405,15.11700433
2023-11-15,209.7808602,420.4,15.91961853,1.03,21.48,188.3008602,41.01,168.7708602,3.62,12.28,408.12,24.44,395.96,0.1446819,0.61555385,15.30406468,0.70405483,15.2155637
2023-12-15,209.0908602,421.5,15.91058533,-0.24,22.03,187.0608602,44.5,164.5908602,4.32,12.31,409.19,24.63,396.87,-0.0858946,0.51403617,15.39654916,0.718194,15.19239133
2024-01-15,212.9608602,422.21,15.76430503,-0.99,21.33,191.6308602,44.99,167.9708602,3.36,12.28,409.93,24.7,397.51,-0.1510887,0.41382025,15.35048478,0.57115267,15.19315236
2024-02-15,212.4208602,422.81,15.87608903,2.64,22.18,190.2408602,41.42,171.0008602,2.41,12.46,410.35,24.84,397.97,-0.0435295,0.5018835,15.37420553,0.90595532,14.97013371
2024-03-15,215.1608602,423.41,15.79389373,6.07,22.21,192.9508602,44.13,171.0308602,1.91,12.51,410.9,25.14,398.27,-0.1166916,0.21984576,15.57404797,0.637305245,15.15658849
2024-04-15,211.0508602,423.89,15.73606198,-1.91,20.51,190.5408602,40.74,170.3108602,1.68,12.54,411.35,25.26,398.63,-0.02824305,0.2329874,15.50307458,0.56069374,15.17536824
2024-05-15,212.8508602,423.94,15.71762173,0.43,21.07,191.7808602,45.12,167.7308602,1.13,12.58,411.36,25.25,398.69,-0.1584673,0.2950754,15.42254633,0.46852111,15.24910062
2024-06-15,212.5708602,423.22,15.74003883,-2.59,18.42,194.1508602,42.45,170.1208602,-0.19,12.68,410.54,25.5,397.72,-0.0538549,0.30562976,15.43440907,0.60211757,15.13792126
2024-07-15,212.1508602,421.61,15.74394603,1.1,19.48,192.6708602,40.36,171.7908602,-2.28,12.73,408.88,25.48,396.13,0.00788405,0.28197672,15.46196931,0.61311152,15.13083451
2024-08-15,208.2908602,420.26,15.77644913,-4.56,13.06,195.2308602,35.91,172.3808602,-3.68,12.62,407.64,25.24,395.02,0.0588274,0.35502243,15.4214267,0.57502937,15.20141976
2024-09-15,210.8808602,420.58,15.79378023,-1.69,16.56,194.3208602,39,171.8808602,-2.64,12.65,407.93,25.46,395.12,0.0537414,0.3491821,15.44459813,0.54347512,15.25030511
2024-10-15,212.6308602,422.35,15.86448183,0.48,18.98,193.6508602,38.37,174.2608602,0.74,12.91,409.44,25.97,396.38,0.1205358,0.3457527,15.51872913,0.63531301,15.22916882
2024-11-15,210.5808602,424.07,15.79385753,2.29,15.71,194.8708602,39.31,171.2708602,3.81,13.2,410.87,26.21,397.86,0.0174084,0.32314112,15.47071641,0.676830317,15.11702721
2024-12-15,211.9008602,425.19,15.82419673,1.02,17.83,194.0708602,34.42,177.4808602,4.61,13.43,411.76,26.36,398.83,0.0304165,0.2191801,15.60501663,0.5702276,15.25396913
2025-01-15,212.0708602,425.97,15.85299866,-0.56,21.47,190.6008602,37.51,174.5608602,3.62,13.54,412.43,26.41,399.56,-0.01148317,0.20569613,15.64730253,0.5943079,15.25869076
2025-02-15,213.0708602,426.43,15.69310373,2.49,17.2,195.8708602,36.2,176.8708602,2.36,13.48,412.95,26.31,400.12,-0.1007538,0.02814675,15.66495698,0.4284401,15.26466363
