Year,Absolute gmsl (mm) relative to 1950,CO2 average (ppm),Temperature (deg C),gmsl change in 3 months,gmsl change in 5 years,gmsl 5 years ago,gmsl change in 10 years,gmsl 10 years ago,CO2 change in 3 months,CO2 change in 5 years,CO2 5 years ago,CO2 change in 10 years,CO2 10 years ago,Temperature change in 3 months,Temperature change in 5 years,Temperature 5 years ago,Temperature change in 10 years,Temperature 10 years ago
1950-01-15,0,309.41,14.15561478,1.14326,15.74326,-15.74326,19.74326,-19.74326,2.01,1.67,307.74,2.29,307.12,-0.24228001,-0.16617205,14.32178683,0.03478145,14.12083333
1950-02-15,-1.15053,312.6,14.12923423,-0.50727,14.89273,-16.04326,19.79273,-20.94326,5.59,1.63,310.97,2.5,310.1,-0.28253557,-0.0164852,14.14571943,-0.07927133,14.20850556
1950-03-15,-1.3122,316.04,14.29203217,-2.16894,15.53106,-16.84326,21.33106,-22.64326,8.58,1.41,314.63,2.86,313.18,-0.10317421,0.0356493,14.25638287,0.11123848,14.18079369
1950-04-15,0.85695,318.66,14.22922603,0.85695,16.40021,-15.54326,28.20021,-27.34326,9.25,0.58,318.08,3.24,315.42,0.07361125,-0.17229177,14.4015178,-0.2318697,14.46109573
1950-05-15,1.33319,318.93,14.36419099,2.48372,15.57645,-14.24326,29.37645,-28.04326,6.33,1.47,317.46,2.38,316.55,0.23495676,0.03170872,14.33248227,-0.18550014,14.54969113
1950-06-15,1.72534,318.66,14.42566579,3.03754,11.9686,-10.24326,34.1686,-32.44326,2.62,1.58,317.08,3.29,315.37,0.13363362,-0.10719014,14.53285593,0.02796746,14.39769833
1950-07-15,1.08913,316.87,14.35276213,0.23218,15.33239,-14.24326,31.63239,-30.54326,-1.79,2.34,314.53,3.47,313.4,0.1235361,-0.0647068,14.41746893,-0.26281836,14.61558049
1950-08-15,0.40567,312.87,14.24926943,-0.92752,14.84893,-14.44326,28.04893,-27.64326,-6.06,0.95,311.92,3.1,309.77,-0.11492156,-0.48126982,14.73053925,-0.31748103,14.56675046
1950-09-15,2.13301,309.99,14.40104859,0.40767,20.87627,-18.74326,25.77627,-23.64326,-8.67,1.67,308.32,3.24,306.75,-0.0246172,-0.13910484,14.54015343,-0.03005124,14.43109983
1950-10-15,4.96434,306.97,14.41901963,3.87521,21.2076,-16.24326,24.3076,-19.34326,-9.9,0.66,306.31,2.24,304.73,0.0662575,-0.08864784,14.50766747,0.16662407,14.25239556
1950-11-15,7.72716,306.15,14.16478436,7.32149,23.67042,-15.94326,23.87042,-16.14326,-6.72,0.75,305.4,2.35,303.8,-0.08448507,-0.14428807,14.30907243,-0.14167117,14.30645553
1950-12-15,10.13415,307.44,14.40362828,8.00114,22.77741,-12.64326,25.27741,-15.14326,-2.55,1.79,305.65,2.53,304.91,0.00257969,0.20523835,14.19838993,-0.06233595,14.46596423
1951-01-15,8.75009,309.67,14.14796633,3.78575,22.49335,-13.74326,24.59335,-15.84326,2.7,1.34,308.33,2.72,306.95,-0.2710533,-0.2977171,14.44568343,-0.2370987,14.38506503
1951-02-15,12.752585,313.55,14.01998223,5.025425,22.595845,-9.84326,25.395845,-12.64326,7.4,1.53,312.02,3.29,310.26,-0.14480213,-0.3195296,14.33951183,-0.5028048,14.52278703
1951-03-15,18.037154,316.26,14.22064107,7.903004,28.680414,-10.64326,30.280414,-12.24326,8.82,1.6,314.66,2.92,313.34,-0.18298721,-0.19316673,14.4138078,-0.13158226,14.35222333
1951-04-15,18.67058,318.6,14.34704488,9.92049,25.41384,-6.74326,29.51384,-10.84326,8.93,1.52,317.08,2.92,315.68,0.19907855,-0.09514525,14.44219013,0.08792785,14.25911703
1951-05-15,18.899085,319.75,14.6540107,6.1465,23.142345,-4.24326,31.642345,-12.74326,6.2,1.36,318.39,2.58,317.17,0.63402847,0.14211464,14.51189606,0.19543171,14.45857899
1951-06-15,13.86508,319.03,14.56574528,-4.172074,15.10834,-1.24326,26.60834,-12.74326,2.77,1.74,317.29,3.01,316.02,0.34510421,0.13803291,14.42771237,-0.00733757,14.57308285
1951-07-15,10.22884,316.72,14.3980655,-8.44174,10.1721,0.05674,19.9721,-9.74326,-1.88,1.24,315.48,2.47,314.25,0.05102062,-0.08956433,14.48762983,-0.12428093,14.52234643
1951-08-15,6.61001,312.93,14.57767289,-12.289075,9.05327,-2.44326,11.95327,-5.34326,-6.82,1.08,311.85,2.2,310.73,-0.07633781,0.18161011,14.39606278,-0.01336098,14.59103387
1951-09-15,7.92512,309.69,14.57301228,-5.93996,14.26838,-6.34326,13.76838,-5.84326,-9.34,1.14,308.55,2.13,307.56,0.007267,0.16098308,14.4120292,0.36125945,14.21175283
1951-10-15,8.06905,307.7,14.58372109,-2.15979,17.91231,-9.84326,17.31231,-9.24326,-9.02,1.44,306.26,3.17,304.53,0.18565559,0.29592896,14.28779213,0.02626896,14.55745213
1951-11-15,9.872375,307.37,14.48587887,3.262365,22.315635,-12.44326,24.815635,-14.94326,-5.56,1.88,305.49,3.59,303.78,-0.09179402,0.14471914,14.34115973,0.20472814,14.28115073
1951-12-15,7.99815,307.81,14.60149663,0.07303,21.14141,-13.14326,23.04141,-15.04326,-1.88,1.51,306.3,2.82,304.99,0.02848435,0.3760185,14.22547813,0.2268896,14.37460703
1952-01-15,7.4434,310.41,14.55632873,-0.62565,21.18666,-13.74326,24.08666,-16.64326,2.71,1.73,308.68,3.41,307,-0.02739236,0.1235123,14.43281643,0.0517111,14.50461763
1952-02-15,6.96272,313.85,14.47465603,-2.909655,18.50598,-11.54326,22.60598,-15.64326,6.48,1.73,312.12,3.38,310.47,-0.01122284,0.13486385,14.33979218,0.20549964,14.26915639
1952-03-15,5.26517,316.48,14.32301228,-2.73298,14.20843,-8.94326,22.20843,-16.94326,8.67,1.6,314.88,2.64,313.84,-0.27848435,-0.16393185,14.48694413,-0.03430939,14.35732167
1952-04-15,5.41222,319.25,14.35991473,-2.03118,16.65548,-11.24326,22.85548,-17.44326,8.84,1.84,317.41,2.61,316.64,-0.196414,-0.1920385,14.55195323,0.09743406,14.26248067
1952-05-15,6.05307,320.17,14.50160687,-0.90965,16.69633,-10.64326,22.29633,-16.24326,6.32,1.85,318.32,3.78,316.39,0.02695084,0.00510504,14.49650183,0.04436588,14.45724099
1952-06-15,8.50663,319.5,14.52188963,3.24146,17.14989,-8.64326,21.74989,-13.24326,3.02,2.01,317.49,3.05,316.45,0.19887735,-0.0249357,14.54682533,0.1356783,14.38621133
1952-07-15,7.41527,316.69,14.52438823,2.00305,13.35853,-5.94326,17.25853,-9.84326,-2.56,1.45,315.24,3.39,313.3,0.1644735,0.0011921,14.52319613,0.183733,14.34065523
1952-08-15,8.24145,313.92,14.37894243,2.18838,11.58471,-3.34326,15.08471,-6.84326,-6.25,1.98,311.94,3.46,310.46,-0.12266444,-0.02297496,14.40191739,0.0615444,14.31739803
1952-09-15,10.50627,310.14,14.45325463,1.99964,10.44953,0.05674,15.44953,-4.94326,-9.36,1.21,308.93,2.47,307.67,-0.068635,0.0791006,14.37415403,0.1286354,14.32461923
1952-10-15,11.83647,307.86,14.37365239,4.4212,7.27973,4.55674,17.67973,-5.84326,-8.83,1.34,306.52,3.01,304.85,-0.15073584,-0.11227514,14.48592753,0.02951431,14.34413808
1952-11-15,16.40811,307.35,14.15439789,8.16666,7.15137,9.25674,22.35137,-5.94326,-6.57,1.37,305.98,2.82,304.53,-0.22454454,-0.22028254,14.37468043,-0.03685474,14.19125263
1952-12-15,16.947105,307.94,14.36379807,6.440835,9.390365,7.55674,25.290365,-8.34326,-2.2,1.43,306.51,2.84,305.1,-0.08945656,0.11357404,14.25022403,0.11756514,14.24623293
1953-01-15,16.53865,310.35,14.41393943,4.70218,11.88191,4.65674,22.38191,-5.84326,2.49,1.65,308.7,2.34,308.01,0.04028704,-0.0017862,14.41572563,0.1653681,14.24857133
1953-02-15,13.64555,313.95,14.45823376,-2.76256,13.48881,0.15674,18.68881,-5.04326,6.6,1.95,312,3.16,310.79,0.30383587,0.23224067,14.22599309,0.07637977,14.38185399
1953-03-15,11.87347,317.07,14.41345208,-5.073635,13.81673,-1.94326,17.41673,-5.54326,9.13,1.12,315.95,3.19,313.88,0.04965401,0.23978235,14.17366973,0.23301985,14.18043223
1953-04-15,13.788856,319.46,14.563672,-2.749794,15.732116,-1.94326,19.532116,-5.74326,9.11,1.59,317.87,3.65,315.81,0.14973257,0.23986817,14.32380383,0.26996997,14.29370203
1953-05-15,17.123435,320.27,14.67612833,3.477885,17.766695,-0.64326,26.966695,-9.84326,6.32,1.9,318.37,2.52,317.75,0.21789457,0.15578176,14.52034657,0.23987676,14.43625157
1953-06-15,19.772445,319.52,14.54146378,7.898975,20.515705,-0.74326,29.415705,-9.64326,2.45,1.61,317.91,2.9,316.62,0.1280117,0.07777975,14.46368403,0.23818395,14.30327983
1953-07-15,17.25396,317.49,14.5639581,3.465104,16.39722,0.85674,30.99722,-13.74326,-1.97,1.62,315.87,2.64,314.85,0.0002861,0.09343434,14.47052376,0.24065304,14.32330506
1953-08-15,14.654,314.19,14.53611748,-2.469435,15.79726,-1.14326,28.89726,-14.24326,-6.08,1.5,312.69,3.27,310.92,-0.14001085,0.04073905,14.49537843,0.24680709,14.28931039
1953-09-15,11.99396,310.98,14.43383113,-7.778485,11.73722,0.25674,27.63722,-15.64326,-8.54,1.51,309.47,3.64,307.34,-0.10763265,0.0838594,14.34997173,0.0776882,14.35614293
1953-10-15,9.801055,308.83,14.46776383,-7.452905,9.944315,-0.14326,26.144315,-16.34326,-8.66,1.76,307.07,3.8,305.03,-0.09619427,-0.01409245,14.48185628,0.05184555,14.41591828
1953-11-15,9.14991,307.74,14.37210839,-5.50409,7.39317,1.75674,26.69317,-17.54326,-6.45,1.65,306.09,3.23,304.51,-0.16400909,-0.07331754,14.44542593,-0.01739694,14.38950533
1953-12-15,8.46341,308.58,14.47049897,-3.53055,5.50667,2.95674,26.60667,-18.14326,-2.4,2.21,306.37,2.89,305.69,0.03666784,0.30144404,14.16905493,0.01482868,14.45567029
1954-01-15,10.68292,310.7,14.19087117,0.881865,6.12618,4.55674,25.32618,-14.64326,1.87,1.55,309.15,2.92,307.78,-0.27689266,-0.33288669,14.52375786,-0.4854536,14.67632477
1954-02-15,12.00537,314.87,14.27044289,2.85546,7.04863,4.95674,20.54863,-8.54326,7.13,2.18,312.69,4.03,310.84,-0.1016655,-0.04661754,14.31706043,-0.2961607,14.56660359
1954-03-15,12.74741,318.25,14.31815043,4.284,11.39067,1.35674,18.59067,-5.84326,9.67,2.58,315.67,3.62,314.63,-0.15234854,-0.04856684,14.36671727,-0.289197,14.60734743
1954-04-15,10.439056,320.23,14.29299729,-0.243864,11.682316,-1.24326,20.882316,-10.44326,9.53,1.8,318.43,3.45,316.78,0.10212612,-0.03982449,14.33282178,-0.14243984,14.43543713
1954-05-15,10.69465,321.06,14.42174333,-1.31072,14.03791,-3.34326,28.43791,-17.74326,6.19,2.05,319.01,3.66,317.4,0.15130044,-0.03545474,14.45719807,-0.04604244,14.46778577
1954-06-15,7.87207,320.02,14.33630269,-4.87534,11.51533,-3.64326,31.41533,-23.54326,1.77,1.53,318.49,3.15,316.87,0.01815226,-0.04589654,14.38219923,-0.21278094,14.54908363
1954-07-15,5.24545,317.72,14.33392043,-5.193606,9.98871,-4.74326,31.58871,-26.34326,-2.51,1.78,315.94,2.85,314.87,0.04092314,-0.17394255,14.50786298,-0.19922445,14.53314488
1954-08-15,4.40375,314.55,14.26359646,-6.2909,7.84701,-3.44326,30.94701,-26.54326,-6.51,1.7,312.85,2.99,311.56,-0.15814687,-0.13615513,14.39975159,-0.33372307,14.59731953
1954-09-15,6.7777,311.54,14.19071667,-1.09437,11.62096,-4.84326,31.42096,-24.64326,-8.48,2.34,309.2,3.33,308.21,-0.14558602,-0.24182796,14.43254463,-0.46274662,14.65346329
1954-10-15,11.608375,309.06,14.29399483,6.362925,12.751635,-1.14326,33.251635,-21.64326,-8.66,1.66,307.4,4.28,304.78,-0.0399256,-0.10389996,14.39789479,-0.31217575,14.60617058
1954-11-15,16.82031,307.9,14.38262263,12.41656,17.46357,-0.64326,34.76357,-17.94326,-6.65,0.89,307.01,2.79,305.11,0.11902617,-0.02914717,14.4117698,0.0087576,14.37386503
1954-12-15,19.13433,309.01,14.25319188,12.35663,18.27759,0.85674,35.87759,-16.74326,-2.53,1.55,307.46,3.3,305.71,0.06247521,-0.1420145,14.39520638,-0.05079175,14.30398363
1955-01-15,20.83775,311.52,14.48541157,9.229375,20.83775,0,36.58101,-15.74326,2.46,2.11,309.41,3.78,307.74,0.19141674,0.32979679,14.15561478,0.16362474,14.32178683
1955-02-15,20.50221,314.4,14.1494798,3.6819,21.65274,-1.15053,36.54547,-16.04326,6.5,1.8,312.6,3.43,310.97,-0.23314283,0.02024557,14.12923423,0.00376037,14.14571943
1955-03-15,17.22984,317.66,14.04104413,-1.90449,18.54204,-1.3122,34.0731,-16.84326,8.65,1.62,316.04,3.03,314.63,-0.21214775,-0.25098804,14.29203217,-0.21533874,14.25638287
1955-04-15,13.08911,320.43,14.2213363,-7.74864,12.23216,0.85695,28.63237,-15.54326,8.91,1.77,318.66,2.35,318.08,-0.26407527,-0.00788973,14.22922603,-0.1801815,14.4015178
1955-05-15,8.47964,321.13,14.34632008,-12.02257,7.14645,1.33319,22.7229,-14.24326,6.73,2.2,318.93,3.67,317.46,0.19684028,-0.01787091,14.36419099,0.01383781,14.33248227
1955-06-15,5.41269,320.69,14.34620853,-11.81715,3.68735,1.72534,15.65595,-10.24326,3.03,2.03,318.66,3.61,317.08,0.3051644,-0.07945726,14.42566579,-0.1866474,14.53285593
1955-07-15,3.3098,318.42,14.30267327,-9.77931,2.22067,1.08913,17.55306,-14.24326,-2.01,1.55,316.87,3.89,314.53,0.08133697,-0.05008886,14.35276213,-0.11479566,14.41746893
1955-08-15,6.51636,315.08,14.46599763,-1.96328,6.11069,0.40567,20.95962,-14.44326,-6.05,2.21,312.87,3.16,311.92,0.11967755,0.2167282,14.24926943,-0.26454162,14.73053925
1955-09-15,7.67488,310.96,14.38240423,2.26219,5.54187,2.13301,26.41814,-18.74326,-9.73,0.97,309.99,2.64,308.32,0.0361957,-0.01864436,14.40104859,-0.1577492,14.54015343
1955-10-15,12.15172,309.05,14.3277921,8.84192,7.18738,4.96434,28.39498,-16.24326,-9.37,2.08,306.97,2.74,306.31,0.02511883,-0.09122753,14.41901963,-0.17987537,14.50766747
1955-11-15,12.64603,308.74,14.145626,6.12967,4.91887,7.72716,28.58929,-15.94326,-6.34,2.59,306.15,3.34,305.4,-0.32037163,-0.01915836,14.16478436,-0.16344643,14.30907243
1955-12-15,12.0043,308.98,14.11970513,4.32942,1.87015,10.13415,24.64756,-12.64326,-1.98,1.54,307.44,3.33,305.65,-0.2626991,-0.28392315,14.40362828,-0.0786848,14.19838993
1956-01-15,11.03758,311.94,14.30971997,-1.11414,2.28749,8.75009,24.78084,-13.74326,2.89,2.27,309.67,3.61,308.33,-0.01807213,0.16175364,14.14796633,-0.13596346,14.44568343
1956-02-15,7.48021,315.44,14.18424599,-5.16582,-5.272375,12.752585,17.32347,-9.84326,6.7,1.89,313.55,3.42,312.02,0.03861999,0.16426376,14.01998223,-0.15526584,14.33951183
1956-03-15,8.27203,318.42,14.22284403,-3.73227,-9.765124,18.037154,18.91529,-10.64326,9.44,2.16,316.26,3.76,314.66,0.1031389,0.00220296,14.22064107,-0.19096377,14.4138078
1956-04-15,11.17185,320.36,14.18623443,0.13427,-7.49873,18.67058,17.91511,-6.74326,8.42,1.76,318.6,3.28,317.08,-0.12348554,-0.16081045,14.34704488,-0.2559557,14.44219013
1956-05-15,11.12481,321.62,14.22924033,3.6446,-7.774275,18.899085,15.36807,-4.24326,6.18,1.87,319.75,3.23,318.39,0.04499434,-0.42477037,14.6540107,-0.28265573,14.51189606
1956-06-15,9.586234,321.05,14.26629918,1.314204,-4.278846,13.86508,10.829494,-1.24326,2.63,2.02,319.03,3.76,317.29,0.04345515,-0.2994461,14.56574528,-0.16141319,14.42771237
1956-07-15,4.7557,318.8,14.28533356,-6.41615,-5.47314,10.22884,4.69896,0.05674,-1.56,2.08,316.72,3.32,315.48,0.09909913,-0.11273194,14.3980655,-0.20229627,14.48762983
1956-08-15,3.56175,315.12,14.18216889,-7.56306,-3.04826,6.61001,6.00501,-2.44326,-6.5,2.19,312.93,3.27,311.85,-0.04707144,-0.395504,14.57767289,-0.21389389,14.39606278
1956-09-15,2.83696,312.04,14.14423459,-6.749274,-5.08816,7.92512,9.18022,-6.34326,-9.01,2.35,309.69,3.49,308.55,-0.12206459,-0.42877769,14.57301228,-0.26779461,14.4120292
1956-10-15,2.44548,308.91,14.07926266,-2.31022,-5.62357,8.06905,12.28874,-9.84326,-9.89,1.21,307.7,2.65,306.26,-0.2060709,-0.50445843,14.58372109,-0.20852947,14.28779213
1956-11-15,2.35033,309.18,14.21211903,-1.21142,-7.522045,9.872375,14.79359,-12.44326,-5.94,1.81,307.37,3.69,305.49,0.02995014,-0.27375984,14.48587887,-0.1290407,14.34115973
1956-12-15,3.76323,310.01,14.31881993,0.92627,-4.23492,7.99815,16.90649,-13.14326,-2.03,2.2,307.81,3.71,306.3,0.17458534,-0.2826767,14.60149663,0.0933418,14.22547813
1957-01-15,8.37629,312.24,14.27863493,5.93081,0.93289,7.4434,22.11955,-13.74326,3.33,1.83,310.41,3.56,308.68,0.19937227,-0.2776938,14.55632873,-0.1541815,14.43281643
1957-02-15,16.52904,316.22,14.26942723,14.17871,9.56632,6.96272,28.0723,-11.54326,7.04,2.37,313.85,4.1,312.12,0.0573082,-0.2052288,14.47465603,-0.07036495,14.33979218
1957-03-15,20.686866,319.64,14.26187318,16.923636,15.421696,5.26517,29.630126,-8.94326,9.63,3.16,316.48,4.76,314.88,-0.05694675,-0.0611391,14.32301228,-0.22507095,14.48694413
1957-04-15,22.45203,321.07,14.40577786,14.07574,17.03981,5.41222,33.69529,-11.24326,8.83,1.82,319.25,3.66,317.41,0.12714293,0.04586313,14.35991473,-0.14617537,14.55195323
1957-05-15,24.17976,321.91,14.52339547,7.65072,18.12669,6.05307,34.82302,-10.64326,5.69,1.74,320.17,3.59,318.32,0.25396824,0.0217886,14.50160687,0.02689364,14.49650183
1957-06-15,24.27318,321.57,14.59440701,3.586314,15.76655,8.50663,32.91644,-8.64326,1.93,2.07,319.5,4.08,317.49,0.33253383,0.07251738,14.52188963,0.04758168,14.54682533
1957-07-15,23.901786,318.64,14.48875133,1.449756,16.486516,7.41527,29.845046,-5.94326,-2.43,1.95,316.69,3.4,315.24,0.08297347,-0.0356369,14.52438823,-0.0344448,14.52319613
1957-08-15,20.78559,315.55,14.53828993,-3.39417,12.54414,8.24145,24.12885,-3.34326,-6.36,1.63,313.92,3.61,311.94,0.01489446,0.1593475,14.37894243,0.13637254,14.40191739
1957-09-15,20.048675,312.84,14.53202717,-4.224505,9.542405,10.50627,19.991935,0.05674,-8.73,2.7,310.14,3.91,308.93,-0.06237984,0.07877254,14.45325463,0.15787314,14.37415403
1957-10-15,18.931975,309.87,14.54419987,-4.969811,7.095505,11.83647,14.375235,4.55674,-8.77,2.01,307.86,3.35,306.52,0.05544854,0.17054748,14.37365239,0.05827234,14.48592753
1957-11-15,20.101806,309.12,14.55550663,-0.683784,3.693696,16.40811,10.845066,9.25674,-6.43,1.77,307.35,3.14,305.98,0.0172167,0.40110874,14.15439789,0.1808262,14.37468043
1957-12-15,19.14683,310.01,14.60665887,-0.901845,2.199725,16.947105,11.59009,7.55674,-2.83,2.07,307.94,3.5,306.51,0.0746317,0.2428608,14.36379807,0.35643484,14.25022403
1958-01-15,21.11504,312.39,14.77063743,2.183065,4.57639,16.53865,16.4583,4.65674,2.52,2.04,310.35,3.69,308.7,0.22643756,0.356698,14.41393943,0.3549118,14.41572563
1958-02-15,20.67315,316.01,14.59697716,0.571344,7.0276,13.64555,20.51641,0.15674,6.89,2.06,313.95,4.01,312,0.04147053,0.1387434,14.45823376,0.37098407,14.22599309
1958-03-15,20.77068,315.71,14.53136628,1.62385,8.89721,11.87347,22.71394,-1.94326,5.7,-1.36,317.07,-0.24,315.95,-0.07529259,0.1179142,14.41345208,0.35769655,14.17366973
1958-04-15,18.27884,317.45,14.5266866,-2.8362,4.489984,13.788856,20.2221,-1.94326,5.06,-2.01,319.46,-0.42,317.87,-0.24395083,-0.0369854,14.563672,0.20288277,14.32380383
1958-05-15,18.74672,317.51,14.63920013,-1.92643,1.623285,17.123435,19.38998,-0.64326,1.5,-2.76,320.27,-0.86,318.37,0.04222297,-0.0369282,14.67612833,0.11885356,14.52034657
1958-06-15,18.65549,317.27,14.52534096,-2.11519,-1.116955,19.772445,19.39875,-0.74326,1.56,-2.25,319.52,-0.64,317.91,-0.00602532,-0.01612282,14.54146378,0.06165693,14.46368403
1958-07-15,19.88533,315.87,14.5799989,1.60649,2.63137,17.25396,19.02859,0.85674,-1.58,-1.62,317.49,0,315.87,0.0533123,0.0160408,14.5639581,0.10947514,14.47052376
1958-08-15,20.45005,314.93,14.48830788,1.70333,5.79605,14.654,21.59331,-1.14326,-2.58,0.74,314.19,2.24,312.69,-0.15089225,-0.0478096,14.53611748,-0.00707055,14.49537843
1958-09-15,21.770866,313.21,14.41011133,3.115376,9.776906,11.99396,21.514126,0.25674,-4.06,2.23,310.98,3.74,309.47,-0.11522963,-0.0237198,14.43383113,0.0601396,14.34997173
1958-10-15,24.023955,312.42,14.44213573,4.138625,14.2229,9.801055,24.167215,-0.14326,-3.45,3.59,308.83,5.35,307.07,-0.13786317,-0.0256281,14.46776383,-0.03972055,14.48185628
1958-11-15,25.42147,313.33,14.43337338,4.97142,16.27156,9.14991,23.66473,1.75674,-1.6,5.59,307.74,7.24,306.09,-0.0549345,0.06126499,14.37210839,-0.01205255,14.44542593
1958-12-15,26.31927,314.67,14.4572696,4.548404,17.85586,8.46341,23.36253,2.95674,1.46,6.09,308.58,8.3,306.37,0.04715827,-0.01322937,14.47049897,0.28821467,14.16905493
1959-01-15,24.26001,315.58,14.55729668,0.236055,13.57709,10.68292,19.70327,4.55674,3.16,4.88,310.7,6.43,309.15,0.11516095,0.36642551,14.19087117,0.03353882,14.52375786
1959-02-15,20.933,316.49,14.50290387,-4.48847,8.92763,12.00537,15.97626,4.95674,3.16,1.62,314.87,3.8,312.69,0.06953049,0.23246098,14.27044289,0.18584344,14.31706043
1959-03-15,18.841544,316.65,14.6331691,-7.477726,6.094134,12.74741,17.484804,1.35674,1.98,-1.6,318.25,0.98,315.67,0.1758995,0.31501867,14.31815043,0.26645183,14.36671727
1959-04-15,19.54671,317.72,14.59832566,-4.7133,9.107654,10.439056,20.78997,-1.24326,2.14,-2.51,320.23,-0.71,318.43,0.04102898,0.30532837,14.29299729,0.26550388,14.33282178
1959-05-15,19.932166,318.29,14.53566353,-1.000834,9.237516,10.69465,23.275426,-3.34326,1.8,-2.77,321.06,-0.72,319.01,0.03275966,0.1139202,14.42174333,0.07846546,14.45719807
1959-06-15,21.360465,318.15,14.54951373,2.518921,13.488395,7.87207,25.003725,-3.64326,1.5,-1.87,320.02,-0.34,318.49,-0.08365537,0.21321104,14.33630269,0.1673145,14.38219923
1959-07-15,21.61905,316.54,14.53640743,2.07234,16.3736,5.24545,26.36231,-4.74326,-1.18,-1.18,317.72,0.6,315.94,-0.06191823,0.202487,14.33392043,0.02854445,14.50786298
1959-08-15,24.01103,314.8,14.47214978,4.078864,19.60728,4.40375,27.45429,-3.44326,-3.49,0.25,314.55,1.95,312.85,-0.06351375,0.20855332,14.26359646,0.07239819,14.39975159
1959-09-15,22.99512,313.84,14.36145299,1.634655,16.21742,6.7777,27.83838,-4.84326,-4.31,2.3,311.54,4.64,309.2,-0.18806074,0.17073632,14.19071667,-0.07109164,14.43254463
1959-10-15,24.58505,313.33,14.42763133,2.966,12.976675,11.608375,25.72831,-1.14326,-3.21,4.27,309.06,5.93,307.4,-0.1087761,0.1336365,14.29399483,0.02973654,14.39789479
1959-11-15,20.24469,314.81,14.33028593,-3.76634,3.42438,16.82031,20.88795,-0.64326,0.01,6.91,307.9,7.8,307.01,-0.14186385,-0.0523367,14.38262263,-0.08148387,14.4117698
1959-12-15,21.070914,315.58,14.47510143,-1.924206,1.936584,19.13433,20.214174,0.85674,1.74,6.57,309.01,8.12,307.46,0.11364844,0.22190955,14.25319188,0.07989505,14.39520638
1960-01-15,20.697555,316.43,14.49706163,-3.887495,-0.140195,20.83775,20.697555,0,3.1,4.91,311.52,7.02,309.41,0.0694303,0.01165006,14.48541157,0.34144685,14.15561478
1960-02-15,24.763305,316.98,14.58056061,4.518615,4.261095,20.50221,25.913835,-1.15053,2.17,2.58,314.4,4.38,312.6,0.25027468,0.43108081,14.1494798,0.45132638,14.12923423
1960-03-15,24.50368,317.58,14.1544637,3.432766,7.27384,17.22984,25.81588,-1.3122,2,-0.08,317.66,1.54,316.04,-0.32063773,0.11341957,14.04104413,-0.13756847,14.29203217
1960-04-15,26.55237,319.03,14.32140823,5.854815,13.46326,13.08911,25.69542,0.85695,2.6,-1.4,320.43,0.37,318.66,-0.1756534,0.10007193,14.2213363,0.0921822,14.22922603
1960-05-15,27.15882,320.03,14.44731133,2.395515,18.67918,8.47964,25.82563,1.33319,3.05,-1.1,321.13,1.1,318.93,-0.13324928,0.10099125,14.34632008,0.08312034,14.36419099
1960-06-15,26.75614,319.58,14.49732869,2.25246,21.34345,5.41269,25.0308,1.72534,2,-1.11,320.69,0.92,318.66,0.34286499,0.15112016,14.34620853,0.0716629,14.42566579
1960-07-15,25.51483,318.18,14.48825829,-1.03754,22.20503,3.3098,24.4257,1.08913,-0.85,-0.24,318.42,1.31,316.87,0.16685006,0.18558502,14.30267327,0.13549616,14.35276213
1960-08-15,24.728,315.9,14.53389447,-2.43082,18.21164,6.51636,24.32233,0.40567,-4.13,0.82,315.08,3.03,312.87,0.08658314,0.06789684,14.46599763,0.28462504,14.24926943
1960-09-15,24.26647,314.17,14.44211283,-2.48967,16.59159,7.67488,22.13346,2.13301,-5.41,3.21,310.96,4.18,309.99,-0.05521586,0.0597086,14.38240423,0.04106424,14.40104859
1960-10-15,24.97047,313.83,14.49650283,-0.54436,12.81875,12.15172,20.00613,4.96434,-4.35,4.78,309.05,6.86,306.97,0.00824454,0.16871073,14.3277921,0.0774832,14.41901963
1960-11-15,25.75972,315,14.34820168,1.03172,13.11369,12.64603,18.03256,7.72716,-0.9,6.26,308.74,8.85,306.15,-0.18569279,0.20257568,14.145626,0.18341732,14.16478436
1960-12-15,28.86083,316.19,14.63146583,4.59436,16.85653,12.0043,18.72668,10.13415,2.02,7.21,308.98,8.75,307.44,0.189353,0.5117607,14.11970513,0.22783755,14.40362828
1961-01-15,31.66653,316.89,14.54763503,6.69606,20.62895,11.03758,22.91644,8.75009,3.06,4.95,311.94,7.22,309.67,0.0511322,0.23791506,14.30971997,0.3996687,14.14796633
1961-02-15,36.41161,317.7,14.58013433,10.65189,28.9314,7.48021,23.659025,12.752585,2.7,2.26,315.44,4.15,313.55,0.23193265,0.39588834,14.18424599,0.5601521,14.01998223
1961-03-15,36.79825,318.54,14.5024566,7.93742,28.52622,8.27203,18.761096,18.037154,2.35,0.12,318.42,2.28,316.26,-0.12900923,0.27961257,14.22284403,0.28181553,14.22064107
1961-04-15,37.24923,319.48,14.54846183,5.5827,26.07738,11.17185,18.57865,18.67058,2.59,-0.88,320.36,0.88,318.6,0.0008268,0.3622274,14.18623443,0.20141695,14.34704488
1961-05-15,34.786796,320.58,14.63749306,-1.624814,23.661986,11.12481,15.887711,18.899085,2.88,-1.04,321.62,0.83,319.75,0.05735873,0.40825273,14.22924033,-0.01651764,14.6540107
1961-06-15,32.70646,319.77,14.6030206,-4.09179,23.120226,9.586234,18.84138,13.86508,1.23,-1.28,321.05,0.74,319.03,0.100564,0.33672142,14.26629918,0.03727532,14.56574528
1961-07-15,31.881034,318.56,14.57321065,-5.368196,27.125334,4.7557,21.652194,10.22884,-0.92,-0.24,318.8,1.84,316.72,0.02474882,0.28787709,14.28533356,0.17514515,14.3980655
1961-08-15,30.8268,316.79,14.51684468,-3.959996,27.26505,3.56175,24.21679,6.61001,-3.79,1.67,315.12,3.86,312.93,-0.12064838,0.33467579,14.18216889,-0.06082821,14.57767289
1961-09-15,29.633094,314.99,14.54971688,-3.073366,26.796134,2.83696,21.707974,7.92512,-4.78,2.95,312.04,5.3,309.69,-0.05330372,0.40548229,14.14423459,-0.0232954,14.57301228
1961-10-15,26.57108,315.31,14.48649399,-5.309954,24.1256,2.44548,18.50203,8.06905,-3.25,6.4,308.91,7.61,307.7,-0.08671666,0.40723133,14.07926266,-0.0972271,14.58372109
1961-11-15,24.55687,316.1,14.45520583,-6.26993,22.20654,2.35033,14.684495,9.872375,-0.69,6.92,309.18,8.73,307.37,-0.06163885,0.2430868,14.21211903,-0.03067304,14.48587887
1961-12-15,25.39218,317.01,14.34549229,-4.240914,21.62895,3.76323,17.39403,7.99815,2.02,7,310.01,9.2,307.81,-0.20422459,0.02667236,14.31881993,-0.25600434,14.60149663
1962-01-15,25.353965,317.94,14.47439187,-1.217115,16.977675,8.37629,17.910565,7.4434,2.63,5.7,312.24,7.53,310.41,-0.01210212,0.19575694,14.27863493,-0.08193686,14.55632873
1962-02-15,26.80176,318.55,14.53968803,2.24489,10.27272,16.52904,19.83904,6.96272,2.45,2.33,316.22,4.7,313.85,0.0844822,0.2702608,14.26942723,0.065032,14.47465603
1962-03-15,25.502204,319.68,14.50743478,0.110024,4.815338,20.686866,20.237034,5.26517,2.67,0.04,319.64,3.2,316.48,0.16194249,0.2455616,14.26187318,0.1844225,14.32301228
1962-04-15,25.0723,320.57,14.47526066,-0.281665,2.62027,22.45203,19.66008,5.41222,2.63,-0.5,321.07,1.32,319.25,0.00086879,0.0694828,14.40577786,0.11534593,14.35991473
1962-05-15,24.22526,321.02,14.43757433,-2.5765,0.0455,24.17976,18.17219,6.05307,2.47,-0.89,321.91,0.85,320.17,-0.1021137,-0.08582114,14.52339547,-0.06403254,14.50160687
1962-06-15,24.49725,320.62,14.41142933,-1.004954,0.22407,24.27318,15.99062,8.50663,0.94,-0.95,321.57,1.12,319.5,-0.09600545,-0.18297768,14.59440701,-0.1104603,14.52188963
1962-07-15,22.986594,319.61,14.52390093,-2.085706,-0.915192,23.901786,15.571324,7.41527,-0.96,0.97,318.64,2.92,316.69,0.04864027,0.0351496,14.48875133,-0.0004873,14.52438823
1962-08-15,25.91564,317.4,14.4647178,1.69038,5.13005,20.78559,17.67419,8.24145,-3.62,1.85,315.55,3.48,313.92,0.02714347,-0.07357213,14.53828993,0.08577537,14.37894243
1962-09-15,27.35418,316.24,14.41952317,2.85693,7.305505,20.048675,16.84791,10.50627,-4.38,3.4,312.84,6.1,310.14,0.00809384,-0.112504,14.53202717,-0.03373146,14.45325463
1962-10-15,30.51144,315.42,14.45803253,7.524846,11.579465,18.931975,18.67497,11.83647,-4.19,5.55,309.87,7.56,307.86,-0.0658684,-0.08616734,14.54419987,0.08438014,14.37365239
1962-11-15,29.508575,316.69,14.46250053,3.592935,9.406769,20.101806,13.100465,16.40811,-0.71,7.57,309.12,9.34,307.35,-0.00221727,-0.0930061,14.55550663,0.30810264,14.15439789
1962-12-15,27.974784,317.7,14.44503393,0.620604,8.827954,19.14683,11.027679,16.947105,1.46,7.69,310.01,9.76,307.94,0.02551076,-0.16162494,14.60665887,0.08123586,14.36379807
1963-01-15,29.16977,318.74,14.41522973,-1.34167,8.05473,21.11504,12.63112,16.53865,3.32,6.35,312.39,8.39,310.35,-0.0428028,-0.3554077,14.77063743,0.0012903,14.41393943
1963-02-15,28.93327,319.07,14.53141396,-0.575305,8.26012,20.67315,15.28772,13.64555,2.38,3.06,316.01,5.12,313.95,0.06891343,-0.0655632,14.59697716,0.0731802,14.45823376
1963-03-15,28.8813,319.86,14.21795173,0.906516,8.11062,20.77068,17.00783,11.87347,2.16,4.15,315.71,2.79,317.07,-0.2270822,-0.31341455,14.53136628,-0.19550035,14.41345208
1963-04-15,26.86958,321.38,14.33163063,-2.30019,8.59074,18.27884,13.080724,13.788856,2.64,3.93,317.45,1.92,319.46,-0.0835991,-0.19505597,14.5266866,-0.23204137,14.563672
1963-05-15,25.40561,322.24,14.44538586,-3.52766,6.65889,18.74672,8.282175,17.123435,3.17,4.73,317.51,1.97,320.27,-0.0860281,-0.19381427,14.63920013,-0.23074247,14.67612833
1963-06-15,23.979415,321.49,14.54677098,-4.901885,5.323925,18.65549,4.20697,19.772445,1.63,4.22,317.27,1.97,319.52,0.32881925,0.02143002,14.52534096,0.0053072,14.54146378
1963-07-15,22.60113,319.74,14.63778775,-4.26845,2.7158,19.88533,5.34717,17.25396,-1.64,3.87,315.87,2.25,317.49,0.30615712,0.05778885,14.5799989,0.07382965,14.5639581
1963-08-15,21.329154,317.77,14.71304313,-4.076456,0.879104,20.45005,6.675154,14.654,-4.47,2.84,314.93,3.58,314.19,0.26765727,0.22473525,14.48830788,0.17692565,14.53611748
1963-09-15,23.77272,316.21,14.61858933,-0.206695,2.001854,21.770866,11.77876,11.99396,-5.28,3,313.21,5.23,310.98,0.07181835,0.208478,14.41011133,0.1847582,14.43383113
1963-10-15,22.52889,315.99,14.56136793,-0.07224,-1.495065,24.023955,12.727835,9.801055,-3.75,3.57,312.42,7.16,308.83,-0.07641982,0.1192322,14.44213573,0.0936041,14.46776383
1963-11-15,24.37074,317.07,14.55596726,3.041586,-1.05073,25.42147,15.22083,9.14991,-0.7,3.74,313.33,9.33,307.74,-0.15707587,0.12259388,14.43337338,0.18385887,14.37210839
1963-12-15,18.82557,318.35,14.48829358,-4.94715,-7.4937,26.31927,10.36216,8.46341,2.14,3.68,314.67,9.77,308.58,-0.13029575,0.03102398,14.4572696,0.01779461,14.47049897
1964-01-15,14.68363,319.57,14.42867749,-7.84526,-9.57638,24.26001,4.00071,10.68292,3.58,3.99,315.58,8.87,310.7,-0.13269044,-0.12861919,14.55729668,0.23780632,14.19087117
1964-02-15,10.29487,320.04,14.38803473,-14.07587,-10.63813,20.933,-1.7105,12.00537,2.97,3.55,316.49,5.17,314.87,-0.16793253,-0.11486914,14.50290387,0.11759184,14.27044289
1964-03-15,9.44013,320.75,14.22209828,-9.38544,-9.401414,18.841544,-3.30728,12.74741,2.4,4.1,316.65,2.5,318.25,-0.2661953,-0.41107082,14.6331691,-0.09605215,14.31815043
1964-04-15,8.933036,321.84,14.19448178,-5.750594,-10.613674,19.54671,-1.50602,10.439056,2.27,4.12,317.72,1.61,320.23,-0.23419571,-0.40384388,14.59832566,-0.09851551,14.29299729
1964-05-15,13.42977,322.25,14.35818379,3.1349,-6.502396,19.932166,2.73512,10.69465,2.21,3.96,318.29,1.19,321.06,-0.02985094,-0.17747974,14.53566353,-0.06355954,14.42174333
1964-06-15,18.8045,321.89,14.42284193,9.36437,-2.555965,21.360465,10.93243,7.87207,1.14,3.74,318.15,1.87,320.02,0.20074365,-0.1266718,14.54951373,0.08653924,14.33630269
1964-07-15,22.837905,320.44,14.56204503,13.904869,1.218855,21.61905,17.592455,5.24545,-1.4,3.9,316.54,2.72,317.72,0.36756325,0.0256376,14.53640743,0.2281246,14.33392043
1964-08-15,23.05688,318.69,14.37121193,9.62711,-0.95415,24.01103,18.65313,4.40375,-3.56,3.89,314.8,4.14,314.55,0.01302814,-0.10093785,14.47214978,0.10761547,14.26359646
1964-09-15,21.13218,316.71,14.16940777,2.32768,-1.86294,22.99512,14.35448,6.7777,-5.18,2.87,313.84,5.17,311.54,-0.25343416,-0.19204522,14.36145299,-0.0213089,14.19071667
1964-10-15,18.31652,316.87,14.06393803,-4.521385,-6.26853,24.58505,6.708145,11.608375,-3.57,3.54,313.33,7.81,309.06,-0.498107,-0.3636933,14.42763133,-0.2300568,14.29399483
1964-11-15,18.82349,317.68,14.18769639,-4.23339,-1.4212,20.24469,2.00318,16.82031,-1.01,2.87,314.81,9.78,307.9,-0.18351554,-0.14258954,14.33028593,-0.19492624,14.38262263
1964-12-15,21.93928,318.71,14.15143197,0.8071,0.868366,21.070914,2.80495,19.13433,2,3.13,315.58,9.7,309.01,-0.0179758,-0.32366946,14.47510143,-0.10175991,14.25319188
1965-01-15,26.34741,319.44,14.32725613,8.03089,5.649855,20.697555,5.50966,20.83775,2.57,3.01,316.43,7.92,311.52,0.2633181,-0.1698055,14.49706163,-0.15815544,14.48541157
1965-02-15,30.79306,320.44,14.22384923,11.96957,6.029755,24.763305,10.29085,20.50221,2.76,3.46,316.98,6.04,314.4,0.03615284,-0.35671138,14.58056061,0.07436943,14.1494798
1965-03-15,28.806914,320.89,14.28361313,6.867634,4.303234,24.50368,11.577074,17.22984,2.18,3.31,317.58,3.23,317.66,0.13218116,0.12914943,14.1544637,0.242569,14.04104413
1965-04-15,25.68194,322.14,14.26283733,-0.66547,-0.87043,26.55237,12.59283,13.08911,2.7,3.11,319.03,1.71,320.43,-0.0644188,-0.0585709,14.32140823,0.04150103,14.2213363
1965-05-15,21.99781,322.17,14.43520539,-8.79525,-5.16101,27.15882,13.51817,8.47964,1.73,2.14,320.03,1.04,321.13,0.21135616,-0.01210594,14.44731133,0.08888531,14.34632008
1965-06-15,22.887694,321.87,14.39259333,-5.91922,-3.868446,26.75614,17.475004,5.41269,0.98,2.29,319.58,1.18,320.69,0.1089802,-0.10473536,14.49732869,0.0463848,14.34620853
1965-07-15,26.12062,321.21,14.43237773,0.43868,0.60579,25.51483,22.81082,3.3098,-0.93,3.03,318.18,2.79,318.42,0.1695404,-0.05588056,14.48825829,0.12970446,14.30267327
1965-08-15,29.61251,318.87,14.39342493,7.6147,4.88451,24.728,23.09615,6.51636,-3.3,2.97,315.9,3.79,315.08,-0.04178046,-0.14046954,14.53389447,-0.0725727,14.46599763
1965-09-15,33.04767,317.82,14.34341519,10.159976,8.7812,24.26647,25.37279,7.67488,-4.05,3.65,314.17,6.86,310.96,-0.04917814,-0.09869764,14.44211283,-0.03898904,14.38240423
1965-10-15,31.392135,317.3,14.38548558,5.271515,6.421665,24.97047,19.240415,12.15172,-3.91,3.47,313.83,8.25,309.05,-0.04689215,-0.11101725,14.49650283,0.05769348,14.3277921
1965-11-15,30.95845,318.87,14.37614053,1.34594,5.19873,25.75972,18.31242,12.64603,0,3.87,315,10.13,308.74,-0.0172844,0.02793885,14.34820168,0.23051453,14.145626
1965-12-15,29.35428,319.42,14.40695663,-3.69339,0.49345,28.86083,17.34998,12.0043,1.6,3.23,316.19,10.44,308.98,0.06354144,-0.2245092,14.63146583,0.2872515,14.11970513
1966-01-15,28.71277,320.62,14.32651608,-2.679365,-2.95376,31.66653,17.67519,11.03758,3.32,3.73,316.89,8.68,311.94,-0.0589695,-0.22111895,14.54763503,0.01679611,14.30971997
1966-02-15,26.68851,321.6,14.39569373,-4.26994,-9.7231,36.41161,19.2083,7.48021,2.73,3.9,317.7,6.16,315.44,0.0195532,-0.1844406,14.58013433,0.21144774,14.18424599
1966-03-15,24.22727,322.39,14.43843739,-5.12701,-12.57098,36.79825,15.95524,8.27203,2.97,3.85,318.54,3.97,318.42,0.03148076,-0.06401921,14.5024566,0.21559336,14.22284403
1966-04-15,22.112754,323.7,14.36946957,-6.600016,-15.136476,37.24923,10.940904,11.17185,3.08,4.22,319.48,3.34,320.36,0.04295349,-0.17899226,14.54846183,0.18323514,14.18623443
1966-05-15,21.03873,324.08,14.4445905,-5.64978,-13.748066,34.786796,9.91392,11.12481,2.48,3.5,320.58,2.46,321.62,0.04889677,-0.19290256,14.63749306,0.21535017,14.22924033
1966-06-15,20.762694,323.75,14.55475993,-3.464576,-11.943766,32.70646,11.17646,9.586234,1.36,3.98,319.77,2.7,321.05,0.11632254,-0.04826067,14.6030206,0.28846075,14.26629918
1966-07-15,22.558654,322.37,14.65682309,0.4459,-9.32238,31.881034,17.802954,4.7557,-1.33,3.81,318.56,3.57,318.8,0.28735352,0.08361244,14.57321065,0.37148953,14.28533356
1966-08-15,22.928794,320.36,14.48624033,1.890064,-7.898006,30.8268,19.367044,3.56175,-3.72,3.57,316.79,5.24,315.12,0.04164983,-0.03060435,14.51684468,0.30407144,14.18216889
1966-09-15,22.91983,318.64,14.46479693,2.157136,-6.713264,29.633094,20.08287,2.83696,-5.11,3.65,314.99,6.6,312.04,-0.089963,-0.08491995,14.54971688,0.32056234,14.14423459
1966-10-15,21.566886,318.1,14.28500643,-0.991768,-5.004194,26.57108,19.121406,2.44548,-4.27,2.79,315.31,9.19,308.91,-0.37181666,-0.20148756,14.48649399,0.20574377,14.07926266
1966-11-15,18.12345,319.78,14.36994069,-4.805344,-6.43342,24.55687,15.77312,2.35033,-0.58,3.68,316.1,10.6,309.18,-0.11629964,-0.08526514,14.45520583,0.15782166,14.21211903
1966-12-15,20.31013,321.02,14.40898603,-2.6097,-5.08205,25.39218,16.5469,3.76323,2.38,4.01,317.01,11.01,310.01,-0.0558109,0.06349374,14.34549229,0.0901661,14.31881993
1967-01-15,19.12568,322.33,14.33122437,-2.441206,-6.228285,25.353965,10.74939,8.37629,4.23,4.39,317.94,10.09,312.24,0.04621794,-0.1431675,14.47439187,0.05258944,14.27863493
1967-02-15,19.45278,322.5,14.16005223,1.32933,-7.34898,26.80176,2.92374,16.52904,2.72,3.95,318.55,6.28,316.22,-0.20988846,-0.3796358,14.53968803,-0.109375,14.26942723
1967-03-15,17.130996,323.03,14.42711346,-3.179134,-8.371208,25.502204,-3.55587,20.686866,2.01,3.35,319.68,3.39,319.64,0.01812743,-0.08032132,14.50743478,0.16524028,14.26187318
1967-04-15,18.76129,324.41,14.41028779,-0.36439,-6.31101,25.0723,-3.69074,22.45203,2.08,3.84,320.57,3.34,321.07,0.07906342,-0.06497287,14.47526066,0.00450993,14.40577786
1967-05-15,20.222594,325,14.6461057,0.769814,-4.002666,24.22526,-3.957166,24.17976,2.5,3.98,321.02,3.09,321.91,0.48605347,0.20853137,14.43757433,0.12271023,14.52339547
1967-06-15,25.07656,324.09,14.47214313,7.945564,0.57931,24.49725,0.80338,24.27318,1.06,3.47,320.62,2.52,321.57,0.04502967,0.0607138,14.41142933,-0.12226388,14.59440701
1967-07-15,25.592795,322.54,14.53765767,6.831505,2.606201,22.986594,1.691009,23.901786,-1.87,2.93,319.61,3.9,318.64,0.12736988,0.01375674,14.52390093,0.04890634,14.48875133
1967-08-15,27.59125,320.92,14.49472039,7.368656,1.67561,25.91564,6.80566,20.78559,-4.08,3.52,317.4,5.37,315.55,-0.15138531,0.03000259,14.4647178,-0.04356954,14.53828993
1967-09-15,27.96153,319.25,14.48391049,2.88497,0.60735,27.35418,7.912855,20.048675,-4.84,3.01,316.24,6.41,312.84,0.01176736,0.06438732,14.41952317,-0.04811668,14.53202717
1967-10-15,28.63312,319.39,14.54603663,3.040325,-1.87832,30.51144,9.701145,18.931975,-3.15,3.97,315.42,9.52,309.87,0.00837896,0.0880041,14.45803253,0.00183676,14.54419987
1967-11-15,29.25968,320.73,14.39755433,1.66843,-0.248895,29.508575,9.157874,20.101806,-0.19,4.04,316.69,11.61,309.12,-0.09716606,-0.0649462,14.46250053,-0.1579523,14.55550663
1967-12-15,29.554275,321.96,14.45143023,1.592745,1.579491,27.974784,10.407445,19.14683,2.71,4.26,317.7,11.95,310.01,-0.03248026,0.0063963,14.44503393,-0.15522864,14.60665887
1968-01-15,30.049865,322.57,14.22437947,1.416745,0.880095,29.16977,8.934825,21.11504,3.18,3.83,318.74,10.18,312.39,-0.32165716,-0.19085026,14.41522973,-0.54625796,14.77063743
1968-02-15,27.609305,323.15,14.28226273,-1.650375,-1.323965,28.93327,6.936155,20.67315,2.42,4.08,319.07,7.14,316.01,-0.1152916,-0.24915123,14.53141396,-0.31471443,14.59697716
1968-03-15,21.687125,323.89,14.53343098,-7.86715,-7.194175,28.8813,0.916445,20.77068,1.93,4.03,319.86,8.18,315.71,0.08200075,0.31547925,14.21795173,0.0020647,14.53136628
1968-04-15,16.59843,325.02,14.37869063,-13.451435,-10.27115,26.86958,-1.68041,18.27884,2.45,3.64,321.38,7.57,317.45,0.15431116,0.04706,14.33163063,-0.14799597,14.5266866
1968-05-15,12.968795,325.57,14.42094893,-14.64051,-12.436815,25.40561,-5.777925,18.74672,2.42,3.33,322.24,8.06,317.51,0.1386862,-0.02443693,14.44538586,-0.2182512,14.63920013
1968-06-15,14.33223,325.36,14.38071913,-7.354895,-9.647185,23.979415,-4.32326,18.65549,1.47,3.87,321.49,8.09,317.27,-0.15271185,-0.16605185,14.54677098,-0.14462183,14.52534096
1968-07-15,18.70686,324.14,14.47177403,2.10843,-3.89427,22.60113,-1.17847,19.88533,-0.88,4.4,319.74,8.27,315.87,0.0930834,-0.16601372,14.63778775,-0.10822487,14.5799989
1968-08-15,26.151725,322.11,14.41295903,13.18293,4.822571,21.329154,5.701675,20.45005,-3.46,4.34,317.77,7.18,314.93,-0.0079899,-0.3000841,14.71304313,-0.07534885,14.48830788
1968-09-15,30.08539,320.33,14.32325643,15.75316,6.31267,23.77272,8.314524,21.770866,-5.03,4.12,316.21,7.12,313.21,-0.0574627,-0.2953329,14.61858933,-0.0868549,14.41011133
1968-10-15,33.60364,320.25,14.50292199,14.89678,11.07475,22.52889,9.579685,24.023955,-3.89,4.26,315.99,7.83,312.42,0.03114796,-0.05844594,14.56136793,0.06078626,14.44213573
1968-11-15,33.88608,321.32,14.35252753,7.734355,9.51534,24.37074,8.46461,25.42147,-0.79,4.25,317.07,7.99,313.33,-0.0604315,-0.20343973,14.55596726,-0.08084585,14.43337338
1968-12-15,32.26622,322.89,14.32691473,2.18083,13.44065,18.82557,5.94695,26.31927,2.56,4.54,318.35,8.22,314.67,0.0036583,-0.16137885,14.48829358,-0.13035487,14.4572696
1969-01-15,33.819465,324,14.36371223,0.215825,19.135835,14.68363,9.559455,24.26001,3.75,4.43,319.57,8.42,315.58,-0.13920976,-0.06496526,14.42867749,-0.19358445,14.55729668
1969-02-15,32.41704,324.41,14.29747383,-1.46904,22.12217,10.29487,11.48404,20.933,3.09,4.37,320.04,7.92,316.49,-0.0550537,-0.0905609,14.38803473,-0.20543004,14.50290387
1969-03-15,33.447486,325.63,14.44229593,1.181266,24.007356,9.44013,14.605942,18.841544,2.74,4.88,320.75,8.98,316.65,0.1153812,0.22019765,14.22209828,-0.19087317,14.6331691
1969-04-15,32.25073,326.66,14.60474483,-1.568735,23.317694,8.933036,12.70402,19.54671,2.66,4.82,321.84,8.94,317.72,0.2410326,0.41026305,14.19448178,0.00641917,14.59832566
1969-05-15,31.02242,327.38,14.69958775,-1.39462,17.59265,13.42977,11.090254,19.932166,2.97,5.13,322.25,9.09,318.29,0.40211392,0.34140396,14.35818379,0.16392422,14.53566353
1969-06-15,30.57332,326.71,14.58852283,-2.874166,11.76882,18.8045,9.212855,21.360465,1.08,4.82,321.89,8.56,318.15,0.1462269,0.1656809,14.42284193,0.0390091,14.54951373
1969-07-15,28.55499,325.88,14.53912347,-3.69574,5.717085,22.837905,6.93594,21.61905,-0.78,5.44,320.44,9.34,316.54,-0.06562136,-0.02292156,14.56204503,0.00271604,14.53640743
1969-08-15,30.68789,323.66,14.40749163,-0.33453,7.63101,23.05688,6.67686,24.01103,-3.72,4.97,318.69,8.86,314.8,-0.29209612,0.0362797,14.37121193,-0.06465815,14.47214978
1969-09-15,31.7762,322.38,14.48765083,1.20288,10.64402,21.13218,8.78108,22.99512,-4.33,5.67,316.71,8.54,313.84,-0.100872,0.31824306,14.16940777,0.12619784,14.36145299
1969-10-15,33.147414,321.78,14.45566647,4.592424,14.830894,18.31652,8.562364,24.58505,-4.1,4.91,316.87,8.45,313.33,-0.083457,0.39172844,14.06393803,0.02803514,14.42763133
1969-11-15,31.78196,322.85,14.58522123,1.09407,12.95847,18.82349,11.53727,20.24469,-0.81,5.17,317.68,8.04,314.81,0.1777296,0.39752484,14.18769639,0.2549353,14.33028593
1969-12-15,30.20347,324.11,14.71442597,-1.57273,8.26419,21.93928,9.132556,21.070914,1.73,5.4,318.71,8.53,315.58,0.22677514,0.562994,14.15143197,0.23932454,14.47510143
1970-01-15,30.81435,325.06,14.56664651,-2.333064,4.46694,26.34741,10.116795,20.697555,3.28,5.62,319.44,8.63,316.43,0.11098004,0.23939038,14.32725613,0.06958488,14.49706163
1970-02-15,32.04626,325.99,14.591381,0.2643,1.2532,30.79306,7.282955,24.763305,3.14,5.55,320.44,9.01,316.98,0.00615977,0.36753177,14.22384923,0.01082039,14.58056061
1970-03-15,31.39866,326.93,14.47089853,1.19519,2.591746,28.806914,6.89498,24.50368,2.82,6.04,320.89,9.35,317.58,-0.24352744,0.1872854,14.28361313,0.31643483,14.1544637
1970-04-15,28.54997,328.13,14.58500093,-2.26438,2.86803,25.68194,1.9976,26.55237,3.07,5.99,322.14,9.1,319.03,0.01835442,0.3221636,14.26283733,0.2635927,14.32140823
1970-05-15,28.35625,328.08,14.51945298,-3.69001,6.35844,21.99781,1.19743,27.15882,2.09,5.91,322.17,8.05,320.03,-0.07192802,0.08424759,14.43520539,0.07214165,14.44731133
1970-06-15,28.67789,327.67,14.56321043,-2.72077,5.790196,22.887694,1.92175,26.75614,0.74,5.8,321.87,8.09,319.58,0.0923119,0.1706171,14.39259333,0.06588174,14.49732869
1970-07-15,27.03471,326.34,14.54917423,-1.51526,0.91409,26.12062,1.51988,25.51483,-1.79,5.13,321.21,8.16,318.18,-0.0358267,0.1167965,14.43237773,0.06091594,14.48825829
1970-08-15,27.731246,324.68,14.38194649,-0.625004,-1.881264,29.61251,3.003246,24.728,-3.4,5.81,318.87,8.78,315.9,-0.13750649,-0.01147844,14.39342493,-0.15194798,14.53389447
1970-09-15,27.25278,323.1,14.45261283,-1.42511,-5.79489,33.04767,2.98631,24.26647,-4.57,5.28,317.82,8.93,314.17,-0.1105976,0.10919764,14.34341519,0.0105,14.44211283
1970-10-15,30.88364,323.06,14.42522613,3.84893,-0.508495,31.392135,5.91317,24.97047,-3.28,5.76,317.3,9.23,313.83,-0.1239481,0.03974055,14.38548558,-0.0712767,14.49650283
1970-11-15,31.07878,324.01,14.41020193,3.347534,0.12033,30.95845,5.31906,25.75972,-0.67,5.14,318.87,9.01,315,0.02825544,0.0340614,14.37614053,0.06200025,14.34820168
1970-12-15,32.49861,325.13,14.36788263,5.24583,3.14433,29.35428,3.63778,28.86083,2.03,5.71,319.42,8.94,316.19,-0.0847302,-0.039074,14.40695663,-0.2635832,14.63146583
1971-01-15,34.7294,326.17,14.4026851,3.84576,6.01663,28.71277,3.06287,31.66653,3.11,5.55,320.62,9.28,316.89,-0.02254103,0.07616902,14.32651608,-0.14494993,14.54763503
1971-02-15,37.9303,326.69,14.21846097,6.85152,11.24179,26.68851,1.51869,36.41161,2.68,5.09,321.6,8.99,317.7,-0.19174096,-0.17723276,14.39569373,-0.36167336,14.58013433
1971-03-15,38.9823,327.18,14.25451558,6.48369,14.75503,24.22727,2.18405,36.79825,2.05,4.79,322.39,8.64,318.54,-0.11336705,-0.18392181,14.43843739,-0.24794102,14.5024566
1971-04-15,38.25096,327.78,14.35665313,3.52156,16.138206,22.112754,1.00173,37.24923,1.61,4.08,323.7,8.3,319.48,-0.04603197,-0.01281644,14.36946957,-0.1918087,14.54846183
1971-05-15,34.43453,328.93,14.37403958,-3.49577,13.3958,21.03873,-0.352266,34.786796,2.24,4.85,324.08,8.35,320.58,0.15557861,-0.07055092,14.4445905,-0.26345348,14.63749306
1971-06-15,31.939506,328.57,14.34351247,-7.042794,11.176812,20.762694,-0.766954,32.70646,1.39,4.82,323.75,8.8,319.77,0.08899689,-0.21124746,14.55475993,-0.25950813,14.6030206
1971-07-15,31.14498,327.36,14.36199943,-7.10598,8.586326,22.558654,-0.736054,31.881034,-0.42,4.99,322.37,8.8,318.56,0.0053463,-0.29482366,14.65682309,-0.21121122,14.57321065
1971-08-15,33.131286,325.43,14.36144343,-1.303244,10.202492,22.928794,2.304486,30.8268,-3.5,5.07,320.36,8.64,316.79,-0.01259615,-0.1247969,14.48624033,-0.15540125,14.51684468
1971-09-15,36.55124,323.36,14.38591663,4.611734,13.63141,22.91983,6.918146,29.633094,-5.21,4.72,318.64,8.37,314.99,0.04240416,-0.0788803,14.46479693,-0.16380025,14.54971688
1971-10-15,36.11564,323.56,14.27363198,4.97066,14.548754,21.566886,9.54456,26.57108,-3.8,5.46,318.1,8.25,315.31,-0.08836745,-0.01137445,14.28500643,-0.21286201,14.48649399
1971-11-15,33.76951,324.8,14.31245606,0.638224,15.64606,18.12345,9.21264,24.55687,-0.63,5.02,319.78,8.7,316.1,-0.04898737,-0.05748463,14.36994069,-0.14274977,14.45520583
1971-12-15,32.01963,326.01,14.37978356,-4.53161,11.7095,20.31013,6.62745,25.39218,2.65,4.99,321.02,9,317.01,-0.00613307,-0.02920247,14.40898603,0.03429127,14.34549229
1972-01-15,35.594245,326.77,14.19546123,-0.521395,16.468565,19.12568,10.24028,25.353965,3.21,4.44,322.33,8.83,317.94,-0.07817075,-0.13576314,14.33122437,-0.27893064,14.47439187
1972-02-15,40.38558,327.63,14.15743823,6.61607,20.9328,19.45278,13.58382,26.80176,2.83,5.13,322.5,9.08,318.55,-0.15501783,-0.002614,14.16005223,-0.3822498,14.53968803
1972-03-15,44.347655,327.75,14.34917348,12.328025,27.216659,17.130996,18.845451,25.502204,1.74,4.72,323.03,8.07,319.68,-0.03061008,-0.07793998,14.42711346,-0.1582613,14.50743478
1972-04-15,45.00469,329.72,14.45174687,9.410445,26.2434,18.76129,19.93239,25.0723,2.95,5.31,324.41,9.15,320.57,0.25628564,0.04145908,14.41028779,-0.02351379,14.47526066
1972-05-15,47.02163,330.07,14.49416343,6.63605,26.799036,20.222594,22.79637,24.22526,2.44,5.07,325,9.05,321.02,0.3367252,-0.15194227,14.6461057,0.0565891,14.43757433
1972-06-15,49.47486,329.09,14.65350239,5.127205,24.3983,25.07656,24.97761,24.49725,1.34,5,324.09,8.47,320.62,0.30432891,0.18135926,14.47214313,0.24207306,14.41142933
1972-07-15,50.53991,328.04,14.64872258,5.53522,24.947115,25.592795,27.553316,22.986594,-1.68,5.5,322.54,8.43,319.61,0.19697571,0.11106491,14.53765767,0.12482165,14.52390093
1972-08-15,46.51744,326.32,14.60916989,-0.50419,18.92619,27.59125,20.6018,25.91564,-3.75,5.4,320.92,8.92,317.4,0.11500646,0.1144495,14.49472039,0.14445209,14.4647178
1972-09-15,43.98272,324.84,14.51676173,-5.49214,16.02119,27.96153,16.62854,27.35418,-4.25,5.59,319.25,8.6,316.24,-0.13674066,0.03285124,14.48391049,0.09723856,14.41952317
1972-10-15,41.75164,325.2,14.51675503,-8.78827,13.11852,28.63312,11.2402,30.51144,-2.84,5.81,319.39,9.78,315.42,-0.13196755,-0.0292816,14.54603663,0.0587225,14.45803253
1972-11-15,42.71764,326.5,14.42876618,-3.7998,13.45796,29.25968,13.209065,29.508575,0.18,5.77,320.73,9.81,316.69,-0.18040371,0.03121185,14.39755433,-0.03373435,14.46250053
1972-12-15,41.13522,327.55,14.62748043,-2.8475,11.580945,29.554275,13.160436,27.974784,2.71,5.59,321.96,9.85,317.7,0.1107187,0.1760502,14.45143023,0.1824465,14.44503393
1973-01-15,36.441474,328.55,14.7106189,-5.310166,6.391609,30.049865,7.271704,29.16977,3.35,5.98,322.57,9.81,318.74,0.19386387,0.48623943,14.22437947,0.29538917,14.41522973
1973-02-15,36.07104,329.57,14.73607056,-6.6466,8.461735,27.609305,7.13777,28.93327,3.07,6.42,323.15,10.5,319.07,0.30730438,0.45380783,14.28226273,0.2046566,14.53141396
1973-03-15,35.05912,330.3,14.62135593,-6.0761,13.371995,21.687125,6.17782,28.8813,2.75,6.41,323.89,10.44,319.86,-0.0061245,0.08792495,14.53343098,0.4034042,14.21795173
1973-04-15,37.8982,331.5,14.6497144,1.456726,21.29977,16.59843,11.02862,26.86958,2.95,6.48,325.02,10.12,321.38,-0.0609045,0.27102377,14.37869063,0.31808377,14.33163063
1973-05-15,35.80443,332.48,14.69732659,-0.26661,22.835635,12.968795,10.39882,25.40561,2.91,6.91,325.57,10.24,322.24,-0.03874397,0.27637766,14.42094893,0.25194073,14.44538586
1973-06-15,36.98074,332.07,14.61045067,1.92162,22.64851,14.33223,13.001325,23.979415,1.77,6.71,325.36,10.58,321.49,-0.01090526,0.22973154,14.38071913,0.06367969,14.54677098
1973-07-15,35.2114,330.87,14.6139621,-2.6868,16.50454,18.70686,12.61027,22.60113,-0.63,6.73,324.14,11.13,319.74,-0.0357523,0.14218807,14.47177403,-0.02382565,14.63778775
1973-08-15,35.22276,329.31,14.44180673,-0.58167,9.071035,26.151725,13.893606,21.329154,-3.17,7.2,322.11,11.54,317.77,-0.25551986,0.0288477,14.41295903,-0.2712364,14.71304313
1973-09-15,35.1838,327.52,14.47305193,-1.79694,5.09841,30.08539,11.41108,23.77272,-4.55,7.19,320.33,11.31,316.21,-0.13739874,0.1497955,14.32325643,-0.1455374,14.61858933
1973-10-15,38.05125,327.19,14.42255683,2.83985,4.44761,33.60364,15.52236,22.52889,-3.68,6.94,320.25,11.2,315.99,-0.19140527,-0.08036516,14.50292199,-0.1388111,14.56136793
1973-11-15,44.91875,328.17,14.45281593,9.69599,11.03267,33.88608,20.54801,24.37074,-1.14,6.85,321.32,11.1,317.07,0.0110092,0.1002884,14.35252753,-0.10315133,14.55596726
1973-12-15,49.75767,328.65,14.46022408,14.57387,17.49145,32.26622,30.9321,18.82557,1.13,5.76,322.89,10.3,318.35,-0.01282785,0.13330935,14.32691473,-0.0280695,14.48829358
1974-01-15,54.23898,329.36,14.32461353,16.18773,20.419515,33.819465,39.55535,14.68363,2.17,5.36,324,9.79,319.57,-0.0979433,-0.0390987,14.36371223,-0.10406396,14.42867749
1974-02-15,53.14784,330.71,14.11332983,8.22909,20.7308,32.41704,42.85297,10.29487,2.54,6.3,324.41,10.67,320.04,-0.3394861,-0.184144,14.29747383,-0.2747049,14.38803473
1974-03-15,51.990165,331.49,14.27170363,2.232495,18.542679,33.447486,42.550035,9.44013,2.84,5.86,325.63,10.74,320.75,-0.18852045,-0.1705923,14.44229593,0.04960535,14.22209828
1974-04-15,52.25672,332.65,14.30661193,-1.98226,20.00599,32.25073,43.323684,8.933036,3.29,5.99,326.66,10.81,321.84,-0.0180016,-0.2981329,14.60474483,0.11213015,14.19448178
1974-05-15,51.9572,333.19,14.33148283,-1.19064,20.93478,31.02242,38.52743,13.42977,2.48,5.81,327.38,10.94,322.25,0.218153,-0.36810492,14.69958775,-0.02670096,14.35818379
1974-06-15,51.359115,332.2,14.34643263,-0.63105,20.785795,30.57332,32.554615,18.8045,0.71,5.49,326.71,10.31,321.89,0.074729,-0.2420902,14.58852283,-0.0764093,14.42284193
1974-07-15,49.23785,331.07,14.36546319,-3.01887,20.68286,28.55499,26.399945,22.837905,-1.58,5.19,325.88,10.63,320.44,0.05885126,-0.17366028,14.53912347,-0.19658184,14.56204503
1974-08-15,47.56777,329.15,14.44467347,-4.38943,16.87988,30.68789,24.51089,23.05688,-4.04,5.49,323.66,10.46,318.69,0.11319064,0.03718184,14.40749163,0.07346154,14.37121193
1974-09-15,46.626945,327.33,14.27177993,-4.73217,14.850745,31.7762,25.494765,21.13218,-4.87,4.95,322.38,10.62,316.71,-0.0746527,-0.2158709,14.48765083,0.10237216,14.16940777
1974-10-15,45.831245,327.28,14.23360533,-3.406605,12.683831,33.147414,27.514725,18.31652,-3.79,5.5,321.78,10.41,316.87,-0.13185786,-0.22206114,14.45566647,0.1696673,14.06393803
1974-11-15,47.03246,328.31,14.26569643,-0.53531,15.2505,31.78196,28.20897,18.82349,-0.84,5.46,322.85,10.63,317.68,-0.17897704,-0.3195248,14.58522123,0.07800004,14.18769639
1974-12-15,47.797034,329.58,14.30304713,1.170089,17.593564,30.20347,25.857754,21.93928,2.25,5.47,324.11,10.87,318.71,0.0312672,-0.41137884,14.71442597,0.15161516,14.15143197
1975-01-15,48.56046,330.73,14.42413228,2.729215,17.74611,30.81435,22.21305,26.34741,3.45,5.67,325.06,11.29,319.44,0.19052695,-0.14251423,14.56664651,0.09687615,14.32725613
1975-02-15,49.47744,331.46,14.40616219,2.44498,17.43118,32.04626,18.68438,30.79306,3.15,5.47,325.99,11.02,320.44,0.14046576,-0.18521881,14.591381,0.18231296,14.22384923
1975-03-15,50.93886,331.94,14.45524876,3.141826,19.5402,31.39866,22.131946,28.806914,2.36,5.01,326.93,11.05,320.89,0.15220163,-0.01564977,14.47089853,0.17163563,14.28361313
1975-04-15,49.65883,333.11,14.42468063,1.09837,21.10886,28.54997,23.97689,25.68194,2.38,4.98,328.13,10.97,322.14,0.00054835,-0.1603203,14.58500093,0.1618433,14.26283733
1975-05-15,48.36001,333.95,14.43548003,-1.11743,20.00376,28.35625,26.3622,21.99781,2.49,5.87,328.08,11.78,322.17,0.02931784,-0.08397295,14.51945298,0.00027464,14.43520539
1975-06-15,46.27057,333.42,14.37103837,-4.66829,17.59268,28.67789,23.382876,22.887694,1.48,5.75,327.67,11.55,321.87,-0.08421039,-0.19217206,14.56321043,-0.02155496,14.39259333
1975-07-15,46.19614,331.97,14.33651533,-3.46269,19.16143,27.03471,20.07552,26.12062,-1.14,5.63,326.34,10.76,321.21,-0.0881653,-0.2126589,14.54917423,-0.0958624,14.43237773
1975-08-15,47.60733,329.95,14.22765629,-0.75268,19.876084,27.731246,17.99482,29.61251,-4,5.27,324.68,11.08,318.87,-0.20782374,-0.1542902,14.38194649,-0.16576864,14.39342493
1975-09-15,48.35692,328.49,14.22608943,2.08635,21.10414,27.25278,15.30925,33.04767,-4.93,5.39,323.1,10.67,317.82,-0.14494894,-0.2265234,14.45261283,-0.11732576,14.34341519
1975-10-15,48.89142,328.36,14.137762,2.69528,18.00778,30.88364,17.499285,31.392135,-3.61,5.3,323.06,11.06,317.3,-0.19875333,-0.28746413,14.42522613,-0.24772358,14.38548558
1975-11-15,49.134376,329.38,14.19033043,1.527046,18.055596,31.07878,18.175926,30.95845,-0.57,5.37,324.01,10.51,318.87,-0.03732586,-0.2198715,14.41020193,-0.1858101,14.37614053
1975-12-15,46.98198,330.78,14.24266236,-1.37494,14.48337,32.49861,17.6277,29.35428,2.29,5.65,325.13,11.36,319.42,0.01657293,-0.12522027,14.36788263,-0.16429427,14.40695663
1976-01-15,46.72877,331.56,14.33445353,-2.16265,11.99937,34.7294,18.016,28.71277,3.2,5.39,326.17,10.94,320.62,0.19669153,-0.06823157,14.4026851,0.00793745,14.32651608
1976-02-15,43.97838,332.74,14.16864388,-5.155996,6.04808,37.9303,17.28987,26.68851,3.36,6.05,326.69,11.14,321.6,-0.02168655,-0.04981709,14.21846097,-0.22704985,14.39569373
1976-03-15,45.26131,333.36,14.05268473,-1.72067,6.27901,38.9823,21.03404,24.22727,2.58,6.18,327.18,10.97,322.39,-0.18997763,-0.20183085,14.25451558,-0.38575266,14.43843739
1976-04-15,46.43608,334.74,14.24407663,-0.29269,8.18512,38.25096,24.323326,22.112754,3.18,6.96,327.78,11.04,323.7,-0.0903769,-0.1125765,14.35665313,-0.12539294,14.36946957
1976-05-15,47.12371,334.72,14.18952363,3.14533,12.68918,34.43453,26.08498,21.03873,1.98,5.79,328.93,10.64,324.08,0.02087975,-0.18451595,14.37403958,-0.25506687,14.4445905
1976-06-15,49.26272,333.97,14.32254307,4.00141,17.323214,31.939506,28.500026,20.762694,0.61,5.4,328.57,10.22,323.75,0.26985834,-0.0209694,14.34351247,-0.23221686,14.55475993
1976-07-15,48.0058,333.08,14.40882673,1.56972,16.86082,31.14498,25.447146,22.558654,-1.66,5.72,327.36,10.71,322.37,0.1647501,0.0468273,14.36199943,-0.24799636,14.65682309
1976-08-15,46.09155,330.68,14.31239598,-1.03216,12.960264,33.131286,23.162756,22.928794,-4.04,5.25,325.43,10.32,320.36,0.12287235,-0.04904745,14.36144343,-0.17384435,14.48624033
1976-09-15,47.431975,328.96,14.36865323,-1.830745,10.880735,36.55124,24.512145,22.91983,-5.01,5.6,323.36,10.32,318.64,0.04611016,-0.0172634,14.38591663,-0.0961437,14.46479693
1976-10-15,47.07502,328.72,14.00584023,-0.93078,10.95938,36.11564,25.508134,21.566886,-4.36,5.16,323.56,10.62,318.1,-0.4029865,-0.26779175,14.27363198,-0.2791662,14.28500643
1976-11-15,49.88979,330.16,14.24603837,3.79824,16.12028,33.76951,31.76634,18.12345,-0.52,5.36,324.8,10.38,319.78,-0.06635761,-0.06641769,14.31245606,-0.12390232,14.36994069
1976-12-15,50.164214,331.62,14.399311,2.732239,18.144584,32.01963,29.854084,20.31013,2.66,5.61,326.01,10.6,321.02,0.03065777,0.01952744,14.37978356,-0.00967503,14.40898603
1977-01-15,48.75442,332.68,14.52848237,1.6794,13.160175,35.594245,29.62874,19.12568,3.96,5.91,326.77,10.35,322.33,0.52264214,0.33302114,14.19546123,0.197258,14.33122437
1977-02-15,46.04911,333.17,14.47982303,-3.84068,5.66353,40.38558,26.59633,19.45278,3.01,5.54,327.63,10.67,322.5,0.23378466,0.3223848,14.15743823,0.3197708,14.16005223
1977-03-15,44.258605,334.96,14.48881047,-5.905609,-0.08905,44.347655,27.127609,17.130996,3.34,7.21,327.75,11.93,323.03,0.08949947,0.13963699,14.34917348,0.06169701,14.42711346
1977-04-15,42.024985,336.14,14.55689328,-6.729435,-2.979705,45.00469,23.263695,18.76129,3.46,6.42,329.72,11.73,324.41,0.02841091,0.10514641,14.45174687,0.14660549,14.41028779
1977-05-15,42.582946,336.93,14.65089505,-3.466164,-4.438684,47.02163,22.360352,20.222594,3.76,6.86,330.07,11.93,325,0.17107202,0.15673162,14.49416343,0.00478935,14.6461057
1977-06-15,43.097785,336.17,14.67765038,-1.16082,-6.377075,49.47486,18.021225,25.07656,1.21,7.08,329.09,12.08,324.09,0.18883991,0.02414799,14.65350239,0.20550725,14.47214313
1977-07-15,44.15133,334.89,14.62561123,2.126345,-6.38858,50.53991,18.558535,25.592795,-1.25,6.85,328.04,12.35,322.54,0.06871795,-0.02311135,14.64872258,0.08795356,14.53765767
1977-08-15,44.79165,332.56,14.59903423,2.208704,-1.72579,46.51744,17.2004,27.59125,-4.37,6.24,326.32,11.64,320.92,-0.05186082,-0.01013566,14.60916989,0.10431384,14.49472039
1977-09-15,45.79617,331.29,14.42044153,2.698385,1.81345,43.98272,17.83464,27.96153,-4.88,6.45,324.84,12.04,319.25,-0.25720885,-0.0963202,14.51676173,-0.06346896,14.48391049
1977-10-15,46.51791,331.28,14.34933179,2.36658,4.76627,41.75164,17.88479,28.63312,-3.61,6.08,325.2,11.89,319.39,-0.27627944,-0.16742324,14.51675503,-0.19670484,14.54603663
1977-11-15,48.60857,332.46,14.58254426,3.81692,5.89093,42.71764,19.34889,29.25968,-0.1,5.96,326.5,11.73,320.73,-0.01648997,0.15377808,14.42876618,0.18498993,14.39755433
1977-12-15,51.38144,333.6,14.52425283,5.58527,10.24622,41.13522,21.827165,29.554275,2.31,6.05,327.55,11.64,321.96,0.1038113,-0.1032276,14.62748043,0.0728226,14.45143023
1978-01-15,53.936126,334.94,14.51060479,7.418216,17.494652,36.441474,23.886261,30.049865,3.66,6.39,328.55,12.37,322.57,0.161273,-0.20001411,14.7106189,0.28622532,14.22437947
1978-02-15,57.67787,335.26,14.48237317,9.0693,21.60683,36.07104,30.068565,27.609305,2.8,5.69,329.57,12.11,323.15,-0.10017109,-0.25369739,14.73607056,0.20011044,14.28226273
1978-03-15,56.6675,336.66,14.49295228,5.28606,21.60838,35.05912,34.980375,21.687125,3.06,6.36,330.3,12.77,323.89,-0.03130055,-0.12840365,14.62135593,-0.0404787,14.53343098
1978-04-15,56.35443,337.69,14.51423163,2.418304,18.45623,37.8982,39.756,16.59843,2.75,6.19,331.5,12.67,325.02,0.00362684,-0.13548277,14.6497144,0.135541,14.37869063
1978-05-15,52.66107,338.02,14.57404893,-5.0168,16.85664,35.80443,39.692275,12.968795,2.76,5.54,332.48,12.45,325.57,0.09167576,-0.12327766,14.69732659,0.1531,14.42094893
1978-06-15,51.17633,338.01,14.44014638,-5.49117,14.19559,36.98074,36.8441,14.33223,1.35,5.94,332.07,12.65,325.36,-0.0528059,-0.17030429,14.61045067,0.05942725,14.38071913
1978-07-15,49.77951,336.5,14.57739728,-6.57492,14.56811,35.2114,31.07265,18.70686,-1.19,5.63,330.87,12.36,324.14,0.06316565,-0.03656482,14.6139621,0.10562325,14.47177403
1978-08-15,51.29631,334.42,14.34368508,-1.36476,16.07355,35.22276,25.144585,26.151725,-3.6,5.11,329.31,12.31,322.11,-0.23036385,-0.09812165,14.44180673,-0.06927395,14.41295903
1978-09-15,51.59615,332.36,14.38113683,0.41982,16.41235,35.1838,21.51076,30.08539,-5.65,4.84,327.52,12.03,320.33,-0.05900955,-0.0919151,14.47305193,0.0578804,14.32325643
1978-10-15,51.90438,332.45,14.37010183,2.12487,13.85313,38.05125,18.30074,33.60364,-4.05,5.26,327.19,12.2,320.25,-0.20729545,-0.052455,14.42255683,-0.13282016,14.50292199
1978-11-15,47.388656,333.76,14.53875343,-3.907654,2.469906,44.91875,13.502576,33.88608,-0.66,5.59,328.17,12.44,321.32,0.19506835,0.0859375,14.45281593,0.1862259,14.35252753
1978-12-15,44.48269,334.91,14.55113783,-7.11346,-5.27498,49.75767,12.21647,32.26622,2.55,6.26,328.65,12.02,322.89,0.170001,0.09091375,14.46022408,0.2242231,14.32691473
1979-01-15,41.59114,336.56,14.64425748,-10.31324,-12.64784,54.23898,7.771675,33.819465,4.11,7.2,329.36,12.56,324,0.27415565,0.31964395,14.32461353,0.28054525,14.36371223
1979-02-15,42.733504,337.29,14.37806793,-4.655152,-10.414336,53.14784,10.316464,32.41704,3.53,6.58,330.71,12.88,324.41,-0.1606855,0.2647381,14.11332983,0.0805941,14.29747383
1979-03-15,43.81256,337.88,14.57940095,-0.67013,-8.177605,51.990165,10.365074,33.447486,2.97,6.39,331.49,12.25,325.63,0.02826312,0.30769732,14.27170363,0.13710502,14.44229593
1979-04-15,43.5797,338.32,14.55735583,1.98856,-8.67702,52.25672,11.32897,32.25073,1.76,5.67,332.65,11.66,326.66,-0.08690165,0.2507439,14.30661193,-0.047389,14.60474483
1979-05-15,42.09125,338.26,14.61905091,-0.642254,-9.86595,51.9572,11.06883,31.02242,0.97,5.07,333.19,10.88,327.38,0.24098298,0.28756808,14.33148283,-0.08053684,14.69958775
1979-06-15,42.56223,337.38,14.63398831,-1.25033,-8.796885,51.359115,11.98891,30.57332,-0.5,5.18,332.2,10.67,326.71,0.05458736,0.28755568,14.34643263,0.04546548,14.58852283
1979-07-15,44.91858,335.57,14.56813901,1.33888,-4.31927,49.23785,16.36359,28.55499,-2.75,4.5,331.07,9.69,325.88,0.01078318,0.20267582,14.36546319,0.02901554,14.53912347
1979-08-15,49.693915,334.37,14.65633481,7.602665,2.126145,47.56777,19.006025,30.68789,-3.89,5.22,329.15,10.71,323.66,0.0372839,0.21166134,14.44467347,0.24884318,14.40749163
1979-09-15,52.34029,335.02,14.68951503,9.77806,5.713345,46.626945,20.56409,31.7762,-2.36,7.69,327.33,12.64,322.38,0.05552672,0.4177351,14.27177993,0.2018642,14.48765083
1979-10-15,54.75604,336.36,14.70108979,9.83746,8.924795,45.831245,21.608626,33.147414,0.79,9.08,327.28,14.58,321.78,0.13295078,0.46748446,14.23360533,0.24542332,14.45566647
1979-11-15,52.463386,337.36,14.68143743,2.769471,5.430926,47.03246,20.681426,31.78196,2.99,9.05,328.31,14.51,322.85,0.02510262,0.415741,14.26569643,0.0962162,14.58522123
1979-12-15,54.582755,337.9,14.93366425,2.242465,6.785721,47.797034,24.379285,30.20347,2.88,8.32,329.58,13.79,324.11,0.24414922,0.63061712,14.30304713,0.21923828,14.71442597
1980-01-15,54.4589,338.58,14.76679223,-0.29714,5.89844,48.56046,23.64455,30.81435,2.22,7.85,330.73,13.52,325.06,0.06570244,0.34265995,14.42413228,0.20014572,14.56664651
1980-02-15,55.523505,339.26,14.81735413,3.060119,6.046065,49.47744,23.477245,32.04626,1.9,7.8,331.46,13.27,325.99,0.1359167,0.41119194,14.40616219,0.22597313,14.591381
1980-03-15,53.509215,339.6,14.7890672,-1.07354,2.570355,50.93886,22.110555,31.39866,1.7,7.66,331.94,12.67,326.93,-0.14459705,0.33381844,14.45524876,0.31816867,14.47089853
1980-04-15,53.85686,340,14.88180344,-0.60204,4.19803,49.65883,25.30689,28.54997,1.42,6.89,333.11,11.87,328.13,0.11501121,0.45712281,14.42468063,0.29680251,14.58500093
1980-05-15,53.493255,340.44,14.97452157,-2.03025,5.133245,48.36001,25.137005,28.35625,1.18,6.49,333.95,12.36,328.08,0.15716744,0.53904154,14.43548003,0.45506859,14.51945298
1980-06-15,52.938346,339.99,14.81199639,-0.570869,6.667776,46.27057,24.260456,28.67789,0.39,6.57,333.42,12.32,327.67,0.02292919,0.44095802,14.37103837,0.24878596,14.56321043
1980-07-15,50.467826,338.44,14.85633271,-3.389034,4.271686,46.19614,23.433116,27.03471,-1.56,6.47,331.97,12.1,326.34,-0.02547073,0.51981738,14.33651533,0.30715848,14.54917423
1980-08-15,48.66318,337.21,14.78137295,-4.830075,1.05585,47.60733,20.931934,27.731246,-3.23,7.26,329.95,12.53,324.68,-0.19314862,0.55371666,14.22765629,0.39942646,14.38194649
1980-09-15,48.668624,337.05,14.69809811,-4.269722,0.311704,48.35692,21.415844,27.25278,-2.94,8.56,328.49,13.95,323.1,-0.11389828,0.47200868,14.22608943,0.24548528,14.45261283
1980-10-15,50.4742,337.82,14.60997861,0.006374,1.58278,48.89142,19.59056,30.88364,-0.62,9.46,328.36,14.76,323.06,-0.2463541,0.47221661,14.137762,0.18475248,14.42522613
1980-11-15,55.601585,338.93,14.6364116,6.938405,6.467209,49.134376,24.522805,31.07878,1.72,9.55,329.38,14.92,324.01,-0.14496135,0.44608117,14.19033043,0.22620967,14.41020193
1980-12-15,59.75701,339.64,14.59334176,11.088386,12.77503,46.98198,27.2584,32.49861,2.59,8.86,330.78,14.51,325.13,-0.10475635,0.3506794,14.24266236,0.22545913,14.36788263
1981-01-15,61.78662,340.19,14.89225571,11.31242,15.05785,46.72877,27.05722,34.7294,2.37,8.63,331.56,14.02,326.17,0.2822771,0.55780218,14.33445353,0.48957061,14.4026851
1981-02-15,62.87613,340.75,14.81618016,7.274545,18.89775,43.97838,24.94583,37.9303,1.82,8.01,332.74,14.06,326.69,0.17976856,0.64753628,14.16864388,0.59771919,14.21846097
1981-03-15,64.641036,341.38,14.90219968,4.884026,19.379726,45.26131,25.658736,38.9823,1.74,8.02,333.36,14.2,327.18,0.30885792,0.84951495,14.05268473,0.6476841,14.25451558
1981-04-15,65.62232,341.68,14.85270398,3.8357,19.18624,46.43608,27.37136,38.25096,1.49,6.94,334.74,13.9,327.78,-0.03955173,0.60862735,14.24407663,0.49605085,14.35665313
1981-05-15,66.952865,341.43,14.83585637,4.076735,19.829155,47.12371,32.518335,34.43453,0.68,6.71,334.72,12.5,328.93,0.01967621,0.64633274,14.18952363,0.46181679,14.37403958
1981-06-15,67.43305,340.63,14.81643098,2.792014,18.17033,49.26272,35.493544,31.939506,-0.75,6.66,333.97,12.06,328.57,-0.0857687,0.49388791,14.32254307,0.47291851,14.34351247
1981-07-15,65.74939,339.22,14.82412045,0.12707,17.74359,48.0058,34.60441,31.14498,-2.46,6.14,333.08,11.86,327.36,-0.02858353,0.41529372,14.40882673,0.46212102,14.36199943
1981-08-15,66.554175,338.08,14.82955258,-0.39869,20.462625,46.09155,33.422889,33.131286,-3.35,7.4,330.68,12.65,325.43,-0.00630379,0.5171566,14.31239598,0.46810915,14.36144343
1981-09-15,65.49738,337.97,14.72983735,-1.93567,18.065405,47.431975,28.94614,36.55124,-2.66,9.01,328.96,14.61,323.36,-0.08659363,0.36118412,14.36865323,0.34392072,14.38591663
1981-10-15,67.63923,339.07,14.6468467,1.88984,20.56421,47.07502,31.52359,36.11564,-0.15,10.35,328.72,15.51,323.56,-0.17727375,0.64100647,14.00584023,0.37321472,14.27363198
1981-11-15,66.690925,340.18,14.64073556,0.13675,16.801135,49.88979,32.921415,33.76951,2.1,10.02,330.16,15.38,324.8,-0.18881702,0.39469719,14.24603837,0.3282795,14.31245606
1981-12-15,65.20894,340.75,14.83107941,-0.28844,15.044726,50.164214,33.18931,32.01963,2.78,9.13,331.62,14.74,326.01,0.10124206,0.43176841,14.399311,0.45129585,14.37978356
1982-01-15,61.396155,341.37,14.48910039,-6.243075,12.641735,48.75442,25.80191,35.594245,2.3,8.69,332.68,14.6,326.77,-0.15774631,-0.03938198,14.52848237,0.29363916,14.19546123
1982-02-15,60.32455,341.95,14.57771867,-6.366375,14.27544,46.04911,19.93897,40.38558,1.77,8.78,333.17,14.32,327.63,-0.06301689,0.09789564,14.47982303,0.42028044,14.15743823
1982-03-15,59.033164,342.23,14.42861553,-6.175776,14.774559,44.258605,14.685509,44.347655,1.48,7.27,334.96,14.48,327.75,-0.40246388,-0.06019494,14.48881047,0.07944205,14.34917348
1982-04-15,56.55514,342.52,14.52813903,-4.841015,14.530155,42.024985,11.55045,45.00469,1.15,6.38,336.14,12.8,329.72,0.03903864,-0.02875425,14.55689328,0.07639216,14.45174687
1982-05-15,56.113425,342.37,14.69379895,-4.211125,13.530479,42.582946,9.091795,47.02163,0.42,5.44,336.93,12.3,330.07,0.11608028,0.0429039,14.65089505,0.19963552,14.49416343
1982-06-15,54.90035,341.49,14.64566796,-4.132814,11.802565,43.097785,5.42549,49.47486,-0.74,5.32,336.17,12.4,329.09,0.21705243,-0.03198242,14.67765038,-0.00783443,14.65350239
1982-07-15,53.877685,339.75,14.72767441,-2.677455,9.726355,44.15133,3.337775,50.53991,-2.77,4.86,334.89,11.71,328.04,0.19953538,0.10206318,14.62561123,0.07895183,14.64872258
1982-08-15,55.25953,338.11,14.61193459,-0.853895,10.46788,44.79165,8.74209,46.51744,-4.26,5.55,332.56,11.79,326.32,-0.08186436,0.01290036,14.59903423,0.0027647,14.60916989
1982-09-15,59.31457,338.16,14.60029786,4.41422,13.5184,45.79617,15.33185,43.98272,-3.33,6.87,331.29,13.32,324.84,-0.0453701,0.17985633,14.42044153,0.08353613,14.51676173
1982-10-15,64.89328,339.61,14.54567713,11.015595,18.37537,46.51791,23.14164,41.75164,-0.14,8.33,331.28,14.41,325.2,-0.18199728,0.19634534,14.34933179,0.0289221,14.51675503
1982-11-15,67.51424,340.95,14.54500383,12.25471,18.90567,48.60857,24.7966,42.71764,2.84,8.49,332.46,14.45,326.5,-0.06693076,-0.03754043,14.58254426,0.11623765,14.42876618
1982-12-15,68.07847,341.77,14.83272259,8.7639,16.69703,51.38144,26.94325,41.13522,3.61,8.17,333.6,14.22,327.55,0.23242473,0.30846976,14.52425283,0.20524216,14.62748043
1983-01-15,69.83621,342.37,14.91479676,4.94293,15.900084,53.936126,33.394736,36.441474,2.76,7.43,334.94,13.82,328.55,0.36911963,0.40419197,14.51060479,0.20417786,14.7106189
1983-02-15,69.14403,342.74,14.87265198,1.62979,11.46616,57.67787,33.07299,36.07104,1.79,7.48,335.26,13.17,329.57,0.32764815,0.39027881,14.48237317,0.13658142,14.73607056
1983-03-15,70.761115,343.04,14.87764352,2.682645,14.093615,56.6675,35.701995,35.05912,1.27,6.38,336.66,12.74,330.3,0.04492093,0.38469124,14.49295228,0.25628759,14.62135593
1983-04-15,73.89519,343.51,14.78915493,4.05898,17.54076,56.35443,35.99699,37.8982,1.14,5.82,337.69,12.01,331.5,-0.12564183,0.2749233,14.51423163,0.13944053,14.6497144
1983-05-15,77.08853,343.84,14.93251317,7.9445,24.42746,52.66107,41.2841,35.80443,1.1,5.82,338.02,11.36,332.48,0.05986119,0.35846424,14.57404893,0.23518658,14.69732659
1983-06-15,75.620463,343.5,14.79994385,4.859348,24.444133,51.17633,38.639723,36.98074,0.46,5.49,338.01,11.43,332.07,-0.07769967,0.35979747,14.44014638,0.18949318,14.61045067
1983-07-15,71.40705,342.14,14.74918359,-2.48814,21.62754,49.77951,36.19565,35.2114,-1.37,5.64,336.5,11.27,330.87,-0.03997134,0.17178631,14.57739728,0.13522149,14.6139621
1983-08-15,63.76304,340.62,14.81604283,-13.32549,12.46673,51.29631,28.54028,35.22276,-3.22,6.2,334.42,11.31,329.31,-0.11647034,0.47235775,14.34368508,0.3742361,14.44180673
1983-09-15,62.9429,340.53,14.86890691,-12.677563,11.34675,51.59615,27.7591,35.1838,-2.97,8.17,332.36,13.01,327.52,0.06896306,0.48777008,14.38113683,0.39585498,14.47305193
1983-10-15,59.97777,341.75,14.59032529,-11.42928,8.07339,51.90438,21.92652,38.05125,-0.39,9.3,332.45,14.56,327.19,-0.1588583,0.22022346,14.37010183,0.16776846,14.42255683
1983-11-15,62.78521,342.83,14.7117204,-0.97783,15.396554,47.388656,17.86646,44.91875,2.21,9.07,333.76,14.66,328.17,-0.10432243,0.17296697,14.53875343,0.25890447,14.45281593
1983-12-15,60.74435,343.49,14.64184087,-2.19855,16.26166,44.48269,10.98668,49.75767,2.96,8.58,334.91,14.84,328.65,-0.22706604,0.09070304,14.55113783,0.18161679,14.46022408
1984-01-15,62.16959,344.32,14.66405099,2.19182,20.57845,41.59114,7.93061,54.23898,2.57,7.76,336.56,14.96,329.36,0.0737257,0.01979351,14.64425748,0.33943746,14.32461353
1984-02-15,63.31174,344.82,14.50812237,0.52653,20.578236,42.733504,10.1639,53.14784,1.99,7.53,337.29,14.11,330.71,-0.20359803,0.13005444,14.37806793,0.39479254,14.11332983
1984-03-15,66.59885,344.96,14.6731252,5.8545,22.78629,43.81256,14.608685,51.990165,1.47,7.08,337.88,13.47,331.49,0.03128433,0.09372425,14.57940095,0.40142157,14.27170363
1984-04-15,67.47002,345.19,14.59682076,5.30043,23.89032,43.5797,15.2133,52.25672,0.87,6.87,338.32,12.54,332.65,-0.06723023,0.03946493,14.55735583,0.29020883,14.30661193
1984-05-15,68.46626,345.33,14.85093396,5.15452,26.37501,42.09125,16.50906,51.9572,0.51,7.07,338.26,12.14,333.19,0.34281159,0.23188305,14.61905091,0.51945113,14.33148283
1984-06-15,70.635665,344.57,14.55990117,4.036815,28.073435,42.56223,19.27655,51.359115,-0.39,7.19,337.38,12.37,332.2,-0.11322403,-0.07408714,14.63398831,0.21346854,14.34643263
1984-07-15,70.198585,343.2,14.53385918,2.728565,25.280005,44.91858,20.960735,49.23785,-1.99,7.63,335.57,12.13,331.07,-0.06296158,-0.03427983,14.56813901,0.16839599,14.36546319
1984-08-15,71.585494,342.21,14.62724773,3.119234,21.891579,49.693915,24.017724,47.56777,-3.12,7.84,334.37,13.06,329.15,-0.22368623,-0.02908708,14.65633481,0.18257426,14.44467347
1984-09-15,69.43963,342.13,14.57978051,-1.196035,17.09934,52.34029,22.812685,46.626945,-2.44,7.11,335.02,14.8,327.33,0.01987934,-0.10973452,14.68951503,0.30800058,14.27177993
1984-10-15,68.532455,342.99,14.54368963,-1.66613,13.776415,54.75604,22.70121,45.831245,-0.21,6.63,336.36,15.71,327.28,0.00983045,-0.15740016,14.70108979,0.3100843,14.23360533
1984-11-15,65.214965,344.16,14.41312783,-6.370529,12.751579,52.463386,18.182505,47.03246,1.95,6.8,337.36,15.85,328.31,-0.2141199,-0.2683096,14.68143743,0.1474314,14.26569643
1984-12-15,63.24494,345,14.46251576,-6.19469,8.662185,54.582755,15.447906,47.797034,2.87,7.1,337.9,15.42,329.58,-0.11726475,-0.47114849,14.93366425,0.15946863,14.30304713
1985-01-15,59.26037,345.35,14.64364808,-9.272085,4.80147,54.4589,10.69991,48.56046,2.36,6.77,338.58,14.62,330.73,0.09995845,-0.12314415,14.76679223,0.2195158,14.42413228
1985-02-15,60.097495,345.8,14.37103646,-5.11747,4.57399,55.523505,10.620055,49.47744,1.64,6.54,339.26,14.34,331.46,-0.04209137,-0.44631767,14.81735413,-0.03512573,14.40616219
1985-03-15,57.93407,346.64,14.53516667,-5.31087,4.424855,53.509215,6.99521,50.93886,1.64,7.04,339.6,14.7,331.94,0.07265091,-0.25390053,14.7890672,0.07991791,14.45524876
1985-04-15,57.88811,346.94,14.59321015,-1.37226,4.03125,53.85686,8.22928,49.65883,1.59,6.94,340,13.83,333.11,-0.05043793,-0.28859329,14.88180344,0.16852952,14.42468063
1985-05-15,56.09697,346.78,14.6288852,-4.000525,2.603715,53.493255,7.73696,48.36001,0.98,6.34,340.44,12.83,333.95,0.25784874,-0.34563637,14.97452157,0.19340517,14.43548003
1985-06-15,56.50897,346.26,14.59937279,-1.4251,3.570624,52.938346,10.2384,46.27057,-0.38,6.27,339.99,12.84,333.42,0.06420612,-0.2126236,14.81199639,0.22833442,14.37103837
1985-07-15,55.93048,344.92,14.53006928,-1.95763,5.462654,50.467826,9.73434,46.19614,-2.02,6.48,338.44,12.95,331.97,-0.06314087,-0.32626343,14.85633271,0.19355395,14.33651533
1985-08-15,54.23731,343.41,14.6715812,-1.85966,5.57413,48.66318,6.62998,47.60733,-3.37,6.2,337.21,13.46,329.95,0.042696,-0.10979175,14.78137295,0.44392491,14.22765629
1985-09-15,54.99428,343.37,14.54500383,-1.51469,6.325656,48.668624,6.63736,48.35692,-2.89,6.32,337.05,14.88,328.49,-0.05436896,-0.15309428,14.69809811,0.3189144,14.22608943
1985-10-15,55.76441,344.64,14.41887563,-0.16607,5.29021,50.4742,6.87299,48.89142,-0.28,6.82,337.82,16.28,328.36,-0.11119365,-0.19110298,14.60997861,0.28111363,14.137762
1985-11-15,57.13389,345.79,14.47190278,2.89658,1.532305,55.601585,7.999514,49.134376,2.38,6.86,338.93,16.41,329.38,-0.19967842,-0.16450882,14.6364116,0.28157235,14.19033043
1985-12-15,57.439536,346.55,14.51992886,2.445256,-2.317474,59.75701,10.457556,46.98198,3.18,6.91,339.64,15.77,330.78,-0.02507497,-0.0734129,14.59334176,0.2772665,14.24266236
1986-01-15,58.825576,347.11,14.63353055,3.061166,-2.961044,61.78662,12.096806,46.72877,2.47,6.92,340.19,15.55,331.56,0.21465492,-0.25872516,14.89225571,0.29907702,14.33445353
1986-02-15,59.97297,347.34,14.6874532,2.83908,-2.90316,62.87613,15.99459,43.97838,1.55,6.59,340.75,14.6,332.74,0.21555042,-0.12872696,14.81618016,0.51880932,14.16864388
1986-03-15,59.34746,347.71,14.65307515,1.907924,-5.293576,64.641036,14.08615,45.26131,1.16,6.33,341.38,14.35,333.36,0.13314629,-0.24912453,14.90219968,0.60039042,14.05268473
1986-04-15,59.101455,348.22,14.76596253,0.275879,-6.520865,65.62232,12.665375,46.43608,1.11,6.54,341.68,13.48,334.74,0.13243198,-0.08674145,14.85270398,0.5218859,14.24407663
1986-05-15,57.81842,348.32,14.79647916,-2.15455,-9.134445,66.952865,10.69471,47.12371,0.98,6.89,341.43,13.6,334.72,0.10902596,-0.03937721,14.83585637,0.60695553,14.18952363
1986-06-15,58.598495,347.76,14.61777489,-0.748965,-8.834555,67.43305,9.335775,49.26272,0.05,7.13,340.63,13.79,333.97,-0.03530026,-0.19865609,14.81643098,0.29523182,14.32254307
1986-07-15,56.29286,346.29,14.61721699,-2.808595,-9.45653,65.74939,8.28706,48.0058,-1.93,7.07,339.22,13.21,333.08,-0.14874554,-0.20690346,14.82412045,0.20839026,14.40882673
1986-08-15,57.104384,344.92,14.62853043,-0.714036,-9.449791,66.554175,11.012834,46.09155,-3.4,6.84,338.08,14.24,330.68,-0.16794873,-0.20102215,14.82955258,0.31613445,14.31239598
1986-09-15,56.156585,344.86,14.53892319,-2.44191,-9.340795,65.49738,8.72461,47.431975,-2.9,6.89,337.97,15.9,328.96,-0.0788517,-0.19091416,14.72983735,0.17026996,14.36865323
1986-10-15,55.741256,346.03,14.47180169,-0.551604,-11.897974,67.63923,8.666236,47.07502,-0.26,6.96,339.07,17.31,328.72,-0.1454153,-0.17504501,14.6468467,0.46596146,14.00584023
1986-11-15,55.370734,347.3,14.56446259,-1.73365,-11.320191,66.690925,5.480944,49.88979,2.38,7.12,340.18,17.14,330.16,-0.06406784,-0.07627297,14.64073556,0.31842422,14.24603837
1986-12-15,56.57123,347.76,14.61865418,0.414645,-8.63771,65.20894,6.407016,50.164214,2.9,7.01,340.75,16.14,331.62,0.07973099,-0.21242523,14.83107941,0.21934318,14.399311
1987-01-15,58.41835,348.01,14.73305028,2.677094,-2.977805,61.396155,9.66393,48.75442,1.98,6.64,341.37,15.33,332.68,0.26124859,0.24394989,14.48910039,0.20456791,14.52848237
1987-02-15,61.11474,348.56,14.77655499,5.744006,0.79019,60.32455,15.06563,46.04911,1.26,6.61,341.95,15.39,333.17,0.2120924,0.19883632,14.57771867,0.29673196,14.47982303
1987-03-15,58.87801,349.28,14.58453743,2.30678,-0.155154,59.033164,14.619405,44.258605,1.52,7.05,342.23,14.32,334.96,-0.03411675,0.1559219,14.42861553,0.09572696,14.48881047
1987-04-15,57.26378,349.98,14.73166745,-1.15457,0.70864,56.55514,15.238795,42.024985,1.97,7.46,342.52,13.84,336.14,-0.00138283,0.20352842,14.52813903,0.17477417,14.55689328
1987-05-15,58.72255,350.26,14.79305737,-2.39219,2.609125,56.113425,16.139604,42.582946,1.7,7.89,342.37,13.33,336.93,0.01650238,0.09925842,14.69379895,0.14216232,14.65089505
1987-06-15,60.296966,349.46,14.87453835,1.418956,5.396616,54.90035,17.199181,43.097785,0.18,7.97,341.49,13.29,336.17,0.29000092,0.22887039,14.64566796,0.19688797,14.67765038
1987-07-15,61.45121,347.84,14.97658913,4.18743,7.573525,53.877685,17.29988,44.15133,-2.14,8.09,339.75,12.95,334.89,0.24492168,0.24891472,14.72767441,0.3509779,14.62561123
1987-08-15,56.156585,346.61,14.79494088,-2.565965,0.897055,55.25953,11.364935,44.79165,-3.65,8.5,338.11,14.05,332.56,0.00188351,0.18300629,14.61193459,0.19590665,14.59903423
1987-09-15,54.30982,346.7,14.84177678,-5.987146,-5.00475,59.31457,8.51365,45.79617,-2.76,8.54,338.16,15.41,331.29,-0.03276157,0.24147892,14.60029786,0.42133525,14.42044153
1987-10-15,52.8972,347.97,14.71944897,-8.55401,-11.99608,64.89328,6.37929,46.51791,0.13,8.36,339.61,16.69,331.28,-0.25714016,0.17377184,14.54567713,0.37011718,14.34933179
1987-11-15,57.55024,349.25,14.69259637,1.393655,-9.964,67.51424,8.94167,48.60857,2.64,8.3,340.95,16.79,332.46,-0.10234451,0.14759254,14.54500383,0.11005211,14.58254426
1987-12-15,61.06116,350.21,14.93986218,6.75134,-7.01731,68.07847,9.67972,51.38144,3.51,8.44,341.77,16.61,333.6,0.0980854,0.10713959,14.83272259,0.41560935,14.52425283
1988-01-15,60.507964,350.91,14.93508141,7.610764,-9.328246,69.83621,6.571838,53.936126,2.94,8.54,342.37,15.97,334.94,0.21563244,0.02028465,14.91479676,0.42447662,14.51060479
1988-02-15,61.78639,351.47,14.73262113,4.23615,-7.35764,69.14403,4.10852,57.67787,2.22,8.73,342.74,16.21,335.26,0.04002476,-0.14003085,14.87265198,0.25024796,14.48237317
1988-03-15,59.76762,351.85,14.87388699,-1.29354,-10.993495,70.761115,3.10012,56.6675,1.64,8.81,343.04,15.19,336.66,-0.06597519,-0.00375653,14.87764352,0.38093471,14.49295228
1988-04-15,61.3991,352.3,14.87692349,0.891136,-12.49609,73.89519,5.04467,56.35443,1.39,8.79,343.51,14.61,337.69,-0.05815792,0.08776856,14.78915493,0.36269186,14.51423163
1988-05-15,61.51658,352.46,14.96336549,-0.26981,-15.57195,77.08853,8.85551,52.66107,0.99,8.62,343.84,14.44,338.02,0.230744355,0.030852315,14.93251317,0.389316555,14.57404893
1988-06-15,63.07029,351.76,14.90896886,3.30267,-12.550173,75.620463,11.89396,51.17633,-0.09,8.26,343.5,13.75,338.01,0.03508187,0.10902501,14.79994385,0.46882248,14.44014638
1988-07-15,63.264304,350.28,14.8685035,1.865204,-8.142746,71.40705,13.484794,49.77951,-2.02,8.14,342.14,13.78,336.5,-0.00841999,0.11931991,14.74918359,0.29110622,14.57739728
1988-08-15,64.79428,349.1,14.89924233,3.2777,1.03124,63.76304,13.49797,51.29631,-3.36,8.48,340.62,14.68,334.42,-0.064123155,0.0831995,14.81604283,0.55555725,14.34368508
1988-09-15,66.36252,349.27,14.87856763,3.29223,3.41962,62.9429,14.76637,51.59615,-2.49,8.74,340.53,16.91,332.36,-0.03040123,0.00966072,14.86890691,0.4974308,14.38113683
1988-10-15,67.03448,350.44,14.71413129,3.770176,7.05671,59.97777,15.1301,51.90438,0.16,8.69,341.75,17.99,332.45,-0.15437221,0.123806,14.59032529,0.34402946,14.37010183
1988-11-15,64.68857,351.61,14.49687093,-0.10571,1.90336,62.78521,17.299914,47.388656,2.51,8.78,342.83,17.85,333.76,-0.4023714,-0.21484947,14.7117204,-0.0418825,14.53875343
1988-12-15,60.23281,352.46,14.69619076,-6.12971,-0.51154,60.74435,15.75012,44.48269,3.19,8.97,343.49,17.55,334.91,-0.18237687,0.05434989,14.64184087,0.14505293,14.55113783
1989-01-15,60.27551,353.01,14.47002023,-6.75897,-1.89408,62.16959,18.68437,41.59114,2.57,8.69,344.32,16.45,336.56,-0.24411106,-0.19403076,14.66405099,-0.17423725,14.64425748
1989-02-15,61.624885,353.46,14.729021,-3.063685,-1.686855,63.31174,18.891381,42.733504,1.85,8.64,344.82,16.17,337.29,0.23215007,0.22089863,14.50812237,0.35095307,14.37806793
1989-03-15,67.23353,354.01,14.70856755,7.00072,0.63468,66.59885,23.42097,43.81256,1.55,9.05,344.96,16.13,337.88,0.01237679,0.03544235,14.6731252,0.1291666,14.57940095
1989-04-15,68.03284,354.38,14.75093263,7.75733,0.56282,67.47002,24.45314,43.5797,1.37,9.19,345.19,16.06,338.32,0.2809124,0.15411187,14.59682076,0.1935768,14.55735583
1989-05-15,68.506705,354.19,14.65850251,6.88182,0.040445,68.46626,26.415455,42.09125,0.73,8.86,345.33,15.93,338.26,-0.07051849,-0.19243145,14.85093396,0.0394516,14.61905091
1989-06-15,66.60134,353.27,14.65953343,-0.63219,-4.034325,70.635665,24.03911,42.56223,-0.74,8.7,344.57,15.89,337.38,-0.04903412,0.09963226,14.55990117,0.02554512,14.63398831
1989-07-15,66.90668,351.56,14.82807248,-1.12616,-3.291905,70.198585,21.9881,44.91858,-2.82,8.36,343.2,15.99,335.57,0.07713985,0.2942133,14.53385918,0.25993347,14.56813901
1989-08-15,68.63033,350.21,14.74416058,0.123625,-2.955164,71.585494,18.936415,49.693915,-3.98,8,342.21,15.84,334.37,0.08565807,0.11691285,14.62724773,0.08782577,14.65633481
1989-09-15,69.96967,350.56,14.78293698,3.36833,0.53004,69.43963,17.62938,52.34029,-2.71,8.43,342.13,15.54,335.02,0.12340355,0.20315647,14.57978051,0.09342195,14.68951503
1989-10-15,70.26473,351.85,14.69082349,3.35805,1.732275,68.532455,15.50869,54.75604,0.29,8.86,342.99,15.49,336.36,-0.13724899,0.14713386,14.54368963,-0.0102663,14.70108979
1989-11-15,70.75679,353.04,14.57580463,2.12646,5.541825,65.214965,18.293404,52.463386,2.83,8.88,344.16,15.68,337.36,-0.16835595,0.1626768,14.41312783,-0.1056328,14.68143743
1989-12-15,69.04472,353.91,14.82591813,-0.92495,5.79978,63.24494,14.461965,54.582755,3.35,8.91,345,16.01,337.9,0.04298115,0.36340237,14.46251576,-0.10774612,14.93366425
1990-01-15,67.93939,354.48,14.83604233,-2.32534,8.67902,59.26037,13.48049,54.4589,2.63,9.13,345.35,15.9,338.58,0.14521884,0.19239425,14.64364808,0.0692501,14.76679223
1990-02-15,64.93515,354.87,14.79086487,-5.82164,4.837655,60.097495,9.411645,55.523505,1.83,9.07,345.8,15.61,339.26,0.21506024,0.41982841,14.37103646,-0.02648926,14.81735413
1990-03-15,63.83339,355.2,15.13869088,-5.21133,5.89932,57.93407,10.324175,53.509215,1.29,8.56,346.64,15.6,339.6,0.31277275,0.60352421,14.53516667,0.34962368,14.7890672
1990-04-15,64.436706,355.51,15.01340382,-3.502684,6.548596,57.88811,10.579846,53.85686,1.03,8.57,346.94,15.51,340,0.177361493,0.420193673,14.59321015,0.131600383,14.88180344
1990-05-15,64.38622,355.41,15.04921048,-0.54893,8.28925,56.09697,10.892965,53.493255,0.54,8.63,346.78,14.97,340.44,0.258345609,0.420325279,14.6288852,0.074688909,14.97452157
1990-06-15,68.55674,354.32,14.88138097,4.72335,12.04777,56.50897,15.618394,52.938346,-0.88,8.06,346.26,14.33,339.99,-0.25730991,0.28200818,14.59937279,0.06938458,14.81199639
1990-07-15,68.461104,352.7,14.98770898,4.024398,12.530624,55.93048,17.993278,50.467826,-2.81,7.78,344.92,14.26,338.44,-0.025694847,0.457639696,14.53006928,0.131376266,14.85633271
1990-08-15,72.086036,351.58,14.89965337,7.699816,17.848726,54.23731,23.422856,48.66318,-3.83,8.17,343.41,14.37,337.21,-0.149557109,0.22807217,14.6715812,0.11828042,14.78137295
1990-09-15,72.16387,351.79,14.83529942,3.60713,17.16959,54.99428,23.495246,48.668624,-2.53,8.42,343.37,14.74,337.05,-0.04608155,0.29029559,14.54500383,0.13720131,14.69809811
1990-10-15,73.200107,353.19,14.90740197,4.739003,17.435697,55.76441,22.725907,50.4742,0.49,8.55,344.64,15.37,337.82,-0.080307006,0.48852634,14.41887563,0.29742336,14.60997861
1990-11-15,73.84164,354.45,14.94534962,1.755604,16.70775,57.13389,18.240055,55.601585,2.87,8.66,345.79,15.52,338.93,0.04569625,0.47344684,14.47190278,0.30893802,14.6364116
1990-12-15,71.150146,355.19,14.91627209,-1.013724,13.71061,57.439536,11.393136,59.75701,3.4,8.64,346.55,15.55,339.64,0.08097267,0.39634323,14.51992886,0.32293033,14.59334176
1991-01-15,72.63738,355.76,14.90032189,-0.562727,13.811804,58.825576,10.85076,61.78662,2.57,8.65,347.11,15.57,340.19,-0.00708008,0.26679134,14.63353055,0.00806618,14.89225571
1991-02-15,72.88263,356.19,14.94318383,-0.95901,12.90966,59.97297,10.0065,62.87613,1.74,8.85,347.34,15.44,340.75,-0.00216579,0.25573063,14.6874532,0.12700367,14.81618016
1991-03-15,73.76143,356.69,14.81302159,2.611284,14.41397,59.34746,9.120394,64.641036,1.5,8.98,347.71,15.31,341.38,-0.1032505,0.15994644,14.65307515,-0.08917809,14.90219968
1991-04-15,70.33324,357.2,14.94311135,-2.30414,11.231785,59.101455,4.71092,65.62232,1.44,8.98,348.22,15.52,341.68,0.04278946,0.17714882,14.76596253,0.09040737,14.85270398
1991-05-15,68.148,357.11,14.88907521,-4.73463,10.32958,57.81842,1.195135,66.952865,0.92,8.79,348.32,15.68,341.43,-0.05410862,0.09259605,14.79647916,0.05321884,14.83585637
1991-06-15,67.704185,356.18,15.09365552,-6.057245,9.10569,58.598495,0.271135,67.43305,-0.51,8.42,347.76,15.55,340.63,0.280633927,0.475880627,14.61777489,0.277224537,14.81643098
1991-07-15,69.536956,354.53,15.01793664,-0.796284,13.244096,56.29286,3.787566,65.74939,-2.67,8.24,346.29,15.31,339.22,0.074825287,0.400719647,14.61721699,0.193816187,14.82412045
1991-08-15,71.97729,353.06,14.92604344,3.82929,14.872906,57.104384,5.423115,66.554175,-4.05,8.14,344.92,14.98,338.08,0.03696823,0.29751301,14.62853043,0.09649086,14.82955258
1991-09-15,72.828166,352.93,14.86400502,5.123981,16.671581,56.156585,7.330786,65.49738,-3.25,8.07,344.86,14.96,337.97,-0.229650497,0.32508183,14.53892319,0.13416767,14.72983735
1991-10-15,73.734405,354.01,14.71734517,4.197449,17.993149,55.741256,6.095175,67.63923,-0.52,7.98,346.03,14.94,339.07,-0.300591467,0.24554348,14.47180169,0.07049847,14.6468467
1991-11-15,74.268306,355.16,14.7075681,2.291016,18.897572,55.370734,7.577381,66.690925,2.1,7.86,347.3,14.98,340.18,-0.21847534,0.14310551,14.56446259,0.06683254,14.64073556
1991-12-15,73.81456,355.95,14.72886651,0.986394,17.24333,56.57123,8.60562,65.20894,3.02,8.19,347.76,15.2,340.75,-0.13513851,0.11021233,14.61865418,-0.1022129,14.83107941
1992-01-15,76.370864,356.54,14.85586064,2.636459,17.952514,58.41835,14.974709,61.396155,2.53,8.53,348.01,15.17,341.37,0.13851547,0.12281036,14.73305028,0.36676025,14.48910039
1992-02-15,78.360644,356.89,14.81510633,4.092338,17.245904,61.11474,18.036094,60.32455,1.73,8.33,348.56,14.94,341.95,0.10753823,0.03855134,14.77655499,0.23738766,14.57771867
1992-03-15,76.893012,357.26,14.81876462,3.078452,18.015002,58.87801,17.859848,59.033164,1.31,7.98,349.28,15.03,342.23,0.08989811,0.23422719,14.58453743,0.39014909,14.42861553
1992-04-15,75.75164,357.76,14.64630693,-0.619224,18.48786,57.26378,19.1965,56.55514,1.22,7.78,349.98,15.24,342.52,-0.20955371,-0.08536052,14.73166745,0.1181679,14.52813903
1992-05-15,72.754306,357.83,14.72716038,-5.606338,14.031756,58.72255,16.640881,56.113425,0.94,7.57,350.26,15.46,342.37,-0.08794595,-0.06589699,14.79305737,0.03336143,14.69379895
1992-06-15,73.39997,356.87,14.74309723,-3.493042,13.103004,60.296966,18.49962,54.90035,-0.39,7.41,349.46,15.38,341.49,-0.07566739,-0.13144112,14.87453835,0.09742927,14.64566796
1992-07-15,71.717155,355.19,14.60397809,-4.034485,10.265945,61.45121,17.83947,53.877685,-2.57,7.35,347.84,15.44,339.75,-0.04232884,-0.37261104,14.97658913,-0.12369632,14.72767441
1992-08-15,71.76862,353.66,14.57749551,-0.985686,15.612035,56.156585,16.50909,55.25953,-4.17,7.05,346.61,15.55,338.11,-0.14966487,-0.21744537,14.79494088,-0.03443908,14.61193459
1992-09-15,72.82561,353.58,14.45674223,-0.57436,18.51579,54.30982,13.51104,59.31457,-3.29,6.88,346.7,15.42,338.16,-0.286355,-0.38503455,14.84177678,-0.14355563,14.60029786
1992-10-15,76.151027,354.81,14.46420473,4.433872,23.253827,52.8972,11.257747,64.89328,-0.38,6.84,347.97,15.2,339.61,-0.13977336,-0.25524424,14.71944897,-0.0814724,14.54567713
1992-11-15,75.21204,355.99,14.44800563,3.44342,17.6618,57.55024,7.6978,67.51424,2.33,6.74,349.25,15.04,340.95,-0.12948988,-0.24459074,14.69259637,-0.0969982,14.54500383
1992-12-15,73.953952,356.74,14.60251897,1.128342,12.892792,61.06116,5.875482,68.07847,3.16,6.53,350.21,14.97,341.77,0.14577674,-0.33734321,14.93986218,-0.23020362,14.83272259
1993-01-15,71.95581,357.2,14.75849049,-4.195217,11.447846,60.507964,2.1196,69.83621,2.39,6.29,350.91,14.83,342.37,0.29428576,-0.17659092,14.93508141,-0.15630627,14.91479676
1993-02-15,73.001712,357.54,14.75733559,-2.210328,11.215322,61.78639,3.857682,69.14403,1.55,6.07,351.47,14.8,342.74,0.30932996,0.02471446,14.73262113,-0.11531639,14.87265198
1993-03-15,74.681464,357.94,14.70220653,0.727512,14.913844,59.76762,3.920349,70.761115,1.2,6.09,351.85,14.9,343.04,0.09968756,-0.17168046,14.87388699,-0.17543699,14.87764352
1993-04-15,76.809302,358.41,14.73989575,4.853492,15.410202,61.3991,2.914112,73.89519,1.21,6.11,352.3,14.9,343.51,-0.01859474,-0.13702774,14.87692349,-0.04925918,14.78915493
1993-05-15,77.188678,358.38,14.77053635,4.186966,15.672098,61.51658,0.100148,77.08853,0.84,5.92,352.46,14.54,343.84,0.01320076,-0.192829135,14.96336549,-0.16197682,14.93251317
1993-06-15,73.097037,357.34,14.76315301,-1.584427,10.026747,63.07029,-2.523426,75.620463,-0.6,5.58,351.76,13.84,343.5,0.06094648,-0.14581585,14.90896886,-0.03679084,14.79994385
1993-07-15,69.60416,355.7,14.71521943,-7.205142,6.339856,63.264304,-1.80289,71.40705,-2.71,5.42,350.28,13.56,342.14,-0.02467632,-0.15328407,14.8685035,-0.03396416,14.74918359
1993-08-15,66.50781,354.41,14.68119805,-10.680868,1.71353,64.79428,2.74477,63.76304,-3.97,5.31,349.1,13.79,340.62,-0.0893383,-0.21804428,14.89924233,-0.13484478,14.81604283
1993-09-15,63.39115,354.47,14.54922478,-9.705887,-2.97137,66.36252,0.44825,62.9429,-2.87,5.2,349.27,13.94,340.53,-0.21392823,-0.32934285,14.87856763,-0.31968213,14.86890691
1993-10-15,64.65116,355.72,14.63538735,-4.953,-2.38332,67.03448,4.67339,59.97777,0.02,5.28,350.44,13.97,341.75,-0.07983208,-0.07874394,14.71413129,0.04506206,14.59032529
1993-11-15,63.42213,356.96,14.52332299,-3.08568,-1.26644,64.68857,0.63692,62.78521,2.55,5.35,351.61,14.13,342.83,-0.15787506,0.02645206,14.49687093,-0.18839741,14.7117204
1993-12-15,67.89537,357.87,14.71297066,4.50422,7.66256,60.23281,7.15102,60.74435,3.4,5.41,352.46,14.38,343.49,0.16374588,0.0167799,14.69619076,0.07112979,14.64184087
1994-01-15,71.39577,358.48,14.67052548,6.74461,11.12026,60.27551,9.22618,62.16959,2.76,5.47,353.01,14.16,344.32,0.03513813,0.20050525,14.47002023,0.00647449,14.66405099
1994-02-15,71.18595,359,14.42956633,7.76382,9.561065,61.624885,7.87421,63.31174,2.04,5.54,353.46,14.18,344.82,-0.09375666,-0.29945467,14.729021,-0.07855604,14.50812237
1994-03-15,72.669723,359.36,14.64746278,4.774353,5.436193,67.23353,6.070873,66.59885,1.49,5.35,354.01,14.4,344.96,-0.06550788,-0.06110477,14.70856755,-0.02566242,14.6731252
1994-04-15,71.17806,359.71,14.78532975,-0.21771,3.14522,68.03284,3.70804,67.47002,1.23,5.33,354.38,14.52,345.19,0.11480427,0.03439712,14.75093263,0.18850899,14.59682076
1994-05-15,73.611095,359.74,14.71733658,2.425145,5.10439,68.506705,5.144835,68.46626,0.74,5.55,354.19,14.41,345.33,0.28777025,0.05883407,14.65850251,-0.13359738,14.85093396
1994-06-15,72.871677,358.8,14.81177037,0.201954,6.270337,66.60134,2.236012,70.635665,-0.56,5.53,353.27,14.23,344.57,0.16430759,0.15223694,14.65953343,0.2518692,14.55990117
1994-07-15,75.74867,357.27,14.79051678,4.57061,8.84199,66.90668,5.550085,70.198585,-2.44,5.71,351.56,14.07,343.2,0.00518703,-0.0375557,14.82807248,0.2566576,14.53385918
1994-08-15,75.1356,356.06,14.68130868,1.524505,6.50527,68.63033,3.550106,71.585494,-3.68,5.85,350.21,13.85,342.21,-0.0360279,-0.0628519,14.74416058,0.05406095,14.62724773
1994-09-15,75.10243,356.02,14.82715218,2.230753,5.13276,69.96967,5.6628,69.43963,-2.78,5.46,350.56,13.89,342.13,0.01538181,0.0442152,14.78293698,0.24737167,14.57978051
1994-10-15,74.826602,357.27,14.77362913,-0.922068,4.561872,70.26473,6.294147,68.532455,0,5.42,351.85,14.28,342.99,-0.01688765,0.08280564,14.69082349,0.2299395,14.54368963
1994-11-15,72.983504,358.69,14.8163976,-2.152096,2.226714,70.75679,7.768539,65.214965,2.63,5.65,353.04,14.53,344.16,0.13508892,0.24059297,14.57580463,0.40326977,14.41312783
1994-12-15,75.14402,359.55,14.7938184,0.04159,6.0993,69.04472,11.89908,63.24494,3.53,5.64,353.91,14.55,345,-0.03333378,-0.03209973,14.82591813,0.33130264,14.46251576
1995-01-15,76.120044,360.13,14.93702595,1.293442,8.180654,67.93939,16.859674,59.26037,2.86,5.65,354.48,14.78,345.35,0.16339682,0.10098362,14.83604233,0.29337787,14.64364808
1995-02-15,77.287356,360.62,15.13120263,4.303852,12.352206,64.93515,17.189861,60.097495,1.93,5.75,354.87,14.82,345.8,0.31480503,0.34033776,14.79086487,0.76016617,14.37103646
1995-03-15,78.57149,361.08,14.83012383,3.42747,14.7381,63.83339,20.63742,57.93407,1.53,5.88,355.2,14.44,346.64,0.03630543,-0.30856705,15.13869088,0.29495716,14.53516667
1995-04-15,76.82014,361.55,14.94652264,0.700096,12.383434,64.436706,18.93203,57.88811,1.42,6.04,355.51,14.61,346.94,0.00949669,-0.066881183,15.01340382,0.35331249,14.59321015
1995-05-15,76.444575,361.47,14.83063309,-0.842781,12.058355,64.38622,20.347605,56.09697,0.85,6.06,355.41,14.69,346.78,-0.30056954,-0.218577389,15.04921048,0.20174789,14.6288852
1995-06-15,75.662543,360.62,14.97967713,-2.908947,7.105803,68.55674,19.153573,56.50897,-0.46,6.3,354.32,14.36,346.26,0.1495533,0.09829616,14.88138097,0.38030434,14.59937279
1995-07-15,77.571033,359,14.96123688,0.750893,9.109929,68.461104,21.640553,55.93048,-2.55,6.3,352.7,14.08,344.92,0.014714244,-0.026472092,14.98770898,0.431167604,14.53006928
1995-08-15,77.693145,357.74,14.95872681,1.24857,5.607109,72.086036,23.455835,54.23731,-3.73,6.16,351.58,14.33,343.41,0.12809372,0.05907344,14.89965337,0.28714561,14.6715812
1995-09-15,79.488048,358.06,14.86524098,3.825505,7.324178,72.16387,24.493768,54.99428,-2.56,6.27,351.79,14.69,343.37,-0.11443615,0.02994156,14.83529942,0.32023715,14.54500383
1995-10-15,80.735263,359.43,14.87071889,3.16423,7.535156,73.200107,24.970853,55.76441,0.43,6.24,353.19,14.79,344.64,-0.090517994,-0.03668308,14.90740197,0.45184326,14.41887563
1995-11-15,82.691672,360.77,14.84160798,4.998527,8.850032,73.84164,25.557782,57.13389,3.03,6.32,354.45,14.98,345.79,-0.11711883,-0.10374164,14.94534962,0.3697052,14.47190278
1995-12-15,85.963904,361.65,14.72534553,6.475856,14.813758,71.150146,28.524368,57.439536,3.59,6.46,355.19,15.1,346.55,-0.13989545,-0.19092656,14.91627209,0.20541667,14.51992886
1996-01-15,85.085475,362.14,14.70661823,4.350212,12.448095,72.63738,26.259899,58.825576,2.71,6.38,355.76,15.03,347.11,-0.16410066,-0.19370366,14.90032189,0.07308768,14.63353055
1996-02-15,84.843814,362.5,14.84378331,2.152142,11.961184,72.88263,24.870844,59.97297,1.73,6.31,356.19,15.16,347.34,0.00217533,-0.09940052,14.94318383,0.15633011,14.6874532
1996-03-15,79.30748,362.82,14.75550168,-6.656424,5.54605,73.76143,19.96002,59.34746,1.17,6.13,356.69,15.11,347.71,0.03015615,-0.05751991,14.81302159,0.10242653,14.65307515
1996-04-15,76.77639,363.14,14.72138113,-8.309085,6.44315,70.33324,17.674935,59.101455,1,5.94,357.2,14.92,348.22,0.0147629,-0.22173022,14.94311135,-0.0445814,14.76596253
1996-05-15,76.06384,363.29,14.69859021,-8.779974,7.91584,68.148,18.24542,57.81842,0.79,6.18,357.11,14.97,348.32,-0.1451931,-0.190485,14.88907521,-0.09788895,14.79647916
1996-06-15,75.812842,362.88,14.74997609,-3.494638,8.108657,67.704185,17.214347,58.598495,0.06,6.7,356.18,15.12,347.76,-0.00552559,-0.343679427,15.09365552,0.1322012,14.61777489
1996-07-15,81.81847,361.57,14.85872262,5.04208,12.281514,69.536956,25.52561,56.29286,-1.57,7.04,354.53,15.28,346.29,0.13734149,-0.159214017,15.01793664,0.24150563,14.61721699
1996-08-15,84.17636,360.07,14.95408433,8.11252,12.19907,71.97729,27.071976,57.104384,-3.22,7.01,353.06,15.15,344.92,0.25549412,0.02804089,14.92604344,0.3255539,14.62853043
1996-09-15,89.741374,359.7,14.73831837,13.928532,16.913208,72.828166,33.584789,56.156585,-3.18,6.77,352.93,14.84,344.86,-0.01165772,-0.12568665,14.86400502,0.19939518,14.53892319
1996-10-15,87.06576,360.67,14.62530893,5.24729,13.331355,73.734405,31.324504,55.741256,-0.9,6.66,354.01,14.64,346.03,-0.23341369,-0.09203624,14.71734517,0.15350724,14.47180169
1996-11-15,85.39107,361.78,14.84633439,1.21471,11.122764,74.268306,30.020336,55.370734,1.71,6.62,355.16,14.48,347.3,-0.10774994,0.13876629,14.7075681,0.2818718,14.56446259
1996-12-15,83.561004,362.63,14.81988328,-6.18037,9.746444,73.81456,26.989774,56.57123,2.93,6.68,355.95,14.87,347.76,0.08156491,0.09101677,14.72886651,0.2012291,14.61865418
1997-01-15,86.07995,363.27,14.69682783,-0.98581,9.709086,76.370864,27.6616,58.41835,2.6,6.73,356.54,15.26,348.01,0.0715189,-0.15903281,14.85586064,-0.03622245,14.73305028
1997-02-15,88.647506,363.63,14.7514581,3.256436,10.286862,78.360644,27.532766,61.11474,1.85,6.74,356.89,15.07,348.56,-0.09487629,-0.06364823,14.81510633,-0.02509689,14.77655499
1997-03-15,92.171924,364.02,14.89566701,8.61092,15.278912,76.893012,33.293914,58.87801,1.39,6.76,357.26,14.74,349.28,0.07578373,0.07690239,14.81876462,0.31112958,14.58453743
1997-04-15,92.659392,364.5,14.73790163,6.579442,16.907752,75.75164,35.395612,57.26378,1.23,6.74,357.76,14.52,349.98,0.0410738,0.0915947,14.64630693,0.00623418,14.73166745
1997-05-15,93.25212,364.5,14.81338399,4.604614,20.497814,72.754306,34.52957,58.72255,0.87,6.67,357.83,14.24,350.26,0.06192589,0.08622361,14.72716038,0.02032662,14.79305737
1997-06-15,93.00883,363.58,14.98571961,0.836906,19.60886,73.39997,32.711864,60.296966,-0.44,6.71,356.87,14.12,349.46,0.0900526,0.24262238,14.74309723,0.11118126,14.87453835
1997-07-15,88.46817,361.93,14.8930835,-4.191222,16.751015,71.717155,27.01696,61.45121,-2.57,6.74,355.19,14.09,347.84,0.15518187,0.28910541,14.60397809,-0.08350563,14.97658913
1997-08-15,88.248702,360.4,14.9316129,-5.003418,16.480082,71.76862,32.092117,56.156585,-4.1,6.74,353.66,13.79,346.61,0.11822891,0.35411739,14.57749551,0.13667202,14.79494088
1997-09-15,87.150493,360.4,15.00119584,-5.858337,14.324883,72.82561,32.840673,54.30982,-3.18,6.82,353.58,13.7,346.7,0.01547623,0.54445361,14.45674223,0.15941906,14.84177678
1997-10-15,92.1909,361.94,15.01276009,3.72273,16.039873,76.151027,39.2937,52.8972,0.01,7.13,354.81,13.97,347.97,0.119676593,0.548555363,14.46420473,0.293311123,14.71944897
1997-11-15,91.922233,363.61,15.04753392,3.673531,16.710193,75.21204,34.371993,57.55024,3.21,7.62,355.99,14.36,349.25,0.11592102,0.59952829,14.44800563,0.35493755,14.69259637
1997-12-15,94.09293,364.68,15.01794141,6.942437,20.138978,73.953952,33.03177,61.06116,4.28,7.94,356.74,14.47,350.21,0.016745565,0.415422435,14.60251897,0.078079225,14.93986218
1998-01-15,90.751132,365.19,15.01816743,-1.439768,18.795322,71.95581,30.243168,60.507964,3.25,7.99,357.2,14.28,350.91,0.005407333,0.259676936,14.75849049,0.083086016,14.93508141
1998-02-15,87.260078,365.46,15.2200517,-4.662155,14.258366,73.001712,25.473688,61.78639,1.85,7.92,357.54,13.99,351.47,0.17251778,0.46271611,14.75733559,0.48743057,14.73262113
1998-03-15,83.37303,365.93,15.03052895,-10.7199,8.691566,74.681464,23.60541,59.76762,1.25,7.99,357.94,14.08,351.85,0.012587547,0.328322422,14.70220653,0.156641962,14.87388699
1998-04-15,79.74895,366.58,15.18669217,-11.002182,2.939648,76.809302,18.34985,61.3991,1.39,8.17,358.41,14.28,352.3,0.168524744,0.44679642,14.73989575,0.30976868,14.87692349
1998-05-15,79.63827,366.86,15.24399846,-7.621808,2.449592,77.188678,18.12169,61.51658,1.4,8.48,358.38,14.4,352.46,0.02394676,0.47346211,14.77053635,0.280632975,14.96336549
1998-06-15,79.91009,366.26,15.24896901,-3.46294,6.813053,73.097037,16.8398,63.07029,0.33,8.92,357.34,14.5,351.76,0.218440058,0.485816,14.76315301,0.34000015,14.90896886
1998-07-15,82.108893,364.83,15.18690102,2.359943,12.504733,69.60416,18.844589,63.264304,-1.75,9.13,355.7,14.55,350.28,0.00020885,0.47168159,14.71521943,0.31839752,14.8685035
1998-08-15,83.14758,363.79,15.20706933,3.50931,16.63977,66.50781,18.3533,64.79428,-3.07,9.38,354.41,14.69,349.1,-0.03692913,0.52587128,14.68119805,0.307827,14.89924233
1998-09-15,85.31116,364.03,15.01308148,5.40107,21.92001,63.39115,18.94864,66.36252,-2.23,9.56,354.47,14.76,349.27,-0.23588753,0.4638567,14.54922478,0.13451385,14.87856763
1998-10-15,83.427577,365.34,14.88796036,1.318684,18.776417,64.65116,16.393097,67.03448,0.51,9.62,355.72,14.9,350.44,-0.29894066,0.25257301,14.63538735,0.17382907,14.71413129
1998-11-15,81.540187,366.6,14.8267669,-1.607393,18.118057,63.42213,16.851617,64.68857,2.81,9.64,356.96,14.99,351.61,-0.38030243,0.30344391,14.52332299,0.32989597,14.49687093
1998-12-15,80.58693,367.47,14.97844117,-4.72423,12.69156,67.89537,20.35412,60.23281,3.44,9.6,357.87,15.01,352.46,-0.03464031,0.26547051,14.71297066,0.28225041,14.69619076
1999-01-15,83.91869,368.11,14.83916562,0.491113,12.52292,71.39577,23.64318,60.27551,2.77,9.63,358.48,15.1,353.01,-0.04879474,0.16864014,14.67052548,0.36914539,14.47002023
1999-02-15,87.613643,368.51,15.01788895,6.073456,16.427693,71.18595,25.988758,61.624885,1.91,9.51,359,15.05,353.46,0.191122053,0.588322623,14.42956633,0.288867953,14.729021
1999-03-15,92.02342,368.91,14.67512314,11.43649,19.353697,72.669723,24.78989,67.23353,1.44,9.55,359.36,14.9,354.01,-0.30331803,0.02766036,14.64746278,-0.03344441,14.70856755
1999-04-15,91.30896,369.29,14.76235287,7.39027,20.1309,71.17806,23.27612,68.03284,1.18,9.58,359.71,14.91,354.38,-0.07681275,-0.02297688,14.78532975,0.01142024,14.75093263
1999-05-15,92.35656,369.21,14.76846497,4.742917,18.745465,73.611095,23.849855,68.506705,0.7,9.47,359.74,15.02,354.19,-0.249423983,0.05112839,14.71733658,0.10996246,14.65850251
1999-06-15,91.615375,368.36,14.83355611,-0.408045,18.743698,72.871677,25.014035,66.60134,-0.55,9.56,358.8,15.09,353.27,0.15843297,0.02178574,14.81177037,0.17402268,14.65953343
1999-07-15,93.146495,366.69,14.86318391,1.837535,17.397825,75.74867,26.239815,66.90668,-2.6,9.42,357.27,15.13,351.56,0.10083104,0.07266713,14.79051678,0.03511143,14.82807248
1999-08-15,92.096805,365.33,14.82805054,-0.259755,16.961205,75.1356,23.466475,68.63033,-3.88,9.27,356.06,15.12,350.21,0.05958557,0.14674186,14.68130868,0.08388996,14.74416058
1999-09-15,91.604396,365.45,14.86517995,-0.010979,16.501966,75.10243,21.634726,69.96967,-2.91,9.43,356.02,14.89,350.56,0.03162384,0.03802777,14.82715218,0.08224297,14.78293698
1999-10-15,90.04663,366.75,14.76424306,-3.099865,15.220028,74.826602,19.7819,70.26473,0.06,9.48,357.27,14.9,351.85,-0.09894085,-0.00938607,14.77362913,0.07341957,14.69082349
1999-11-15,86.730235,368.04,14.76277249,-5.36657,13.746731,72.983504,15.973445,70.75679,2.71,9.35,358.69,15,353.04,-0.06527805,-0.05362511,14.8163976,0.18696786,14.57580463
1999-12-15,84.61819,368.88,14.84224122,-6.986206,9.47417,75.14402,15.57347,69.04472,3.43,9.33,359.55,14.97,353.91,-0.02293873,0.04842282,14.7938184,0.01632309,14.82591813
2000-01-15,82.669643,369.39,14.67656701,-7.376987,6.549599,76.120044,14.730253,67.93939,2.64,9.26,360.13,14.91,354.48,-0.08767605,-0.26045894,14.93702595,-0.15947532,14.83604233
2000-02-15,85.360652,369.65,14.9293937,-1.369583,8.073296,77.287356,20.425502,64.93515,1.61,9.03,360.62,14.78,354.87,0.16662121,-0.20180893,15.13120263,0.13852883,14.79086487
2000-03-15,89.667342,369.97,14.84737103,5.049152,11.095852,78.57149,25.833952,63.83339,1.09,8.89,361.08,14.77,355.2,0.00512981,0.0172472,14.83012383,-0.29131985,15.13869088
2000-04-15,93.05543,370.35,14.98314374,10.385787,16.23529,76.82014,28.618724,64.436706,0.96,8.8,361.55,14.84,355.51,0.30657673,0.0366211,14.94652264,-0.030260083,15.01340382
2000-05-15,97.30015,370.24,14.84514993,11.939498,20.855575,76.444575,32.91393,64.38622,0.59,8.77,361.47,14.83,355.41,-0.08424377,0.01451684,14.83063309,-0.204060549,15.04921048
2000-06-15,96.55958,369.31,14.82182687,6.892238,20.897037,75.662543,28.00284,68.55674,-0.66,8.69,360.62,14.99,354.32,-0.02554416,-0.15785026,14.97967713,-0.0595541,14.88138097
2000-07-15,97.605575,367.91,14.82737916,4.550145,20.034542,77.571033,29.144471,68.461104,-2.44,8.91,359,15.21,352.7,-0.15576458,-0.133857724,14.96123688,-0.160329816,14.98770898
2000-08-15,92.29697,366.76,14.89057343,-5.00318,14.603825,77.693145,20.210934,72.086036,-3.48,9.02,357.74,15.18,351.58,0.0454235,-0.06815338,14.95872681,-0.00907994,14.89965337
2000-09-15,89.892505,366.71,14.82714074,-6.667075,10.404457,79.488048,17.728635,72.16387,-2.6,8.65,358.06,14.92,351.79,0.00531387,-0.03810024,14.86524098,-0.00815868,14.83529942
2000-10-15,86.45,367.91,14.66993706,-11.155575,5.714737,80.735263,13.249893,73.200107,0,8.48,359.43,14.72,353.19,-0.1574421,-0.20078183,14.87071889,-0.23746491,14.90740197
2000-11-15,87.469695,369.28,14.71932403,-4.827275,4.778023,82.691672,13.628055,73.84164,2.52,8.51,360.77,14.83,354.45,-0.1712494,-0.12228395,14.84160798,-0.22602559,14.94534962
2000-12-15,88.83938,370.1,14.72358506,-1.053125,2.875476,85.963904,17.689234,71.150146,3.39,8.45,361.65,14.91,355.19,-0.10355568,-0.00176047,14.72534553,-0.19268703,14.91627209
2001-01-15,92.95798,370.69,14.83636849,6.50798,7.872505,85.085475,20.3206,72.63738,2.78,8.55,362.14,14.93,355.76,0.16643143,0.12975026,14.70661823,-0.0639534,14.90032189
2001-02-15,93.39769,371.18,14.78312771,5.927995,8.553876,84.843814,20.51506,72.88263,1.9,8.68,362.5,14.99,356.19,0.06380368,-0.0606556,14.84378331,-0.16005612,14.94318383
2001-03-15,96.322543,371.58,14.90677827,7.483163,17.015063,79.30748,22.561113,73.76143,1.48,8.76,362.82,14.89,356.69,0.18319321,0.15127659,14.75550168,0.09375668,14.81302159
2001-04-15,94.293708,371.9,14.91245549,1.335728,17.517318,76.77639,23.960468,70.33324,1.21,8.76,363.14,14.7,357.2,0.076087,0.19107436,14.72138113,-0.03065586,14.94311135
2001-05-15,95.214683,371.76,15.0199899,1.816993,19.150843,76.06384,27.066683,68.148,0.58,8.47,363.29,14.65,357.11,0.236862188,0.321399688,14.69859021,0.130914688,14.88907521
2001-06-15,95.565112,370.83,14.954791,-0.757431,19.75227,75.812842,27.860927,67.704185,-0.75,7.95,362.88,14.65,356.18,0.04801273,0.20481491,14.74997609,-0.138864517,15.09365552
2001-07-15,97.23964,369.45,15.04464905,2.945932,15.42117,81.81847,27.702684,69.536956,-2.45,7.88,361.57,14.92,354.53,0.132193564,0.185926434,14.85872262,0.026712417,15.01793664
2001-08-15,99.03658,368.31,15.01466553,3.821897,14.86022,84.17636,27.05929,71.97729,-3.45,8.24,360.07,15.25,353.06,-0.005324364,0.060581204,14.95408433,0.088622094,14.92604344
2001-09-15,99.03509,368.36,14.98771088,3.469978,9.293716,89.741374,26.206924,72.828166,-2.47,8.66,359.7,15.43,352.93,0.03291988,0.24939251,14.73831837,0.12370586,14.86400502
2001-10-15,96.170436,369.71,14.95957463,-1.069204,9.104676,87.06576,22.436031,73.734405,0.26,9.04,360.67,15.7,354.01,-0.085074424,0.3342657,14.62530893,0.24222946,14.71734517
2001-11-15,92.395328,371.06,15.16546624,-6.641252,7.004258,85.39107,18.127022,74.268306,2.75,9.28,361.78,15.9,355.16,0.150800706,0.31913185,14.84633439,0.45789814,14.7075681
2001-12-15,89.43264,371.98,15.0959224,-9.60245,5.871636,83.561004,15.61808,73.81456,3.62,9.35,362.63,16.03,355.95,0.10821152,0.27603912,14.81988328,0.36705589,14.72886651
2002-01-15,89.415282,372.51,15.16137879,-6.755154,3.335332,86.07995,13.044418,76.370864,2.8,9.24,363.27,15.97,356.54,0.20180416,0.46455096,14.69682783,0.30551815,14.85586064
2002-02-15,90.46307,372.91,15.05776303,-1.932258,1.815564,88.647506,12.102426,78.360644,1.85,9.28,363.63,16.02,356.89,-0.10770321,0.30630493,14.7514581,0.2426567,14.81510633
2002-03-15,91.296695,373.38,15.25693314,1.864055,-0.875229,92.171924,14.403683,76.893012,1.4,9.36,364.02,16.12,357.26,0.16101074,0.36126613,14.89566701,0.43816852,14.81876462
2002-04-15,90.75178,373.73,15.00224393,1.336498,-1.907612,92.659392,15.00014,75.75164,1.22,9.23,364.5,15.97,357.76,-0.159134864,0.264342296,14.73790163,0.355936996,14.64630693
2002-05-15,92.437774,373.71,15.14574044,1.974704,-0.814346,93.25212,19.683468,72.754306,0.8,9.21,364.5,15.88,357.83,0.08797741,0.33235645,14.81338399,0.41858006,14.72716038
2002-06-15,94.946445,372.84,15.08895009,3.64975,1.937615,93.00883,21.546475,73.39997,-0.54,9.26,363.58,15.97,356.87,-0.167983053,0.103230477,14.98571961,0.345852857,14.74309723
2002-07-15,95.026774,371.41,15.09909051,4.274994,6.558604,88.46817,23.309619,71.717155,-2.32,9.48,361.93,16.22,355.19,0.09684658,0.206007006,14.8930835,0.495112416,14.60397809
2002-08-15,94.138305,370.35,15.01901429,1.700531,5.889603,88.248702,22.369685,71.76862,-3.36,9.95,360.4,16.69,353.66,-0.12672615,0.08740139,14.9316129,0.44151878,14.57749551
2002-09-15,96.087897,370.67,15.0710954,1.141452,8.937404,87.150493,23.262287,72.82561,-2.17,10.27,360.4,17.09,353.58,-0.01785469,0.069899557,15.00119584,0.614353167,14.45674223
2002-10-15,97.435126,371.95,14.98469632,2.408352,5.244226,92.1909,21.284099,76.151027,0.54,10.01,361.94,17.14,354.81,-0.114394186,-0.028063773,15.01276009,0.52049159,14.46420473
2002-11-15,99.772857,373.28,15.01114362,5.634552,7.850624,91.922233,24.560817,75.21204,2.93,9.67,363.61,17.29,355.99,-0.007870675,-0.036390305,15.04753392,0.563137985,14.44800563
2002-12-15,98.249274,374.26,14.94362824,2.161377,4.156344,94.09293,24.295322,73.953952,3.59,9.58,364.68,17.52,356.74,-0.127467157,-0.074313165,15.01794141,0.34110927,14.60251897
2003-01-15,97.028148,374.94,15.17265122,-0.406978,6.277016,90.751132,25.072338,71.95581,2.99,9.75,365.19,17.74,357.2,0.1879549,0.154483794,15.01816743,0.41416073,14.75849049
2003-02-15,95.54124,375.47,14.97837632,-4.231617,8.281162,87.260078,22.539528,73.001712,2.19,10.01,365.46,17.93,357.54,-0.032767295,-0.24167538,15.2200517,0.22104073,14.75733559
2003-03-15,94.80369,375.91,14.89992803,-3.445584,11.43066,83.37303,20.122226,74.681464,1.65,9.98,365.93,17.97,357.94,-0.04370021,-0.130600922,15.03052895,0.1977215,14.70220653
2003-04-15,98.95608,376.39,14.94577687,1.927932,19.20713,79.74895,22.146778,76.809302,1.45,9.81,366.58,17.98,358.41,-0.22687435,-0.2409153,15.18669217,0.20588112,14.73989575
2003-05-15,101.68249,376.54,15.05208009,6.14125,22.04422,79.63827,24.493812,77.188678,1.07,9.68,366.86,18.16,358.38,0.073703765,-0.191918375,15.24399846,0.281543735,14.77053635
2003-06-15,105.99074,375.71,14.92695134,11.18705,26.08065,79.91009,32.893703,73.097037,-0.2,9.45,366.26,18.37,357.34,0.02702331,-0.32201767,15.24896901,0.16379833,14.76315301
2003-07-15,106.475934,374.16,15.01790231,7.519854,24.367041,82.108893,36.871774,69.60416,-2.23,9.33,364.83,18.46,355.7,0.072125435,-0.168998715,15.18690102,0.302682875,14.71521943
2003-08-15,109.001613,372.93,15.11152642,7.319123,25.854033,83.14758,42.493803,66.50781,-3.61,9.14,363.79,18.52,354.41,0.059446335,-0.09554291,15.20706933,0.43032837,14.68119805
2003-09-15,109.883725,373.09,15.13968842,3.892985,24.572565,85.31116,46.492575,63.39115,-2.62,9.06,364.03,18.62,354.47,0.21273708,0.12660694,15.01308148,0.59046364,14.54922478
2003-10-15,109.640412,374.36,15.16966622,3.164478,26.212835,83.427577,44.989252,64.65116,0.2,9.02,365.34,18.64,355.72,0.151763915,0.28170586,14.88796036,0.53427887,14.63538735
2003-11-15,105.374314,375.65,15.02842515,-3.627299,23.834127,81.540187,41.952184,63.42213,2.72,9.05,366.6,18.69,356.96,-0.083101273,0.201658247,14.8267669,0.505102157,14.52332299
2003-12-15,103.750743,376.52,15.24313348,-6.132982,23.163813,80.58693,35.855373,67.89537,3.43,9.05,367.47,18.65,357.87,0.10344506,0.26469231,14.97844117,0.53016282,14.71297066
2004-01-15,100.505244,377.21,15.02434438,-9.135168,16.586554,83.91869,29.109474,71.39577,2.85,9.1,368.11,18.73,358.48,-0.145321845,0.185178755,14.83916562,0.353818895,14.67052548
2004-02-15,98.09774,377.72,15.09291833,-7.276574,10.484097,87.613643,26.91179,71.18595,2.07,9.21,368.51,18.72,359,0.064493179,0.075029373,15.01788895,0.663351996,14.42956633
2004-03-15,99.00361,378.15,15.05475133,-4.747133,6.98019,92.02342,26.333887,72.669723,1.63,9.24,368.91,18.79,359.36,-0.188382154,0.379628186,14.67512314,0.407288546,14.64746278
2004-04-15,100.477504,378.48,15.05147355,-0.02774,9.168544,91.30896,29.299444,71.17806,1.27,9.19,369.29,18.77,359.71,0.027129173,0.289120678,14.76235287,0.266143798,14.78532975
2004-05-15,105.605582,378.41,14.85547345,7.507842,13.249022,92.35656,31.994487,73.611095,0.69,9.2,369.21,18.67,359.74,-0.237444876,0.08700848,14.76846497,0.13813687,14.71733658
2004-06-15,107.18522,377.51,14.97237103,8.18161,15.569845,91.615375,34.313543,72.871677,-0.64,9.15,368.36,18.71,358.8,-0.082380296,0.13881492,14.83355611,0.16060066,14.81177037
2004-07-15,105.445306,375.94,14.78929417,4.967802,12.298811,93.146495,29.696636,75.74867,-2.54,9.25,366.69,18.67,357.27,-0.262179378,-0.07388974,14.86318391,-0.00122261,14.79051678
2004-08-15,106.045016,374.47,14.90403073,0.439434,13.948211,92.096805,30.909416,75.1356,-3.94,9.14,365.33,18.41,356.06,0.04855728,0.07598019,14.82805054,0.22272205,14.68130868
2004-09-15,103.529002,374.38,15.0258035,-3.656218,11.924606,91.604396,28.426572,75.10243,-3.13,8.93,365.45,18.36,356.02,0.053432466,0.160623546,14.86517995,0.198651316,14.82715218
2004-10-15,103.01754,375.72,15.07233136,-2.427766,12.97091,90.04663,28.190938,74.826602,-0.22,8.97,366.75,18.45,357.27,0.283037189,0.308088299,14.76424306,0.298702229,14.77362913
2004-11-15,101.024642,377.2,15.13698762,-5.020374,14.294407,86.730235,28.041138,72.983504,2.73,9.16,368.04,18.51,358.69,0.23295689,0.37421513,14.76277249,0.32059002,14.8163976
2004-12-15,101.08552,378.17,14.97008126,-2.443482,16.46733,84.61819,25.9415,75.14402,3.79,9.29,368.88,18.62,359.55,-0.055722236,0.12784004,14.84224122,0.17626286,14.7938184
2005-01-15,104.26583,378.73,15.21366589,1.24829,21.596187,82.669643,28.145786,76.120044,3.01,9.34,369.39,18.6,360.13,0.141334531,0.53709888,14.67656701,0.27663994,14.93702595
2005-02-15,104.25885,379.27,15.0718736,3.234208,18.898198,85.360652,26.971494,77.287356,2.07,9.62,369.65,18.65,360.62,-0.065114025,0.142479895,14.9293937,-0.059329035,15.13120263
2005-03-15,102.55215,379.87,15.15442078,1.46663,12.884808,89.667342,23.98066,78.57149,1.7,9.9,369.97,18.79,361.08,0.18433952,0.30704975,14.84737103,0.32429695,14.83012383
2005-04-15,102.229167,380.32,15.13630574,-2.036663,9.173737,93.05543,25.409027,76.82014,1.59,9.97,370.35,18.77,361.55,-0.07736015,0.153162,14.98314374,0.1897831,14.94652264
2005-05-15,103.050033,380.42,15.13534634,-1.208817,5.749883,97.30015,26.605458,76.444575,1.15,10.18,370.24,18.95,361.47,0.063472745,0.29019641,14.84514993,0.30471325,14.83063309
2005-06-15,105.072084,379.6,15.14225285,2.519934,8.512504,96.55958,29.409541,75.662543,-0.27,10.29,369.31,18.98,360.62,-0.01216793,0.32042598,14.82182687,0.16257572,14.97967713
2005-07-15,105.27429,377.94,15.15046113,3.045123,7.668715,97.605575,27.703257,77.571033,-2.38,10.03,367.91,18.94,359,0.01415539,0.32308197,14.82737916,0.189224246,14.96123688
2005-08-15,103.780856,376.73,15.09521096,0.730823,11.483886,92.29697,26.087711,77.693145,-3.69,9.97,366.76,18.99,357.74,-0.04013538,0.20463753,14.89057343,0.13648415,14.95872681
2005-09-15,100.13004,376.76,15.1955375,-4.942044,10.237535,89.892505,20.641992,79.488048,-2.84,10.05,366.71,18.7,358.06,0.05328465,0.36839676,14.82714074,0.33029652,14.86524098
2005-10-15,99.070823,378.07,15.23747342,-6.203467,12.620823,86.45,18.33556,80.735263,0.13,10.16,367.91,18.64,359.43,0.08701229,0.56753636,14.66993706,0.36675453,14.87071889
2005-11-15,97.500796,379.53,15.19727795,-6.28006,10.031101,87.469695,14.809124,82.691672,2.8,10.25,369.28,18.76,360.77,0.10206699,0.47795392,14.71932403,0.35566997,14.84160798
2005-12-15,98.52967,380.53,15.16687958,-1.60037,9.69029,88.83938,12.565766,85.963904,3.77,10.43,370.1,18.88,361.65,-0.028657916,0.443294524,14.72358506,0.441534054,14.72534553
2006-01-15,98.016795,381.34,15.02233308,-1.054028,5.058815,92.95798,12.93132,85.085475,3.27,10.65,370.69,19.2,362.14,-0.215140345,0.185964585,14.83636849,0.315714845,14.70661823
2006-02-15,100.988364,381.96,15.15526192,3.487568,7.590674,93.39769,16.14455,84.843814,2.43,10.78,371.18,19.46,362.5,-0.04201603,0.37213421,14.78312771,0.31147861,14.84378331
2006-03-15,105.88532,382.35,15.054511,7.35565,9.562777,96.322543,26.57784,79.30748,1.82,10.77,371.58,19.53,362.82,-0.112368584,0.14773273,14.90677827,0.29900932,14.75550168
2006-04-15,107.819026,382.67,14.99594681,9.802231,13.525318,94.293708,31.042636,76.77639,1.33,10.77,371.9,19.53,363.14,-0.026386261,0.083491324,14.91245549,0.274565684,14.72138113
2006-05-15,106.232904,382.62,14.99404996,5.24454,11.018221,95.214683,30.169064,76.06384,0.66,10.86,371.76,19.33,363.29,-0.161211964,-0.025939942,15.0199899,0.295459746,14.69859021
2006-06-15,102.28242,381.76,15.14697545,-3.6029,6.717308,95.565112,26.469578,75.812842,-0.59,10.93,370.83,18.88,362.88,0.09246445,0.19218445,14.954791,0.39699936,14.74997609
2006-07-15,100.88523,380.06,15.06843941,-6.933796,3.64559,97.23964,19.06676,81.81847,-2.61,10.61,369.45,18.49,361.57,0.0724926,0.02379036,15.04464905,0.209716794,14.85872262
2006-08-15,103.005805,378.47,15.13658135,-3.227099,3.969225,99.03658,18.829445,84.17636,-4.15,10.16,368.31,18.4,360.07,0.142531394,0.121915816,15.01466553,0.18249702,14.95408433
2006-09-15,105.486829,378.63,15.11396401,3.204409,6.451739,99.03509,15.745455,89.741374,-3.13,10.27,368.36,18.93,359.7,-0.03301144,0.12625313,14.98771088,0.37564564,14.73831837
2006-10-15,106.744353,380.09,15.2035455,5.859123,10.573917,96.170436,19.678593,87.06576,0.03,10.38,369.71,19.42,360.67,0.135106086,0.24397087,14.95957463,0.57823657,14.62530893
2006-11-15,106.361507,381.45,15.16690057,3.355702,13.966179,92.395328,20.970437,85.39107,2.98,10.39,371.06,19.67,361.78,0.030319215,0.001434325,15.16546624,0.320566175,14.84633439
2006-12-15,100.382484,382.4,15.2610759,-5.104345,10.949844,89.43264,16.82148,83.561004,3.77,10.42,371.98,19.77,362.63,0.14711189,0.1651535,15.0959224,0.44119262,14.81988328
2007-01-15,97.752284,383.03,15.42936033,-8.992069,8.337002,89.415282,11.672334,86.07995,2.94,10.52,372.51,19.76,363.27,0.22581483,0.26798154,15.16137879,0.7325325,14.69682783
2007-02-15,92.69157,383.54,15.15385525,-13.669937,2.2285,90.46307,4.044064,88.647506,2.09,10.63,372.91,19.91,363.63,-0.013045311,0.096092224,15.05776303,0.402397154,14.7514581
2007-03-15,97.025012,384.01,15.06664937,-3.357472,5.728317,91.296695,4.853088,92.171924,1.61,10.63,373.38,19.99,364.02,-0.194426533,-0.190283773,15.25693314,0.170982357,14.89566701
2007-04-15,101.49299,384.27,15.23957627,3.740706,10.74121,90.75178,8.833598,92.659392,1.24,10.54,373.73,19.77,364.5,-0.18978406,0.237332344,15.00224393,0.50167464,14.73790163
2007-05-15,110.189853,384.12,15.14963238,17.498283,17.752079,92.437774,16.937733,93.25212,0.58,10.41,373.71,19.62,364.5,-0.00422287,0.003891944,15.14574044,0.336248394,14.81338399
2007-06-15,114.521054,383.26,15.04199403,17.496042,19.574609,94.946445,21.512224,93.00883,-0.75,10.42,372.84,19.68,363.58,-0.024655342,-0.046956062,15.08895009,0.056274415,14.98571961
2007-07-15,116.533359,381.55,15.07145875,15.040369,21.506585,95.026774,28.065189,88.46817,-2.72,10.14,371.41,19.62,361.93,-0.168117523,-0.027631759,15.09909051,0.178375247,14.8930835
2007-08-15,114.977527,380.3,15.04687112,4.787674,20.839222,94.138305,26.728825,88.248702,-3.82,9.95,370.35,19.9,360.4,-0.102761268,0.027856826,15.01901429,0.115258216,14.9316129
2007-09-15,111.244088,380.69,14.97605222,-3.276966,15.156191,96.087897,24.093595,87.150493,-2.57,10.02,370.67,20.29,360.4,-0.06594181,-0.095043182,15.0710954,-0.025143625,15.00119584
2007-10-15,109.34754,382.1,15.05158131,-7.185819,11.912414,97.435126,17.15664,92.1909,0.55,10.15,371.95,20.16,361.94,-0.019877434,0.066884993,14.98469632,0.03882122,15.01276009
2007-11-15,109.664828,383.45,15.02711957,-5.312699,9.891971,99.772857,17.742595,91.922233,3.15,10.17,373.28,19.84,363.61,-0.019751549,0.015975952,15.01114362,-0.020414353,15.04753392
2007-12-15,109.86447,384.46,14.97654526,-1.379618,11.615196,98.249274,15.77154,94.09293,3.77,10.2,374.26,19.78,364.68,0.000493049,0.032917024,14.94362824,-0.041396141,15.01794141
2008-01-15,110.818452,385.23,14.7380914,1.470912,13.790304,97.028148,20.06732,90.751132,3.13,10.29,374.94,20.04,365.19,-0.313489913,-0.43455982,15.17265122,-0.280076026,15.01816743
2008-02-15,109.677949,385.74,14.74510663,0.013121,14.136709,95.54124,22.417871,87.260078,2.29,10.27,375.47,20.28,365.46,-0.282012937,-0.23326969,14.97837632,-0.47494507,15.2200517
2008-03-15,114.222827,386.15,15.08472531,4.358357,19.419137,94.80369,30.849797,83.37303,1.69,10.24,375.91,20.22,365.93,0.108180046,0.18479728,14.89992803,0.054196358,15.03052895
2008-04-15,116.992549,386.53,14.93918603,6.174097,18.036469,98.95608,37.243599,79.74895,1.3,10.14,376.39,19.95,366.58,0.20109463,-0.00659084,14.94577687,-0.24750614,15.18669217
2008-05-15,122.40421,386.49,14.96058362,12.726261,20.72172,101.68249,42.76594,79.63827,0.75,9.95,376.54,19.63,366.86,0.21547699,-0.091496465,15.05208009,-0.28341484,15.24399846
2008-06-15,122.713751,385.58,14.86739819,8.490924,16.723011,105.99074,42.803661,79.91009,-0.57,9.87,375.71,19.32,366.26,-0.21732712,-0.05955315,14.92695134,-0.38157082,15.24896901
2008-07-15,124.562659,384.1,15.04166405,7.57011,18.086725,106.475934,42.453766,82.108893,-2.43,9.94,374.16,19.27,364.83,0.102478024,0.023761749,15.01790231,-0.145236966,15.18690102
2008-08-15,121.730661,382.77,14.98658936,-0.673549,12.729048,109.001613,38.583081,83.14758,-3.72,9.84,372.93,18.98,363.79,0.02600574,-0.12493706,15.11152642,-0.22047997,15.20706933
2008-09-15,119.49672,382.54,15.03575413,-3.217031,9.612995,109.883725,34.18556,85.31116,-3.04,9.45,373.09,18.51,364.03,0.168355944,-0.103934286,15.13968842,0.022672654,15.01308148
2008-10-15,115.184411,383.67,15.10273926,-9.378248,5.543999,109.640412,31.756834,83.427577,-0.43,9.31,374.36,18.33,365.34,0.06107521,-0.066926956,15.16966622,0.214778904,14.88796036
2008-11-15,114.417739,385.18,15.11732667,-7.312922,9.043425,105.374314,32.877552,81.540187,2.41,9.53,375.65,18.58,366.6,0.130737307,0.08890152,15.02842515,0.290559767,14.8267669
2008-12-15,111.855569,386.27,15.02185815,-7.641151,8.104826,103.750743,31.268639,80.58693,3.73,9.75,376.52,18.8,367.47,-0.013895988,-0.221275334,15.24313348,0.043416976,14.97844117
2009-01-15,112.74595,387.03,15.12588303,-2.438461,12.240706,100.505244,28.82726,83.91869,3.36,9.82,377.21,18.92,368.11,0.023143769,0.101538658,15.02434438,0.286717413,14.83916562
2009-02-15,111.069293,387.48,15.03115361,-3.348446,12.971553,98.09774,23.45565,87.613643,2.3,9.76,377.72,18.97,368.51,-0.086173057,-0.061764716,15.09291833,0.013264657,15.01788895
2009-03-15,114.468741,387.71,14.94473927,2.613172,15.465131,99.00361,22.445321,92.02342,1.44,9.56,378.15,18.8,368.91,-0.077118876,-0.110012056,15.05475133,0.26961613,14.67512314
2009-04-15,115.743638,387.99,15.00578587,2.997688,15.266134,100.477504,24.434678,91.30896,0.96,9.51,378.48,18.7,369.29,-0.120097161,-0.045687676,15.05147355,0.243433002,14.76235287
2009-05-15,121.4406,387.95,15.06172364,10.371307,15.835018,105.605582,29.08404,92.35656,0.47,9.54,378.41,18.74,369.21,0.030570029,0.206250189,14.85547345,0.293258669,14.76846497
2009-06-15,125.024746,386.96,15.0701999,10.556005,17.839526,107.18522,33.409371,91.615375,-0.75,9.45,377.51,18.6,368.36,0.125460627,0.097828867,14.97237103,0.236643787,14.83355611
2009-07-15,126.448132,385.01,15.20279496,10.704494,21.002826,105.445306,33.301637,93.146495,-2.98,9.07,375.94,18.32,366.69,0.197009088,0.41350079,14.78929417,0.33961105,14.86318391
2009-08-15,127.112152,383.63,15.11080735,5.671552,21.067136,106.045016,35.015347,92.096805,-4.32,9.16,374.47,18.3,365.33,0.049083711,0.20677662,14.90403073,0.28275681,14.82805054
2009-09-15,128.9029294,383.93,15.16958421,3.8781834,25.3739274,103.529002,37.2985334,91.604396,-3.03,9.55,374.38,18.48,365.45,0.099384308,0.143780709,15.0258035,0.304404255,14.86517995
2009-10-15,130.302181,385.49,15.1456012,3.854049,27.284641,103.01754,40.255551,90.04663,0.48,9.77,375.72,18.74,366.75,-0.05719376,0.073269841,15.07233136,0.38135814,14.76424306
2009-11-15,132.6256345,386.94,15.20674413,5.5134825,31.6009925,101.024642,45.8953995,86.730235,3.31,9.74,377.2,18.9,368.04,0.09593678,0.06975651,15.13698762,0.44397164,14.76277249
2009-12-15,136.3596503,387.84,15.13387864,7.4567209,35.2741303,101.08552,51.7414603,84.61819,3.91,9.67,378.17,18.96,368.88,-0.035705565,0.16379738,14.97008126,0.29163742,14.84224122
2010-01-15,136.0076002,388.62,15.25987237,5.705419163,31.74177016,104.26583,53.33795716,82.669643,3.13,9.89,378.73,19.23,369.39,0.11427117,0.04620648,15.21366589,0.58330536,14.67656701
2010-02-15,138.4876002,389.33,15.28808873,5.861965663,34.22875016,104.25885,53.12694816,85.360652,2.39,10.06,379.27,19.68,369.65,0.0813446,0.216215135,15.0718736,0.35869503,14.9293937
2010-03-15,135.2076002,389.68,15.33490746,-1.152050137,32.65545016,102.55215,45.54025816,89.667342,1.84,9.81,379.87,19.71,369.97,0.20102882,0.18048668,15.15442078,0.48753643,14.84737103
2010-04-15,138.1976002,389.98,15.3182792,2.19,35.96843316,102.229167,45.14217016,93.05543,1.36,9.66,380.32,19.63,370.35,0.05840683,0.18197346,15.13630574,0.33513546,14.98314374
2010-05-15,138.6776002,389.95,15.26413148,0.19,35.62756716,103.050033,41.37745016,97.30015,0.62,9.53,380.42,19.71,370.24,-0.02395725,0.12878514,15.13534634,0.41898155,14.84514993
2010-06-15,139.8676002,389.01,15.15237324,4.66,34.79551616,105.072084,43.30802016,96.55958,-0.67,9.41,379.6,19.7,369.31,-0.182534216,0.010120394,15.14225285,0.330546374,14.82182687
2010-07-15,138.3976002,387.35,15.11706727,0.2,33.12331016,105.27429,40.79202516,97.605575,-2.63,9.41,377.94,19.44,367.91,-0.201211933,-0.033393863,15.15046113,0.289688107,14.82737916
2010-08-15,141.0176002,386.23,15.11172478,2.34,37.23674416,103.780856,48.72063016,92.29697,-3.72,9.5,376.73,19.47,366.76,-0.152406696,0.016513824,15.09521096,0.221151354,14.89057343
2010-09-15,135.5176002,386.7,15.16490453,-4.35,35.38756016,100.13004,45.62509516,89.892505,-2.31,9.94,376.76,19.99,366.71,0.012531281,-0.030632975,15.1955375,0.337763785,14.82714074
2010-10-15,135.7476002,388.25,15.18196957,-2.65,36.67677716,99.070823,49.29760016,86.45,0.9,10.18,378.07,20.34,367.91,0.064902303,-0.05550385,15.23747342,0.51203251,14.66993706
2010-11-15,136.7676002,389.62,15.19965165,-4.25,39.26680416,97.500796,49.29790516,87.469695,3.39,10.09,379.53,20.34,369.28,0.087926866,0.0023737,15.19727795,0.48032762,14.71932403
2010-12-15,133.5476002,390.34,14.96411412,-1.97,35.01793016,98.52967,44.70822016,88.83938,3.64,9.81,380.53,20.24,370.1,-0.200790405,-0.202765464,15.16687958,0.24052906,14.72358506
2011-01-15,133.1876002,390.85,14.97575276,-2.56,35.17080516,98.016795,40.22962016,92.95798,2.6,9.51,381.34,20.16,370.69,-0.20621681,-0.046580315,15.02233308,0.13938427,14.83636849
2011-02-15,132.1576002,391.29,14.88992207,-4.61,31.16923616,100.988364,38.75991016,93.39769,1.67,9.33,381.96,20.11,371.18,-0.30972958,-0.26533985,15.15526192,0.10679436,14.78312771
2011-03-15,133.7676002,391.66,15.00736706,0.22,27.88228016,105.88532,37.44505716,96.322543,1.32,9.31,382.35,20.08,371.58,0.043252944,-0.047143936,15.054511,0.100588794,14.90677827
2011-04-15,133.6376002,392.05,15.07948296,0.45,25.81857416,107.819026,39.34389216,94.293708,1.2,9.38,382.67,20.15,371.9,0.103730203,0.083536149,14.99594681,0.167027473,14.91245549
2011-05-15,133.9176002,392.08,15.02400868,1.76,27.68469616,106.232904,38.70291716,95.214683,0.79,9.46,382.62,20.32,371.76,0.13408661,0.029958724,14.99404996,0.004018782,15.0199899
2011-06-15,135.6376002,391.14,15.08623975,1.87,33.35518016,102.28242,40.07248816,95.565112,-0.52,9.38,381.76,20.31,370.83,0.078872681,-0.060735705,15.14697545,0.131448745,14.954791
2011-07-15,131.9476002,389.2,15.20817368,-1.69,31.06237016,100.88523,34.70796016,97.23964,-2.85,9.14,380.06,19.75,369.45,0.128690717,0.139734266,15.06843941,0.163524626,15.04464905
2011-08-15,134.8776002,387.87,15.17635148,0.96,31.87179516,103.005805,35.84102016,99.03658,-4.21,9.4,378.47,19.56,368.31,0.1523428,0.03977013,15.13658135,0.161685946,15.01466553
2011-09-15,132.6876002,388.27,15.11322587,-2.95,27.20077116,105.486829,33.65251016,99.03509,-2.87,9.64,378.63,19.91,368.36,0.026986122,-0.000738143,15.11396401,0.125514987,14.98771088
2011-10-15,139.4476002,389.83,15.09518426,7.5,32.70324716,106.744353,43.27716416,96.170436,0.63,9.74,380.09,20.12,369.71,-0.112989424,-0.108361244,15.2035455,0.135609626,14.95957463
2011-11-15,131.7676002,391.19,14.9712476,-3.11,25.40609316,106.361507,39.37227216,92.395328,3.32,9.74,381.45,20.13,371.06,-0.20510388,-0.195652965,15.16690057,-0.19421864,15.16546624
2011-12-15,138.4976002,392.02,15.02782052,5.81,38.11511616,100.382484,49.06496016,89.43264,3.75,9.62,382.4,20.04,371.98,-0.08540535,-0.233255383,15.2610759,-0.068101883,15.0959224
2012-01-15,142.4576002,392.61,14.900649,3.01,44.70531616,97.752284,53.04231816,89.415282,2.78,9.58,383.03,20.1,372.51,-0.194535256,-0.52871133,15.42936033,-0.26072979,15.16137879
2012-02-15,143.7576002,393.2,14.88691228,11.99,51.06603016,92.69157,53.29453016,90.46307,2.01,9.66,383.54,20.29,372.91,-0.08433532,-0.266942974,15.15385525,-0.17085075,15.05776303
2012-03-15,142.5276002,393.72,14.92973607,4.03,45.50258816,97.025012,51.23090516,91.296695,1.7,9.71,384.01,20.34,373.38,-0.098084447,-0.136913297,15.06664937,-0.32719707,15.25693314
2012-04-15,142.1876002,393.99,15.12017911,-0.27,40.69461016,101.49299,51.43582016,90.75178,1.38,9.72,384.27,20.26,373.73,0.219530107,-0.119397163,15.23957627,0.117935181,15.00224393
2012-05-15,145.3476002,393.88,15.23926919,1.59,35.15774716,110.189853,52.90982616,92.437774,0.68,9.76,384.12,20.17,373.71,0.35235691,0.089636806,15.14963238,0.09352875,15.14574044
2012-06-15,148.1876002,392.84,15.18523114,5.66,33.66654616,114.521054,53.24115516,94.946445,-0.88,9.58,383.26,20,372.84,0.25549507,0.143237115,15.04199403,0.096281053,15.08895009
2012-07-15,148.7776002,391,15.10537713,6.59,32.24424116,116.533359,53.75082616,95.026774,-2.99,9.45,381.55,19.59,371.41,-0.014801979,0.033918381,15.07145875,0.006286622,15.09909051
2012-08-15,145.8876002,389.89,15.14196389,0.54,30.91007316,114.977527,51.74929516,94.138305,-3.99,9.59,380.3,19.54,370.35,-0.0973053,0.095092774,15.04687112,0.1229496,15.01901429
2012-09-15,147.3976002,390.55,15.1787719,-0.79,36.15351216,111.244088,51.30970316,96.087897,-2.29,9.86,380.69,19.88,370.67,-0.00645924,0.202719685,14.97605222,0.107676503,15.0710954
2012-10-15,147.6776002,392.16,15.28476708,-1.1,38.33006016,109.34754,50.24247416,97.435126,1.16,10.06,382.1,20.21,371.95,0.179389952,0.233185767,15.05158131,0.30007076,14.98469632
2012-11-15,148.3276002,393.56,15.26181977,2.44,38.66277216,109.664828,48.55474316,99.772857,3.67,10.11,383.45,20.28,373.28,0.11985588,0.234700203,15.02711957,0.250676155,15.01114362
2012-12-15,147.4976002,394.39,15.03374951,0.1,37.63313016,109.86447,49.24832616,98.249274,3.84,9.93,384.46,20.13,374.26,-0.14502239,0.057204246,14.97654526,0.09012127,14.94362824
2013-01-15,147.6276002,395.07,15.21294873,-0.05,36.80914816,110.818452,50.59945216,97.028148,2.91,9.84,385.23,20.13,374.94,-0.07181835,0.47485733,14.7380914,0.04029751,15.17265122
2013-02-15,147.5576002,395.69,15.08155816,-0.77,37.87965116,109.677949,52.01636016,95.54124,2.13,9.95,385.74,20.22,375.47,-0.180261612,0.336451528,14.74510663,0.103181838,14.97837632
2013-03-15,149.8776002,396.28,15.08987134,2.38,35.65477316,114.222827,55.07391016,94.80369,1.89,10.13,386.15,20.37,375.91,0.056121827,0.005146027,15.08472531,0.189943307,14.89992803
2013-04-15,147.6276002,396.74,15.02946751,0,30.63505116,116.992549,48.67152016,98.95608,1.67,10.21,386.53,20.35,376.39,-0.183481217,0.090281483,14.93918603,0.083690643,14.94577687
2013-05-15,148.7676002,396.75,15.08720772,1.21,26.36339016,122.40421,47.08511016,101.68249,1.06,10.26,386.49,20.21,376.54,0.005649566,0.126624104,14.96058362,0.035127639,15.05208009
2013-06-15,146.4376002,395.96,15.17324155,-3.44,23.72384916,122.713751,40.44686016,105.99074,-0.32,10.38,385.58,20.25,375.71,0.083370209,0.305843356,14.86739819,0.246290206,14.92695134
2013-07-15,146.6176002,394.48,15.04006951,-1.01,22.05494116,124.562659,40.14166616,106.475934,-2.26,10.38,384.1,20.32,374.16,0.010601997,-0.001594544,15.04166405,0.022167205,15.01790231
2013-08-15,143.4776002,393.24,15.12020676,-5.29,21.74693916,121.730661,34.47598716,109.001613,-3.51,10.47,382.77,20.31,372.93,0.032999039,0.133617403,14.98658936,0.008680343,15.11152642
2013-09-15,142.9476002,393.21,15.23555367,-3.49,23.45088016,119.49672,33.06387516,109.883725,-2.75,10.67,382.54,20.12,373.09,0.062312124,0.199799536,15.03575413,0.09586525,15.13968842
2013-10-15,146.5776002,394.5,15.11700433,-0.04,31.39318916,115.184411,36.93718816,109.640412,0.02,10.83,383.67,20.14,374.36,0.076934815,0.014265061,15.10273926,-0.052661895,15.16966622
2013-11-15,149.0276002,395.96,15.2155637,5.55,34.60986116,114.417739,43.65328616,105.374314,2.72,10.78,385.18,20.31,375.65,0.095356937,0.098237033,15.11732667,0.187138553,15.02842515
2013-12-15,144.8476002,396.87,15.19239133,1.9,32.99203116,111.855569,41.09685716,103.750743,3.66,10.6,386.27,20.35,376.52,-0.04316234,0.170533184,15.02185815,-0.05074215,15.24313348
2014-01-15,148.2276002,397.51,15.19315236,1.65,35.48165016,112.74595,47.72235616,100.505244,3.01,10.48,387.03,20.3,377.21,0.076148035,0.067269327,15.12588303,0.168807985,15.02434438
2014-02-15,151.2576002,397.97,14.97013371,2.23,40.18830716,111.069293,53.15986016,98.09774,2.01,10.49,387.48,20.25,377.72,-0.24542999,-0.0610199,15.03115361,-0.122784616,15.09291833
2014-03-15,151.2876002,398.27,15.15658849,6.44,36.81885916,114.468741,52.28399016,99.00361,1.4,10.56,387.71,20.12,378.15,-0.035802845,0.211849215,14.94473927,0.101837159,15.05475133
2014-04-15,150.5676002,398.63,15.17536824,2.34,34.82396216,115.743638,50.09009616,100.477504,1.12,10.64,387.99,20.15,378.48,-0.01778412,0.169582368,15.00578587,0.123894692,15.05147355
2014-05-15,147.9876002,398.69,15.24910062,-3.27,26.54700016,121.4406,42.38201816,105.605582,0.72,10.74,387.95,20.28,378.41,0.27896691,0.187376981,15.06172364,0.39362717,14.85547345
2014-06-15,150.3776002,397.72,15.13792126,-0.91,25.35285416,125.024746,43.19238016,107.18522,-0.55,10.76,386.96,20.21,377.51,-0.018667225,0.067721363,15.0701999,0.16555023,14.97237103
2014-07-15,152.0476002,396.13,15.13083451,1.48,25.59946816,126.448132,46.60229416,105.445306,-2.5,11.12,385.01,20.19,375.94,-0.04453373,-0.07196045,15.20279496,0.34154034,14.78929417
2014-08-15,152.6376002,395.02,15.20141976,4.65,25.52544816,127.112152,46.59258416,106.045016,-3.67,11.39,383.63,20.55,374.47,-0.04768086,0.09061241,15.11080735,0.29738903,14.90403073
2014-09-15,152.1376002,395.12,15.25030511,1.76,23.23467076,128.9029294,48.60859816,103.529002,-2.6,11.19,383.93,20.74,374.38,0.11238385,0.080720905,15.16958421,0.224501614,15.0258035
2014-10-15,154.5176002,396.38,15.22916882,2.47,24.21541916,130.302181,51.50006016,103.01754,0.25,10.89,385.49,20.66,375.72,0.09833431,0.08356762,15.1456012,0.156837461,15.07233136
2014-11-15,151.5276002,397.86,15.11702721,-1.11,18.90196566,132.6256345,50.50295816,101.024642,2.84,10.92,386.94,20.66,377.2,-0.084392547,-0.089716917,15.20674413,-0.019960407,15.13698762
2014-12-15,157.7376002,398.83,15.25396913,5.6,21.37794986,136.3596503,56.65208016,101.08552,3.71,10.99,387.84,20.66,378.17,0.00366402,0.12009049,15.13387864,0.28388787,14.97008126
2015-01-15,154.8176002,399.56,15.25869076,0.3,18.81,136.0076002,50.55177016,104.26583,3.18,10.94,388.62,20.83,378.73,0.02952194,-0.00118161,15.25987237,0.04502487,15.21366589
2015-02-15,157.1276002,400.12,15.26466363,5.6,18.64,138.4876002,52.86875016,104.25885,2.26,10.79,389.33,20.85,379.27,0.147636417,-0.0234251,15.28808873,0.192790035,15.0718736
2015-03-15,157.0476002,400.57,15.29459469,-0.69,21.84,135.2076002,54.49545016,102.55215,1.74,10.89,389.68,20.7,379.87,0.04062556,-0.04031277,15.33490746,0.14017391,15.15442078
2015-04-15,159.1476002,400.96,15.12236111,4.33,20.95,138.1976002,56.91843316,102.229167,1.4,10.98,389.98,20.64,380.32,-0.136329647,-0.195918087,15.3182792,-0.013944627,15.13630574
2015-05-15,156.7676002,400.91,15.24234955,-0.36,18.09,138.6776002,53.71756716,103.050033,0.79,10.96,389.95,20.49,380.42,-0.02231408,-0.02178193,15.26413148,0.10700321,15.13534634
2015-06-15,159.1176002,400.06,15.25204175,2.07,19.25,139.8676002,54.04551616,105.072084,-0.51,11.05,389.01,20.46,379.6,-0.04255294,0.099668506,15.15237324,0.1097889,15.14225285
2015-07-15,158.9676002,398.38,15.21876519,-0.18,20.57,138.3976002,53.69331016,105.27429,-2.58,11.03,387.35,20.44,377.94,0.096404077,0.101697923,15.11706727,0.06830406,15.15046113
2015-08-15,159.2976002,397.07,15.30767815,2.53,18.28,141.0176002,55.51674416,103.780856,-3.84,10.84,386.23,20.34,376.73,0.0653286,0.195953366,15.11172478,0.21246719,15.09521096
2015-09-15,161.5476002,397.34,15.33273595,2.43,26.03,135.5176002,61.41756016,100.13004,-2.72,10.64,386.7,20.58,376.76,0.0806942,0.167831425,15.16490453,0.13719845,15.1955375
2015-10-15,164.2676002,398.8,15.50684445,5.3,28.52,135.7476002,65.19677716,99.070823,0.42,10.55,388.25,20.73,378.07,0.28807926,0.32487488,15.18196957,0.26937103,15.23747342
2015-11-15,159.3376002,400.36,15.45170013,0.04,22.57,136.7676002,61.83680416,97.500796,3.29,10.74,389.62,20.83,379.53,0.14402198,0.25204848,15.19965165,0.25442218,15.19727795
2015-12-15,162.0376002,401.66,15.60498423,0.49,28.49,133.5476002,63.50793016,98.52967,4.32,11.32,390.34,21.13,380.53,0.27224828,0.64087011,14.96411412,0.438104646,15.16687958
2016-01-15,161.1976002,402.62,15.61722273,-3.07,28.01,133.1876002,63.18080516,98.016795,3.82,11.77,390.85,21.28,381.34,0.11037828,0.64146997,14.97575276,0.594889655,15.02233308
2016-02-15,164.0776002,403.26,15.75360103,4.74,31.92,132.1576002,63.08923616,100.988364,2.9,11.97,391.29,21.3,381.96,0.3019009,0.86367896,14.88992207,0.59833911,15.15526192
2016-03-15,162.3076002,403.85,15.69174853,0.27,28.54,133.7676002,56.42228016,105.88532,2.19,12.19,391.66,21.5,382.35,0.0867643,0.684381466,15.00736706,0.63723753,15.054511
2016-04-15,162.8976002,404.36,15.59541793,1.7,29.26,133.6376002,55.07857416,107.819026,1.74,12.31,392.05,21.69,382.67,-0.0218048,0.515934967,15.07948296,0.599471116,14.99594681
2016-05-15,161.6876002,404.4,15.48107426,-2.39,27.77,133.9176002,55.45469616,106.232904,1.14,12.32,392.08,21.78,382.62,-0.27252677,0.45706558,15.02400868,0.487024304,14.99404996
2016-06-15,163.0776002,403.62,15.32701199,0.77,27.44,135.6376002,60.79518016,102.28242,-0.23,12.48,391.14,21.86,381.76,-0.36473654,0.240772245,15.08623975,0.18003654,15.14697545
2016-07-15,162.1076002,402.1,15.42561143,-0.79,30.16,131.9476002,61.22237016,100.88523,-2.26,12.9,389.2,22.04,380.06,-0.1698065,0.21743775,15.20817368,0.357172016,15.06843941
2016-08-15,158.4476002,400.78,15.46664423,-3.24,23.57,134.8776002,55.44179516,103.005805,-3.62,12.91,387.87,22.31,378.47,-0.01443003,0.29029275,15.17635148,0.33006288,15.13658135
2016-09-15,161.5576002,400.96,15.42360585,-1.52,28.87,132.6876002,56.07077116,105.486829,-2.66,12.69,388.27,22.33,378.63,0.09659386,0.310379983,15.11322587,0.30964184,15.11396401
2016-10-15,158.3676002,402.41,15.40717786,-3.74,18.92,139.4476002,51.62324716,106.744353,0.31,12.58,389.83,22.32,380.09,-0.01843357,0.311993604,15.09518426,0.20363236,15.2035455
2016-11-15,165.2076002,403.76,15.47066109,6.76,33.44,131.7676002,58.84609316,106.361507,2.98,12.57,391.19,22.31,381.45,0.00401686,0.49941349,14.9712476,0.303760525,15.16690057
2016-12-15,163.0976002,404.67,15.40104573,1.54,24.6,138.4976002,62.71511616,100.382484,3.71,12.65,392.02,22.27,382.4,-0.02256012,0.373225213,15.02782052,0.13996983,15.2610759
2017-01-15,163.4476002,405.33,15.46963685,5.08,20.99,142.4576002,65.69531616,97.752284,2.92,12.72,392.61,22.3,383.03,0.06245899,0.56898785,14.900649,0.04027652,15.42936033
2017-02-15,160.7276002,405.91,15.56533616,-4.48,16.97,143.7576002,68.03603016,92.69157,2.15,12.71,393.2,22.37,383.54,0.09467507,0.67842388,14.88691228,0.411480906,15.15385525
2017-03-15,163.1776002,406.32,15.56554597,0.08,20.65,142.5276002,66.15258816,97.025012,1.65,12.6,393.72,22.31,384.01,0.16450024,0.6358099,14.92973607,0.498896603,15.06664937
2017-04-15,163.2076002,406.6,15.39408009,-0.24,21.02,142.1876002,61.71461016,101.49299,1.27,12.61,393.99,22.33,384.27,-0.07555676,0.273900983,15.12017911,0.15450382,15.23957627
2017-05-15,162.8776002,406.64,15.43829816,2.15,17.53,145.3476002,52.68774716,110.189853,0.73,12.76,393.88,22.52,384.12,-0.127038,0.19902897,15.23926919,0.288665776,15.14963238
2017-06-15,162.3776002,405.85,15.26768963,-0.8,14.19,148.1876002,47.85654616,114.521054,-0.47,13.01,392.84,22.59,383.26,-0.29785634,0.08245849,15.18523114,0.225695605,15.04199403
2017-07-15,163.5376002,404.11,15.33069413,0.33,14.76,148.7776002,47.00424116,116.533359,-2.49,13.11,391,22.56,381.55,-0.06338596,0.225317002,15.10537713,0.259235383,15.07145875
2017-08-15,163.8076002,402.57,15.36134903,0.93,17.92,145.8876002,48.83007316,114.977527,-4.07,12.68,389.89,22.27,380.3,-0.07694913,0.21938514,15.14196389,0.314477914,15.04687112
2017-09-15,165.4876002,402.66,15.34541313,3.11,18.09,147.3976002,54.24351216,111.244088,-3.19,12.11,390.55,21.97,380.69,0.0777235,0.16664123,15.1787719,0.369360915,14.97605222
2017-10-15,164.4176002,404.16,15.42494481,0.88,16.74,147.6776002,55.07006016,109.34754,0.05,12,392.16,22.06,382.1,0.09425068,0.14017773,15.28476708,0.373363497,15.05158131
2017-11-15,167.0176002,405.7,15.31378453,3.21,18.69,148.3276002,57.35277216,109.664828,3.13,12.14,393.56,22.25,383.45,-0.0475645,0.05196476,15.26181977,0.286664963,15.02711957
2017-12-15,166.9276002,406.75,15.43740647,1.44,19.43,147.4976002,57.06313016,109.86447,4.09,12.36,394.39,22.29,384.46,0.09199334,0.40365696,15.03374951,0.460861206,14.97654526
2018-01-15,165.5676002,407.53,15.30684655,1.15,17.94,147.6276002,54.74914816,110.818452,3.37,12.46,395.07,22.3,385.23,-0.11809826,0.09389782,15.21294873,0.56875515,14.7380914
2018-02-15,163.0676002,408.23,15.32842725,-3.95,15.51,147.5576002,53.38965116,109.677949,2.53,12.54,395.69,22.49,385.74,0.01464272,0.246869092,15.08155816,0.58332062,14.74510663
2018-03-15,165.9476002,408.77,15.33907788,-0.98,16.07,149.8776002,51.72477316,114.222827,2.02,12.49,396.28,22.62,386.15,-0.09832859,0.249206543,15.08987134,0.25435257,15.08472531
2018-04-15,164.3576002,409.07,15.37097923,-1.21,16.73,147.6276002,47.36505116,116.992549,1.54,12.33,396.74,22.54,386.53,0.06413268,0.341511717,15.02946751,0.4317932,14.93918603
2018-05-15,165.3076002,408.93,15.31758778,2.24,16.54,148.7676002,42.90339016,122.40421,0.7,12.18,396.75,22.44,386.49,-0.01083947,0.230380056,15.08720772,0.35700416,14.96058362
2018-06-15,165.1476002,408.06,15.29082577,-0.8,18.71,146.4376002,42.43384916,122.713751,-0.71,12.1,395.96,22.48,385.58,-0.04825211,0.117584224,15.17324155,0.42342758,14.86739819
2018-07-15,167.3876002,406.49,15.34341233,3.03,20.77,146.6176002,42.82494116,124.562659,-2.58,12.01,394.48,22.39,384.1,-0.0275669,0.30334282,15.04006951,0.301748276,15.04166405
2018-08-15,166.2476002,405.11,15.27386277,0.94,22.77,143.4776002,44.51693916,121.730661,-3.82,11.87,393.24,22.34,382.77,-0.04372501,0.153656007,15.12020676,0.28727341,14.98658936
2018-09-15,168.6276002,405.18,15.26527493,3.48,25.68,142.9476002,49.13088016,119.49672,-2.88,11.97,393.21,22.64,382.54,-0.02555084,0.02972126,15.23555367,0.229520796,15.03575413
2018-10-15,168.5276002,406.65,15.42020123,1.14,21.95,146.5776002,53.34318916,115.184411,0.16,12.15,394.5,22.98,383.67,0.0767889,0.303196905,15.11700433,0.317461966,15.10273926
2018-11-15,168.5576002,408.12,15.30406468,2.31,19.53,149.0276002,54.13986116,114.417739,3.01,12.16,395.96,22.94,385.18,0.03020191,0.08850098,15.2155637,0.186738013,15.11732667
2018-12-15,167.3176002,409.19,15.39654916,-1.31,22.47,144.8476002,55.46203116,111.855569,4.01,12.32,396.87,22.92,386.27,0.13127423,0.20415783,15.19239133,0.374691014,15.02185815
2019-01-15,171.8876002,409.93,15.35048478,3.36,23.66,148.2276002,59.14165016,112.74595,3.28,12.42,397.51,22.9,387.03,-0.06971645,0.15733242,15.19315236,0.224601747,15.12588303
2019-02-15,170.4976002,410.35,15.37420553,1.94,19.24,151.2576002,59.42830716,111.069293,2.23,12.38,397.97,22.87,387.48,0.07014085,0.40407182,14.97013371,0.34305192,15.03115361
2019-03-15,173.2076002,410.9,15.57404797,5.89,21.92,151.2876002,58.73885916,114.468741,1.71,12.63,398.27,23.19,387.71,0.17749881,0.417459485,15.15658849,0.6293087,14.94473927
2019-04-15,170.7976002,411.35,15.50307458,-1.09,20.23,150.5676002,55.05396216,115.743638,1.42,12.72,398.63,23.36,387.99,0.1525898,0.32770634,15.17536824,0.497288708,15.00578587
2019-05-15,172.0376002,411.36,15.42254633,1.54,24.05,147.9876002,50.59700016,121.4406,1.01,12.67,398.69,23.41,387.95,0.0483408,0.17344571,15.24910062,0.360822691,15.06172364
2019-06-15,174.4076002,410.54,15.43440907,1.2,24.03,150.3776002,49.38285416,125.024746,-0.36,12.82,397.72,23.58,386.96,-0.1396389,0.29648781,15.13792126,0.364209173,15.0701999
2019-07-15,172.9276002,408.88,15.46196931,2.13,20.88,152.0476002,46.47946816,126.448132,-2.47,12.75,396.13,23.87,385.01,-0.04110527,0.3311348,15.13083451,0.25917435,15.20279496
2019-08-15,175.4876002,407.64,15.4214267,3.45,22.85,152.6376002,48.37544816,127.112152,-3.72,12.62,395.02,24.01,383.63,-0.00111963,0.22000694,15.20141976,0.31061935,15.11080735
2019-09-15,174.5776002,407.93,15.44459813,0.17,22.44,152.1376002,45.67467076,128.9029294,-2.61,12.81,395.12,24,383.93,0.01018906,0.19429302,15.25030511,0.275013925,15.16958421
2019-10-15,173.9076002,409.44,15.51872913,0.98,19.39,154.5176002,43.60541916,130.302181,0.56,13.06,396.38,23.95,385.49,0.05675982,0.28956031,15.22916882,0.37312793,15.1456012
2019-11-15,175.1276002,410.87,15.47071641,-0.36,23.6,151.5276002,42.50196566,132.6256345,3.23,13.01,397.86,23.93,386.94,0.04928971,0.353689197,15.11702721,0.26397228,15.20674413
2019-12-15,174.3276002,411.76,15.60501663,-0.25,16.59,157.7376002,37.96794986,136.3596503,3.83,12.93,398.83,23.92,387.84,0.1604185,0.3510475,15.25396913,0.47113799,15.13387864
2020-01-15,170.8576002,412.43,15.64730253,-3.05,16.04,154.8176002,34.85,136.0076002,2.99,12.87,399.56,23.81,388.62,0.1285734,0.38861177,15.25869076,0.38743016,15.25987237
2020-02-15,176.1276002,412.95,15.66495698,1,19,157.1276002,37.64,138.4876002,2.08,12.83,400.12,23.62,389.33,0.19424057,0.40029335,15.26466363,0.37686825,15.28808873
2020-03-15,174.4576002,413.44,15.55351346,0.13,17.41,157.0476002,39.25,135.2076002,1.68,12.87,400.57,23.76,389.68,-0.05150317,0.25891877,15.29459469,0.218606,15.33490746
2020-04-15,173.9376002,413.86,15.58614438,3.08,14.79,159.1476002,35.74,138.1976002,1.43,12.9,400.96,23.88,389.98,-0.06115815,0.463783267,15.12236111,0.26786518,15.3182792
2020-05-15,175.9576002,413.81,15.53170197,-0.17,19.19,156.7676002,37.28,138.6776002,0.86,12.9,400.91,23.86,389.95,-0.13325501,0.28935242,15.24234955,0.26757049,15.26413148
2020-06-15,174.1776002,412.88,15.42594617,-0.28,15.06,159.1176002,34.31,139.8676002,-0.56,12.82,400.06,23.87,389.01,-0.12756729,0.17390442,15.25204175,0.273572926,15.15237324
2020-07-15,176.3676002,411.17,15.3903579,2.43,17.4,158.9676002,37.97,138.3976002,-2.69,12.79,398.38,23.82,387.35,-0.19578648,0.17159271,15.21876519,0.273290633,15.11706727
2020-08-15,173.7176002,409.73,15.33213036,-2.24,14.42,159.2976002,32.7,141.0176002,-4.08,12.66,397.07,23.5,386.23,-0.19957161,0.02445221,15.30767815,0.220405576,15.11172478
2020-09-15,175.5176002,410,15.49936383,1.34,13.97,161.5476002,40,135.5176002,-2.88,12.66,397.34,23.3,386.7,0.07341766,0.16662788,15.33273595,0.334459305,15.16490453
2020-10-15,177.9976002,411.66,15.44153779,1.63,13.73,164.2676002,42.25,135.7476002,0.49,12.86,398.8,23.41,388.25,0.05117989,-0.06530666,15.50684445,0.25956822,15.18196957
2020-11-15,177.1076002,413.25,15.60293477,3.39,17.77,159.3376002,40.34,136.7676002,3.52,12.89,400.36,23.63,389.62,0.27080441,0.15123464,15.45170013,0.40328312,15.19965165
2020-12-15,175.8376002,414.14,15.30055516,0.32,13.8,162.0376002,42.29,133.5476002,4.14,12.48,401.66,23.8,390.34,-0.19880867,-0.30442907,15.60498423,0.33644104,14.96411412
2021-01-15,177.8476002,414.73,15.30937283,-0.15,16.65,161.1976002,44.66,133.1876002,3.07,12.11,402.62,23.88,390.85,-0.13216496,-0.3078499,15.61722273,0.33362007,14.97575276
2021-02-15,177.8176002,415.2,15.12603085,0.71,13.74,164.0776002,45.66,132.1576002,1.95,11.94,403.26,23.91,391.29,-0.476903918,-0.627570178,15.75360103,0.236108782,14.88992207
2021-03-15,174.5576002,415.49,15.25538819,-1.28,12.25,162.3076002,40.79,133.7676002,1.35,11.64,403.85,23.83,391.66,-0.04516697,-0.43636034,15.69174853,0.248021126,15.00736706
2021-04-15,181.8276002,415.81,15.25640958,3.98,18.93,162.8976002,48.19,133.6376002,1.08,11.45,404.36,23.76,392.05,-0.05296325,-0.33900835,15.59541793,0.176926617,15.07948296
2021-05-15,179.5876002,416.01,15.32313531,1.77,17.9,161.6876002,45.67,133.9176002,0.81,11.61,404.4,23.93,392.08,0.197104458,-0.15793895,15.48107426,0.29912663,15.02400868
2021-06-15,180.7176002,415.2,15.27829259,6.16,17.64,163.0776002,45.08,135.6376002,-0.29,11.58,403.62,24.06,391.14,0.0229044,-0.0487194,15.32701199,0.192052845,15.08623975
2021-07-15,180.2976002,413.45,15.39588158,-1.53,18.19,162.1076002,48.35,131.9476002,-2.36,11.35,402.1,24.25,389.2,0.139472,-0.02972985,15.42561143,0.1877079,15.20817368
2021-08-15,182.8476002,412.15,15.37649529,3.26,24.4,158.4476002,47.97,134.8776002,-3.86,11.37,400.78,24.28,387.87,0.05335998,-0.09014894,15.46664423,0.20014381,15.17635148
2021-09-15,181.5676002,412.38,15.46723931,0.85,20.01,161.5576002,48.88,132.6876002,-2.82,11.42,400.96,24.11,388.27,0.18894672,0.04363346,15.42360585,0.354013443,15.11322587
2021-10-15,181.9976002,413.83,15.48688977,1.7,23.63,158.3676002,42.55,139.4476002,0.38,11.42,402.41,24,389.83,0.09100819,0.07971191,15.40717786,0.391705514,15.09518426
2021-11-15,179.8076002,415.58,15.41183465,-3.04,14.6,165.2076002,48.04,131.7676002,3.43,11.82,403.76,24.39,391.19,0.03533936,-0.05882644,15.47066109,0.44058705,14.9712476
2021-12-15,180.2576002,416.6,15.38780873,-1.31,17.16,163.0976002,41.76,138.4976002,4.22,11.93,404.67,24.58,392.02,-0.07943058,-0.013237,15.40104573,0.359988213,15.02782052
2022-01-15,183.3176002,417.18,15.34341423,1.32,19.87,163.4476002,40.86,142.4576002,3.35,11.85,405.33,24.57,392.61,-0.14347554,-0.12622262,15.46963685,0.44276523,14.900649
2022-02-15,183.4676002,417.64,15.29552071,3.66,22.74,160.7276002,39.71,143.7576002,2.06,11.73,405.91,24.44,393.2,-0.11631394,-0.26981545,15.56533616,0.40860843,14.88691228
2022-03-15,182.1076002,418.16,15.45983783,1.85,18.93,163.1776002,39.58,142.5276002,1.56,11.84,406.32,24.44,393.72,0.0720291,-0.10570814,15.56554597,0.53010176,14.92973607
2022-04-15,183.5176002,418.58,15.34914583,0.2,20.31,163.2076002,41.33,142.1876002,1.4,11.98,406.6,24.59,393.99,0.0057316,-0.04493426,15.39408009,0.228966723,15.12017911
2022-05-15,180.1876002,418.45,15.32158845,-3.28,17.31,162.8776002,34.84,145.3476002,0.81,11.81,406.64,24.57,393.88,0.02606774,-0.11670971,15.43829816,0.08231926,15.23926919
2022-06-15,181.4776002,417.43,15.37371343,-0.63,19.1,162.3776002,33.29,148.1876002,-0.73,11.58,405.85,24.59,392.84,-0.0861244,0.1060238,15.26768963,0.18848229,15.18523114
2022-07-15,184.3076002,415.67,15.44245331,0.79,20.77,163.5376002,35.53,148.7776002,-2.91,11.56,404.11,24.67,391,0.09330748,0.11175918,15.33069413,0.337076182,15.10537713
2022-08-15,179.5676002,414.4,15.36108773,-0.62,15.76,163.8076002,33.68,145.8876002,-4.05,11.83,402.57,24.51,389.89,0.03949928,-0.0002613,15.36134903,0.21912384,15.14196389
2022-09-15,185.2376002,414.62,15.41526883,3.76,19.75,165.4876002,37.84,147.3976002,-2.81,11.96,402.66,24.07,390.55,0.0415554,0.0698557,15.34541313,0.23649693,15.1787719
2022-10-15,183.4576002,416.13,15.47451966,-0.85,19.04,164.4176002,35.78,147.6776002,0.46,11.97,404.16,23.97,392.16,0.03206635,0.04957485,15.42494481,0.18975258,15.28476708
2022-11-15,182.4376002,417.84,15.22802918,2.87,15.42,167.0176002,34.11,148.3276002,3.44,12.14,405.7,24.28,393.56,-0.13305855,-0.08575535,15.31378453,-0.03379059,15.26181977
2022-12-15,184.7276002,418.93,15.33628553,-0.51,17.8,166.9276002,37.23,147.4976002,4.31,12.18,406.75,24.54,394.39,-0.0789833,-0.10112094,15.43740647,0.30253602,15.03374951
2023-01-15,187.9976002,419.38,15.31269448,4.54,22.43,165.5676002,40.37,147.6276002,3.25,11.85,407.53,24.31,395.07,-0.16182518,0.00584793,15.30684655,0.09974575,15.21294873
2023-02-15,183.2176002,419.65,15.35841649,0.78,20.15,163.0676002,35.66,147.5576002,1.81,11.42,408.23,23.96,395.69,0.13038731,0.02998924,15.32842725,0.276858332,15.08155816
2023-03-15,188.6376002,419.98,15.57738013,3.91,22.69,165.9476002,38.76,149.8776002,1.05,11.21,408.77,23.7,396.28,0.2410946,0.23830225,15.33907788,0.487508793,15.08987134
2023-04-15,180.5676002,420.51,15.38640683,-7.43,16.21,164.3576002,32.94,147.6276002,1.13,11.44,409.07,23.77,396.74,0.07371235,0.0154276,15.37097923,0.356939317,15.02946751
2023-05-15,189.6076002,420.6,15.4610862,6.39,24.3,165.3076002,40.84,148.7676002,0.95,11.67,408.93,23.85,396.75,0.10266971,0.14349842,15.31758778,0.373878476,15.08720772
2023-06-15,186.1376002,419.6,15.59698003,-2.5,20.99,165.1476002,39.7,146.4376002,-0.38,11.54,408.06,23.64,395.96,0.0195999,0.30615426,15.29082577,0.423738484,15.17324155
2023-07-15,190.2676002,417.93,15.78930466,9.7,22.88,167.3876002,43.65,146.6176002,-2.58,11.44,406.49,23.45,394.48,0.40289783,0.44589233,15.34341233,0.74923515,15.04006951
2023-08-15,189.0076002,416.78,15.77493663,-0.6,22.76,166.2476002,45.53,143.4776002,-3.82,11.67,405.11,23.54,393.24,0.31385043,0.50107386,15.27386277,0.654729867,15.12020676
2023-09-15,189.5876002,417.18,15.99647993,3.45,20.96,168.6276002,46.64,142.9476002,-2.42,12,405.18,23.97,393.21,0.3994999,0.731205,15.26527493,0.76092626,15.23555367
2023-10-15,194.2076002,418.85,15.91539373,3.94,25.68,168.5276002,47.63,146.5776002,0.92,12.2,406.65,24.35,394.5,0.12608907,0.4951925,15.42020123,0.798389405,15.11700433
2023-11-15,190.0376002,420.4,15.91961853,1.03,21.48,168.5576002,41.01,149.0276002,3.62,12.28,408.12,24.44,395.96,0.1446819,0.61555385,15.30406468,0.70405483,15.2155637
2023-12-15,189.3476002,421.5,15.91058533,-0.24,22.03,167.3176002,44.5,144.8476002,4.32,12.31,409.19,24.63,396.87,-0.0858946,0.51403617,15.39654916,0.718194,15.19239133
2024-01-15,193.2176002,422.21,15.76430503,-0.99,21.33,171.8876002,44.99,148.2276002,3.36,12.28,409.93,24.7,397.51,-0.1510887,0.41382025,15.35048478,0.57115267,15.19315236
2024-02-15,192.6776002,422.81,15.87608903,2.64,22.18,170.4976002,41.42,151.2576002,2.41,12.46,410.35,24.84,397.97,-0.0435295,0.5018835,15.37420553,0.90595532,14.97013371
2024-03-15,195.4176002,423.41,15.79389373,6.07,22.21,173.2076002,44.13,151.2876002,1.91,12.51,410.9,25.14,398.27,-0.1166916,0.21984576,15.57404797,0.637305245,15.15658849
2024-04-15,191.3076002,423.89,15.73606198,-1.91,20.51,170.7976002,40.74,150.5676002,1.68,12.54,411.35,25.26,398.63,-0.02824305,0.2329874,15.50307458,0.56069374,15.17536824
2024-05-15,193.1076002,423.94,15.71762173,0.43,21.07,172.0376002,45.12,147.9876002,1.13,12.58,411.36,25.25,398.69,-0.1584673,0.2950754,15.42254633,0.46852111,15.24910062
2024-06-15,192.8276002,423.22,15.74003883,-2.59,18.42,174.4076002,42.45,150.3776002,-0.19,12.68,410.54,25.5,397.72,-0.0538549,0.30562976,15.43440907,0.60211757,15.13792126
2024-07-15,192.4076002,421.61,15.74394603,1.1,19.48,172.9276002,40.36,152.0476002,-2.28,12.73,408.88,25.48,396.13,0.00788405,0.28197672,15.46196931,0.61311152,15.13083451
2024-08-15,188.5476002,420.26,15.77644913,-4.56,13.06,175.4876002,35.91,152.6376002,-3.68,12.62,407.64,25.24,395.02,0.0588274,0.35502243,15.4214267,0.57502937,15.20141976
2024-09-15,191.1376002,420.58,15.79378023,-1.69,16.56,174.5776002,39,152.1376002,-2.64,12.65,407.93,25.46,395.12,0.0537414,0.3491821,15.44459813,0.54347512,15.25030511
2024-10-15,192.8876002,422.35,15.86448183,0.48,18.98,173.9076002,38.37,154.5176002,0.74,12.91,409.44,25.97,396.38,0.1205358,0.3457527,15.51872913,0.63531301,15.22916882
2024-11-15,190.8376002,424.07,15.79385753,2.29,15.71,175.1276002,39.31,151.5276002,3.81,13.2,410.87,26.21,397.86,0.0174084,0.32314112,15.47071641,0.676830317,15.11702721
2024-12-15,192.1576002,425.19,15.82419673,1.02,17.83,174.3276002,34.42,157.7376002,4.61,13.43,411.76,26.36,398.83,0.0304165,0.2191801,15.60501663,0.5702276,15.25396913
2025-01-15,192.3276002,425.97,15.85299866,-0.56,21.47,170.8576002,37.51,154.8176002,3.62,13.54,412.43,26.41,399.56,-0.01148317,0.20569613,15.64730253,0.5943079,15.25869076
2025-02-15,193.3276002,426.43,15.69310373,2.49,17.2,176.1276002,36.2,157.1276002,2.36,13.48,412.95,26.31,400.12,-0.1007538,0.02814675,15.66495698,0.4284401,15.26466363
