ROW_ID,CO2 (ppm),TEMP (deg C),Absolute GMSL (mm) relative to Jan 1950,CO2_3m_ago,CO2_6m_ago,CO2_12m_ago,CO2_5y_ago,CO2_10y_ago,ΔCO2_from_3m_ago,ΔCO2_from_6m_ago,ΔCO2_from_12m_ago,ΔCO2_from_5y_ago,ΔCO2_from_10y_ago,TEMP_3m_ago,TEMP_6m_ago,TEMP_12m_ago,TEMP_5y_ago,TEMP_10y_ago,ΔTEMP_from_3m_ago,ΔTEMP_from_6m_ago,ΔTEMP_from_12m_ago,ΔTEMP_from_5y_ago,ΔTEMP_from_10y_ago,GMSL_3m_ago,GMSL_6m_ago,GMSL_12m_ago,GMSL_5y_ago,GMSL_10y_ago,ΔGMSL_from_3m_ago,ΔGMSL_from_6m_ago,ΔGMSL_from_12m_ago,ΔGMSL_from_5y_ago,ΔGMSL_from_10y_ago,ΔTEMP_after_3m_TO_PREDICT,ΔGMSL_after_3m_TO_PREDICT
0,0.03598233995585032,0.10521421509959694,0.00867915691577189,0.013796909492273635,0.10862088094973954,0.034153005464480746,0.0288425982990268,0.04590434304563029,0.6085845682166582,0.24775784753363228,0.5143487858719648,0.32408759124087594,0.1483749411210551,0.27541202965802825,0.3526629163859365,0.36382881421906,0.22194741050723366,0.09191411691398699,0.22596853184009863,0.11154853416064725,0.2319797808498429,0.26304771956604983,0.444755571071701,0.0011174034212395236,0.00064632525873198,0.061189606592243255,0.02093423649863338,0.08923114615264283,0.4911127185143512,0.559382680026856,0.3176396940254383,0.469930359623955,0.41939877270948767,0.5049910237332287,0.48220416989524156
1,0.07119205298013309,0.08668230255406861,0.0010693181668745928,0.00949227373068462,0.07433706867857603,0.0744535519125682,0.06865524466905049,0.08686091258933537,0.7915176290240163,0.48243647234678627,0.4757174392935983,0.3211678832116789,0.15826660386245878,0.28515900126735083,0.2767164018267092,0.21862719044149692,0.098262890703122,0.1619906310555308,0.19041133831801949,0.19134937330964413,0.36143358439396484,0.37165604620454634,0.35745407580614735,0.004424504821853716,0.009048553622247765,0.0637934196387217,0.01884081284877004,0.08079985675239312,0.43975640279956996,0.4978330812899121,0.28455076319118644,0.45716691755312233,0.4202117309356021,0.6475053378550184,0.5328211921337556
2,0.10916114790287024,0.2010452398951017,0.0,0.014459161147903021,0.03384000887606797,0.10837887067395302,0.11376802662393715,0.1291918636613527,0.9443025038323966,0.7473841554559044,0.5264900662251656,0.3051094890510949,0.17522373999057933,0.2735234648249776,0.29975298557428154,0.25351032275554,0.17600217938615614,0.13984050153397476,0.34883880989966687,0.31828432361091874,0.44266028780723293,0.40948328891247093,0.5032794671359906,0.014345809023696296,0.0,0.04035910222041576,0.013258349782467788,0.06885553010203932,0.3880534654801753,0.5289360323265938,0.357926101659538,0.46674598939900036,0.44549165872979296,0.5580079740810524,0.550053326520383
3,0.13807947019867584,0.1569249355874902,0.014347198006284555,0.03598233995585032,0.013868856096749038,0.13979963570127518,0.15629237026993703,0.15997800989554722,0.9785385794583547,0.9125560538116593,0.511037527593819,0.2445255474452555,0.19312293923692886,0.10521421509959694,0.27541202965802825,0.22969928559491315,0.27795713597581084,0.36388624406799686,0.5049910237332287,0.29079290950908276,0.42190464027477304,0.25860743273593656,0.24064792802012935,0.00867915691577189,0.02391403457308338,0.023434317418305928,0.022329852265208935,0.0358329799510613,0.48220416989524156,0.4904858998138515,0.4597016716183082,0.4797888517035215,0.5583748606484098,0.5490889707748491,0.4627644230447609
4,0.14105960264900697,0.25173565164271317,0.017497145948341564,0.07119205298013309,0.009541772994563491,0.1464025500910746,0.14865031431036613,0.17550852116547588,0.829330608073582,0.9372197309417041,0.4768211920529802,0.30948905109489055,0.15261422515308526,0.08668230255406861,0.28515900126735083,0.3170716310925279,0.22946078527447433,0.4347006490509173,0.6475053378550184,0.40902342839901557,0.42950649987867445,0.40662412125823055,0.2761414243014634,0.0010693181668745928,0.027145660866743297,0.009764298924294135,0.03140135474795007,0.030914727800915642,0.5328211921337556,0.4898891234160968,0.514679664415889,0.4674271324928302,0.5777044338015298,0.33846253399339216,0.42668030501332144
5,0.13807947019867584,0.2949207109896079,0.020090905576843274,0.10916114790287024,0.014534561189393003,0.14048269581056472,0.1439664735609516,0.15929081913139154,0.6397547266223812,0.9103139013452914,0.5044150110375276,0.31751824817518254,0.19547809703250119,0.2010452398951017,0.2735234648249776,0.26438615092263085,0.37022006222462167,0.3132126294281381,0.5580079740810524,0.48521884547406374,0.5274841921585721,0.3058432393264189,0.43953981468483755,0.0,0.03684053974772304,0.007811439139435307,0.059313670079461256,0.0,0.550053326520383,0.4620634191967144,0.5294504224643803,0.4132860857628454,0.656455550908348,0.41822715792130427,0.4682248023440084
6,0.11832229580573994,0.24370706110858542,0.015882883612673763,0.13807947019867584,0.036169976700322515,0.11145264116575593,0.11253543695303847,0.13221550302363916,0.4144098109351048,0.7705530642750373,0.5883002207505519,0.3729927007299271,0.20395666509656146,0.1569249355874902,0.10521421509959694,0.3526629163859365,0.28916254853022316,0.487366090181105,0.5490889707748491,0.6479705985212323,0.38492789635085223,0.3366678873660717,0.21695833190098848,0.014347198006284555,0.03130321272606265,0.0006509532616196037,0.03140135474795007,0.013349541550395388,0.4627644230447609,0.46760243851476324,0.5393478867066831,0.4637646565404153,0.6147771037150249,0.49849555548330277,0.5761174665146883
7,0.07417218543046378,0.17100510207056274,0.011362340566146208,0.14105960264900697,0.07156329745922596,0.07627504553734088,0.08036484654258658,0.08232545354590481,0.1962187020950435,0.5018684603886397,0.48785871964679917,0.2715328467153285,0.18652849740932642,0.25173565164271317,0.08668230255406861,0.2767164018267092,0.5090894185477239,0.448336191114695,0.33846253399339216,0.5726793831295476,0.3882437644375849,0.03442214873453148,0.1751168894897862,0.017497145948341564,0.023867046726773564,0.009113345662674525,0.030005738981374513,0.03372515760099887,0.42668030501332144,0.47933376646506964,0.4970200563825326,0.4565096347262938,0.5558888222322669,0.36534667534089366,0.6833486248223448
8,0.042384105960265206,0.2776275234891301,0.02278731763282005,0.13807947019867584,0.10973038943747992,0.03472222222222232,0.035991618390238234,0.04081913139087501,0.06285130301481867,0.26569506726457404,0.5728476821192053,0.32408759124087594,0.19312293923692886,0.2949207109896079,0.2010452398951017,0.29975298557428154,0.3753464387331089,0.33991048674394797,0.41822715792130427,0.5619208017862237,0.4736667475934454,0.28268688215697063,0.39512950514776557,0.020090905576843274,0.022822132680981565,0.0,0.0,0.06182945560183123,0.4682248023440084,0.5267797506032251,0.563758743770193,0.5469586546682278,0.5185413865710331,0.44224980425708244,0.7044959653587488
9,0.009050772626931991,0.2902518903667026,0.04151430845002202,0.11832229580573994,0.13879951181626593,0.014230418943533607,0.011216566005177064,0.013056624518966942,0.0,0.05493273542600896,0.4381898454746137,0.2503649635036497,0.14601978332548282,0.24370706110858542,0.1569249355874902,0.27541202965802825,0.3525255737519952,0.19707195846869574,0.49849555548330277,0.6407905007650863,0.5114445366825136,0.3192969807541328,0.5456742673606313,0.015882883612673763,0.03684189703076638,0.024085270679925535,0.017445197082194483,0.09204157595272605,0.5761174665146883,0.5434116274999086,0.5452209782656303,0.5519307441434126,0.49440620650336614,0.20055347263344733,0.5733339145623795
10,0.0,0.11165569773127793,0.05978816023331183,0.07417218543046378,0.14179518473316355,0.009790528233151186,0.0,0.00027487630566280785,0.16249361267245793,0.014200298953662205,0.3907284768211921,0.2569343065693431,0.15120113047574185,0.17100510207056274,0.25173565164271317,0.28515900126735083,0.21301574877657004,0.24028215458434588,0.36534667534089366,0.26078088687903545,0.3189617501831047,0.2789260846194284,0.3096902305379189,0.011362340566146208,0.03991995644295158,0.02734003698802358,0.01953862073205781,0.11452501435339195,0.6833486248223448,0.6008433183912345,0.5935104628098582,0.5888889471472906,0.48722187100118886,0.3120694292883519,0.6119064583414816
11,0.014238410596026707,0.2794397142688734,0.07570848023384055,0.042384105960265206,0.13879951181626593,0.014913479052823142,0.003081474177246246,0.015530511269929548,0.3755748594787941,0.07249626307922269,0.48344370860927155,0.3328467153284672,0.15967969853980216,0.2776275234891301,0.2949207109896079,0.2735234648249776,0.13526307074975463,0.36777764171008087,0.44224980425708244,0.4339615933922577,0.5023247920463333,0.5325320599749411,0.3704172319597313,0.02278731763282005,0.04245452094506905,0.03710433591231772,0.042566280880554544,0.12155108885360005,0.7044959653587488,0.6514497559860177,0.6128659924528566,0.5754880307731776,0.5103434415401165,0.278341062841181,0.7014424592734394
12,0.03885209713024329,0.0998413018544646,0.0665540267047724,0.009050772626931991,0.11893930988572121,0.03711293260473614,0.03611487735732766,0.043567894447498645,0.6438426162493613,0.2227204783258595,0.5143487858719648,0.30000000000000004,0.1686292981629769,0.2902518903667026,0.24370706110858542,0.10521421509959694,0.30898278148654157,0.3031148182272094,0.20055347263344733,0.25551897731935636,0.4907875031813902,0.1676025434662297,0.23664539937730644,0.04151430845002202,0.0383425350164903,0.03152735893871788,0.034890394164388966,0.11663283670345438,0.5733339145623795,0.632666118399282,0.6016127725812528,0.5712252965314215,0.4991020385856827,0.6158145985833303,0.7642166275503874
13,0.08167770419426068,0.009934527794865033,0.093027340345675,0.0,0.07455897037612358,0.07342896174863434,0.08159743621348436,0.08905992303463517,0.8840061318344405,0.5171898355754858,0.5905077262693157,0.3138686131386862,0.19547809703250119,0.11165569773127793,0.17100510207056274,0.08668230255406861,0.23439893823768188,0.4131961710181873,0.3120694292883519,0.23160591987453208,0.4178438830328751,0.15177604217501933,0.03326114314805256,0.05978816023331183,0.03392516040316069,0.02403794637780579,0.06210490161261237,0.13911627510412028,0.6119064583414816,0.7503625554759045,0.7115803886945627,0.572763383365572,0.5122897263088625,1.0,0.6467887577483075
14,0.11158940397351014,0.15089413911331384,0.1279805514287597,0.014238410596026707,0.04260512592921373,0.11259107468123908,0.1141378035252072,0.1313908741066525,0.9565661727133368,0.726083707025411,0.5099337748344371,0.31897810218978107,0.17804992934526614,0.2794397142688734,0.2776275234891301,0.2010452398951017,0.2865906635248763,0.27686440969440085,0.278341062841181,0.27933134985095764,0.4450251292401278,0.24346118258607,0.3174127685470722,0.07570848023384055,0.045089395127341725,0.02298555023974537,0.056522438546310144,0.14192670490420353,0.7014424592734394,0.839708948935858,0.8278053089333229,0.6640712078485236,0.5925595979396198,0.7447970957044567,0.32572586033333606
15,0.1374172185430469,0.23969078483682793,0.1321701594523306,0.03885209713024329,0.009097969599467959,0.14241803278688536,0.1439664735609516,0.16355140186915929,0.9621870209504344,0.9263826606875936,0.479028697571744,0.3131386861313869,0.17804992934526614,0.0998413018544646,0.2902518903667026,0.1569249355874902,0.30652879435984026,0.20244443716014793,0.6158145985833303,0.3852035767514786,0.5808634805685955,0.3145826532926074,0.4854363873392328,0.0665540267047724,0.063388996075398,0.03710570291416712,0.08373694599453355,0.15176320920449485,0.7642166275503874,0.784504519990967,0.7950323440655032,0.6150515048173684,0.579962212873409,0.485037024765243,0.19287500933840301
16,0.1501103752759385,0.4553293416791231,0.1336815378634253,0.08167770419426068,0.0,0.1454918032786887,0.16011339824972293,0.18402968664101227,0.8226877874297394,1.0,0.576158940397351,0.30145985401459857,0.16203485633537446,0.009934527794865033,0.11165569773127793,0.25173565164271317,0.35549609029053997,0.3618746108952049,1.0,0.9331524038200825,0.7043470143334878,0.486731373312661,0.5677250235725515,0.093027340345675,0.08124579958869696,0.04020580272730435,0.10118214307672804,0.1384136676540995,0.6467887577483075,0.7208505058295334,0.7897455800040382,0.5809644122436952,0.614940697795093,0.37254304027767987,0.07316500653898234
17,0.14216335540838854,0.39332430219987735,0.10038560789102757,0.11158940397351014,0.014312659491845459,0.14241803278688536,0.14655491186983927,0.1682242990654208,0.6474195196729688,0.9248878923766817,0.5264900662251656,0.3291970802919708,0.18228921337729626,0.15089413911331384,0.2794397142688734,0.2949207109896079,0.2963584005592885,0.4533976777152393,0.7447970957044567,0.6137674589758286,0.5968449267722256,0.48376979141625426,0.412515642986478,0.1279805514287597,0.09680278393384993,0.04275851594274564,0.12211637957536142,0.1384136676540995,0.32572586033333606,0.5339561374873358,0.6739492603643474,0.46040245979724337,0.532215090860563,0.4463900419973592,0.27071800736262874
18,0.11666666666666714,0.2755319506904037,0.07633477909708886,0.1374172185430469,0.03905469876844592,0.12204007285974505,0.124245038826575,0.14389774601429384,0.4098109351047522,0.7552316890881914,0.4690949227373069,0.29270072992700735,0.1568535091851154,0.23969078483682793,0.0998413018544646,0.24370706110858542,0.33844945357638245,0.412843998932102,0.485037024765243,0.6996720085454855,0.5288028820166035,0.31863200286675714,0.32300155846019174,0.1321701594523306,0.08785725455784404,0.038617086196995526,0.13118788205810256,0.15949189115472379,0.19287500933840301,0.4773884662964627,0.609927419335357,0.386326985342812,0.42315938238128936,0.6039582789504865,0.3883381681446469
19,0.07483443708609316,0.40170325659609496,0.05239910357391954,0.1501103752759385,0.08210362809275518,0.07650273224043724,0.0795020337729575,0.09551951621770272,0.15738375063873278,0.46860986547085204,0.4922737306843267,0.281021897810219,0.14413565708902498,0.4553293416791231,0.009934527794865033,0.17100510207056274,0.2741250720660684,0.46774594862023555,0.37254304027767987,1.0,0.7320472118551813,0.5153881117402579,0.40790503463833,0.1336815378634253,0.11372639072232874,0.034168081035130145,0.11374268497590807,0.19040661895563937,0.07316500653898234,0.28596477607686177,0.5472854485879753,0.36953731079622365,0.29138307730117563,0.3588907783270848,0.5570487665793796
20,0.03907284768211916,0.39842925294837706,0.061097507819843,0.14216335540838854,0.11217130811050735,0.04371584699453557,0.03882657463330519,0.05195162177020407,0.028615227388860576,0.24626307922272048,0.4525386313465784,0.2854014598540146,0.14083843617522374,0.39332430219987735,0.15089413911331384,0.2776275234891301,0.2853412255998329,0.16458617769642814,0.4463900419973592,0.7995289855871968,0.6197353570134847,0.5004217522248959,0.6946575688249115,0.10038560789102757,0.14788189498444893,0.045412257104390306,0.08652817752768466,0.18689358170553533,0.27071800736262874,0.186264462816975,0.5384882953837138,0.44779763597936895,0.3212114299553615,0.4651310412525102,0.45781246358567357
21,0.01710816777041968,0.40595201992581487,0.06204949002902381,0.11666666666666714,0.13813380672362197,0.009335154826958458,0.010600271169727726,0.010307861462342416,0.04496678589678088,0.08445440956651717,0.5662251655629139,0.30729927007299274,0.1898257183231276,0.2755319506904037,0.23969078483682793,0.2902518903667026,0.19806667991551308,0.4409040252653984,0.6039582789504865,0.6865660197674011,0.614521628294841,0.5983344694312461,0.438239700915506,0.07633477909708886,0.15197588721782457,0.06384289208660479,0.06210490161261237,0.16300492840482783,0.3883381681446469,0.17396986434915818,0.4811381036918611,0.5024801156863394,0.3794501007917014,0.4157758965011493,0.4360730037372592
22,0.013465783664459607,0.33721943230727724,0.07397704729554899,0.07483443708609316,0.15089315433263106,0.0,0.0011093307038092526,0.0,0.22176801226366893,0.029147982062780242,0.620309050772627,0.3394160583941606,0.20960904380593498,0.40170325659609496,0.4553293416791231,0.11165569773127793,0.23555656151254745,0.22005599887861216,0.3588907783270848,0.29131716038628247,0.726799941730422,0.4886211210542292,0.5748409591914077,0.05239910357391954,0.15345277275029007,0.08182755898928368,0.0439618966471301,0.12295630375364167,0.5570487665793796,0.21352438483367134,0.46066209633256433,0.5685584239841651,0.5027549275950186,0.43005821555966267,0.36500608470268314
23,0.018322295805739852,0.41843905119428904,0.061580543050416714,0.03907284768211916,0.14290469322090305,0.014685792349726778,0.01109330703808764,0.016630016492579003,0.4098109351047522,0.07249626307922269,0.5264900662251656,0.3124087591240876,0.1733396137541215,0.39842925294837706,0.39332430219987735,0.2794397142688734,0.15429209605119,0.29475572681488593,0.4651310412525102,0.49038582103342593,0.6383329323847826,0.6564450577738221,0.5918044088790676,0.061097507819843,0.12091672690945912,0.0974959389011415,0.03907724146411565,0.12225369630362086,0.45781246358567357,0.2928881106795171,0.36929925458067214,0.5509374667391254,0.4735984527875012,0.19398972633548883,0.3705033353306081
24,0.047019867549669137,0.3867093271110118,0.057911314046435264,0.01710816777041968,0.11727504715411152,0.040072859744991085,0.040428941205473024,0.04425508521165522,0.6443536024527339,0.2559790732436472,0.5673289183222958,0.3284671532846716,0.2011304757418747,0.40595201992581487,0.2755319506904037,0.0998413018544646,0.2999439207075465,0.39867334872835336,0.4157758965011493,0.6100046923153216,0.7894516484800621,0.4732340686465506,0.4577143412070934,0.06204949002902381,0.09741478932134325,0.08848635518836914,0.034890394164388966,0.1110119771032879,0.4360730037372592,0.3702854382012798,0.386997061930516,0.5516165089289425,0.4907754203606994,0.2664813602209637,0.39233987412035043
25,0.08498896247240673,0.3293355675132368,0.054731999043940806,0.013465783664459607,0.07522467546876754,0.08424408014571982,0.08283002588438348,0.09194612424409065,0.8369954011241697,0.5261584454409567,0.5187637969094923,0.3284671532846716,0.1997173810645313,0.33721943230727724,0.40170325659609496,0.009934527794865033,0.23459587960858386,0.21046890913960858,0.43005821555966267,0.35489449847753124,0.8226997108769561,0.48147041572883087,0.5754315024784487,0.07397704729554899,0.07402537696077262,0.1145407269370309,0.05024216759672012,0.11803805160349601,0.36500608470268314,0.44910588654361405,0.2913243129396245,0.5113889991521682,0.466442875662031,0.4637765125405002,0.4272363308727867
26,0.11401766004415048,0.2228082694441742,0.04350405907871556,0.018322295805739852,0.039276600465993905,0.11509562841530041,0.11684950080118339,0.13826278174821294,0.9489013796627491,0.7455156950672646,0.5099337748344371,0.31897810218978107,0.16486104569006121,0.41843905119428904,0.39842925294837706,0.15089413911331384,0.3379677603428277,0.2809395187124828,0.19398972633548883,0.21138223416268398,0.5697732501155157,0.2646731420619842,0.39187011189084525,0.061580543050416714,0.0825252650708828,0.1489408012050697,0.06838517256220239,0.10890415475322548,0.3705033353306081,0.3734373519283099,0.14232309873060217,0.44689799886821896,0.4599097941420837,0.6156368813354113,0.5563983065574367
27,0.14459161147902888,0.24873164769503298,0.044476677600636186,0.047019867549669137,0.017197381559969305,0.14173497267759583,0.14803401947491723,0.1767454645409572,0.9575881451200818,0.9233931240657698,0.5573951434878588,0.3364963503649635,0.16344795101271783,0.3867093271110118,0.40595201992581487,0.23969078483682793,0.38363560865771973,0.20513299847570998,0.2664813602209637,0.2369573347289663,0.5055180818008703,0.24427979272024913,0.4927128986816863,0.057911314046435264,0.08345552101577575,0.15306410841201631,0.05233559124658346,0.10539111750312144,0.39233987412035043,0.37351571650579285,0.13194364020774862,0.4836195500415242,0.47054299851255765,0.5852484243780474,0.5178651233106358
28,0.15474613686534244,0.3482680996214942,0.0487153894658034,0.08498896247240673,0.013536003550427722,0.15482695810564673,0.15925058548009385,0.17330951072017609,0.8288196218702095,0.9701046337817638,0.5320088300220751,0.33722627737226285,0.21855864342910974,0.3293355675132368,0.33721943230727724,0.4553293416791231,0.34468189103898084,0.360805145958345,0.4637765125405002,0.47083530457508455,0.38686415155466103,0.38732128224982043,0.45209195577243366,0.054731999043940806,0.09511086598780429,0.1545515691624802,0.056522438546310144,0.11382240690337116,0.4272363308727867,0.34431800425916503,0.14074324755804152,0.48423256381951385,0.4613542863206861,0.3316233524597547,0.5236316746556101
29,0.1473509933774837,0.36251641265901213,0.06494373289078531,0.11401766004415048,0.018417840896483018,0.14663023679417098,0.14902009121163617,0.17413413963716362,0.6601941747572816,0.9286248131539612,0.5375275938189846,0.3489051094890511,0.1841733396137541,0.2228082694441742,0.41843905119428904,0.39332430219987735,0.3800333412924761,0.30403105713387824,0.6156368813354113,0.3777515555243025,0.4647934877809311,0.3655246147243688,0.5219868833867912,0.04350405907871556,0.08299727640733477,0.121782549424886,0.07047859621206573,0.13490063040399544,0.5563983065574367,0.45301833854185675,0.30053088172311065,0.4910388925623529,0.45237444211049865,0.379346828520442,0.5177590210061715
30,0.11633554083885222,0.3642716390165468,0.05772525652163671,0.14459161147902888,0.04726506157772148,0.12033242258652121,0.12128682361641863,0.13084112149532778,0.3750638732754216,0.7264573991031391,0.48233995584988965,0.30802919708029197,0.20018841262364578,0.24873164769503298,0.3867093271110118,0.2755319506904037,0.36343420791880554,0.26761801407698727,0.5852484243780474,0.42429245366380114,0.5869686195377413,0.3844821693575601,0.558770267049492,0.044476677600636186,0.0794117870345191,0.09811232654456911,0.08931940906083577,0.15878928370470297,0.5178651233106358,0.4395403847203441,0.35483963956815123,0.4341440108654433,0.3785663147920969,0.30682826322895795,0.5931059700966368
31,0.08576158940397383,0.2620983012463256,0.06318977859195558,0.15474613686534244,0.08543215355597544,0.07718579234972678,0.08061136447676587,0.0918086860912588,0.18650996423096583,0.49439461883408076,0.5949227373068433,0.3467153284671533,0.20348563353744697,0.3482680996214942,0.3293355675132368,0.40170325659609496,0.27823784153100384,0.24902850740317994,0.3316233524597547,0.36202529850997067,0.35360515517627855,0.3669472693555082,0.46524122300159915,0.0487153894658034,0.07630503078084619,0.07455543462710021,0.10746241402631805,0.17986750720532724,0.5236316746556101,0.4723645936079572,0.4496979321826493,0.40752525689546626,0.3428431522472801,0.2416340334253462,0.7096461276563808
32,0.04403973509933801,0.31430142784776827,0.07816975738023366,0.1473509933774837,0.11461222678353522,0.04030054644808745,0.04351041538271927,0.05346344145134729,0.027593254982115567,0.2548579970104634,0.5353200883002208,0.29051094890510953,0.1568535091851154,0.36251641265901213,0.2228082694441742,0.39842925294837706,0.2587345271766779,0.25480042085763266,0.379346828520442,0.5826455003910328,0.4103016254738307,0.4410102599407697,0.5165959082522459,0.06494373289078531,0.06533333635124142,0.08311618606598585,0.13118788205810256,0.1932170487557226,0.5177590210061715,0.5718868535057361,0.4699651237252814,0.39049022677310974,0.34883836995601414,0.3609554252372289,0.655947004605929
33,0.018874172185430638,0.25838213313601877,0.08696796994642766,0.11633554083885222,0.14534561189393136,0.017645719489981726,0.01380500431406384,0.014705882352942012,0.054675523760858546,0.0661434977578475,0.5033112582781457,0.30000000000000004,0.18228921337729626,0.3642716390165468,0.24873164769503298,0.40595201992581487,0.33725361517550567,0.2704018600824778,0.30682826322895795,0.4688919646780296,0.3454651613304661,0.3021537145554938,0.44072384823449345,0.05772525652163671,0.0662837576442068,0.08405310309543496,0.16258923680605264,0.18689358170553533,0.5931059700966368,0.6016038566624471,0.4952806003563352,0.342922758634272,0.385488045231543,0.47555619823482786,0.6018486755243111
34,0.013245033112583293,0.10435936942513102,0.1172057240406354,0.08576158940397383,0.15555308998113881,0.01388888888888884,0.007149020091212321,0.010307861462342416,0.17015840572304552,0.012705530642750373,0.48344370860927155,0.30218978102189786,0.1733396137541215,0.2620983012463256,0.3482680996214942,0.33721943230727724,0.2591043147195453,0.14820034428937845,0.2416340334253462,0.11646875747728525,0.25830037984709125,0.22378675728052438,0.3899217783125302,0.06318977859195558,0.07042573306479072,0.09579190600053678,0.1953862073205783,0.1861909742555145,0.7096461276563808,0.700332926381729,0.5543575505362233,0.3409965297837763,0.4622587783515197,0.7083453272601732,0.36958295229070987
35,0.01975717439293634,0.2514596316553579,0.1207707462794835,0.04403973509933801,0.148119383113281,0.018897996357012836,0.013681745346973972,0.018141836173722226,0.39345937659683194,0.059790732436472316,0.5,0.30656934306569344,0.1742816768723504,0.31430142784776827,0.36251641265901213,0.41843905119428904,0.17167569323397558,0.19214616123114325,0.3609554252372289,0.30112033837004604,0.3256290235912173,0.4660231627566992,0.5081221976510799,0.07816975738023366,0.08628371108293516,0.08359157723294665,0.18352347330468605,0.1693283954550151,0.655947004605929,0.6522450810969143,0.6058566312814092,0.3745959124973598,0.5105563356945396,0.48382991657349983,0.29767374897993215
36,0.046357615894040194,0.2866831314851108,0.11806914207430774,0.018874172185430638,0.11694219460778887,0.0484972677595632,0.040675459139652315,0.05813633864760881,0.6331119059785386,0.2548579970104634,0.479028697571744,0.3226277372262774,0.15073009891662742,0.25838213313601877,0.3642716390165468,0.3867093271110118,0.2879379082880522,0.19401524703708972,0.47555619823482786,0.34763805710845935,0.3940538223120894,0.3823212034528902,0.5447128873836709,0.08696796994642766,0.07922997573923779,0.07998041401411186,0.1632870446893404,0.18689358170553533,0.6018486755243111,0.6693975047462687,0.6089786251392494,0.4119851759852709,0.4627606531084539,0.572227959609816,0.36998016695897695
37,0.0860927152317883,0.3177991866781511,0.0989335919500739,0.013245033112583293,0.08620880949739318,0.08765938069216794,0.08135091827930507,0.09634414513469025,0.8431272355646398,0.4928998505231689,0.49668874172185434,0.34452554744525554,0.18935468676401318,0.10435936942513102,0.2620983012463256,0.3293355675132368,0.15465384717784936,0.30054823026692823,0.7083453272601732,0.5328976432602689,0.4844885678259676,0.5521241403117056,0.47659693027868383,0.1172057240406354,0.08456978576182969,0.07685141187615874,0.13188568994139035,0.1925144413057018,0.36958295229070987,0.5759809003421845,0.5574966167142812,0.4360990521138274,0.4020706182416008,0.6324345354182747,0.5637546811418835
38,0.12052980132450353,0.28634077593986795,0.0872126954500731,0.01975717439293634,0.04426938866082342,0.11760018214936263,0.1300382102797979,0.13881253435953855,0.9724067450178846,0.7507473841554559,0.5507726269315674,0.2839416058394161,0.19076778144135653,0.2514596316553579,0.31430142784776827,0.2228082694441742,0.11789752740407344,0.13955158614079188,0.48382991657349983,0.41661605895855436,0.5612074053307992,0.5575961590284,0.5964967977130062,0.1207707462794835,0.0992078894866434,0.06580115478353506,0.11723172439234697,0.18900140405559776,0.29767374897993215,0.4745866814829301,0.5559061166819848,0.44101996956984596,0.38116607204641884,0.5530422079258765,0.701317096755936
39,0.14690949227373062,0.3918678563091582,0.09988144689670672,0.046357615894040194,0.01897259514035321,0.1491347905282332,0.1537039319610507,0.16533809785596532,0.9713847726111395,0.9252615844544096,0.5088300220750552,0.3182481751824818,0.21243523316062174,0.2866831314851108,0.25838213313601877,0.24873164769503298,0.22336432060214584,0.23008826738535504,0.572227959609816,0.6410111737406248,0.6425607289880015,0.5576584274680934,0.624780200592284,0.11806914207430774,0.10780530807829623,0.0667583815547467,0.11723172439234697,0.18759618915555615,0.36998016695897695,0.4892847114954079,0.5936431147379511,0.46976312766454464,0.41592896774294824,0.4402239071265915,0.5633569997479371
40,0.15584988962472401,0.47086662141265023,0.1219370286594241,0.0860927152317883,0.013314101852879734,0.15960837887067436,0.1598668803155432,0.19200109950522304,0.8288196218702095,0.9745889387144993,0.49668874172185434,0.34087591240875914,0.1592086669806877,0.3177991866781511,0.10435936942513102,0.3482680996214942,0.3614324377997882,0.3440282784433659,0.6324345354182747,0.9648889485048417,0.621571641309725,0.49664782912135447,0.6017454071366549,0.0989335919500739,0.1373529721365911,0.07093001553183595,0.1263032268750881,0.15878928370470297,0.5637546811418835,0.45821363374360624,0.6511283698231273,0.5002949504162792,0.5381040669090619,0.31630150232816223,0.3787035499435215
41,0.14757174392936,0.3762669385560482,0.1394581180219061,0.12052980132450353,0.019860201930545163,0.15198087431693974,0.15419696782941017,0.17647058823529438,0.6310679611650486,0.9245142002989537,0.48785871964679917,0.3197080291970803,0.17710786622703723,0.28634077593986795,0.2514596316553579,0.36251641265901213,0.32162791378920375,0.23774381392665767,0.5530422079258765,0.6289490000646563,0.510331259219983,0.44005189046315385,0.6004496487675868,0.0872126954500731,0.14083663296489352,0.08690154437763004,0.12560541899180033,0.16019449860474458,0.701317096755936,0.5112105677043954,0.6552993510563536,0.5415478514158206,0.5783495252744654,0.3449007299453307,0.21351221870715556
42,0.12516556291390746,0.3920688369626806,0.12280034748005442,0.14690949227373062,0.046599356485077514,0.119990892531876,0.1290521385430794,0.15214403518416741,0.4052120592743996,0.7585949177877429,0.5739514348785872,0.3204379562043796,0.16486104569006121,0.3918678563091582,0.2866831314851108,0.3642716390165468,0.32643271422721654,0.25375000326714314,0.4402239071265915,0.6019548202423777,0.5246866651509379,0.45141039539603034,0.6023396092660966,0.09988144689670672,0.1381966851293398,0.07979730086161826,0.1367703451244048,0.13138759315389137,0.5633569997479371,0.4582132569908299,0.6248439323177084,0.47974398239639315,0.6043391276389968,0.3550040968153749,0.22364265515509557
43,0.08874172185430496,0.37251124869961316,0.10560368476497267,0.15584988962472401,0.08654166204371494,0.08845628415300588,0.08985578700850505,0.09813084112149628,0.1951967296882985,0.5007473841554559,0.5154525386313467,0.3116788321167884,0.19453603391427227,0.47086662141265023,0.3177991866781511,0.2620983012463256,0.3438927205875064,0.22657802448900632,0.31630150232816223,0.531523272714285,0.6091182384317704,0.41317626014212994,0.6070502157672181,0.1219370286594241,0.1194978490689648,0.08517534651846717,0.12281418745864921,0.12787455590378732,0.3787035499435215,0.4655760109149801,0.5517287333286767,0.4707407083145656,0.569829732924801,0.295104180421094,0.28428012215642323
44,0.05331125827814631,0.30065673115539227,0.08800964074559312,0.14757174392936,0.12115832686120065,0.045423497267759405,0.05016639960557212,0.04892798240791674,0.06949412365866131,0.2642002989536622,0.5783664459161149,0.3124087591240876,0.2119642016015073,0.3762669385560482,0.28634077593986795,0.31430142784776827,0.2417468499391049,0.2799973504765543,0.3449007299453307,0.4753765241798744,0.48233391298272316,0.4444631036929582,0.4775984656682667,0.1394581180219061,0.10804444842402706,0.0999182661782804,0.13258349782467813,0.11803805160349601,0.21351221870715556,0.44327325122852174,0.44663024964350223,0.40981389168815174,0.5491230443613638,0.4723594076599332,0.34568690865273005
45,0.029580573951434985,0.3244939077432054,0.07350532235176538,0.12516556291390746,0.147675579718185,0.01946721311475441,0.020584247504006115,0.01717976910390373,0.06336228921819115,0.09454409566517186,0.5927152317880795,0.3306569343065694,0.21950070654733866,0.3920688369626806,0.3918678563091582,0.25838213313601877,0.33439362745914103,0.32777585639103357,0.3550040968153749,0.3618353231068888,0.5638433635574762,0.3733921544436085,0.45781725571771253,0.12280034748005442,0.12042407194424325,0.10857724646434444,0.12979226629152701,0.11311979945335034,0.22364265515509557,0.3400859152054583,0.3714457787420642,0.38290873948187276,0.5245896018596987,0.19539564465725998,0.4829794012488272
46,0.01754966887417231,0.25729749794189694,0.06919851726875953,0.08874172185430496,0.1566625984688783,0.013661202185792476,0.008504868729199977,0.010032985156679608,0.17629024016351563,0.023542600896861,0.5286975717439294,0.3226277372262774,0.19265190767781443,0.37251124869961316,0.47086662141265023,0.10435936942513102,0.30880189187353224,0.30666395511745037,0.295104180421094,0.1586379268390536,0.6525780867374589,0.3304201905074688,0.4048157163171811,0.10560368476497267,0.14197629829361563,0.13833648615385113,0.14305061607399483,0.10468851005310062,0.28428012215642323,0.2399770763517381,0.25998945630575665,0.34462509114284345,0.533609132629742,0.3501714331059692,0.5443878990726254
47,0.02682119205298017,0.3264152996504919,0.06465786704571623,0.05331125827814631,0.14834128481082898,0.02037795992714031,0.01195611980771627,0.026250687190764843,0.38323965252938175,0.0829596412556054,0.5562913907284769,0.36350364963503656,0.17663683466792274,0.30065673115539227,0.3762669385560482,0.2514596316553579,0.11465570454537222,0.35954968364420026,0.4723594076599332,0.3861896679196366,0.5728816381858226,0.6023360474594927,0.42948275917102063,0.08800964074559312,0.15909751902995176,0.14184509168631776,0.15142431067344816,0.10047286535297575,0.34568690865273005,0.15619956614657288,0.23383690247402078,0.3163154095717925,0.5321876471525053,0.3054037870573917,0.5888369858818282
48,0.05022075055187658,0.1299812626460266,0.07933815630507066,0.029580573951434985,0.12581826250970884,0.047814207650273666,0.04622211265869591,0.054975261132490516,0.6014307613694431,0.23804185351270551,0.5242825607064018,0.3153284671532847,0.17804992934526614,0.3244939077432054,0.3920688369626806,0.2866831314851108,0.36382881421906,0.5359190629575235,0.19539564465725998,0.09120189217337077,0.33613246609749614,0.14208453491396206,0.046542587972559946,0.07350532235176538,0.14281991433757554,0.13918624054156936,0.16258923680605264,0.1250641261037041,0.4829794012488272,0.275203084188648,0.2899187274756877,0.32561205989253555,0.5111448964155481,0.5301778240372594,0.44795229242118706
49,0.09624724061810186,0.1858791175481116,0.08808510879955511,0.01754966887417231,0.0892044824142908,0.0887978142076502,0.08985578700850505,0.09703133589884594,0.8702095043433827,0.5171898355754858,0.58719646799117,0.36131386861313874,0.23033443240697127,0.25729749794189694,0.37251124869961316,0.3177991866781511,0.21862719044149692,0.44821879775499696,0.3501714331059692,0.19607778561772254,0.3614589486464919,0.3497929164432999,0.19143649773217225,0.06919851726875953,0.1260157161406475,0.12035351172965245,0.16538046833920378,0.16792318055497346,0.5443878990726254,0.3737216746902031,0.3798802518436975,0.33945476636760363,0.43263370633725773,0.5736128380466695,0.414757019655343
50,0.13355408388521006,0.21939289792957517,0.09299311184617864,0.02682119205298017,0.053589259957839364,0.12431693989071047,0.1265869592012825,0.14912039582188008,1.0,0.7634529147982063,0.6158940397350994,0.3905109489051095,0.2110221384832784,0.3264152996504919,0.30065673115539227,0.28634077593986795,0.25351032275554,0.4807853958664037,0.3054037870573917,0.3425297037580761,0.4278591731614074,0.3483785623359323,0.1967668493692015,0.06465786704571623,0.10882320572827323,0.10881809917114368,0.1402593845408437,0.18689358170553533,0.5888369858818282,0.45917121371685526,0.43353257897636127,0.40461340393387246,0.4004578484758666,0.45600484542719966,0.3038437068871877
51,0.15540838852097183,0.20172322118949992,0.0777251903531519,0.05022075055187658,0.029734827471430414,0.15152550091074657,0.1606064341180824,0.17866959868059418,0.9928461931527849,0.9177877428998505,0.5706401766004415,0.33357664233576645,0.20301460197833254,0.1299812626460266,0.3244939077432054,0.3918678563091582,0.22969928559491315,0.3433772956158787,0.5301778240372594,0.28483912314219884,0.3019546563121168,0.3547217514964234,0.30910185346928654,0.07933815630507066,0.09464990681327663,0.12128636681074906,0.12211637957536142,0.1545736390045781,0.44795229242118706,0.45627149829832075,0.34339627673012113,0.4089899771602021,0.4381172878743352,0.47611805679050057,0.29394084588055314
52,0.1645695364238411,0.2921652458577846,0.07941574090392906,0.09624724061810186,0.01764118495506528,0.16074681238615662,0.16775545420929383,0.18719076415612967,0.8221768012263669,0.9895366218236175,0.5728476821192053,0.35182481751824823,0.21290626471973623,0.1858791175481116,0.25729749794189694,0.47086662141265023,0.3170716310925279,0.3692336007243462,0.5736128380466695,0.503941562445121,0.31364942897084247,0.35789231213904876,0.3828890698765646,0.08808510879955511,0.09044139220730626,0.1429929175725316,0.10746241402631805,0.10328329515305901,0.414757019655343,0.47904592734393037,0.27768950439762907,0.44433909778075775,0.56228106987314,0.3002822003271393,0.2597984933659456
53,0.1530905077262692,0.23214456894567093,0.06074662436123784,0.13355408388521006,0.02696105625208034,0.1522085610200361,0.1613459879206216,0.17990654205607548,0.596320899335718,0.9192825112107623,0.5408388520971302,0.3138686131386862,0.1888836552048987,0.21939289792957517,0.3264152996504919,0.3762669385560482,0.26438615092263085,0.43421507360312717,0.45600484542719966,0.3244513526567001,0.34898845199970996,0.3503160526005933,0.2552593850206978,0.09299311184617864,0.08600436930611119,0.16023673456816123,0.10536899037645471,0.06253206305185205,0.3038437068871877,0.4253943226420859,0.16092358367156517,0.4064841088926041,0.6112100790018573,0.31137702981781856,0.4214887597054438
54,0.12770419426048596,0.23047106956902041,0.043373626999475334,0.15540838852097183,0.050482636192167085,0.12909836065573765,0.12991495131270803,0.15241891148983022,0.37761880429228417,0.7541106128550075,0.511037527593819,0.3321167883211679,0.1747527084314649,0.20172322118949992,0.1299812626460266,0.3920688369626806,0.3526629163859365,0.42147521242047503,0.47611805679050057,0.5951499866401118,0.3311289598646995,0.2574096758625152,0.26563617590253796,0.0777251903531519,0.10034962305619344,0.14384257431726058,0.09769310366028913,0.04285905445126939,0.29394084588055314,0.3036747938352295,0.15861593948811709,0.38357495115075524,0.6140592946324156,0.4047054545513003,0.6535228314268056
55,0.09271523178807994,0.18106961046774117,0.037806452501681395,0.1645695364238411,0.0967491401309224,0.09153005464480879,0.09182793048194293,0.10692688290269459,0.1732243229432806,0.4798206278026906,0.5253863134657837,0.32627737226277376,0.18134715025906734,0.2921652458577846,0.1858791175481116,0.37251124869961316,0.2767164018267092,0.47277008387810326,0.3002822003271393,0.44879394959439073,0.30062914617672876,0.2848271040079137,0.16268444919185632,0.07941574090392906,0.10889695144029454,0.12691804989645541,0.10676460614303027,0.04145383955122778,0.2597984933659456,0.24931815910455613,0.19613791167093947,0.3514356216937079,0.6035140087278749,0.5451054103975738,0.8418819586659648
56,0.059492273730684886,0.12987272887822243,0.05350823924165753,0.1530905077262692,0.13425052701653195,0.05498633879781467,0.04683840749414525,0.060885101704233335,0.07256004087889634,0.24103139013452918,0.5474613686534217,0.3729927007299271,0.19736222326895903,0.23214456894567093,0.21939289792957517,0.30065673115539227,0.29975298557428154,0.5176458557342478,0.31137702981781856,0.3310541817816898,0.3217408193664403,0.20815404129429316,0.06392360496280797,0.06074662436123784,0.11369294339018936,0.10960243275606915,0.09699529577700136,0.05480338110162314,0.4214887597054438,0.2903066006558964,0.3035652732378329,0.4080692409701817,0.6113025988080636,0.49515470970978415,0.8400172340012892
57,0.03211920529801349,0.20242397701303894,0.08545930335848148,0.12770419426048596,0.15621879507378278,0.030510018214936263,0.0246517934179713,0.013743815283122629,0.06336228921819115,0.07436472346786249,0.511037527593819,0.3233576642335767,0.2421102213848328,0.23047106956902041,0.20172322118949992,0.3244939077432054,0.27541202965802825,0.47984473830964447,0.4047054545513003,0.45645269124270316,0.3715255846946601,0.30823049608370556,0.1791778065213784,0.043373626999475334,0.09877346842723927,0.09532764613434966,0.12281418745864921,0.07588160460224744,0.6535228314268056,0.4696165337403335,0.45345128178254623,0.42503666700270126,0.6413867366813615,0.6090470250879076,0.7427125530196482
58,0.019315673289183266,0.2646835826202931,0.11993209843530173,0.09271523178807994,0.16542771552202407,0.018101092896174897,0.01984469370146691,0.018279274326554074,0.16607051609606543,0.0,0.5033112582781457,0.2671532846715329,0.17192651907677814,0.18106961046774117,0.2921652458577846,0.25729749794189694,0.28515900126735083,0.29416264536260606,0.5451054103975738,0.4172818076792789,0.5038269330067775,0.36246889734245963,0.42483566190713284,0.037806452501681395,0.10042543700904269,0.09108899651897667,0.1263032268750881,0.1018780802530174,0.8418819586659648,0.5941042158962194,0.5785717558112237,0.495746118067366,0.6662329059880187,0.23403927976923117,0.5701026171082405
59,0.03156732891832226,0.1737605601775467,0.13523749600140025,0.059492273730684886,0.15388882724952868,0.027663934426229275,0.025391347220510507,0.026525563496426763,0.37659683188553916,0.08034379671150971,0.533112582781457,0.3153284671532847,0.19594912859161562,0.12987272887822243,0.23214456894567093,0.3264152996504919,0.2735234648249776,0.2383063620750594,0.49515470970978415,0.37433048487069553,0.3402685479183677,0.2805757193949313,0.3792537190812605,0.05350823924165753,0.08218238952112548,0.08662020237795803,0.1367703451244048,0.1103093696532671,0.8400172340012892,0.7231194366330338,0.6426040536363475,0.5079616743846026,0.6845399955990152,0.2525839509294767,0.39628183920908294
60,0.05927152317880813,0.33689116156491217,0.1465042613370687,0.03211920529801349,0.1283701320315105,0.05179872495446247,0.049426845803032915,0.05442550852116579,0.6315789473684211,0.2600896860986547,0.576158940397351,0.3562043795620438,0.21855864342910974,0.20242397701303894,0.23047106956902041,0.1299812626460266,0.10521421509959694,0.2525364802842667,0.6090470250879076,0.6033925191773417,0.7077361106613118,0.622907959642157,0.5433784356080442,0.08545930335848148,0.06520588101021946,0.10106817511493144,0.13079194586512508,0.1173354441534752,0.7427125530196482,0.8318764094164384,0.6315904864598021,0.5463806059355922,0.6960995483666201,0.2067170724719013,0.2144408472340576
61,0.0910596026490067,0.10090449021408077,0.14428493172914456,0.019315673289183266,0.09319871297015458,0.09927140255009137,0.08874645630469669,0.09881803188565197,0.8380173735309147,0.48617339312406577,0.43377483443708614,0.33357664233576645,0.20207253886010362,0.2646835826202931,0.18106961046774117,0.1858791175481116,0.08668230255406861,0.1118056052287919,0.23403927976923117,0.34405681034920615,0.40943621124891605,0.3983068005349601,0.42101054119384657,0.11993209843530173,0.05976576130747236,0.10967670652321995,0.12276345682553419,0.11522762180341277,0.5701026171082405,0.8445895551019397,0.5962083162122859,0.5586107185163454,0.6955155068190944,0.613837564863152,0.08145732168597619
62,0.12704194260485702,0.024730174164732333,0.1226408129084888,0.03156732891832226,0.05980250748918303,0.13775045537340613,0.13114754098360715,0.14912039582188008,0.9478794072560042,0.7204783258594918,0.42052980132450335,0.3204379562043796,0.18323127649552517,0.1737605601775467,0.12987272887822243,0.21939289792957517,0.2010452398951017,0.20025901993162165,0.2525839509294767,0.30934055072577593,0.2973372639285732,0.20150775966918874,0.2533015216122808,0.13523749600140025,0.07510919978714028,0.11450704010574211,0.12163531082062283,0.10960676220324629,0.39628183920908294,0.7027717726873678,0.510539199955052,0.5119301320000091,0.6548861652080461,0.7095187999012168,0.08784897429097605
63,0.15761589403973542,0.15138252701876098,0.09525318494335838,0.05927152317880813,0.0322866969932325,0.1602914389799639,0.16344139036114935,0.1965365585486536,0.9611650485436893,0.9166666666666667,0.5077262693156733,0.33138686131386863,0.15120113047574185,0.33689116156491217,0.20242397701303894,0.20172322118949992,0.1569249355874902,0.31626553618627895,0.2067170724719013,0.38453594360598176,0.4448313687500477,0.3778926636052826,0.2802125677210204,0.1465042613370687,0.10633107247939151,0.09948073445301539,0.1367718105209597,0.11874065905351681,0.2144408472340576,0.47743832324720104,0.4714355626656458,0.4172411876313141,0.5654767006928331,0.5118150480701749,0.15125645819990813
64,0.16534216335540863,0.23918162448145175,0.06476521555718018,0.0910596026490067,0.019416398535448742,0.16974043715846987,0.16676938247257533,0.1880153930731172,0.8497700562084824,0.9861733931240658,0.49337748344370863,0.36277372262773727,0.21337729627885066,0.10090449021408077,0.2646835826202931,0.2921652458577846,0.25173565164271317,0.2610853577613188,0.613837564863152,0.4200334095819114,0.4421303522566284,0.37065061623988194,0.4287242995121348,0.14428493172914456,0.14001712485308432,0.1011445319325194,0.14009505078432943,0.12787455590378732,0.08145732168597619,0.2307555498132851,0.36761314955515556,0.3409226980141874,0.4683642638932277,0.5456807655712792,0.3944525856960465
65,0.1604856512141284,0.23910326239861135,0.04447978627595277,0.12704194260485702,0.03173194274936231,0.15790072859744964,0.16344139036114935,0.18279274326553097,0.6607051609606541,0.9282511210762332,0.5596026490066226,0.35036496350364965,0.2105511069241639,0.024730174164732333,0.1737605601775467,0.23214456894567093,0.2949207109896079,0.4212442543535797,0.7095187999012168,0.5462988520767758,0.5033901480863849,0.32596539227216015,0.2752632561984293,0.1226408129084888,0.15497322060519414,0.08277085536069664,0.14283150439864245,0.15597885390461974,0.08784897429097605,0.09560252401252656,0.3623981959406069,0.28901386179768995,0.3522305437388025,0.47194237276215717,0.525928276149014
66,0.13543046357615918,0.20852044168536743,0.030570845347277605,0.15761589403973542,0.0595806057916346,0.13171675774134828,0.14137803525206483,0.14774601429356782,0.4031681144609096,0.749626307922272,0.5629139072847682,0.3153284671532847,0.22373999057936883,0.15138252701876098,0.33689116156491217,0.23047106956902041,0.24370706110858542,0.32901529271715013,0.5118150480701749,0.2770556091406982,0.4738454245017086,0.34727422988915874,0.3302620413173172,0.09525318494335838,0.1659828543274865,0.06567278680034366,0.13839198086437726,0.12787455590378732,0.15125645819990813,0.0,0.37357480377523294,0.26700419110241874,0.3834064317586925,0.462158322802129,0.7306568731439291
67,0.0985651214128036,0.3232531806189449,0.0517796834815845,0.16534216335540863,0.09153445023854445,0.09562841530054644,0.09207444841612267,0.11187465640461891,0.19672968829841603,0.5171898355754858,0.5441501103752759,0.36350364963503656,0.18935468676401318,0.23918162448145175,0.10090449021408077,0.18106961046774117,0.17100510207056274,0.5792527590936469,0.5456807655712792,0.7645222511607812,0.6415871523434513,0.5408687534241474,0.21563926563420113,0.06476521555718018,0.1638141745543372,0.060193713197291415,0.13362274310525862,0.1264693410037457,0.3944525856960465,0.08896640060971661,0.4599662925816851,0.3253796098699882,0.4393876521903156,0.156991256532224,0.6462650915359516
68,0.05309050772626911,0.26453016012910524,0.05944236971086361,0.1604856512141284,0.12770442693886652,0.06136156648451774,0.05657586589424435,0.06239692138537656,0.008686765457332712,0.2414050822122571,0.42163355408388525,0.27299270072992704,0.16486104569006121,0.23910326239861135,0.024730174164732333,0.12987272887822243,0.2776275234891301,0.42707715448567285,0.47194237276215717,0.7887778931236675,0.6338955953234522,0.37008942392246363,0.2973833313994285,0.04447978627595277,0.1426640206851694,0.07564701815151013,0.14567625779644175,0.09625722065285092,0.525928276149014,0.20025640789285012,0.4340285298786902,0.3168436368664127,0.5290894661464541,0.20793262488278016,0.5902502312392379
69,0.03200883002207533,0.22616601620166676,0.08905309737951489,0.13543046357615918,0.15843781204926266,0.03312841530054644,0.019351657833107883,0.03477185266630034,0.02708226877874309,0.06651718983557547,0.48454746136865345,0.35401459854014605,0.16957136128120587,0.20852044168536743,0.15138252701876098,0.20242397701303894,0.2902518903667026,0.40111108934347683,0.462158322802129,0.559420648542458,0.5205423774595204,0.3174252344107094,0.28044689437878045,0.030570845347277605,0.11590143679927654,0.1070924546222532,0.16543350173833363,0.11382240690337116,0.7306568731439291,0.4167026360914542,0.4264775493483312,0.3415369123087557,0.5615755858091196,0.4240083300278544,0.42087361525991346
70,0.02858719646799157,0.09819725762916676,0.0923225639661901,0.0985651214128036,0.1662043714634418,0.01992258652094714,0.009244422531739183,0.022264980758659014,0.18191108840061326,0.02877428998505227,0.5783664459161149,0.39124087591240875,0.19783325482807346,0.3232531806189449,0.23918162448145175,0.2646835826202931,0.11165569773127793,0.24237384576018428,0.156991256532224,0.2595238388618809,0.3261329559369951,0.36971648080894237,0.29302239694546983,0.0517796834815845,0.08610926789560339,0.14101971549824716,0.18471267749938508,0.11593022925343358,0.6462650915359516,0.5448935217535923,0.3258015435135926,0.3074946140099246,0.5647687516250948,0.4740837154408739,0.2948054085291878
71,0.03123620309050823,0.07998826289842853,0.08807803160255781,0.05309050772626911,0.1613225341173865,0.03255919854280487,0.025144829286330772,0.025700934579439227,0.40470107307102715,0.05418535127055302,0.48233995584988965,0.31459854014598543,0.19736222326895903,0.26453016012910524,0.23910326239861135,0.1737605601775467,0.2794397142688734,0.1539051963774618,0.20793262488278016,0.234323982921761,0.400445176015313,0.17761102335096965,0.3579030341394568,0.05944236971086361,0.06628679537292284,0.15608290416277723,0.2015088434693336,0.13911627510412028,0.5902502312392379,0.6058074129725576,0.26272465540866086,0.26174412771292244,0.49999289092927807,0.5310723989594638,0.3394103817153308
72,0.06390728476821206,0.21347063522320298,0.08168394947055432,0.03200883002207533,0.13613669144569007,0.061133879781420486,0.05263157894736903,0.0625343595382084,0.653551354113439,0.24962630792227203,0.5320088300220751,0.36788321167883214,0.2105511069241639,0.22616601620166676,0.20852044168536743,0.33689116156491217,0.0998413018544646,0.35156717497504,0.4240083300278544,0.46235900572749916,0.37014530414247926,0.5009808476442635,0.3140591868890236,0.08905309737951489,0.05269528613957383,0.167171372211858,0.19185076367990075,0.13138759315389137,0.42087361525991346,0.6343444264337083,0.20574279902550857,0.2680069225747631,0.5021831288992908,0.33089808589779457,0.4597179489596887
73,0.10253863134657859,0.1253271801360576,0.05815478285154848,0.02858719646799157,0.09907910795517605,0.09392076502732216,0.10045605817823278,0.11324903793293029,0.8482370975983649,0.5052316890881914,0.6004415011037528,0.3401459854014599,0.20160150730098914,0.09819725762916676,0.3232531806189449,0.10090449021408077,0.009934527794865033,0.26670409314364996,0.4740837154408739,0.18038038080651075,0.5212379883159747,0.5028021160647147,0.29928421484376605,0.0923225639661901,0.0734200933559701,0.16498716363781957,0.21978048931809996,0.15878928370470297,0.2948054085291878,0.46445579932660214,0.13698765721611594,0.15456013176101635,0.37963349706830213,0.47971409287264893,0.5689420259186461
74,0.13543046357615918,0.15244168312059436,0.06339204091361715,0.03123620309050823,0.05336735826029093,0.13103369763205874,0.13385923825958335,0.14953271028037474,0.9882473173224322,0.7705530642750373,0.5695364238410596,0.35985401459854016,0.21761658031088082,0.07998826289842853,0.26453016012910524,0.024730174164732333,0.15089413911331384,0.3260889473028836,0.5310723989594638,0.29968637899304973,0.6267970075753108,0.38521561931035014,0.2719592985472491,0.08807803160255781,0.08090790074343189,0.14368556439055793,0.25665662839788217,0.15316842410453646,0.3394103817153308,0.4552454497871812,0.22371909859890626,0.08713988603153969,0.4057924451882431,0.4783545470932026,0.4964316488176765
75,0.15684326710816787,0.12672402728981425,0.08257203848067524,0.06390728476821206,0.032175746144458284,0.16256830601092886,0.16270183655861015,0.18279274326553097,0.9361267245784364,0.914424514200299,0.4779249448123621,0.3306569343065694,0.1950070654733867,0.21347063522320298,0.22616601620166676,0.15138252701876098,0.23969078483682793,0.34877497627254606,0.33089808589779457,0.31726379531233617,0.471078035940751,0.266937937070827,0.22221134265179265,0.08168394947055432,0.1098428484564488,0.1167313474006963,0.2610767249606766,0.18057011465534806,0.4597179489596887,0.4156356722288019,0.373967253736241,0.12115043066686462,0.38935612906543865,0.5275041245726538,0.25590133394244147
76,0.1707505518763801,0.15693498110774762,0.08226090638090547,0.10253863134657859,0.02873626983246469,0.1705373406193078,0.17687661777394315,0.20079714128642134,0.8216658150229944,0.9730941704035876,0.5397350993377483,0.3386861313868613,0.19265190767781443,0.1253271801360576,0.09819725762916676,0.23918162448145175,0.4553293416791231,0.4044910061875431,0.47971409287264893,0.537118559473061,0.41222415397205453,0.07541646934783452,0.20177385272269896,0.05815478285154848,0.11303769884288688,0.08672585209231891,0.26267125086438337,0.19813530090586828,0.5689420259186461,0.40203866452995934,0.47133133615071576,0.1170154764084521,0.3474997086036939,0.39839363040184583,0.22021517734035626
77,0.16445916114790338,0.18296822784588684,0.07208445269180269,0.13543046357615918,0.03139909020304055,0.1655282331511838,0.16800197214347357,0.18567894447498734,0.6402657128257537,0.9428251121076234,0.5253863134657837,0.3496350364963504,0.21761658031088082,0.15244168312059436,0.07998826289842853,0.23910326239861135,0.39332430219987735,0.33720288607502447,0.4783545470932026,0.5986110695875888,0.43890967370407535,0.16634803248708918,0.29457873684559094,0.06339204091361715,0.10889003576002612,0.06676144103507631,0.22754356712928236,0.21921352440649255,0.4964316488176765,0.3795127164987852,0.5039474490765339,0.16946948220978642,0.27291566384837646,0.33215319187906023,0.24553616559277755
78,0.13962472406181048,0.19633957398985658,0.04013432117757373,0.15684326710816787,0.06424054144014235,0.13968579234972678,0.13952915074571726,0.16080263881253476,0.4261624936126725,0.7481315396113603,0.5275938189845475,0.35401459854014605,0.19689119170984454,0.12672402728981425,0.21347063522320298,0.20852044168536743,0.2755319506904037,0.38509498067573666,0.5275041245726538,0.4316681605696282,0.4838299156935465,0.3018222740608313,0.26328485680986324,0.08257203848067524,0.10264188021881229,0.0530726099918037,0.2021695977540188,0.2283474212567631,0.25590133394244147,0.2824658730428039,0.4457384343161217,0.15154736037452704,0.17217040316969767,0.25795155062141106,0.3836575318805532
79,0.09900662251655667,0.1238680507567107,0.032237293743047096,0.1707505518763801,0.10307333851103984,0.10166211293260474,0.09281400221866187,0.11091258933480042,0.17373530914665308,0.4798206278026906,0.490066225165563,0.362043795620438,0.19453603391427227,0.15693498110774762,0.1253271801360576,0.3232531806189449,0.40170325659609496,0.31190533243450247,0.39839363040184583,0.4534506561225322,0.29251106336932914,0.09665127703122889,0.2544074794454387,0.08226090638090547,0.07964969936225832,0.07394581689759344,0.17691711673123564,0.21078223500624285,0.22021517734035626,0.3418275428231648,0.35182978951374216,0.18793621839096494,0.19363319054015976,0.46642575380135387,0.41784674365337865
80,0.06501103752759407,0.097219814458537,0.027443385694744773,0.16445916114790338,0.13613669144569007,0.05475865209471742,0.05287809688154832,0.06555799890049574,0.04547777210015336,0.2533632286995516,0.6048565121412803,0.3737226277372263,0.20489872821479038,0.18296822784588684,0.15244168312059436,0.26453016012910524,0.39842925294837706,0.32466731027993667,0.33215319187906023,0.3787255590351128,0.3252908239852039,0.07250887713445725,0.21314927029095834,0.07208445269180269,0.08476743202594994,0.08148724062410895,0.18609405798514156,0.18338054445543128,0.24553616559277755,0.3037350742794471,0.31163920027686526,0.15732454628029074,0.24581255357110415,0.5941800763472238,0.48436106483526
81,0.030463576158940686,0.05157807747147203,0.024854057582119886,0.13962472406181048,0.15766115610784492,0.03301457194899848,0.028349562430666886,0.03408466190214465,0.0005109862033725321,0.06390134529147984,0.47019867549668876,0.29051094890510953,0.1653320772491757,0.19633957398985658,0.12672402728981425,0.22616601620166676,0.40595201992581487,0.22536447752709243,0.25795155062141106,0.35103298014786816,0.317853275631681,0.017597182953150492,0.2585136650836357,0.04013432117757373,0.10350970114371172,0.11062937662160024,0.18709841287155765,0.15878928370470297,0.3836575318805532,0.22106798009047446,0.2077473028230883,0.1492899390128874,0.29689597594913625,0.6160740375001236,0.6400775536281029
82,0.033443708609271816,0.1449075429282658,0.024224716185583004,0.09900662251655667,0.17164096305336773,0.02948542805100196,0.0242820165167017,0.023501924134140317,0.2023505365355136,0.026905829596412578,0.5342163355408389,0.33430656934306574,0.21431935939707958,0.1238680507567107,0.15693498110774762,0.09819725762916676,0.33721943230727724,0.268021261506469,0.46642575380135387,0.43876171148027304,0.5440154460472519,0.1849852188277821,0.31935820107670554,0.032237293743047096,0.1032056697420042,0.11384710368911213,0.199682156882857,0.14052149000416192,0.41784674365337865,0.2198596083524282,0.19516799047856215,0.12080055511646491,0.3380590730318681,0.4905907594256366,0.8967113357368461
83,0.04260485651214152,0.21986321092339978,0.0335699233234386,0.06501103752759407,0.1653167646732503,0.032217668488160545,0.02970541106865543,0.03463441451346938,0.4021461420541646,0.0792227204783259,0.5993377483443709,0.36277372262773727,0.2152614225153085,0.097219814458537,0.18296822784588684,0.07998826289842853,0.41843905119428904,0.17555682575165577,0.5941800763472238,0.5067592266172324,0.6392277886701596,0.17851541040125868,0.4895804856268233,0.027443385694744773,0.09326146442921598,0.10966974132332064,0.18660366708230663,0.13560323785401623,0.48436106483526,0.2939913935098105,0.23901461709009422,0.17012865585022635,0.3727811154001154,0.3896709021933568,0.9821198325649627
84,0.0672185430463581,0.19163389403493447,0.06408163769767321,0.030463576158940686,0.14035282369910185,0.06591530054644812,0.061752742512018344,0.06734469488730088,0.6760347470618293,0.24663677130044845,0.5187637969094923,0.33576642335766427,0.20819594912859163,0.05157807747147203,0.19633957398985658,0.21347063522320298,0.3867093271110118,0.3412825670956767,0.6160740375001236,0.4489382594292856,0.47396181432960804,0.1821308544486614,0.3001142209459956,0.024854057582119886,0.06204050305557958,0.10337684595259153,0.18273257784976765,0.13138759315389137,0.6400775536281029,0.5311847440644296,0.35808935572162126,0.2476791756062258,0.45844919727252537,0.5522748350954856,0.8935074195225688
85,0.11114790286975751,0.18516563271568742,0.11800557958538793,0.033443708609271816,0.09952291135027203,0.1057604735883424,0.1041538271909288,0.11462341946124255,0.8656106285130302,0.5328849028400598,0.5717439293598234,0.3751824817518249,0.23363165332077246,0.1449075429282658,0.1238680507567107,0.1253271801360576,0.3293355675132368,0.26692817722066664,0.4905907594256366,0.5406765194287806,0.5574321592575254,0.2347093033228187,0.3642714483542187,0.024224716185583004,0.05432370262894906,0.08022002990971405,0.17937835491637996,0.1468449570543492,0.8967113357368461,0.7659444223848717,0.607988003758608,0.3772363736798853,0.5562728698114926,0.6642979218732543,0.6935926311856204
86,0.14889624724061834,0.1798590339539281,0.14550628396160817,0.04260485651214152,0.06535004992788229,0.13968579234972678,0.13657093553556088,0.15255634964266118,0.9979560551865101,0.7757847533632287,0.620309050772627,0.4328467153284672,0.26471973622232686,0.21986321092339978,0.097219814458537,0.15244168312059436,0.2228082694441742,0.3845468998781243,0.3896709021933568,0.5703393669359923,0.5242984693222812,0.3392565043818494,0.24585201897641015,0.0335699233234386,0.04963920178618553,0.08537440802587044,0.16753271719362828,0.16511275075489024,0.9821198325649627,0.8885803646449468,0.6798199191176636,0.4651048232101128,0.5818731823555586,0.7336938484932374,0.5671284543884395
87,0.16467991169977925,0.28094975968375735,0.15718143663503567,0.0672185430463581,0.03062243426162281,0.16177140255009137,0.17071366941945065,0.18732820230896152,0.9570771589167093,0.946188340807175,0.5640176600441501,0.33503649635036503,0.21290626471973623,0.19163389403493447,0.05157807747147203,0.12672402728981425,0.24873164769503298,0.43650874817922336,0.5522748350954856,0.7742835421897614,0.6538939910506332,0.4168941401988069,0.3062424987511522,0.06408163769767321,0.047108967663301554,0.10425088089696818,0.16855884368600293,0.14895277940441162,0.8935074195225688,0.9427484722863295,0.6556059059062657,0.4893869817500861,0.648677478177355,0.5132605464609284,0.5006493554378348
88,0.17395143487858755,0.36357424106621217,0.168608993240802,0.11114790286975751,0.03361810717852043,0.17611566484517294,0.18205349439171759,0.19983507421660285,0.7966274910577416,0.9674887892376682,0.5176600441501105,0.3291970802919708,0.20960904380593498,0.18516563271568742,0.1449075429282658,0.15693498110774762,0.3482680996214942,0.3921863804663399,0.6642979218732543,0.7594046319082792,0.7074595232871658,0.39942637721289137,0.43871786109768207,0.11800557958538793,0.04649398917961807,0.10394467248270231,0.17303074550605269,0.15316842410453646,0.6935926311856204,0.9885334790177713,0.6934802080975841,0.5056971999880632,0.667209869128154,0.45312727460080376,0.3499303785303947
89,0.17019867549668888,0.4134587070460043,0.16922689206649275,0.14889624724061834,0.042827027626761716,0.1696265938069219,0.1737951435966969,0.18842770753161098,0.6044966785896781,0.9237668161434978,0.543046357615894,0.3532846715328467,0.23268959020254354,0.1798590339539281,0.21986321092339978,0.18296822784588684,0.36251641265901213,0.43241001181918826,0.7336938484932374,0.7245580442959331,0.7318349720030846,0.43623367129525353,0.45455348409708274,0.14550628396160817,0.05562591876024227,0.0939292618282058,0.19015188060724833,0.16722057310495267,0.5671284543884395,0.9553922954609806,0.7283076559804215,0.47027986001292393,0.6358783572068835,0.3848719270318419,0.32409446739334613
90,0.13785871964679908,0.3392372893083824,0.16677041683133334,0.16467991169977925,0.06756906690336217,0.14401183970856124,0.1391593738444472,0.1575041231445855,0.3817066939192642,0.7309417040358744,0.467991169977925,0.34452554744525554,0.20065944418276022,0.28094975968375735,0.19163389403493447,0.19633957398985658,0.3642716390165468,0.4135231651180895,0.5132605464609284,0.660633395978903,0.6423169938129962,0.35776014226052927,0.3917664625499532,0.15718143663503567,0.08544129074070389,0.06248474320156164,0.1825362844921988,0.1861909742555145,0.5006493554378348,0.8301985032516402,0.8234674884507676,0.4810839990015183,0.5854050396823529,0.4889481468149744,0.3009042374428934
91,0.10375275938189876,0.37403735992206855,0.14615926451895664,0.17395143487858755,0.11172750471541182,0.10211748633879791,0.10501663996055743,0.11214953271028083,0.1808891159938682,0.4667414050822123,0.533112582781457,0.3211678832116789,0.2105511069241639,0.36357424106621217,0.18516563271568742,0.1238680507567107,0.2620983012463256,0.3165849289322562,0.45312727460080376,0.717992454528879,0.7519463258817687,0.499235024019423,0.5225182881458261,0.168608993240802,0.13813457327197565,0.05471268673445431,0.1883014336623458,0.20445876795605558,0.3499303785303947,0.5471580571080352,0.7824459893888872,0.4219229021590303,0.4914687437397123,0.45517847789010624,0.4342641616939379
92,0.07384105960264886,0.3696378716394655,0.1412851592616894,0.17019867549668888,0.1496726949961169,0.06705373406193127,0.05842475040059192,0.07078064870808198,0.05978538579458359,0.2376681614349776,0.5739514348785872,0.3992700729927008,0.22468205369759775,0.4134587070460043,0.1798590339539281,0.097219814458537,0.31430142784776827,0.2943936433945584,0.3848719270318419,0.7192532518678604,0.7746840824195915,0.4407722293613499,0.5389758837353993,0.16922689206649275,0.16500765292410133,0.049994642589561544,0.20410552616462407,0.2283474212567631,0.32409446739334613,0.42421757302040214,0.7821872370355853,0.3768774942551455,0.4234853380395667,0.505892373463045,0.42747918380133315
93,0.04105960264900688,0.3781889978230719,0.13389907899355769,0.13785871964679908,0.16553866637079784,0.031420765027322606,0.030321705904104768,0.037658053875755826,0.05774144098109363,0.07324364723467863,0.5916114790286976,0.3489051094890511,0.19830428638718794,0.3392372893083824,0.28094975968375735,0.05157807747147203,0.25838213313601877,0.3837343303304319,0.4889481468149744,0.5906320050195608,0.8300680585426476,0.5073613964174302,0.46273663056116404,0.16677041683133334,0.17641635371414516,0.04744629076097309,0.21338776662811815,0.2599647565076995,0.3009042374428934,0.3518342221475526,0.766710751950088,0.3401581940504253,0.33118409549626865,0.6399804433298075,0.5234662981898542
94,0.03278145695364243,0.38613181506885574,0.1416365784707215,0.10375275938189876,0.17485853766781378,0.03449453551912596,0.024035498582522408,0.030236393622870672,0.1773122125702607,0.013826606875934233,0.479028697571744,0.33138686131386863,0.18841262364578426,0.37403735992206855,0.36357424106621217,0.1449075429282658,0.10435936942513102,0.29481439551919486,0.45517847789010624,0.48683159087181516,0.7428046845656542,0.6746497897282876,0.5565452622189397,0.14615926451895664,0.18758310910683526,0.04682690873254204,0.2452890309436556,0.29298730665867756,0.4342641616939379,0.3378215556689777,0.793705952826977,0.2891090927752939,0.2731715641009953,0.4766015589989421,0.4733175262680213
95,0.04260485651214152,0.42206544185782846,0.13532017353641562,0.07384105960264886,0.17108620880949754,0.04394353369763193,0.03130777764082371,0.037520615722924866,0.36126724578436387,0.059790732436472316,0.48565121412803536,0.3532846715328467,0.20536975977390481,0.3696378716394655,0.4134587070460043,0.21986321092339978,0.2514596316553579,0.19533625204542204,0.505892373463045,0.46744125051911994,0.7029249721461668,0.5598297907945856,0.6909645797800751,0.1412851592616894,0.18818690616354267,0.0560242273659655,0.24905018054418254,0.2810429800083238,0.42747918380133315,0.3114891487539768,0.7431745311917394,0.26668988085566253,0.2854148102997558,0.37346626901460833,0.5060662981338472
96,0.06887417218543046,0.537257745781039,0.14833831363182134,0.04105960264900688,0.1385776101187175,0.06933060109289624,0.06101318870947914,0.06761957119296369,0.6346448645886562,0.25822122571001493,0.5022075055187638,0.35109489051094894,0.21431935939707958,0.3781889978230719,0.3392372893083824,0.19163389403493447,0.2866831314851108,0.3276218710247516,0.6399804433298075,0.7307083185598011,0.8494988779674552,0.6424266775699561,0.6897987715520841,0.13389907899355769,0.18578649293212762,0.08605309189643504,0.24619994935449946,0.26066736395772033,0.5234662981898542,0.3702526355928847,0.6867323735314743,0.3023552025365859,0.36541584862505516,0.22449271905596246,0.3672916403550065
97,0.10883002207505532,0.41526419612901755,0.14541556355598653,0.03278145695364243,0.10429379784755399,0.11464025500910768,0.10538641686182704,0.11297416162726837,0.8579458354624425,0.5089686098654709,0.4624724061810155,0.35255474452554747,0.22939236928874235,0.38613181506885574,0.37403735992206855,0.18516563271568742,0.3177991866781511,0.1759684338711498,0.4766015589989421,0.5127800906949234,0.7314344422412715,0.4842853018301175,0.7021012617089368,0.1416365784707215,0.1656457310725319,0.1391236839331277,0.2260116694831007,0.2290500287067839,0.4733175262680213,0.43742278294868175,0.5033193157349183,0.33913918057198256,0.4321042235386847,0.4772661791084065,0.3955991751152571
98,0.10551876379690928,0.3691736070323124,0.14606064675519032,0.04260485651214152,0.07422611782980137,0.15357468123861562,0.14384321459386173,0.1672622319956023,0.797138477261114,0.5990284005979074,0.05187637969094927,0.10291970802919709,0.029203956665096557,0.42206544185782846,0.3696378716394655,0.1798590339539281,0.28634077593986795,0.13414631212321382,0.37346626901460833,0.4548334235871906,0.6897540545525843,0.469172253775338,0.6919303534297091,0.13532017353641562,0.1608828632921471,0.16618918789259585,0.2136459555449346,0.2142952722563469,0.5060662981338472,0.45838141431334534,0.41667097387078833,0.36719540308035925,0.46821702100448737,0.43464911491554986,0.3897258991649126
99,0.12472406181015439,0.3658862070159721,0.12957911164697739,0.06887417218543046,0.0412737157439258,0.16985428051001827,0.17330210772833743,0.1936503573391981,0.7644353602452734,0.7750373692077728,0.08609271523178813,0.055474452554744536,0.020725388601036267,0.537257745781039,0.3781889978230719,0.28094975968375735,0.3918678563091582,0.25414867070104386,0.22449271905596246,0.43837899750203385,0.583081786547675,0.35678171076523085,0.573428424044801,0.14833831363182134,0.15366534912788704,0.17767958052353103,0.22701167004832506,0.2142952722563469,0.3672916403550065,0.4238422267877403,0.32582480454988944,0.3010585545928656,0.42726772191087514,0.48706123481847985,0.5055261409474836
100,0.12538631346578377,0.44492515420049195,0.13267376485361612,0.10883002207505532,0.032952402085876464,0.1794171220400731,0.18328608406261582,0.20052226498075942,0.5825242718446603,0.8053064275037369,0.0,0.0007299270072992914,0.0,0.41526419612901755,0.38613181506885574,0.36357424106621217,0.47086662141265023,0.4112455085370126,0.4772661791084065,0.5371958599441613,0.5794174453634581,0.3568232133840896,0.5091084164221615,0.14541556355598653,0.161226262365364,0.1889262953105115,0.2502806251847839,0.22342916910661742,0.3955991751152571,0.40621142757981527,0.2989391012667978,0.2580395586479675,0.41359319595343946,0.3066901083842908,0.5085393219340876
101,0.12273730684326711,0.3649409165350015,0.13207035113206006,0.10551876379690928,0.042827027626761716,0.1755464480874318,0.17404166153087663,0.19420010995052284,0.5855901890648954,0.7630792227204783,0.011037527593819041,0.03795620437956204,0.01036269430051813,0.3691736070323124,0.42206544185782846,0.4134587070460043,0.3762669385560482,0.3659550752309837,0.43464911491554986,0.3760810471371575,0.44669433827885047,0.3719189783552814,0.46532735888765325,0.14606064675519032,0.15505401126253565,0.18953441584751654,0.26876562579386554,0.22272656165659663,0.3897258991649126,0.42790600781782107,0.2949985963565125,0.21691826427836416,0.4137373165041373,0.3381904199150302,0.5524751971861545
102,0.10728476821192068,0.40333724125145665,0.14020476230512277,0.12472406181015439,0.06923332963497186,0.14219034608378855,0.14902009121163617,0.16616272677295285,0.4251405212059275,0.6218236173393125,0.17991169977924948,0.08394160583941605,0.040508714083843614,0.3658862070159721,0.537257745781039,0.3392372893083824,0.3920688369626806,0.3714220792762717,0.48706123481847985,0.26934193602208006,0.5617873227455683,0.39525594447379137,0.5019297217053088,0.12957911164697739,0.1677750496374244,0.18711681449105702,0.2511914389244453,0.23396828085692956,0.5055261409474836,0.40936047798574504,0.32916957084617243,0.2731673430882288,0.4076543446630514,0.318198519122451,0.5843136361717132
103,0.0969094922737308,0.3389257728078441,0.1439399349110325,0.12538631346578377,0.10939753689115728,0.1070127504553735,0.10834463207198342,0.12245739417262236,0.3740419008686766,0.4514200298953662,0.41721854304635764,0.25620437956204384,0.14601978332548282,0.44492515420049195,0.41526419612901755,0.37403735992206855,0.37251124869961316,0.39128844555597553,0.3066901083842908,0.34937555533168113,0.4603951986022768,0.34892799315943973,0.4127200329650985,0.13267376485361612,0.16491900295161366,0.1668318349905972,0.2330487130821163,0.21991613185651337,0.5085393219340876,0.43464335213321315,0.40772179165498673,0.32065797816603087,0.44980130689632847,0.3914482954941779,0.6102260903201935
104,0.07792494481236201,0.2839939527373012,0.15267607979813977,0.12273730684326711,0.10606901142793745,0.07616120218579203,0.06877850363613991,0.07820230896096803,0.2984159427695453,0.398355754857997,0.5264900662251656,0.36496350364963503,0.2166745171926519,0.3649409165350015,0.3691736070323124,0.3696378716394655,0.30065673115539227,0.275064703228157,0.3381904199150302,0.3370870846974339,0.40875220922244654,0.36640683560322185,0.46416592136888973,0.13207035113206006,0.16554936397645495,0.16203486276273307,0.21448674426350806,0.22975263615680472,0.5524751971861545,0.4653684452520573,0.4516345948477633,0.38039652348286507,0.4485000478670856,0.48162546307289533,0.5970639283186522
105,0.06920529801324538,0.30649057923382905,0.1675784673733566,0.10728476821192068,0.12537445911461242,0.0423497267759565,0.042277825711820594,0.045217152281473716,0.3295861011752683,0.3038116591928251,0.7671081677704195,0.4642335766423358,0.29251059821008,0.40333724125145665,0.3658862070159721,0.3781889978230719,0.3244939077432054,0.3804801755290903,0.318198519122451,0.3729244306025037,0.42300421974867597,0.3650222298765048,0.38772814920373533,0.14020476230512277,0.1494439726492679,0.1547656676902269,0.19918448030049618,0.22694220635672147,0.5843136361717132,0.5845461235442179,0.5235472409410492,0.4471151423043881,0.4920992095239225,0.5416913136729123,0.4628849938452885
106,0.07924944812362034,0.30033516913459835,0.1768219150011153,0.0969094922737308,0.1260401642072564,0.03381147540983598,0.0288425982990268,0.03174821330401301,0.4241185487991825,0.3355754857997011,0.9503311258278146,0.6102189781021898,0.3815355628827131,0.3389257728078441,0.44492515420049195,0.38613181506885574,0.25729749794189694,0.3513613549292689,0.3914482954941779,0.25451237228359924,0.40859612538033185,0.4280692717599319,0.40890657002791286,0.1439399349110325,0.1524679992698231,0.16238072074016419,0.19464073915886196,0.24029174790711685,0.6102260903201935,0.6078956280276638,0.5284061086366538,0.47785827098042805,0.4838416935698268,0.5013865434319447,0.3158811844614077
107,0.09403973509933827,0.31712187976832773,0.18276014627605813,0.07792494481236201,0.12337734383668053,0.04394353369763193,0.03919635153457435,0.035596481583287876,0.5804803270311703,0.3946188340807175,1.0,0.6467153284671534,0.43146490814884597,0.2839939527373012,0.3649409165350015,0.42206544185782846,0.3264152996504919,0.1304576971825373,0.48162546307289533,0.38901479167996583,0.3890283763239226,0.3740183796234099,0.6387455733843497,0.15267607979813977,0.15187835673628192,0.1561642733204797,0.18985028804009135,0.24872303730736656,0.5970639283186522,0.6327369479212377,0.5679450900916154,0.5016330011755068,0.47887553274646355,0.5953408561609681,0.22287034861576788
108,0.10408388520971323,0.387389296434943,0.1691397830156006,0.06920529801324538,0.1078442250083218,0.07103825136612008,0.06532725255762362,0.07380428807036843,0.6673479816044967,0.48094170403587444,0.8377483443708609,0.5583941605839416,0.3433820065944418,0.30649057923382905,0.40333724125145665,0.537257745781039,0.1299812626460266,0.41397215655230646,0.5416913136729123,0.43331257992572864,0.3431160783278845,0.6494846695275612,0.44380440217374134,0.1675784673733566,0.15982712329827134,0.16897640051100302,0.20533820379045192,0.2599647565076995,0.4628849938452885,0.5501251108061311,0.481997268206825,0.43742382215840325,0.41874160271833516,0.47621154383582737,0.30888558882718464
109,0.11412803532008864,0.3491792212839133,0.14713426415388572,0.07924944812362034,0.09741484522356636,0.11224954462659387,0.11672624183409397,0.12245739417262236,0.6673479816044967,0.5500747384155455,0.5386313465783665,0.3204379562043796,0.21950070654733866,0.30033516913459835,0.3389257728078441,0.41526419612901755,0.1858791175481116,0.24875866333540309,0.5013865434319447,0.46973002598104274,0.42874104220284964,0.5522839906956353,0.5603856995507273,0.1768219150011153,0.1634770512993826,0.1660999031432321,0.21456636414299118,0.26277518630778274,0.3158811844614077,0.45237710531649156,0.42042765257312775,0.36765189950940314,0.357494312677689,0.46890736494635227,0.42439913658238504
110,0.11589403973509915,0.4406884525199182,0.1333009500200398,0.09403973509933827,0.07833129923443938,0.1088342440801453,0.15838777271046478,0.16341396371632833,0.6070516096065407,0.6203288490284006,0.5894039735099338,0.0854014598540146,0.08666980687706076,0.31712187976832773,0.2839939527373012,0.3691736070323124,0.21939289792957517,0.2884494325845086,0.5953408561609681,0.6732691670750726,0.5693651893316533,0.6121853952748602,0.6220872466585565,0.18276014627605813,0.17201381872875604,0.16673477785928972,0.21974437776013983,0.2374813181070336,0.22287034861576788,0.36667157533672845,0.3737138151426069,0.3251311629640299,0.3822847564669669,0.36607953816692984,0.5339164728432707
111,0.12770419426048596,0.41621149571403926,0.13796506095257083,0.10408388520971323,0.06956618218129407,0.12864298724954448,0.1827930481942568,0.20134689389774607,0.6152273888605008,0.6898355754857997,0.5154525386313467,0.01897810218978105,0.007065473386716911,0.387389296434943,0.30649057923382905,0.3658862070159721,0.20172322118949992,0.2613567284942899,0.47621154383582737,0.6079803514446342,0.5477099041404274,0.605154401786621,0.621361640036456,0.1691397830156006,0.18657610203746788,0.15051406410494764,0.20363650157395102,0.21921352440649255,0.30888558882718464,0.32779262281393284,0.4419392028556392,0.37035342196641186,0.43659973298553867,0.3852796609225573,0.5200210847992953
112,0.1339955849889627,0.37219235611776647,0.1405145451075211,0.11412803532008864,0.0796627094197273,0.12932604735883402,0.19302354246271447,0.20931830676195773,0.5978538579458355,0.6771300448430493,0.5717439293598234,0.0,0.006594441827602451,0.3491792212839133,0.30033516913459835,0.44492515420049195,0.2921652458577846,0.36077083995304626,0.46890736494635227,0.5553533666498331,0.42194710547536673,0.4662743261578208,0.4781934179369453,0.14713426415388572,0.19560859447703616,0.15355974422541346,0.2054200566551616,0.20445876795605558,0.42439913658238504,0.3023728869412389,0.44018024170359293,0.37230219051567226,0.47744412152092336,0.3838703596134127,0.5824541699496929
113,0.1324503311258276,0.38192189910068564,0.14996160435431283,0.11589403973509915,0.09453012315544251,0.12659380692167543,0.18020460988536913,0.2021715228147336,0.5825242718446603,0.6218236173393125,0.5827814569536425,0.06569343065693431,0.024493641073951952,0.4406884525199182,0.31712187976832773,0.3649409165350015,0.23214456894567093,0.3008241809954786,0.36607953816692984,0.5455445744471883,0.513632718573395,0.5383168067292985,0.5462027557620206,0.1333009500200398,0.2014113026499319,0.1529658795648379,0.1857238709030574,0.20235094560599315,0.5339164728432707,0.3156973516816624,0.4726075987890023,0.4360928244340755,0.5058458779234977,0.2738596821809673,0.5064024961982859
114,0.11467991169977987,0.3727149339162814,0.15167193798566847,0.12770419426048596,0.10462665039387575,0.11065573770491799,0.15185504745470313,0.16712479384277135,0.44557996934082783,0.5276532137518685,0.5596026490066226,0.11605839416058396,0.06877060763071124,0.41621149571403926,0.387389296434943,0.40333724125145665,0.23047106956902041,0.40126736071104574,0.3852796609225573,0.4350827382570508,0.46498314892535797,0.5305357622407258,0.4399814706423098,0.13796506095257083,0.18810178512696768,0.16097156315754052,0.1673951094790439,0.19462226365576424,0.5200210847992953,0.373914320943182,0.451880628322503,0.47938952987653727,0.528171991762707,0.3438907359734962,0.5478273561798043
115,0.09547461368653432,0.32757496715360723,0.16749297880215075,0.1339955849889627,0.11472317763230944,0.0999544626593809,0.11278195488721865,0.12465640461792304,0.3275421563617783,0.42862481315396117,0.47130242825607066,0.2204379562043796,0.13235986811116346,0.37219235611776647,0.3491792212839133,0.3389257728078441,0.18106961046774117,0.3148538025045635,0.3838703596134127,0.4254508476503889,0.48467822179115516,0.5349373036189674,0.4735492370307032,0.1405145451075211,0.1665984791364287,0.16464762641655878,0.16152166052541067,0.20375616050603476,0.5824541699496929,0.5175573449749606,0.49087508812411595,0.5279156105034527,0.5461168901607754,0.3146647724057263,0.33835029212204704
116,0.08487858719646768,0.2498122506313738,0.16077354403435482,0.1324503311258276,0.1164983912126929,0.08037340619307809,0.07568100579317205,0.074491478834525,0.28564128768523256,0.3867713004484305,0.555187637969095,0.37007299270072996,0.25906735751295334,0.38192189910068564,0.4406884525199182,0.2839939527373012,0.12987272887822243,0.34106531704348164,0.2738596821809673,0.1901789307211444,0.4613455216906609,0.5074984131052849,0.3637152048010627,0.14996160435431283,0.15308087073316312,0.17324552124855244,0.17808727077072092,0.19391965620574342,0.5064024961982859,0.5445716744151736,0.4410084199573614,0.4770458213858048,0.5524287786804498,0.5403553339778322,0.3956683749759986
117,0.07924944812362034,0.2963014712612768,0.17128966349411184,0.11467991169977987,0.1283701320315105,0.07137978142076529,0.04511278195488755,0.04975261132490427,0.34184977005620854,0.32772795216741407,0.5860927152317881,0.5138686131386861,0.31983042863871874,0.3727149339162814,0.41621149571403926,0.30649057923382905,0.20242397701303894,0.3133696601317979,0.3438907359734962,0.28881517153703895,0.48586545259794883,0.4805798870705034,0.4408939537881929,0.15167193798566847,0.1576385367071531,0.18791207758124506,0.21179610173673286,0.21991613185651337,0.5478273561798043,0.5667941606434154,0.42685634145316503,0.4284137201385344,0.5177532427156775,0.5012980469554584,0.33458054880903587
118,0.09558498896247247,0.22791789171083643,0.1425816422237722,0.09547461368653432,0.13469433041162837,0.0817395264116576,0.030814741772463794,0.04439252336448618,0.5063873275421564,0.36173393124065767,0.6490066225165563,0.7065693430656934,0.4079133301931229,0.32757496715360723,0.37219235611776647,0.30033516913459835,0.2646835826202931,0.3244599715619856,0.3146647724057263,0.2549509160071652,0.4222695610095455,0.3456432640364397,0.35576049104359403,0.16749297880215075,0.16012983619645105,0.19700924705536835,0.2481653950385678,0.22342916910661742,0.33835029212204704,0.4480965407388931,0.3044077922405844,0.28506761373898903,0.43820987341397394,0.6610354501126973,0.5961370422342868
119,0.10408388520971323,0.32964845385744823,0.14804645531901434,0.08487858719646768,0.133141018528792,0.09699453551912596,0.04449648711943821,0.05057724024189092,0.5947879407256005,0.3957399103139014,0.5860927152317881,0.6817518248175183,0.42298634008478564,0.2498122506313738,0.38192189910068564,0.31712187976832773,0.1737605601775467,0.3112208109308199,0.5403553339778322,0.38282358731948896,0.5090804059943116,0.5446281868896014,0.4792876950305565,0.16077354403435482,0.1693612934036674,0.2028535054381892,0.26431280901942367,0.23396828085692956,0.3956683749759986,0.4329743122170854,0.3028803317506923,0.2627410666927747,0.4271374711144292,0.15675621398912626,0.5623508014131084
120,0.11346578366445925,0.34507514154524266,0.1455769831753505,0.07924944812362034,0.11527793187617963,0.10735428051001827,0.07543448785899187,0.07737768004398138,0.6642820643842616,0.4876681614349776,0.5794701986754968,0.5605839416058395,0.37117286858219495,0.2963014712612768,0.3727149339162814,0.387389296434943,0.33689116156491217,0.11971496984984142,0.5012980469554584,0.4170620232149025,0.4530343245247202,0.39207015411141344,0.6794920497985598,0.17128966349411184,0.17103259357395947,0.18944868530296124,0.2761994080649244,0.22794876178962128,0.33458054880903587,0.4171018684501373,0.33885813391020936,0.23157597144578518,0.435081044195032,0.28481891835788875,0.6377129657607241
121,0.11953642384106011,0.4037318335020341,0.1724686782144448,0.09558498896247247,0.09597248418950466,0.11771402550091103,0.11093307038087019,0.12122045079714194,0.6167603474706184,0.5732436472346787,0.5397350993377483,0.3905109489051095,0.2468205369759774,0.22791789171083643,0.32757496715360723,0.3491792212839133,0.10090449021408077,0.09862896593347337,0.6610354501126973,0.5613295122536527,0.5520301406291654,0.696396632344001,0.7635991383594547,0.1425816422237722,0.1864925644977768,0.16779140519355068,0.27385798349334056,0.21986505229489686,0.5961370422342868,0.4591417014160404,0.4966225914274605,0.2976237416031406,0.520802041480583,0.32227390596639466,0.530076689563295
122,0.12615894039735087,0.1044055998928286,0.1707514658121759,0.10408388520971323,0.08532120270720078,0.11953551912568283,0.15111549365216392,0.1684991753710836,0.6080735820132857,0.6315396113602392,0.5883002207505519,0.19635036496350367,0.11304757418747055,0.32964845385744823,0.2498122506313738,0.4406884525199182,0.024730174164732333,0.22875354636931,0.15675621398912626,0.25337728462826287,0.15260444531463208,0.46591108391867264,0.3128306348719999,0.14804645531901434,0.17992648156179267,0.15417700414621166,0.2510231276629963,0.21872914683044822,0.5623508014131084,0.47813719964734935,0.5357145981987184,0.3428343706011665,0.5191923118861007,0.7428192228620838,0.52562552675827
123,0.14216335540838854,0.22168145008981455,0.18430191694902448,0.11346578366445925,0.0796627094197273,0.13171675774134828,0.1852582275360537,0.20450797141286525,0.6387327542156362,0.7047832585949179,0.630242825607064,0.10000000000000002,0.057936881771078655,0.34507514154524266,0.2963014712612768,0.41621149571403926,0.15138252701876098,0.17855252652658749,0.28481891835788875,0.3517639709739221,0.2974728582216609,0.4562264332965702,0.48869287189298943,0.1455769831753505,0.1902026007479501,0.1587673052230442,0.22212878729733415,0.2339697563325746,0.6377129657607241,0.4896598065595522,0.5643859381341967,0.43571563713151074,0.5172127495671651,0.5873476077911418,0.42325702772969725
124,0.15320088300220736,0.31012635508272623,0.18831310023782943,0.11953642384106011,0.09608343503827843,0.1382058287795993,0.19388635523234354,0.20821880153930739,0.6617271333673991,0.6868460388639761,0.6777041942604857,0.12189781021897811,0.09232218558643429,0.4037318335020341,0.22791789171083643,0.37219235611776647,0.23918162448145175,0.2864301740787596,0.32227390596639466,0.569740656870639,0.43284834963251595,0.45689346454778096,0.4817564874586327,0.1724686782144448,0.16214975774805057,0.16127644362715265,0.18996354225954895,0.2373158540525537,0.530076689563295,0.6139081000013388,0.5691020385519794,0.5139881175450152,0.5193525371277545,0.516448919315283,0.3799050574176821
125,0.14823399558498895,0.34526274690466074,0.18564969305383078,0.12615894039735087,0.10462665039387575,0.13661202185792343,0.1884629606803898,0.20450797141286525,0.6080735820132857,0.641255605381166,0.6434878587196469,0.12116788321167883,0.08384361752237399,0.1044055998928286,0.32964845385744823,0.38192189910068564,0.23910326239861135,0.33556705233027095,0.7428192228620838,0.4771810903500443,0.45881361935872694,0.4932655107984155,0.4729864106230188,0.1707514658121759,0.16748985215375634,0.17057400255333294,0.1685621233830544,0.24007112916781032,0.52562552675827,0.5830419004093218,0.5300282138017537,0.5539693713585875,0.5062908110945519,0.39119977399877776,0.3780739370019279
126,0.13278145695364252,0.3388909366295554,0.17743941697463797,0.14216335540838854,0.11405747253966547,0.11828324225865217,0.16048317515099253,0.17990654205607548,0.46244251405212067,0.5571748878923767,0.6666666666666667,0.18467153284671534,0.10221384832783796,0.22168145008981455,0.34507514154524266,0.3727149339162814,0.20852044168536743,0.2772950731532813,0.5873476077911418,0.4468832502777183,0.4617110885569724,0.5182721882215162,0.5218474646514683,0.18430191694902448,0.1650767386310072,0.17225727004489202,0.15388799118618401,0.23560107031003294,0.42325702772969725,0.5612417038096764,0.49801985413529115,0.5668986347818507,0.49634698609714245,0.44725348990258207,0.438602345769488
127,0.10761589403973515,0.37094961988945485,0.17223516378454745,0.15320088300220736,0.12015976922223492,0.09847449908925343,0.1193146801429803,0.12493128092358496,0.2948390393459377,0.4514200298953662,0.6070640176600441,0.262043795620438,0.18323127649552517,0.31012635508272623,0.4037318335020341,0.32757496715360723,0.3232531806189449,0.1945732391689443,0.516448919315283,0.409914546511421,0.5406064991227005,0.43288114488718066,0.6359978975587355,0.18831310023782943,0.1913547078379028,0.18782794187218074,0.17626361964853662,0.2307990294321207,0.3799050574176821,0.4393601713089851,0.4301827763456141,0.5069719985300515,0.49464826986844934,0.2759512604971206,0.48764214636187486
128,0.08852097130242864,0.3064744923517395,0.16918251076569651,0.14823399558498895,0.12681682014867413,0.0875455373406191,0.06853198570195973,0.08534909290819215,0.22943280531425658,0.36434977578475336,0.522075055187638,0.43649635036496354,0.23739990579368814,0.34526274690466074,0.1044055998928286,0.2498122506313738,0.26453016012910524,0.3158904960943314,0.39119977399877776,0.7363352597492082,0.5541861379901633,0.4269400014633301,0.44956472137421416,0.18564969305383078,0.18967668588491987,0.18121484259206097,0.18434786353800223,0.24293544895931016,0.3780739370019279,0.43428895335491696,0.44201346744858694,0.4826607874888741,0.45867778528395153,0.6072241513641473,0.5984938513403413
129,0.08476821192052997,0.34468259352291497,0.1738389095377613,0.13278145695364252,0.14290469322090305,0.0817395264116576,0.04498952298779768,0.04384277075316234,0.28359734287174254,0.2974588938714499,0.5408388520971302,0.551094890510949,0.36363636363636365,0.3388909366295554,0.22168145008981455,0.2963014712612768,0.22616601620166676,0.33025476900832196,0.44725348990258207,0.6264386045328793,0.5457230065824363,0.5060287052427995,0.47744154878706974,0.17743941697463797,0.20291788682803616,0.1915645437845296,0.21558760598018284,0.26282858447398433,0.438602345769488,0.40051457396532325,0.4231073666353239,0.42604382537992946,0.42371860955805657,0.48513558187519734,0.6638883420419678
130,0.09768211920529835,0.24050341825169852,0.17905916909863082,0.10761589403973515,0.15399977809830245,0.09858834244080139,0.04116849500801223,0.03257284222100054,0.4598875830352581,0.3038116591928251,0.5066225165562914,0.659124087591241,0.45737164390014123,0.37094961988945485,0.31012635508272623,0.22791789171083643,0.09819725762916676,0.12704422567625429,0.2759512604971206,0.35870944320012743,0.5091406541707076,0.5306001058113622,0.5585286303614128,0.17223516378454745,0.20683752635961625,0.16331082879849673,0.21903694012806268,0.28224036362464927,0.48764214636187486,0.4051059344665672,0.5325752972762573,0.43046982987638627,0.39128622697643806,0.6448341822555917,0.786974171680934
131,0.1108167770419426,0.4394919327096254,0.19957053954754816,0.08852097130242864,0.14900698990347294,0.10735428051001827,0.04412671021816905,0.050302363936229,0.6090955544200307,0.3650971599402093,0.5529801324503312,0.7284671532846716,0.4526613283089967,0.3064744923517395,0.34526274690466074,0.32964845385744823,0.07998826289842853,0.3179524452744289,0.6072241513641473,0.5864483184008454,0.6085362533960763,0.7549355610894315,0.5925300155011681,0.16918251076569651,0.2042349038077543,0.16868916087478072,0.21455889759864,0.29915205468590517,0.5984938513403413,0.49311010848545966,0.5811222750901711,0.48663659826832506,0.40269294951354245,0.32601908497752485,0.7025133146723961
132,0.11854304635761581,0.3806021425338493,0.21812800834695467,0.08476821192052997,0.13347387107511421,0.11703096539162106,0.08061136447676587,0.08095107201759255,0.6622381195707716,0.44357249626307926,0.5364238410596027,0.5635036496350365,0.3805934997644842,0.34468259352291497,0.3388909366295554,0.34507514154524266,0.21347063522320298,0.11360155497963653,0.48513558187519734,0.5134533185315836,0.5325863626773805,0.5562413089380359,0.7240578601376569,0.1738389095377613,0.19621200373858833,0.1662587682867304,0.20781304922932037,0.28942754601314713,0.6638883420419678,0.5947582587159809,0.648964666639516,0.5432472576652315,0.47154477602345185,0.4407015001482111,0.6292460952096116
133,0.1274834437086092,0.40343237865064197,0.24951292977500747,0.09768211920529835,0.10817707755464356,0.12329234972677616,0.12375200295821553,0.134277075316108,0.6438426162493613,0.5590433482810164,0.565121412803532,0.36715328467153285,0.23598681111634479,0.24050341825169852,0.37094961988945485,0.4037318335020341,0.1253271801360576,0.01130371684385878,0.6448341822555917,0.5006266542295933,0.49597247186730714,0.6708620227441897,0.8468995899516953,0.17905916909863082,0.19112652270530747,0.19272490052102964,0.1829894409316059,0.3175493740698575,0.786974171680934,0.733702422120994,0.6634618407565163,0.6678376185237379,0.4837479412617617,0.49063539189351607,0.4049839706176893
134,0.1367549668874175,0.3488650212947455,0.2520702451460744,0.1108167770419426,0.08898258071674281,0.13012295081967196,0.16048317515099253,0.17152281473337005,0.6259580991313235,0.6550822122571002,0.5916114790286976,0.21094890510948908,0.14790390956194063,0.4394919327096254,0.3064744923517395,0.1044055998928286,0.15244168312059436,0.17169055813768352,0.32601908497752485,0.5143975129810993,0.7461109396509338,0.5864957821004545,0.6338473631836548,0.19957053954754816,0.18814353773868175,0.19103486311554974,0.1885148233130552,0.35467914956534774,0.7025133146723961,0.7550057822760273,0.6772533945385119,0.6617573021818569,0.40325851996654327,0.5287980244978987,0.3282239006299957
135,0.14713024282560738,0.3811829562504947,0.2550531183253723,0.11854304635761581,0.08521025185842701,0.14663023679417098,0.18439541476642463,0.20368334249587772,0.6382217680122637,0.702914798206278,0.5353200883002208,0.13795620437956208,0.08195949128591615,0.3806021425338493,0.34468259352291497,0.22168145008981455,0.12672402728981425,0.2727252686613024,0.4407015001482111,0.5062107418421835,0.6592857218290437,0.6464386457643225,0.5723064147628689,0.21812800834695467,0.1926936675601549,0.2043708774910245,0.2087499958742109,0.3591296478317165,0.6292460952096116,0.7486507164443821,0.6431576236194116,0.6250088894501037,0.40026031951128405,0.4618314979566889,0.28850847012207337
136,0.15927152317880777,0.44372596495125016,0.23876608046473236,0.1274834437086092,0.0981915011649841,0.15801457194899804,0.1999260446197466,0.2194887300714683,0.6530403679100665,0.7002989536621824,0.5463576158940397,0.12627737226277375,0.07960433349034385,0.40343237865064197,0.24050341825169852,0.31012635508272623,0.15693498110774762,0.5180834011760176,0.49063539189351607,0.7379387294809819,0.6328145239285231,0.6798332564083744,0.40548877492028573,0.24951292977500747,0.1977947896646971,0.20831858354611663,0.20842174704591232,0.3607351409853866,0.4049839706176893,0.6669786514546286,0.5776664106700704,0.588762382686983,0.35603915524966784,0.33340411108221885,0.3323246769099263
137,0.15033112582781438,0.41950961563521183,0.2250063162660361,0.1367549668874175,0.11139465216908961,0.15289162112932608,0.1929002834956246,0.20959318306761965,0.5687276443536025,0.625560538116592,0.5066225165562914,0.10875912408759125,0.07536504945831371,0.3488650212947455,0.4394919327096254,0.34526274690466074,0.18296822784588684,0.4475327495861201,0.5287980244978987,0.4277051859818871,0.5721572601174023,0.6279322652300607,0.44666449937663055,0.2520702451460744,0.2178380468957605,0.20569732495222678,0.19768544242753852,0.32536584682096653,0.3282239006299957,0.5368370403839041,0.5418645601107988,0.5806324844161468,0.4045778556897164,0.39288874148603437,0.3599122095219942
138,0.13697571743929382,0.3985686046863677,0.21954678130462935,0.14713024282560738,0.11916121158326876,0.1369535519125682,0.16516701590040705,0.17784496976360753,0.45886561062851305,0.5541853512705531,0.5275938189845475,0.18467153284671534,0.12717852096090437,0.3811829562504947,0.3806021425338493,0.3388909366295554,0.19633957398985658,0.3135061088308788,0.4618314979566889,0.4804503818166796,0.5572678408279076,0.5924922720237202,0.5521967127168725,0.2550531183253723,0.23597199468000377,0.19761697702041642,0.16397759537064202,0.29981735368032986,0.28850847012207337,0.4456345869296374,0.5507396911376553,0.6407349663338084,0.450768968755769,0.36337554197467203,0.2903206725902867
139,0.11743929359823424,0.3589724163360941,0.21257386382867913,0.15927152317880777,0.12814823033396205,0.11099726775956276,0.11980771601134022,0.1257559098405725,0.312212570260603,0.4577727952167414,0.5838852097130243,0.32408759124087594,0.22232689590202542,0.44372596495125016,0.40343237865064197,0.37094961988945485,0.1238680507567107,0.45706650195947596,0.33340411108221885,0.39368358586545504,0.48403805619999,0.6264480169395696,0.37157132883024757,0.23876608046473236,0.26664064526704334,0.19249508147201486,0.15564611814812757,0.27439118449674177,0.3323246769099263,0.29997407689730127,0.5450331827432339,0.6428316085126481,0.4929138932526394,0.38552643351064697,0.26045097586583293
140,0.09757174392936019,0.3820646087118824,0.204678450259636,0.15033112582781438,0.137468101630978,0.09130236794171243,0.08184395414766454,0.08122594832325536,0.26162493612672466,0.3591180866965621,0.576158940397351,0.41751824817518257,0.29015544041450775,0.41950961563521183,0.3488650212947455,0.3064744923517395,0.097219814458537,0.45334127103318167,0.39288874148603437,0.5016229779219036,0.5735300311852516,0.6778231075379002,0.40030075072174315,0.2250063162660361,0.26913959724740466,0.18949073688366186,0.15058847639084608,0.28363124533271045,0.3599122095219942,0.260280760689977,0.5294082538334423,0.635794840612531,0.4516856214716102,0.259582371357025,0.3235839006150604
141,0.1011037527593821,0.3376515442247694,0.18442566868343546,0.13697571743929382,0.14789748141573344,0.08743169398907069,0.04326389744853998,0.05387575590984106,0.3398058252427185,0.335949177877429,0.6490066225165563,0.6693430656934307,0.39896373056994816,0.3985686046863677,0.3811829562504947,0.34468259352291497,0.05157807747147203,0.4619008351665901,0.36337554197467203,0.39497418250187205,0.48909292271090116,0.6790921589450465,0.3437098639627853,0.21954678130462935,0.27205439489923416,0.1940734478454639,0.14785669808935106,0.2846425082355254,0.2903206725902867,0.17204541116750988,0.44904000764225344,0.595719586350848,0.39900119561225666,0.4292815593879415,0.41766954347040974
142,0.10982339955849918,0.31567211449982224,0.17110327525917324,0.11743929359823424,0.16010207478087235,0.1007513661202184,0.04659188955996596,0.049340296866410505,0.4706182933060808,0.3243647234678625,0.6070640176600441,0.7072992700729928,0.45171926519076777,0.3589724163360941,0.44372596495125016,0.24050341825169852,0.1449075429282658,0.3836954363365397,0.38552643351064697,0.27749602752517755,0.5730993486182833,0.5599937696732934,0.39465354945640824,0.21257386382867913,0.25613906197762987,0.1992110964627967,0.14719273388840276,0.29731280403361315,0.26045097586583293,0.18330338692959725,0.3892130490947944,0.5669212945322734,0.33626627582794744,0.5145931873329611,0.5253899858653683
143,0.11986754966887414,0.23860011530571157,0.1766281850010673,0.09757174392936019,0.1511150560301786,0.11429872495446247,0.05682238382842364,0.055387575590984284,0.6090955544200307,0.3886397608370703,0.576158940397351,0.7131386861313869,0.47385774846914736,0.3820646087118824,0.41950961563521183,0.4394919327096254,0.21986321092339978,0.476108844706026,0.259582371357025,0.20403169848516267,0.29097126011939806,0.4029698882247406,0.22217411125129793,0.204678450259636,0.24269332494313525,0.21939787315420853,0.1570520614713758,0.2841443595534607,0.3235839006150604,0.25653523528851363,0.340859970157755,0.5582537148987597,0.3807930348171324,0.5830128173618657,0.458963533571407
144,0.13013245033112586,0.32914999935722555,0.17637542324101838,0.1011037527593821,0.137690003328526,0.12226775956284142,0.0843091334894619,0.09112149532710401,0.6402657128257537,0.46860986547085204,0.6015452538631347,0.6182481751824818,0.3951954780970325,0.3376515442247694,0.3985686046863677,0.3806021425338493,0.19163389403493447,0.440006090355034,0.4292815593879415,0.3589934445646462,0.44369549104212924,0.5256526308582652,0.35541375066304093,0.18442566868343546,0.2373583882129942,0.23766166881546993,0.18924235781217102,0.2802466447244702,0.41766954347040974,0.2763074972772705,0.28016968571727896,0.4884545555298808,0.38928143945279076,0.44073858934920573,0.4467761125938986
145,0.13686534216335566,0.37501950271021833,0.18595143298562283,0.10982339955849918,0.11805170309552926,0.13148907103825147,0.13336620239122476,0.13840021990104567,0.6310679611650486,0.5575485799701047,0.5794701986754968,0.3722627737226278,0.2618935468676401,0.31567211449982224,0.3589724163360941,0.40343237865064197,0.18516563271568742,0.3747250074337014,0.5145931873329611,0.47778263193448545,0.4672411417394132,0.579710415912255,0.46791080014726927,0.17110327525917324,0.23054460758485365,0.26854992184192966,0.24613289001691546,0.2768693512337102,0.5253899858653683,0.33915058876286625,0.20980430400533792,0.3878369350696496,0.4209727597500626,0.34977554408749334,0.3753722176187513
146,0.14933774834437097,0.3523621127653893,0.17735590605006968,0.11986754966887414,0.09808055031621032,0.1410519125683063,0.1755207691359546,0.1745464540956574,0.6423096576392437,0.6670403587443947,0.6114790286975718,0.2051094890510949,0.19123881300047102,0.23860011530571157,0.3820646087118824,0.3488650212947455,0.1798590339539281,0.25351598387685037,0.5830128173618657,0.41419506131908446,0.499852463042299,0.5617894109521696,0.5592980435840542,0.1766281850010673,0.22282938419185447,0.27106676753265574,0.27514652761830444,0.26494223846588194,0.458963533571407,0.3364919700043505,0.17382020642774051,0.30594096547962296,0.4275131376810145,0.3551708789761706,0.4242709425957596
147,0.15916114790287006,0.3297603103742599,0.17451243380901038,0.13013245033112586,0.10163097747697813,0.15175318761384338,0.19314680142980434,0.21261682242990698,0.6402657128257537,0.6883408071748879,0.6059602649006623,0.16569343065693432,0.10268487988695242,0.32914999935722555,0.3376515442247694,0.3811829562504947,0.28094975968375735,0.28301215454893835,0.44073858934920573,0.44451064232307513,0.44372563666804526,0.43403187029636386,0.5064235073490262,0.17637542324101838,0.2030388142839449,0.2740024365519078,0.2874639811632623,0.26597542272113756,0.4467761125938986,0.4026022866833944,0.15502178927425164,0.27300077141293666,0.4180318459812039,0.48293449369623587,0.3906432951604623
148,0.16412803532008846,0.3032862690172049,0.16890993946825789,0.13686534216335566,0.11039609453012389,0.1642759562841527,0.20350055466535233,0.22526113249038016,0.6320899335717935,0.6756352765321375,0.5342163355408389,0.13722627737226278,0.08054639660857277,0.37501950271021833,0.31567211449982224,0.44372596495125016,0.36357424106621217,0.3962668448021187,0.34977554408749334,0.43826355939797684,0.352752067705281,0.3213479502074217,0.36911858019646354,0.18595143298562283,0.19002046629003944,0.2579731421136776,0.2995202173051903,0.2704780825645959,0.3753722176187513,0.4319179225490229,0.18949494383176774,0.2343625955217652,0.39358081677050233,0.46394666002293883,0.5081363820974858
149,0.15971302428256084,0.2849198265623354,0.17070893648816401,0.14933774834437097,0.12049262176855668,0.1550546448087431,0.19930974978429683,0.2160527762506872,0.5539090444557997,0.6266816143497758,0.5794701986754968,0.13284671532846717,0.09326424870466321,0.3523621127653893,0.23860011530571157,0.41950961563521183,0.4134587070460043,0.4124788781674109,0.3551708789761706,0.5198587029014147,0.35873055053429587,0.25085405424136886,0.33358053482983363,0.17735590605006968,0.19541928580875356,0.24443112706903072,0.30017210942975775,0.28771697791532647,0.4242709425957596,0.41776909761707137,0.23969452224277057,0.23704229858995632,0.35773029570026843,0.4471203786239469,0.5444336381892126
150,0.14856512141280387,0.3639293185955008,0.16071715134127154,0.15916114790287006,0.13081105070453836,0.14127959927140266,0.16319487242696917,0.17743265530511287,0.45682166581502304,0.5541853512705531,0.6015452538631347,0.27299270072992704,0.17804992934526614,0.3297603103742599,0.32914999935722555,0.3985686046863677,0.3392372893083824,0.4144760120173654,0.48293449369623587,0.5038186549889873,0.4608778803996594,0.40912072145366435,0.4177591698340723,0.17451243380901038,0.19517229261112912,0.23905798959977442,0.29758049281969995,0.28004900124877935,0.3906432951604623,0.3807860152986242,0.2250714397641637,0.2199460121091725,0.3508398543746796,0.3817905290079817,0.6896760559738506
151,0.1241721854304636,0.3223541206056719,0.18009045559939832,0.16412803532008846,0.13757905247975177,0.12112932604735915,0.12510785159620408,0.13936228697086417,0.32089933571793566,0.4488041853512706,0.5529801324503312,0.33722627737226285,0.2044276966556759,0.3032862690172049,0.37501950271021833,0.3589724163360941,0.37403735992206855,0.29822101701463666,0.46394666002293883,0.3822788323385491,0.4588553738146277,0.33023546757503425,0.4837887753956291,0.16890993946825789,0.20452975739078785,0.23219541899167156,0.2758354314730015,0.2858538034793613,0.5081363820974858,0.41799037708105363,0.31007622936092,0.31066367764850106,0.3853970044275674,0.43801271414983584,0.5673344671033539
152,0.11136865342163382,0.290605619126838,0.18960525089707742,0.15971302428256084,0.15011649839121288,0.10063752276867044,0.09170467151485262,0.0874106652006601,0.282064384261625,0.36322869955156956,0.6236203090507726,0.4503649635036497,0.3278379651436646,0.2849198265623354,0.3523621127653893,0.3820646087118824,0.3696378716394655,0.35761884383151177,0.4471203786239469,0.3696430514785206,0.4028093282412329,0.30198766054584303,0.3923124873696264,0.17070893648816401,0.19613039871142082,0.22442495085052258,0.27069318050987135,0.3017665975289226,0.5444336381892126,0.4867627284104522,0.36624941261615274,0.3433095500694662,0.37181844928154284,0.46250450928809783,0.47485025339937315
153,0.10231788079470228,0.3176578258361076,0.21048800883328375,0.14856512141280387,0.15999112393209813,0.10428051001821492,0.05509675828916594,0.05607476635514086,0.2917731221257026,0.2993273542600897,0.49779249448123625,0.6072992700729927,0.39660857277437583,0.3639293185955008,0.3297603103742599,0.3376515442247694,0.3781889978230719,0.29399268196636186,0.3817905290079817,0.4386574041753893,0.475845345199831,0.3210967577834897,0.4827207991022029,0.16071715134127154,0.19335182057112169,0.20449267084627354,0.26290075987719674,0.3111126818290994,0.6896760559738506,0.5768609948277621,0.4989712091794315,0.4074465480272765,0.4018431805652429,0.40216406257459636,0.41379400900338725
154,0.11633554083885222,0.3207965240532946,0.20385485634102984,0.1241721854304636,0.1649839121269281,0.11327413479052861,0.045852335757426754,0.049065420560748585,0.4695963208993358,0.32997010463378174,0.5507726269315674,0.7547445255474454,0.48045219029674985,0.3223541206056719,0.3032862690172049,0.31567211449982224,0.38613181506885574,0.1187423082750918,0.43801271414983584,0.47981629729044517,0.5015155481898794,0.31613475691379217,0.6539687842416078,0.18009045559939832,0.18787718709955828,0.1913811051554052,0.271063932816341,0.34323336505723073,0.5673344671033539,0.5729471614026727,0.5205537162928484,0.3748420784218186,0.31023534356774835,0.5008415026516218,0.43763949069275876
155,0.1274834437086092,0.3085265181713961,0.19371005161233096,0.11136865342163382,0.16054587817596833,0.12363387978142049,0.05682238382842364,0.057174271577790314,0.5804803270311703,0.38266068759342303,0.5618101545253863,0.7635036496350367,0.5002355157795572,0.290605619126838,0.2849198265623354,0.23860011530571157,0.42206544185782846,0.28611611267144,0.46250450928809783,0.48828976461894263,0.5677418340944846,0.26634696734994784,0.4803140156328865,0.18960525089707742,0.18963512717078343,0.19681858284503997,0.26440003500483467,0.3470203840824704,0.47485025339937315,0.5275916277194298,0.46999615266727734,0.36615611587819397,0.2761725089270603,0.23939255255380348,0.4837464182304544
156,0.1389624724061811,0.2875895465051723,0.20161393136095968,0.10231788079470228,0.14933984244979515,0.1342213114754096,0.08615801799580947,0.09029686641011647,0.6755237608584568,0.45926756352765324,0.5739514348785872,0.6656934306569344,0.43570419218087614,0.3176578258361076,0.3639293185955008,0.32914999935722555,0.537257745781039,0.3261941593130757,0.40216406257459636,0.34937368067076774,0.4538045922908912,0.12574395983800285,0.41911983055609986,0.21048800883328375,0.1798713758702332,0.196569821056112,0.27813435954449306,0.3441505488224879,0.41379400900338725,0.5955488367418953,0.49631315562351175,0.3545527629902564,0.3025224291016946,0.3661292406994368,0.38396961578488653
157,0.14260485651214116,0.3692071014662872,0.20004967239846916,0.11633554083885222,0.12481970487074223,0.14116575591985425,0.1307777640823371,0.13977460142935705,0.627491057741441,0.5541853512705531,0.543046357615894,0.4255474452554745,0.28167687235044747,0.3207965240532946,0.3223541206056719,0.37501950271021833,0.41526419612901755,0.361598668159667,0.5008415026516218,0.520599896960044,0.4903383556108839,0.3360465089956056,0.4741478251783363,0.20385485634102984,0.19880254000811198,0.20599428983017767,0.2750508162890327,0.32382341268593584,0.43763949069275876,0.5160402871288166,0.4603696261468321,0.35763493924145073,0.346179288278885,0.3639837377412087,0.34577683113363966
158,0.15132450331125868,0.14900492097020468,0.1997059322788893,0.1274834437086092,0.11194940641295936,0.1540300546448088,0.12707999506964152,0.1826553051127,0.6162493612672458,0.6270553064275037,0.5055187637969095,0.505109489051095,0.17192651907677814,0.3085265181713961,0.290605619126838,0.3523621127653893,0.3691736070323124,0.32580461989829423,0.23939255255380348,0.2586671969353356,0.2884516988998598,0.1562129405920195,0.2684867815477353,0.19371005161233096,0.20810018738507507,0.19753478766160432,0.27573138831760324,0.3113726465856071,0.4837464182304544,0.47860336841596585,0.4869936107609839,0.3553914738850383,0.3744464719118282,0.73041281005002,0.30301775800976716
159,0.16810154525386345,0.22886252185690736,0.18640000821960215,0.1389624724061811,0.10285143681349229,0.16416211293260474,0.14852705534327626,0.21550302363936247,0.6407766990291263,0.7144992526158446,0.5750551876379691,0.489051094890511,0.13094677343382005,0.2875895465051723,0.3176578258361076,0.3297603103742599,0.3658862070159721,0.4458755745006986,0.3661292406994368,0.332061675328609,0.393163072551605,0.2420904062285041,0.24051652352747044,0.20161393136095968,0.2285063562489165,0.19473631355177115,0.25834313235868506,0.3248302913182627,0.38396961578488653,0.3487748640192484,0.45323702416381206,0.36259637413199985,0.30991093264513414,0.7103956560958204,0.3227271167277502
160,0.17759381898454762,0.3087737433422948,0.17671701374468782,0.14260485651214116,0.11694219460778887,0.1692850637522767,0.14926660914581547,0.22663551401869153,0.6678589678078692,0.6991778774289985,0.620309050772627,0.5474452554744527,0.13330193122939238,0.3692071014662872,0.3207965240532946,0.3032862690172049,0.44492515420049195,0.5357620482398868,0.3639837377412087,0.4387681849187396,0.5018865928157941,0.2429913468200592,0.24151076419569814,0.20004967239846916,0.222024586442934,0.18922247904454842,0.26160803588301196,0.3482592917990921,0.34577683113363966,0.33719335808967454,0.4400714910238051,0.33360614972540836,0.23105465847971668,0.6763892575506004,0.32870101873458657
161,0.16931567328918362,0.3799951612906618,0.1672838707805899,0.15132450331125868,0.12814823033396205,0.16473132969034632,0.1463083939356591,0.21632765255635,0.5891670924885029,0.6334080717488789,0.5816777041942605,0.5102189781021897,0.13330193122939238,0.14900492097020468,0.3085265181713961,0.2849198265623354,0.3649409165350015,0.4281245187457756,0.73041281005002,0.5548133276127535,0.593443518048963,0.3991662022291434,0.42219455943453843,0.1997059322788893,0.2121113077937761,0.1909930068208276,0.26097142575108845,0.36687143341088835,0.30301775800976716,0.3398958308713586,0.4038315433873428,0.31357305454465134,0.16408535530905405,0.5034073793306733,0.44910880753984755
162,0.15000000000000036,0.4439329799417635,0.15816761427269885,0.16810154525386345,0.13968711860645788,0.15323315118397085,0.1290521385430794,0.18842770753161098,0.4220746039856924,0.5291479820627802,0.5,0.4846715328467154,0.14649081488459725,0.22886252185690736,0.2875895465051723,0.3639293185955008,0.40333724125145665,0.44610425455932123,0.7103956560958204,0.6727812182253519,0.5780405821291948,0.4255470879571387,0.4746449455124502,0.18640000821960215,0.21983480415008708,0.18115934231697528,0.26955334622291494,0.3491763701732317,0.3227271167277502,0.2752633646328656,0.40665639351179106,0.2744343382724556,0.1828226702355889,0.3724706019501359,0.45329238095531466
163,0.12825607064017674,0.49679867534009503,0.14975450705040355,0.17759381898454762,0.14334849661599947,0.1280737704918029,0.11746579563663273,0.1430731170973063,0.27746550843127243,0.4431988041853513,0.5264900662251656,0.40948905109489053,0.20913801224682055,0.3087737433422948,0.3692071014662872,0.3223541206056719,0.3389257728078441,0.42385121501487966,0.6763892575506004,0.6328188664936992,0.6745572058768133,0.5466784307726305,0.5535595932386829,0.17671701374468782,0.21830624491318595,0.20022606278831398,0.2734940069014177,0.3309088575156707,0.32870101873458657,0.24925546744256977,0.31700490247893764,0.24687203829746324,0.20464590688301873,0.30122820019056556,0.5501792179936564
164,0.11103752759381891,0.4304463983332578,0.16591674813259,0.16931567328918362,0.15211361366914522,0.11486794171220405,0.09626525329717728,0.09895547003848293,0.23607562595809917,0.3553811659192825,0.48233995584988965,0.42116788321167886,0.28685821950070656,0.3799951612906618,0.14900492097020468,0.290605619126838,0.2839939527373012,0.3420936179711873,0.5034073793306733,0.8466556078596799,0.639192868850094,0.5348826536670016,0.5595550045451168,0.1672838707805899,0.21797034967622292,0.2095902858380167,0.28271076507314397,0.31221921830213717,0.44910880753984755,0.311935475209705,0.3384525596030338,0.26372053815640706,0.2885152919759436,0.3248827192032063,0.3016093354843786
165,0.10860927152317901,0.39024928415130766,0.15768980426233808,0.15000000000000036,0.16897814268279188,0.10553278688524603,0.08652779489707907,0.06940626717976972,0.314256515074093,0.29035874439461884,0.5485651214128036,0.46277372262773725,0.37776731040979744,0.4439329799417635,0.22886252185690736,0.3176578258361076,0.30649057923382905,0.3692160640571469,0.3724706019501359,0.6797909659348531,0.5704654651917704,0.4701285553777135,0.48978126268993527,0.15816761427269885,0.20496809518125989,0.23014257278582798,0.29843299773263376,0.29681170440025834,0.45329238095531466,0.331222454505658,0.2445315373684963,0.2112441727337948,0.30411178133211014,0.3227675218054956,0.2114345115574191
166,0.12052980132450353,0.3864554002433813,0.16987217369178062,0.12825607064017674,0.17851991567735537,0.119990892531876,0.09774436090225569,0.05442550852116579,0.47010730710270826,0.2985799701046338,0.5275938189845475,0.47518248175182487,0.4799811587376354,0.49679867534009503,0.3087737433422948,0.3207965240532946,0.30033516913459835,0.29275856099288333,0.30122820019056556,0.5634488261800927,0.5633805108191029,0.4725676904085736,0.5588666140145468,0.14975450705040355,0.19550608729100125,0.22361439035868647,0.308184967572763,0.2922367111198203,0.5501792179936564,0.4142542453821475,0.3052388941291902,0.21791206690865456,0.345080060954349,0.29163865875521067,0.017568799176745697
167,0.13465783664459208,0.3389157272875867,0.13319529474449296,0.11103752759381891,0.17019860201930603,0.13148907103825147,0.11426106249229662,0.06597031335898862,0.6152273888605008,0.37443946188340804,0.5573951434878588,0.47080291970802923,0.5007065473386717,0.4304463983332578,0.3799951612906618,0.3085265181713961,0.31712187976832773,0.3714022646007962,0.3248827192032063,0.3983821988760978,0.5273356465177462,0.40612729427855637,0.43175302495369566,0.16591674813259,0.18628822876722864,0.21363012781775845,0.3144498867489207,0.2874133109754275,0.3016093354843786,0.3107985609149085,0.21963446062518172,0.12122591314674928,0.26523579686549864,0.20484447854990356,0.16351174109121025
168,0.1481236203090508,0.29703638185368675,0.10579966359397308,0.10860927152317901,0.1507822034838573,0.1433287795992717,0.12547762849747324,0.09510720175920895,0.6888094021461421,0.4854260089686099,0.577262693156733,0.49343065693430666,0.45831370701837015,0.39024928415130766,0.4439329799417635,0.2875895465051723,0.387389296434943,0.14789544287322265,0.3227675218054956,0.2513063994420853,0.505932977220568,0.290294957951317,0.6001605925634581,0.15768980426233808,0.17738002467491454,0.22140892816065616,0.30008020813152875,0.30300775358938437,0.2114345115574191,0.24138424797144375,0.10574232356139046,0.08997226479562473,0.16069581086356455,0.2331092850575559,0.2766101390304234
169,0.15331125827814596,0.2684854959195846,0.07677151490805398,0.12052980132450353,0.12892488627538023,0.14708561020036415,0.1366941945026503,0.15241891148983022,0.657639243740419,0.5766068759342302,0.5927152317880795,0.4613138686131387,0.28403203014601974,0.3864554002433813,0.49679867534009503,0.3692071014662872,0.3491792212839133,0.21149721006731603,0.29163865875521067,0.13814509059210994,0.3933431278738181,0.3002715853016531,0.5081426351180456,0.16987217369178062,0.1691589225019058,0.21986942369692578,0.276864070073756,0.3122993858121845,0.017568799176745697,0.16310044628375708,0.017131433126616247,0.07403915882792614,0.06684145164450193,0.4136042659276456,0.5530826873305417
170,0.16114790286975733,0.15191780572680358,0.07111809120573202,0.13465783664459208,0.11161655386663716,0.15607923497267784,0.13866633797608774,0.19887300714678435,0.628513030148186,0.6614349775784754,0.5838852097130243,0.5014598540145986,0.15826660386245878,0.3389157272875867,0.4304463983332578,0.14900492097020468,0.4406884525199182,0.2496299015874044,0.20484447854990356,0.06835043958162179,0.49925541596250594,0.08535645540005232,0.3446092273265039,0.13319529474449296,0.1849523067736926,0.21953112328686206,0.2622697252302607,0.317513014134319,0.16351174109121025,0.0802573834313724,0.0,0.09259788459194623,0.04060099406829394,0.6172853589685694,0.7469129285595759
171,0.17317880794701956,0.13251765816302807,0.0677640686504459,0.1481236203090508,0.10917563519360973,0.17338342440801435,0.15185504745470313,0.2260857614073677,0.6218702095043435,0.7103886397608371,0.5364238410596027,0.5029197080291972,0.11634479510127178,0.29703638185368675,0.39024928415130766,0.22886252185690736,0.41621149571403926,0.22952496789387133,0.2331092850575559,0.09725624628717061,0.3978160667829498,0.09060010813318697,0.34272365284618567,0.10579966359397308,0.17691311930800654,0.20643576633220806,0.26719042916852587,0.3012943469574656,0.2766101390304234,0.09876187232767686,0.032109321100150856,0.07440615674602932,0.07020174471254075,0.7646348629992133,0.8881907606175503
172,0.17770419426048578,0.24751569015428565,0.09750637926962485,0.15331125827814596,0.12115832686120065,0.18317395264116598,0.1588808085788247,0.23749312809235867,0.6188042922841084,0.6853512705530642,0.48675496688741726,0.4912408759124088,0.09656146961846443,0.2684854959195846,0.3864554002433813,0.3087737433422948,0.37219235611776647,0.33243182554683415,0.4136042659276456,0.26236571740412346,0.43367405548473675,0.254843195995363,0.36948063719551794,0.07677151490805398,0.1888174610859616,0.19690600586807547,0.2698801715231316,0.3030901694432718,0.5530826873305417,0.16544420018864264,0.159313130365014,0.1361018742281747,0.13989791716257066,0.4514787793019152,0.755088095561025
173,0.1737306843267108,0.29293699470769674,0.1330559334914711,0.16114790286975733,0.13536003550427234,0.17463570127504546,0.1571551830395661,0.22319956019791132,0.5641287685232499,0.6240657698056802,0.5298013245033113,0.47518248175182487,0.12859161563824778,0.15191780572680358,0.3389157272875867,0.3799951612906618,0.38192189910068564,0.26413902385555055,0.6172853589685694,0.3915726395661129,0.40730687758276274,0.2917079262194885,0.4843734783128969,0.07111809120573202,0.15297762673633325,0.18762214299851968,0.2798469545420521,0.2832585120804744,0.7469129285595759,0.439717709693751,0.30444759208709227,0.1953238222547447,0.2746072479996462,0.2161162214977683,0.5279660004655433
174,0.15772626931567357,0.39072493602303027,0.15973369214095967,0.17317880794701956,0.14889603905469917,0.15471311475409832,0.13731048933810008,0.19158878504673016,0.4343382728666326,0.5242899850523169,0.5629139072847682,0.4868613138686132,0.1686292981629769,0.13251765816302807,0.29703638185368675,0.4439329799417635,0.3727149339162814,0.26223488070122514,0.7646348629992133,0.585696891818064,0.44190099709798636,0.40221909714274207,0.5927497374072539,0.0677640686504459,0.12620722231480977,0.17865015183660587,0.2816513810570518,0.26480368427673784,0.8881907606175503,0.6450566381239601,0.4199352228368438,0.2519704971490117,0.3840538239017647,0.0,0.3148570327454425
175,0.1384105960264903,0.25666774919440805,0.16118203719935867,0.17770419426048578,0.1541107289470771,0.13228597449908897,0.1158634290644649,0.14802089059923063,0.3239652529381707,0.44133034379671154,0.58719646799117,0.4861313868613139,0.2355157795572303,0.24751569015428565,0.2684854959195846,0.49679867534009503,0.32757496715360723,0.20602485070433474,0.4514787793019152,0.4390531626691508,0.2508697092048394,0.31037971500586975,0.5005062406494284,0.09750637926962485,0.09784155788968397,0.1703701825775872,0.2983428060637189,0.25888983736991267,0.755088095561025,0.7607884350561225,0.4517527139632706,0.21936139054826873,0.40148427602393827,0.2778743960738197,0.32381801021587836
176,0.11655629139072854,0.11490356897665066,0.1484516810678344,0.1737306843267108,0.16198823921003047,0.11452641165755884,0.10403056822383805,0.10665200659703178,0.24118548799182432,0.34080717488789236,0.5408388520971302,0.41167883211678835,0.28403203014601974,0.29293699470769674,0.15191780572680358,0.4304463983332578,0.2498122506313738,0.14777195084576178,0.2161162214977683,0.4040324366328973,0.17380031662312018,0.2442749168881035,0.4018213135729513,0.1330559334914711,0.09231715737319822,0.18627665515441505,0.29125370599660994,0.2755693869296817,0.5279660004655433,0.7339144083498261,0.35853216902727203,0.20572367227901062,0.33084302114852243,0.4240934170183715,0.48065308488716424
177,0.11832229580573994,0.0408127711017201,0.12982833480852768,0.15772626931567357,0.17408188172639516,0.1120218579234975,0.09774436090225569,0.07256734469488801,0.3234542667347982,0.3060538116591929,0.5827814569536425,0.4605839416058395,0.40838436175223736,0.39072493602303027,0.13251765816302807,0.39024928415130766,0.2963014712612768,0.23032230276167276,0.0,0.328017631420223,0.13916167864485657,0.11973217489366117,0.2420356090636508,0.15973369214095967,0.08903968076568386,0.17817990320041185,0.30234836287536737,0.3095100693659744,0.3148570327454425,0.675930498355763,0.32498868766721967,0.13961137435555104,0.20518805980070098,0.6725565271795609,0.7054216379563476
178,0.12726269315673333,0.12775103070198846,0.13318153720266643,0.1384105960264903,0.17863086652612914,0.12431693989071047,0.11598668803155476,0.05662451896646559,0.4542667347981605,0.3210014947683109,0.5529801324503312,0.41167883211678835,0.5011775788977861,0.25666774919440805,0.24751569015428565,0.3864554002433813,0.22791789171083643,0.3011626051018066,0.2778743960738197,0.28901721506975075,0.2318880373505382,0.2801584874727538,0.2689262330143888,0.16118203719935867,0.11810320842567291,0.19016948584955265,0.2720609886322979,0.3461295129662165,0.32381801021587836,0.5757201874209432,0.29650181415169524,0.21235262469734936,0.12786968502143056,0.47190451510188974,0.8279738445684628
179,0.13863134657836618,0.10227585827555252,0.15379000414870583,0.11655629139072854,0.17463663597026535,0.13888888888888928,0.12547762849747324,0.07188015393073144,0.6080735820132857,0.37294469357249627,0.5253863134657837,0.43065693430656937,0.4974093264248704,0.11490356897665066,0.29293699470769674,0.3389157272875867,0.32964845385744823,0.19770845795936864,0.4240934170183715,0.19047785126209887,0.2544374967994054,0.14877228287941224,0.34024023270298914,0.1484516810678344,0.15284144600431845,0.15407302087220054,0.2778264448379135,0.36238798988118803,0.48065308488716424,0.5189827263121904,0.48133016729431205,0.24671089895968962,0.14104545855997455,0.5567250357415267,0.6692268748238305
180,0.1466887417218543,0.22578950588755298,0.1829462699428847,0.11832229580573994,0.15854876289803643,0.15277777777777768,0.1359546407001111,0.10637713029136897,0.6371997956055186,0.45440956651718983,0.47130242825607066,0.4218978102189781,0.41356570890249644,0.0408127711017201,0.39072493602303027,0.29703638185368675,0.34507514154524266,0.3833219229097864,0.6725565271795609,0.22623413761038264,0.42346568689386,0.2604113963056923,0.2970723757222703,0.12982833480852768,0.1789103613062772,0.1271109273478733,0.2752211163029491,0.37435634570633247,0.7054216379563476,0.5283946385869641,0.6637920834507305,0.3184641091507752,0.1854929265962385,0.38307094114805895,0.4348340026335152
181,0.15772626931567357,0.1531478199710694,0.2123507006261657,0.12726269315673333,0.1391323643625877,0.1581284153005469,0.14273388389005337,0.1459593183067618,0.6469085334695963,0.5571748878923767,0.5298013245033113,0.4547445255474453,0.32501177578897783,0.12775103070198846,0.25666774919440805,0.2684854959195846,0.4037318335020341,0.11481127328904783,0.47190451510188974,0.31159584591544875,0.3784058086995624,0.12479804840174724,0.47505811914236473,0.13318153720266643,0.18032565204158554,0.09854215098321653,0.303592240317722,0.37199881666853274,0.8279738445684628,0.63455540798847,0.8523219290205825,0.3241650622537926,0.26406393409807966,0.6266592459999509,0.18187552967530551
182,0.16269315673289197,0.19513099955525703,0.19921392818931713,0.13863134657836618,0.11716409630533686,0.1662112932604738,0.15012942191544454,0.19076415612974262,0.6172713336739909,0.647982062780269,0.5011037527593819,0.4437956204379563,0.19265190767781443,0.10227585827555252,0.11490356897665066,0.15191780572680358,0.1044055998928286,0.028138517706091548,0.5567250357415267,0.56698720959867,0.5404414914861078,0.47732420252500196,0.603806177401209,0.15379000414870583,0.16788582978677108,0.09297819307484909,0.3017805566007361,0.34900690125628675,0.6692268748238305,0.6330120779153877,0.8281772721100695,0.2982560987045042,0.28520091371048745,0.5362319405115008,0.2713633334020976
183,0.1764900662251656,0.18053633383891032,0.17854471640475125,0.1466887417218543,0.11893930988572121,0.1786202185792347,0.16800197214347357,0.22883452446399133,0.6438426162493613,0.6887144992526159,0.5187637969094923,0.42919708029197084,0.12105511069241638,0.22578950588755298,0.0408127711017201,0.13251765816302807,0.22168145008981455,0.17224625627524404,0.38307094114805895,0.6496811777854009,0.545352593729582,0.34111991392298807,0.44989906149391173,0.1829462699428847,0.14968750800675812,0.08967724814237174,0.3160764769248645,0.31991382379104005,0.4348340026335152,0.6252430840309142,0.7723106650451491,0.2206177311478597,0.3018931958193432,0.5897239488486303,0.46918967989868193
184,0.17682119205298052,0.30162212672655464,0.15417713343866174,0.15772626931567357,0.1279263286364145,0.18328779599271394,0.180327868852459,0.23845519516217717,0.594276954522228,0.6595665171898356,0.4768211920529802,0.3583941605839417,0.08949599623174753,0.1531478199710694,0.12775103070198846,0.24751569015428565,0.31012635508272623,0.27214593518877805,0.6266592459999509,0.6971430030985997,0.551574158422824,0.3748335070203421,0.48616927337372445,0.2123507006261657,0.15296418317095165,0.11894888478172966,0.32030833283306326,0.2875273441645658,0.18187552967530551,0.5199758466306761,0.5977277527116756,0.15623132587082822,0.31709963942057084,0.40306708171593636,0.6924718672540067
185,0.17350993377483448,0.27168783918119566,0.16006300668423004,0.16269315673289197,0.13935426606013568,0.1791894353369763,0.1747812153334154,0.2324079164376034,0.5559529892692898,0.6098654708520179,0.48344370860927155,0.36934306569343067,0.09609043805934997,0.19513099955525703,0.10227585827555252,0.29293699470769674,0.34526274690466074,0.2720567731456498,0.5362319405115008,0.6909452569526437,0.47456231462351534,0.30762435468869453,0.45363733445431703,0.19921392818931713,0.17310232094999692,0.1539358650199773,0.31749840004864,0.26597872497615266,0.2713633334020976,0.46406809560287565,0.5020193439119292,0.17562813225842638,0.3821237095574071,0.39653281068916607,0.7716682452884898
186,0.1662251655629139,0.29963574100569446,0.18144623488959413,0.1764900662251656,0.14745367802063702,0.16268214936247727,0.15752495994083615,0.2012094557449151,0.4583546244251406,0.5579222720478326,0.5706401766004415,0.4233576642335767,0.17192651907677814,0.18053633383891032,0.22578950588755298,0.39072493602303027,0.3388909366295554,0.2372589898219477,0.5897239488486303,0.5581179544848343,0.40318725057841875,0.3430719446156549,0.5174142183059648,0.17854471640475125,0.2015931785777391,0.18019144642180568,0.30883644101260044,0.25120366317041004,0.46918967989868193,0.43455067095022853,0.48493680164233677,0.24277056344513873,0.46980908473899247,0.3985519948421014,0.6195635598387282
187,0.14039735099337758,0.2722720248207242,0.20454230350917552,0.17682119205298052,0.15854876289803643,0.14275956284153013,0.12942191544434856,0.1553051126992857,0.33725089422585597,0.43310911808669655,0.5055187637969095,0.41897810218978104,0.21902967498822418,0.30162212672655464,0.1531478199710694,0.25666774919440805,0.37094961988945485,0.36780433836844395,0.40306708171593636,0.6210500284313808,0.5122257527886517,0.28169669642346395,0.362581530088548,0.15417713343866174,0.2303265374425575,0.18161687132643722,0.3033458792445273,0.2737331926197973,0.6924718672540067,0.41059522241813645,0.5547821177996413,0.30697899213938057,0.4744980148108993,0.42470412131862634,0.497419115895236
188,0.12880794701986753,0.23714098592636645,0.2272631484038432,0.17350993377483448,0.16354155109286594,0.12021857923497237,0.10809811413780412,0.09868059373282012,0.29892692897291784,0.37705530642750373,0.608167770419426,0.4686131386861314,0.36363636363636365,0.27168783918119566,0.19513099955525703,0.11490356897665066,0.3064744923517395,0.3009880377309475,0.39653281068916607,0.5138685949793339,0.6212025996915813,0.31200514475750674,0.38828808221722,0.16006300668423004,0.21748957416926254,0.16908797390004462,0.3001252865207892,0.2818730404497784,0.7716682452884898,0.5467613615513796,0.6691636756032779,0.36545450397669765,0.5119108552374441,0.4960964962965077,0.34062013467649516
189,0.12306843267108203,0.2666947589991864,0.2163131041693116,0.1662251655629139,0.17741040718961498,0.12204007285974505,0.10390730925674863,0.07242990654205705,0.3060807358201329,0.3109118086696562,0.533112582781457,0.4554744525547446,0.42910975035327364,0.29963574100569446,0.18053633383891032,0.0408127711017201,0.34468259352291497,0.25733649949307136,0.3985519948421014,0.5752307282856512,0.7271251899886972,0.30306640212955455,0.462293543215556,0.18144623488959413,0.19729207787845535,0.15075934329392593,0.3050378540191351,0.31332765181529,0.6195635598387282,0.5836690430808511,0.6939212074692118,0.33004624290818463,0.4111353407464694,0.3878842343840707,0.3721715684842303
190,0.14039735099337758,0.2601300115116043,0.21344462362746086,0.14039735099337758,0.17774325973593763,0.1312613843351551,0.1183286084062618,0.06816932380428842,0.5058763413387839,0.3684603886397608,0.6169977924944813,0.4846715328467154,0.5176636834667923,0.2722720248207242,0.30162212672655464,0.12775103070198846,0.24050341825169852,0.11173092652247618,0.42470412131862634,0.39780861121975575,0.6315670664830514,0.40388881570303536,0.5945791050261757,0.20454230350917552,0.17348061512393276,0.15405948104435885,0.3105453027379839,0.31680071070148785,0.497419115895236,0.6653099882912772,0.6738472532510457,0.3116943211312998,0.39588526657943757,0.45724227684519064,0.322680755310257
191,0.14646799116997844,0.281777826670659,0.20283431791981432,0.12880794701986753,0.17441473427271736,0.1429872495446265,0.13299642548995472,0.07146783947223856,0.5876341338783854,0.40022421524663676,0.5640176600441501,0.43795620437956206,0.5322656617993405,0.23714098592636645,0.27168783918119566,0.10227585827555252,0.4394919327096254,0.09101234535810754,0.4960964962965077,0.46950283074774307,0.6797257771801173,0.22072001848636935,0.6380083166406305,0.2272631484038432,0.17923216018934726,0.1743418176745765,0.3321850927874096,0.3122918679124693,0.34062013467649516,0.6026672036984464,0.5731214175816712,0.24108473803952415,0.38006914539201936,0.46777772981531973,0.29601298343718135
192,0.15971302428256084,0.22526963265218214,0.19859124068079828,0.12306843267108203,0.16709197825363376,0.1512978142076502,0.14162455318624456,0.11214953271028083,0.6755237608584568,0.4697309417040359,0.6158940397350994,0.4744525547445256,0.44936410739519544,0.2666947589991864,0.29963574100569446,0.22578950588755298,0.3806021425338493,0.24289142522596485,0.3878842343840707,0.3521168856547256,0.49574720887507906,0.22317988305955103,0.43098872492503654,0.2163131041693116,0.2001273775234608,0.20303668368600897,0.3517634885688148,0.30549962117162816,0.3721715684842303,0.5053535690430985,0.4653600787505158,0.18935432859953336,0.38541343778568576,0.4779114375773422,0.2501803350237826
193,0.1705298013245038,0.27386582037022045,0.18520237451838373,0.14039735099337758,0.14112947964051958,0.16268214936247727,0.15160852952052295,0.16025288620121003,0.6453755748594788,0.593796711509716,0.6136865342163356,0.4868613138686132,0.33066415449835135,0.2601300115116043,0.2722720248207242,0.1531478199710694,0.40343237865064197,0.1425999288893749,0.45724227684519064,0.45769393157225996,0.6196497876599976,0.24979260299694767,0.5799844649225824,0.21344462362746086,0.22269634460059706,0.2319757873612011,0.3848750308771266,0.2805052745268229,0.322680755310257,0.3668052472217811,0.327289609624582,0.08777051739032146,0.41060758345049886,0.4831610566887371,0.2797469712070394
194,0.17924944812362043,0.3038925548012976,0.16892323401588838,0.14646799116997844,0.12947964051925043,0.16780510018214922,0.16196228275607094,0.2012094557449151,0.657639243740419,0.6625560538116593,0.6512141280353201,0.48321167883211685,0.2275082430522845,0.281777826670659,0.23714098592636645,0.19513099955525703,0.3488650212947455,0.17345138659606008,0.46777772981531973,0.5482570428032538,0.6074305500310312,0.3371667822209863,0.5831577222934485,0.20283431791981432,0.24489865135845465,0.2190469051936737,0.38757303527707043,0.28606866083757765,0.29601298343718135,0.21870624251973064,0.3171509134976009,0.045033927964101134,0.3571488834900414,0.5427173304622281,0.34773969265118326
195,0.193708609271523,0.25544376928713497,0.15493739636544612,0.15971302428256084,0.12371019638300274,0.18203551912568283,0.1735486256625176,0.22787245739417283,0.6632600919775167,0.7309417040358744,0.6578366445916115,0.5102189781021897,0.19783325482807346,0.22526963265218214,0.2666947589991864,0.18053633383891032,0.3811829562504947,0.14418929126534685,0.4779114375773422,0.4398409010432703,0.572832345528633,0.25374575646605724,0.5583891810081617,0.19859124068079828,0.23419851048630613,0.19870478501590894,0.39072000926912165,0.3064430121947711,0.2501803350237826,0.20717808478328942,0.3387144916759763,0.00653492195731345,0.27474650427634106,0.6937866896794604,0.46941433052572945
196,0.1979028697571743,0.30821501572053656,0.1478335838160596,0.1705298013245038,0.14112947964051958,0.18237704918032804,0.18710711204240127,0.24518966465090752,0.6326009197751661,0.6864723467862481,0.6964679911699779,0.4576642335766424,0.15638247762600094,0.27386582037022045,0.2601300115116043,0.30162212672655464,0.44372596495125016,0.17856395653301327,0.4831610566887371,0.5223122923019725,0.5030163035571343,0.24365285648159318,0.582971572945457,0.18520237451838373,0.2313954947879743,0.17472282061860245,0.37353695069636306,0.3061125056502813,0.2797469712070394,0.1910947850458384,0.3944151984691797,0.02737003724491635,0.25786970842253254,0.4767599322720628,0.5143495588026594
197,0.19426048565121423,0.38560727031532416,0.14600782573161972,0.17924944812362043,0.14723177632308948,0.17896174863387992,0.17712313570812288,0.23735568993952771,0.5753704649974452,0.6535874439461884,0.6931567328918322,0.49270072992700736,0.16768723504474797,0.3038925548012976,0.281777826670659,0.27168783918119566,0.41950961563521183,0.20818513790474746,0.5427173304622281,0.5997917642279587,0.612701791635889,0.3486007101823657,0.638933934877642,0.16892323401588838,0.22102733888497347,0.18051554954123347,0.3590202020894894,0.2953023560500491,0.34773969265118326,0.2244533298377374,0.36953399898366773,0.0544461880313713,0.2786174803812655,0.36050809361180075,0.5226595161803369
198,0.1790286975717441,0.45730500047031164,0.15788666939451385,0.193708609271523,0.16054587817596833,0.1714480874316937,0.16220880069025068,0.20643210555250224,0.43791517629024024,0.5571748878923767,0.6136865342163356,0.48029197080291974,0.20866698068770606,0.25544376928713497,0.22526963265218214,0.29963574100569446,0.3985686046863677,0.22339933970211767,0.6937866896794604,0.777985811980376,0.6574132039119417,0.4442839168616057,0.7024881651565944,0.15493739636544612,0.2168810977176819,0.20156038678398183,0.3532603143907824,0.2613626642902609,0.46941433052572945,0.2856749024907302,0.3388685693659425,0.09378390493294089,0.38751302935231774,0.1115505549879115,0.4246812255830516
199,0.15684326710816787,0.3374733521500666,0.16033485041936052,0.1979028697571743,0.17141906135581975,0.14480874316939918,0.14039196351534633,0.15585486531061044,0.31578947368421056,0.445440956651719,0.6501103752759382,0.46277372262773725,0.287329251059821,0.30821501572053656,0.27386582037022045,0.2722720248207242,0.3589724163360941,0.14093970047356486,0.4767599322720628,0.5438871301032835,0.562912905424298,0.3614116108713295,0.6508831094538955,0.1478335838160596,0.20379779403527387,0.2242909586311508,0.34590378643048236,0.25297388264073745,0.5143495588026594,0.3458146923385339,0.2722491748158044,0.11515871244849042,0.4132162804516371,0.3372452945052592,0.30602163559782725
200,0.13785871964679908,0.32240970815937153,0.16027556070545032,0.19426048565121423,0.18018417840896506,0.13285519125683054,0.11820534943917194,0.1135239142385931,0.24476239141543182,0.351644245142003,0.576158940397351,0.4686131386861314,0.35138954309938764,0.38560727031532416,0.3038925548012976,0.23714098592636645,0.3820646087118824,0.11061877091126604,0.36050809361180075,0.48121579024544014,0.5834213645676383,0.32200182686982287,0.6635060391911164,0.14600782573161972,0.18789017823725881,0.24665224469300295,0.3375740118592031,0.24788145410373164,0.5226595161803369,0.4074081450986461,0.19875019006827502,0.1329374926042551,0.4249797054600582,0.3906741831876357,0.3743391981148763
201,0.13189845474613726,0.1961097704205219,0.1513269147107452,0.1790286975717441,0.19471873959835806,0.12693533697632065,0.12214963638604726,0.07050577240242006,0.2876852324987226,0.2825112107623319,0.5739514348785872,0.40583941605839424,0.4733867169100329,0.45730500047031164,0.25544376928713497,0.2666947589991864,0.3376515442247694,0.058686632633861535,0.1115505549879115,0.37301008893684284,0.42414212200208334,0.2374238358014767,0.5756183713477492,0.15788666939451385,0.17422352722932963,0.23587548561324878,0.31620703677982764,0.24513088645839018,0.4246812255830516,0.42653643612519615,0.20520760312707886,0.15858457846836116,0.40917962323016355,0.4807948822590993,0.3795818965572229
202,0.15044150110375254,0.2557747235181278,0.12855133067369448,0.15684326710816787,0.19893487185176983,0.14480874316939918,0.13188709478614635,0.0742166025288622,0.47623914154317837,0.33109118086696565,0.5860927152317881,0.47080291970802923,0.5398021667451719,0.3374733521500666,0.30821501572053656,0.2601300115116043,0.31567211449982224,0.1648788817770548,0.3372452945052592,0.382591685906188,0.49182749496891476,0.3217513672718532,0.5389364784620139,0.16033485041936052,0.16728183883248604,0.23305239896059377,0.30215172061385687,0.24446235546969539,0.30602163559782725,0.3670242661691052,0.14097831206704114,0.1371369596223146,0.3541560403095288,0.2545795513323154,0.49690229499284555
203,0.16412803532008846,0.2832034475663523,0.1430144756550846,0.13785871964679908,0.19527349384222825,0.15107012750455384,0.14310366079132253,0.08562396921385407,0.627491057741441,0.3897608370702541,0.6622516556291391,0.4948905109489051,0.5591144606688647,0.32240970815937153,0.38560727031532416,0.281777826670659,0.23860011530571157,0.2501650337064092,0.3906741831876357,0.31314712782127435,0.49773546330930213,0.429686386476392,0.4871496517750328,0.16027556070545032,0.1654977484412926,0.22261000202367048,0.30798057964374803,0.2543894961310394,0.3743391981148763,0.42887993886156417,0.22187656843939352,0.1574162357339876,0.3668718441543404,0.4559829134228963,0.35662123341097474
204,0.17858719646799104,0.22857713073387487,0.13518028314716962,0.13189845474613726,0.17996227671141707,0.16473132969034632,0.15456674473067933,0.11627267729521762,0.7220235053653552,0.49028400597907323,0.67439293598234,0.5226277372262774,0.5157795572303344,0.1961097704205219,0.45730500047031164,0.22526963265218214,0.32914999935722555,0.21804511704890217,0.4807948822590993,0.1375687104721156,0.4996587025522189,0.27973913688541774,0.45838666497992514,0.1513269147107452,0.17710549155801555,0.21843407175505453,0.30771391236114953,0.28680119936496934,0.3795818965572229,0.3540214227154346,0.21029001151553608,0.1402153092269144,0.27159928612966466,0.5098068520015542,0.444202120471668
205,0.1804635761589406,0.10833145243259956,0.13734378888345145,0.15044150110375254,0.15766115610784492,0.17588797814207657,0.1620855417231608,0.17097306212204622,0.6448645886561063,0.5717488789237668,0.5849889624724062,0.49051094890510955,0.3363165332077249,0.2557747235181278,0.3374733521500666,0.27386582037022045,0.37501950271021833,0.21068539186270385,0.2545795513323154,0.13699324815486014,0.32710583619533107,0.1081647710272946,0.3344112757623362,0.12855133067369448,0.1794977998706861,0.20525708526139344,0.31781674000499593,0.3440830282465409,0.49690229499284555,0.3529403934157982,0.2604689750998759,0.12339764763758548,0.14299757717085254,0.8692956771330556,0.479492929308204
206,0.18631346578366426,0.2959376759063659,0.12198703864680419,0.16412803532008846,0.1385776101187175,0.18488160291438982,0.17601380500431452,0.21797691039032419,0.6085845682166582,0.655829596412556,0.5562913907284769,0.44671532846715334,0.20018841262364578,0.2832034475663523,0.32240970815937153,0.3038925548012976,0.3523621127653893,0.20464743102093053,0.4559829134228963,0.41868509877539534,0.4881487881268132,0.3253384560335042,0.5446150477946241,0.1430144756550846,0.17943986327449338,0.18923556320510698,0.30874833578925653,0.3732962234814431,0.35662123341097474,0.29484963633435923,0.26344502196025354,0.1080576268726704,0.036515825573655014,0.4797452993854172,0.7027667156012984
207,0.20154525386313527,0.28411791305229883,0.13277013378843,0.17858719646799104,0.13258626428492226,0.19979508196721296,0.1869838530753114,0.23763056624518963,0.6121614716402658,0.7275784753363229,0.5640176600441501,0.48248175182481756,0.19783325482807346,0.22857713073387487,0.1961097704205219,0.25544376928713497,0.3297603103742599,0.31967060703749084,0.5098068520015542,0.5778016597427563,0.5255828854917861,0.336474834887055,0.4215842905473586,0.13518028314716962,0.17069544446599452,0.17547105233563848,0.30574843178668704,0.38569839725052846,0.444202120471668,0.3697791829372586,0.343360766304068,0.13897390005227078,0.034299458564234074,0.5524752969713068,0.6681027193522793
208,0.20805739514348787,0.4497762061807187,0.1424354947986763,0.1804635761589406,0.15122600687895282,0.20412112932604698,0.192530506594355,0.24917537108301335,0.6336228921819111,0.6868460388639761,0.58719646799117,0.49270072992700736,0.18605746585021193,0.10833145243259956,0.2557747235181278,0.30821501572053656,0.3032862690172049,0.41368249780905586,0.8692956771330556,0.7251223269947207,0.6409510932771787,0.5349213773517655,0.5120604975353602,0.13734378888345145,0.14843964782972424,0.16847965807706108,0.29983771989208624,0.397837556946773,0.479492929308204,0.49297081042561336,0.39746568064570725,0.17361396556854222,0.029921184694196384,0.3062545951325065,0.6848161970488438
209,0.19801324503311246,0.3275702956354447,0.17454061031294363,0.18631346578366426,0.1649839121269281,0.20036429872495454,0.18760014791076074,0.24450247388675095,0.5600408788962699,0.6065022421524664,0.5231788079470199,0.4554744525547446,0.1592086669806877,0.2959376759063659,0.2832034475663523,0.38560727031532416,0.2849198265623354,0.4704421032967083,0.4797452993854172,0.5171444087037304,0.43696593055365296,0.42766934468844986,0.32454550575393926,0.12198703864680419,0.1625727129973648,0.16668279273181677,0.3017356875538407,0.3984939328265824,0.7027667156012984,0.5599646374820738,0.5069419767235475,0.2423731924575949,0.10815294195104244,0.45036514932263366,0.5453061040593528
210,0.18090507726269367,0.3735932074299466,0.17795509329603576,0.20154525386313527,0.1795184733163211,0.18465391621129346,0.17515099223468544,0.20423309510720156,0.4103219213081247,0.4996263079222721,0.5044150110375276,0.416058394160584,0.22421102213848326,0.28411791305229883,0.22857713073387487,0.45730500047031164,0.3639293185955008,0.38599139691391926,0.5524752969713068,0.6570372690986499,0.4107268015642385,0.3935986984662635,0.45556744271096716,0.13277013378843,0.15491731347031382,0.17837365292920032,0.29119421089648084,0.39588449091365213,0.6681027193522793,0.6026804905130261,0.47963213298504326,0.2727896455661181,0.12273966718426926,0.44737222127666404,0.5501399819215363
211,0.1630242825607069,0.34343045805956507,0.19117327995516462,0.20805739514348787,0.1814046377454792,0.16177140255009137,0.14791076050782692,0.16176470588235325,0.29739397036280024,0.43273542600896864,0.5474613686534217,0.4591240875912409,0.293452661328309,0.4497762061807187,0.10833145243259956,0.3374733521500666,0.3223541206056719,0.4255876567952104,0.3062545951325065,0.7822439773149625,0.502366546502234,0.40538620407093096,0.38478194673272004,0.1424354947986763,0.15703144339162614,0.18078309133175913,0.3116333247896062,0.37398986566040165,0.6848161970488438,0.6446596662819352,0.5143810268544781,0.2588247715227119,0.2067905587176112,0.3541457278076448,0.507453406853207
212,0.14459161147902888,0.33583667698123776,0.19362238696840348,0.19801324503311246,0.18728503273050023,0.14219034608378855,0.13361272032540406,0.1245189664650912,0.2585590189064896,0.3505231689088192,0.5529801324503312,0.4218978102189781,0.34243994347621287,0.3275702956354447,0.2959376759063659,0.32240970815937153,0.290605619126838,0.4205818255336453,0.45036514932263366,0.5109345260811321,0.5100005906360191,0.43033474154911633,0.3813013466002041,0.17454061031294363,0.14202516694642836,0.18072473988138757,0.32167157031385424,0.3688122459700808,0.5453061040593528,0.7122758386912393,0.5224742456153566,0.24279397351842302,0.22498549065945017,0.41128182301363636,0.5050984646498703
213,0.14613686534216352,0.37947929221371623,0.19806441942768047,0.18090507726269367,0.20259624986131186,0.1360428051001823,0.1235054850240358,0.08369983507421708,0.3449156872764436,0.3041853512705531,0.6280353200883002,0.4919708029197081,0.4889307583608101,0.3735932074299466,0.28411791305229883,0.1961097704205219,0.3176578258361076,0.43031147862551755,0.44737222127666404,0.5880219595436067,0.6836783361061829,0.4474703747486226,0.41953811737999674,0.17795509329603576,0.15256216886002033,0.17191770678550075,0.343703179489746,0.36096622857569843,0.5501399819215363,0.6881962124440588,0.5656786115402926,0.20549287296675894,0.25437310064890206,0.1558557652115608,0.49962221667752116
214,0.16092715231788102,0.2751728619778522,0.2022086143348181,0.1630242825607069,0.2091423499389773,0.15516848816029105,0.1391593738444472,0.07339197361187555,0.49616760347470623,0.3322122571001495,0.5905077262693157,0.497080291970803,0.5873763542157324,0.34343045805956507,0.4497762061807187,0.2557747235181278,0.3207965240532946,0.43934898488074836,0.3541457278076448,0.2127966560579736,0.5161030014942223,0.33649418584588303,0.29722786886981345,0.19117327995516462,0.1620069457188812,0.14950254783171693,0.336705108461012,0.36918554833435135,0.507453406853207,0.6672300711407197,0.6525339552870641,0.22994476954450066,0.24544533375059163,0.33813568264935645,0.4041886389448415
215,0.1745033112582779,0.31301981615854757,0.204157125409046,0.14459161147902888,0.1990458227005436,0.1692850637522767,0.15160852952052295,0.08562396921385407,0.6443536024527339,0.41218236173393125,0.5894039735099338,0.5131386861313869,0.603391427225624,0.33583667698123776,0.3275702956354447,0.2832034475663523,0.3085265181713961,0.48023502906750615,0.41128182301363636,0.43525492390917336,0.5267502154471773,0.3882581821034497,0.29931268951684176,0.19362238696840348,0.19337935402714368,0.16373681261290063,0.3260021939498535,0.36247581581244065,0.5050984646498703,0.5527130256269499,0.6121561040377975,0.2573823658598824,0.2659799814878878,0.5124013559967342,0.21075340321585817
216,0.1812362030905077,0.15352030505224334,0.20743505817530677,0.14613686534216352,0.1818484411405752,0.18419854280509984,0.16442746209786785,0.11833424958768557,0.6683699540112418,0.4928998505231689,0.512141280353201,0.4817518248175183,0.5200188412623645,0.37947929221371623,0.3735932074299466,0.22857713073387487,0.2875895465051723,0.6113032804254335,0.1558557652115608,0.14959829238699618,0.4195719977302404,0.245141944325717,0.0,0.19806441942768047,0.1967159112265587,0.15602659670564714,0.33434090046203885,0.3763046059044952,0.49962221667752116,0.5521944882224193,0.6480088301113185,0.24688690969658167,0.24177988965565334,0.576272166439587,0.0369981224870517
217,0.18763796909492259,0.19418236525075905,0.1912926993867408,0.16092715231788102,0.16387440363918815,0.18613387978142093,0.16849500801183304,0.16808686091258984,0.6295350025549311,0.5751121076233184,0.5573951434878588,0.5,0.37682524729156847,0.2751728619778522,0.34343045805956507,0.10833145243259956,0.3692071014662872,0.47249642714384876,0.33813568264935645,0.2480380453059067,0.5840163512057457,0.20284049437803497,0.17723457848256377,0.2022086143348181,0.20963243067595097,0.1581558648244049,0.33269058481806324,0.3731998538435982,0.4041886389448415,0.4407004065187574,0.5889458578936089,0.21381177756645148,0.2089350297852644,0.5624708498886622,0.0
218,0.19580573951434888,0.37062402561087815,0.1521221998413621,0.1745033112582779,0.14534561189393136,0.19216757741347879,0.17823246641193213,0.16396371632765305,0.6044966785896781,0.6651718983557549,0.5805739514348787,0.4963503649635037,0.4258125294394724,0.31301981615854757,0.33583667698123776,0.2959376759063659,0.14900492097020468,0.42005357539752985,0.5124013559967342,0.5038298150797372,0.5726064005086692,0.6125195784251045,0.41971259364292374,0.204157125409046,0.21202564384398376,0.14304213614864267,0.3323279340611186,0.3738851068896035,0.21075340321585817,0.2826536215096901,0.5121119661147223,0.12572072224962183,0.1100109795866929,0.30508288023163876,0.22669224074469754
219,0.20827814569536418,0.2619214157917398,0.1184645391177652,0.1812362030905077,0.14689892377676728,0.20787795992714075,0.1969678294095898,0.18787795492028625,0.6310679611650486,0.7021674140508222,0.5529801324503312,0.4678832116788322,0.3970796043334903,0.15352030505224334,0.37947929221371623,0.28411791305229883,0.22886252185690736,0.41631310179833036,0.576272166439587,0.2920844337120975,0.47359415112541436,0.4177625534756165,0.30484892375648337,0.20743505817530677,0.2163662996491019,0.15365458811563146,0.31828999331144164,0.356377253407005,0.0369981224870517,0.1379733970845916,0.36872605142935744,0.07954622850348633,0.06733593139028288,0.5221905113528508,0.5211440267840799
220,0.2143487858719646,0.2916071926206012,0.0944573971333286,0.18763796909492259,0.16176633751248248,0.21459471766848814,0.20756810057931752,0.18870258383727379,0.6295350025549311,0.672645739910314,0.5485651214128036,0.44525547445255476,0.42016015073009894,0.19418236525075905,0.2751728619778522,0.4497762061807187,0.3087737433422948,0.5062452955632217,0.5624708498886622,0.47832086465766416,0.33463307478571247,0.3658865074028338,0.2510721843449111,0.1912926993867408,0.220415915190213,0.1631669941658093,0.30807429524247354,0.35966461314416237,0.0,0.031071178219208684,0.26008337540735516,0.04704726929883746,0.0,0.43291382788315963,0.8657275959305628
221,0.21203090507726285,0.2633464044518927,0.1034754327296214,0.19580573951434888,0.1754132919116831,0.20423497267759538,0.19832367804757833,0.18540406816932364,0.5809913132345427,0.6188340807174888,0.6258278145695364,0.4846715328467154,0.4215732454074423,0.37062402561087815,0.31301981615854757,0.3275702956354447,0.3799951612906618,0.4152375302006952,0.30508288023163876,0.3864373867843943,0.4306430308973712,0.263134933111274,0.3074316531492725,0.1521221998413621,0.2223199570861745,0.19476404416071616,0.2981221941014174,0.3590236243675084,0.22669224074469754,0.05791707405153684,0.18559404670438792,0.08890973259120477,0.023905030887219653,0.38921517051311894,0.9457004188053981
222,0.1985651214128037,0.3273110088153999,0.13241012272995914,0.20827814569536418,0.18218129368689695,0.1865892531876141,0.17675335880685372,0.16616272677295285,0.4609095554420031,0.5504484304932735,0.6622516556291391,0.5233576642335767,0.43005181347150256,0.2619214157917398,0.15352030505224334,0.3735932074299466,0.4439329799417635,0.45892568442418913,0.5221905113528508,0.6970312654970748,0.4489790665801434,0.26316259910527906,0.33529164070170697,0.1184645391177652,0.22552308043592434,0.19812449273083813,0.2885044127172445,0.36766457183084433,0.5211440267840799,0.15534634669237563,0.26793374041313467,0.17524060550682774,0.07558449116420404,0.4674837720613064,0.9190541163135778
223,0.17615894039735114,0.2859944162362016,0.18165196966772634,0.2143487858719646,0.1886164429157886,0.16814663023679444,0.15247134229015158,0.15324354040681776,0.3290751149718958,0.45291479820627806,0.6169977924944813,0.518978102189781,0.37870937352802636,0.2916071926206012,0.19418236525075905,0.34343045805956507,0.49679867534009503,0.38563694681956306,0.43291382788315963,0.5830887307668822,0.4375800714022734,0.16588511866135655,0.3604565310654513,0.0944573971333286,0.20974912470141505,0.2111335007353383,0.27962846391571583,0.37163233662260187,0.8657275959305628,0.40363710097579725,0.3841623098603414,0.30604950718479307,0.18864837785533214,0.38659286949113963,0.6961949379990717
224,0.1565121412803534,0.22297978089666515,0.2076700277298204,0.21203090507726285,0.19682680572506417,0.1491347905282332,0.133242943424134,0.12960417811984648,0.2488502810424119,0.3587443946188341,0.6048565121412803,0.5029197080291972,0.3758831841733396,0.2633464044518927,0.37062402561087815,0.33583667698123776,0.4304463983332578,0.32313435458602413,0.38921517051311894,0.250267241700676,0.38094111399093533,0.16933244807957082,0.35164924579278867,0.1034754327296214,0.1714725794938413,0.21354385047246338,0.2966798600970557,0.3809124882396687,0.9457004188053981,0.6511848987842364,0.4602063720847488,0.3284106141020162,0.23158626118148695,0.44320252593092946,0.5233967560636145
225,0.1556291390728477,0.3491919502927985,0.23094044673524217,0.1985651214128037,0.20936425163652528,0.15072859744990863,0.1305312461481578,0.11874656404618023,0.3071027082268779,0.31352765321375187,0.5805739514348787,0.5131386861313869,0.4093264248704663,0.3273110088153999,0.2619214157917398,0.37947929221371623,0.39024928415130766,0.34873149429006034,0.4674837720613064,0.5767764545557492,0.46532547659398193,0.3412105811826488,0.46466090610252286,0.13241012272995914,0.1385830583690098,0.21791558748217454,0.28800031630235734,0.396742859409268,0.9190541163135778,0.8673642604329186,0.5209552359239723,0.39987256396465626,0.2523771049718481,0.31700909432684765,0.46225553647892126
226,0.16743929359823406,0.24354225837766386,0.2328085621744211,0.17615894039735114,0.21546654831909473,0.16598360655737743,0.14384321459386173,0.13125343595382066,0.4655084312723557,0.3329596412556054,0.5507726269315674,0.5124087591240876,0.4168629298162977,0.2859944162362016,0.2916071926206012,0.2751728619778522,0.3864554002433813,0.34172773787040356,0.38659286949113963,0.38867301756219447,0.463952691167654,0.23600739930746353,0.35624886230477093,0.18165196966772634,0.11512381056423315,0.22199420023817834,0.30085289080069333,0.40656190391442637,0.6961949379990717,0.9656232682715615,0.513611577382259,0.37647134449012004,0.2340526781680366,0.3913430077409376,0.4098308856838525
227,0.1847682119205296,0.22554967787247904,0.2220944796248233,0.1565121412803534,0.21313658049484108,0.17998633879781378,0.1596203623813639,0.1496701484332057,0.6366888094021461,0.3994768310911809,0.5883002207505519,0.5335766423357664,0.4276966556759303,0.22297978089666515,0.2633464044518927,0.31301981615854757,0.3389157272875867,0.3608280139642073,0.44320252593092946,0.40294485015122555,0.4068858510926835,0.2665255229351744,0.31835227201444916,0.2076700277298204,0.12393603535562557,0.22391187599924664,0.26215825739898435,0.4128699136007132,0.5233967560636145,0.890692290008112,0.47275634137890044,0.4353763411334607,0.19267906976780877,0.5418858575290464,0.4922952769259256
228,0.19701986754966905,0.25139933043446305,0.2323679570548173,0.1556291390728477,0.1996005769444138,0.18693078324225842,0.17465795636632597,0.16217702034084702,0.6974961676034748,0.48654708520179374,0.6434878587196469,0.5255474452554745,0.4371172868582195,0.3491919502927985,0.3273110088153999,0.15352030505224334,0.29703638185368675,0.44077977390184486,0.31700909432684765,0.3499686902335888,0.5963088314342821,0.33648035647673186,0.26995330375595566,0.23094044673524217,0.15221037402169252,0.22713793526850726,0.23325547355793447,0.39840139942541464,0.46225553647892126,0.8198279812126954,0.49532712242892885,0.520840891272992,0.252044658137114,0.6528720454275672,0.4067288712429244
229,0.20154525386313527,0.20486791861948284,0.22309203369130456,0.16743929359823406,0.17707755464329367,0.19353369763205786,0.1804511278195493,0.17468389224848835,0.6637710781808892,0.577727952167414,0.6247240618101546,0.5211678832116788,0.41356570890249644,0.24354225837766386,0.2859944162362016,0.19418236525075905,0.2684854959195846,0.3973035383918866,0.3913430077409376,0.3427205872000379,0.5071989212072956,0.3179089213129792,0.26088611820113894,0.2328085621744211,0.20032841699518938,0.2112510303467237,0.20263036029935372,0.3750255793024773,0.4098308856838525,0.5976119098283924,0.5174813388656415,0.5656551997354805,0.2836720526713055,0.7951530040835131,0.4121464673548879
230,0.21501103752759398,0.3066031171600585,0.22990761251101913,0.1847682119205296,0.15732830356152228,0.20195810564662997,0.18920251448292902,0.17688290269378815,0.6458865610628514,0.6898355754857997,0.6777041942604857,0.5583941605839416,0.4634950541686293,0.22554967787247904,0.22297978089666515,0.37062402561087815,0.15191780572680358,0.5014246863568275,0.5418858575290464,0.5717071956964972,0.43085047501760043,0.5433860831619028,0.2720286481542561,0.2220944796248233,0.22575268748408886,0.17270040647773957,0.19666591719773974,0.3603308536325701,0.4922952769259256,0.5246921885862647,0.6658531606494321,0.5939451628217267,0.33497538624767725,0.5691314485535905,0.36611032654524395
231,0.22637969094922772,0.42072085950876215,0.22199202562343226,0.19701986754966905,0.15644069677133077,0.2148224043715845,0.2026377418957228,0.19158878504673016,0.6417986714358712,0.7313153961136024,0.6666666666666667,0.5540145985401461,0.4616109279321714,0.25139933043446305,0.3491919502927985,0.2619214157917398,0.13251765816302807,0.47357428474277086,0.6528720454275672,0.5548970917584614,0.6585682286511337,0.6812918848129932,0.4230457148705606,0.2323679570548173,0.24849202589942687,0.13957538040136558,0.1931273752900604,0.3652854024835839,0.4067288712429244,0.4062660818492393,0.7489086967449138,0.5835957795131371,0.3037204209085218,0.3820087361099993,0.3405470143200462
232,0.23432671081677725,0.4873464870640021,0.21386773418065544,0.20154525386313527,0.1683124375901479,0.22108378870673961,0.20769135954640738,0.19942275975810908,0.657639243740419,0.7182361733931241,0.685430463576159,0.5766423357664234,0.4686764013188883,0.20486791861948284,0.24354225837766386,0.2916071926206012,0.24751569015428565,0.42348837225846125,0.7951530040835131,0.7943434098765846,0.6963199858184178,0.6313297769942393,0.5436076720352678,0.22309203369130456,0.2503175069601895,0.11594815298397868,0.22450593963254234,0.3679936450561361,0.4121464673548879,0.3683207980568197,0.8001539334288604,0.49768315156706977,0.2772008263113156,0.18196663337471441,0.4451312157242495
233,0.22693156732891806,0.4093251651311416,0.21089729570262375,0.21501103752759398,0.18573172084766476,0.2186930783242258,0.20325403673117215,0.1974986256184721,0.5610628513030149,0.6345291479820627,0.6346578366445916,0.5540145985401461,0.4437117286858219,0.3066031171600585,0.22554967787247904,0.2633464044518927,0.29293699470769674,0.43455885302715025,0.5691314485535905,0.7109091654339632,0.6454657579252538,0.5038303507026437,0.44799161815849203,0.22990761251101913,0.23984794262409356,0.124823477586542,0.2620112292779756,0.3780289802387088,0.36611032654524395,0.3977266034202572,0.7614737110212575,0.4102880957367312,0.24634885621329627,0.3508723209599643,0.49296779751498443
234,0.2177704194260488,0.3746229083804291,0.19754765176282046,0.22637969094922772,0.19804726506157788,0.20480418943533696,0.18538148650314357,0.17537108301264492,0.46601941747572817,0.5620328849028401,0.6777041942604857,0.5992700729927007,0.48045219029674985,0.42072085950876215,0.25139933043446305,0.3273110088153999,0.39072493602303027,0.4240829723829229,0.3820087361099993,0.6267477673618449,0.5446302832820866,0.36698601480737986,0.4202111606741374,0.22199202562343226,0.24988695738908517,0.15330027425533188,0.29015664733289903,0.37984581771334514,0.3405470143200462,0.3080198836049926,0.6250453856962792,0.3194729932705853,0.20893149661326899,0.36625475571399596,0.5984336126126454
235,0.19326710816777082,0.28215365557535854,0.2116550849175605,0.23432671081677725,0.20259624986131186,0.1816939890710385,0.1638111672624185,0.15145684442001173,0.31578947368421056,0.4637518684603886,0.6567328918322296,0.5649635036496351,0.4578426754592557,0.4873464870640021,0.20486791861948284,0.2859944162362016,0.25666774919440805,0.3727217589299592,0.18196663337471441,0.562898535091143,0.49235333117386604,0.40994068840422926,0.3686397081474606,0.21386773418065544,0.24082273037931315,0.2017628657960086,0.29168467214532845,0.39665204739635285,0.4451312157242495,0.39681611754405316,0.5116859263636855,0.3481942269312658,0.2046739421919686,0.5969573588220851,0.48958216943617017
236,0.17913907284768227,0.3384642057389975,0.21885338796816536,0.22693156732891806,0.2161322534117387,0.16142987249544616,0.13940589177862694,0.13826278174821294,0.2846193152784875,0.3703288490284006,0.7119205298013245,0.6160583941605839,0.44276966556759295,0.4093251651311416,0.3066031171600585,0.22297978089666515,0.11490356897665066,0.2842416875338216,0.3508723209599643,0.4997625917702659,0.6143011825721985,0.6145249167647565,0.5147300823355124,0.21089729570262375,0.24748276315490653,0.2273691864146976,0.27825396381568857,0.3895141880508465,0.49296779751498443,0.39826947905414056,0.4509649117468174,0.39340883264045867,0.23925334301174866,0.6402786231933887,0.40660456663696115
237,0.17251655629139062,0.31599570669918897,0.22792287544804893,0.2177704194260488,0.2275601908354603,0.16051912568306026,0.14137803525206483,0.13125343595382066,0.2963719979560553,0.3094170403587444,0.6545253863134658,0.5605839416058395,0.43853038153556284,0.3746229083804291,0.42072085950876215,0.3491919502927985,0.0408127711017201,0.33713811070994026,0.36625475571399596,0.3099206996953149,0.46235263974132684,0.6678437230205769,0.4395916202190786,0.19754765176282046,0.23974782684151597,0.2502713495416295,0.2586060663691079,0.40068515468096233,0.5984336126126454,0.4627688008614679,0.4051463041077206,0.4562389782636299,0.23565910465753714,0.5379983722266029,0.38294673978577853
238,0.18432671081677743,0.4070058441745914,0.21889148577630047,0.19326710816777082,0.23554865194718788,0.17270036429872482,0.15136201158634321,0.1515942825728427,0.4644864588656107,0.32249626307922274,0.6545253863134658,0.5795620437956205,0.4192180876118699,0.28215365557535854,0.4873464870640021,0.24354225837766386,0.12775103070198846,0.2593298206765482,0.5969573588220851,0.34381285057013417,0.6633348845994353,0.6720494184743017,0.6132719394887479,0.2116550849175605,0.23180894905598518,0.25210990193374794,0.262143742995012,0.3701894619632391,0.48958216943617017,0.45932417534405756,0.36997958654135393,0.42814052758459803,0.2845468003239449,0.44541204066329626,0.4637638382997146
239,0.19823399558498922,0.4977700982234108,0.20845103279658944,0.17913907284768227,0.22811494507933006,0.1905737704918029,0.16405768519659825,0.16217702034084702,0.594276954522228,0.3946188340807175,0.620309050772627,0.5963503649635038,0.4422986340084785,0.3384642057389975,0.4093251651311416,0.22554967787247904,0.10227585827555252,0.3750810161653,0.6402786231933887,0.578408756962925,0.7744821017004868,0.7921089198792524,0.6013227113311205,0.21885338796816536,0.22890630231901982,0.24156537043007653,0.2838859712417042,0.375994573341099,0.40660456663696115,0.43095745413782177,0.3708624389006201,0.35769601552239116,0.24502927398975144,0.22486669373586538,0.49272852281664714
240,0.20871964679911725,0.39395740179573124,0.21249151700380386,0.17251655629139062,0.21890602463108877,0.20321038251366108,0.1730555897941577,0.1738592633315017,0.6734798160449669,0.461136023916293,0.6026490066225166,0.6124087591240877,0.4470089495996232,0.31599570669918897,0.3746229083804291,0.25139933043446305,0.22578950588755298,0.3926338292493394,0.5379983722266029,0.48235181523123327,0.6419698847709834,0.5573117572536783,0.47139579395245873,0.22792287544804893,0.2158613257244546,0.25167626941852006,0.31464624988727785,0.37337132519177585,0.38294673978577853,0.4969949319467693,0.3507519925979883,0.30071274579237617,0.2612036259507914,0.4561834106301784,0.38508384555698777
241,0.21898454746136897,0.41133298363683046,0.22063961957666509,0.18432671081677743,0.19427493620326253,0.20787795992714075,0.18538148650314357,0.1814183617372187,0.6663260091977516,0.5788490284005979,0.6600441501103753,0.6072992700729927,0.46490814884597265,0.4070058441745914,0.28215365557535854,0.20486791861948284,0.1531478199710694,0.4593746598723829,0.44541204066329626,0.6350256938876739,0.707281499689681,0.6502873388831332,0.4264146208015923,0.21889148577630047,0.22964679716794906,0.24254713813925124,0.34566834605066105,0.4019375875909969,0.4637638382997146,0.4743648996819127,0.4069697559493899,0.2524858939226972,0.21463411838070584,0.3764381483427951,0.3407253035296005
242,0.22935982339955885,0.32669598413116674,0.2163562618425896,0.19823399558498922,0.18007322756019128,0.22176684881602915,0.19092814002218672,0.18966465090709228,0.6499744506898314,0.6618086696562033,0.6291390728476822,0.643065693430657,0.4809232218558643,0.4977700982234108,0.3384642057389975,0.3066031171600585,0.19513099955525703,0.1187949102836825,0.22486669373586538,0.43912199787456413,0.5168129995462792,0.5195059333798221,0.6603466440871696,0.20845103279658944,0.23668081959125511,0.24925485998548003,0.3318088626890561,0.4001134429988804,0.49272852281664714,0.4307643055478077,0.371159582634012,0.2725727272268075,0.20825838626474164,0.5215090558023061,0.3708832500336898
243,0.24260485651214125,0.40685108696392724,0.1975144484647583,0.20871964679911725,0.1734161766337512,0.23349271402550098,0.20633551090841884,0.20959318306761965,0.6627491057741441,0.7290732436472347,0.6479028697571745,0.6394160583941606,0.46914743287800276,0.39395740179573124,0.31599570669918897,0.42072085950876215,0.18053633383891032,0.25223386486939603,0.4561834106301784,0.5817590494031929,0.48210389015482413,0.6173695439909911,0.6198987307437441,0.21249151700380386,0.24554332202452428,0.24146453776985166,0.3100025477663627,0.4145076915667117,0.38508384555698777,0.3247736023495509,0.3359066498505451,0.2767187712571156,0.1277779868831302,0.4083259576700658,0.40839274829020494
244,0.24205298013245047,0.36080470518119157,0.19623314509810433,0.21898454746136897,0.18528791745256923,0.2416894353369763,0.20670528780968844,0.22333699835074228,0.6126724578436382,0.6872197309417041,0.5629139072847682,0.6335766423357665,0.41968911917098445,0.41133298363683046,0.4070058441745914,0.4873464870640021,0.30162212672655464,0.3528683573148861,0.3764381483427951,0.3912635157925829,0.3669554460643385,0.4447447628120979,0.47335286894922873,0.22063961957666509,0.23671804792615808,0.23346881376205184,0.2842943981957926,0.4187686544473629,0.3407253035296005,0.3542038715266,0.3579852145682923,0.3290974596495948,0.11462850671757556,0.31851356975857315,0.43609310405652135
245,0.2375275938189847,0.39154361079973476,0.19836053728709147,0.22935982339955885,0.19926772439809204,0.2340619307832421,0.20300751879699286,0.21715228147333754,0.5436893203883496,0.624813153961136,0.5916114790286976,0.6255474452554746,0.4215732454074423,0.32669598413116674,0.4977700982234108,0.4093251651311416,0.27168783918119566,0.3928472906140925,0.5215090558023061,0.3078339872938217,0.4781061307379828,0.5074119106189152,0.46856123210155354,0.2163562618425896,0.22651586834959958,0.23054538266411817,0.29050407889990926,0.4159393947676191,0.3708832500336898,0.40192915505629734,0.37443311467418594,0.3205701303653858,0.12653151666985388,0.3422818295764552,0.41119776962376897
246,0.22284768211920536,0.38168340580508797,0.18749221152816897,0.24260485651214125,0.20980805503162125,0.2246129326047357,0.19487242696906204,0.19791094007696586,0.4144098109351048,0.5396113602391629,0.5364238410596027,0.5766423357664234,0.4248704663212435,0.40685108696392724,0.39395740179573124,0.3746229083804291,0.29963574100569446,0.38559730947560134,0.4083259576700658,0.4384190195597628,0.5034941896226494,0.46836128389599424,0.46476016942522347,0.1975144484647583,0.23046414009014154,0.21740699769887112,0.3130636913887695,0.40721785822976575,0.40839274829020494,0.3453142641841204,0.38243896583634956,0.24739705421023547,0.11992744304283531,0.3304895128848847,0.5752997631242717
247,0.20452538631346595,0.26420860513314715,0.19209924189052538,0.24205298013245047,0.22012648396760293,0.19933970856102023,0.16602982867003613,0.16657504123144573,0.33214103219213087,0.4428251121076233,0.598233995584989,0.6262773722627737,0.45407442298634004,0.36080470518119157,0.41133298363683046,0.28215365557535854,0.2722720248207242,0.42207436056847314,0.31851356975857315,0.2509898063164786,0.4779390411219865,0.37528880235834716,0.3018238648118051,0.19623314509810433,0.23842628558498669,0.23129117981595576,0.33743037508450713,0.40168953203076707,0.43609310405652135,0.33186735479137985,0.35178638313958827,0.20544869395666343,0.14430412774140952,0.4649288481351088,0.5596988038723172
248,0.18708609271523224,0.31385057365891633,0.18893457073303288,0.2375275938189847,0.23055586375235793,0.18476775956284142,0.15308763712560092,0.14279824079164438,0.2723556463975473,0.3486547085201794,0.565121412803532,0.5875912408759125,0.46113989637305697,0.39154361079973476,0.32669598413116674,0.3384642057389975,0.23714098592636645,0.3487131902937559,0.3422818295764552,0.4376248077471768,0.471123889742305,0.4628477770718463,0.42616937885248657,0.19836053728709147,0.2342406832094384,0.23837556925748812,0.3614011923680556,0.398446787866686,0.41119776962376897,0.3361154683965078,0.31835075616251224,0.14671903275963935,0.14402581238831727,0.36513015531613013,0.6187643699002635
249,0.18664459161147917,0.29461185690317926,0.21294981511590097,0.22284768211920536,0.24386996560523722,0.17793715846994518,0.1466781708369287,0.13812534359538198,0.338272866632601,0.30231689088191327,0.6269315673289184,0.6226277372262774,0.4752708431464908,0.38168340580508797,0.40685108696392724,0.31599570669918897,0.2666947589991864,0.3921871797674896,0.3304895128848847,0.2994768465805433,0.47442465988874205,0.41245177823775064,0.3635735509569929,0.18749221152816897,0.21582888019646623,0.24730153151427284,0.3498487386274673,0.40339314431483253,0.5752997631242717,0.4988613652008581,0.36657250627627574,0.22604909324667674,0.19212395093057114,0.42006101089651404,0.5752011284306787
250,0.1971302428256072,0.28405759778172346,0.21424051065053265,0.20452538631346595,0.24331521136136702,0.19011839708561062,0.16602982867003613,0.15420560747663625,0.4716402657128258,0.33968609865470856,0.6136865342163356,0.5773722627737227,0.46490814884597265,0.26420860513314715,0.36080470518119157,0.4070058441745914,0.2601300115116043,0.27364990023003344,0.4649288481351088,0.34880752331106674,0.37062796440214385,0.40833115589698377,0.46559015256400704,0.19209924189052538,0.21457681890525065,0.23841306416535743,0.3468224505088307,0.4089384736141217,0.5596988038723172,0.508628304175222,0.39987620689886827,0.23548552871655012,0.1823607285388823,0.2706089934625934,0.6687254869839075
251,0.20949227373068435,0.25432896943288696,0.22363155421380077,0.18708609271523224,0.2387662265616335,0.2044626593806922,0.1728090718599784,0.17056074766355156,0.6096065406234032,0.39686098654708524,0.598233995584989,0.6189781021897811,0.4616109279321714,0.31385057365891633,0.39154361079973476,0.4977700982234108,0.281777826670659,0.5000632606894087,0.36513015531613013,0.26476339894848316,0.24748675112663623,0.3552662847206774,0.21637288649896577,0.18893457073303288,0.2166556594674362,0.22813783202601806,0.3356284257874931,0.4307271035074621,0.6187643699002635,0.5362113796066285,0.463861555843393,0.2808650553907394,0.15473165220167429,0.3398356117223322,0.6572804398721508
252,0.22097130242825624,0.27877714547198806,0.23838645168075304,0.18664459161147917,0.22400976367469205,0.21527777777777768,0.18760014791076074,0.1801814183617374,0.6647930505876342,0.4854260089686099,0.608167770419426,0.6072992700729927,0.47762600094206303,0.29461185690317926,0.38168340580508797,0.39395740179573124,0.22526963265218214,0.43305720595922814,0.42006101089651404,0.3124487873394619,0.37856668827354467,0.43888319267863624,0.30718050959453735,0.21294981511590097,0.206035372081004,0.23211437531059992,0.3311519184354137,0.45044016073269594,0.5752011284306787,0.6335133098090575,0.4984310836485389,0.32396810250260255,0.1452839502858576,0.39931178024128156,0.5651136307452492
253,0.2267108167770422,0.14936265388876357,0.259557853427205,0.1971302428256072,0.20559192277820948,0.2258652094717668,0.19967952668556688,0.19131390874106646,0.6428206438426163,0.5668908819133034,0.5629139072847682,0.5737226277372263,0.4639660857277437,0.28405759778172346,0.26420860513314715,0.41133298363683046,0.27386582037022045,0.45903393377874835,0.2706089934625934,0.2958537519219424,0.22855029412158928,0.2550223973381207,0.14128994999502964,0.21424051065053265,0.21053726018516541,0.24013353363581802,0.3170264725771725,0.4837794463221434,0.6687254869839075,0.6964150491435066,0.5404501183807489,0.4023792425809448,0.11990788734667449,0.5773916879399601,0.34676908992817496
254,0.23211920529801366,0.17469043816100616,0.2665159947740972,0.20949227373068435,0.18806168867191886,0.23656648451730433,0.20941698508566509,0.20285871357889018,0.6106285130301482,0.6442451420029895,0.5132450331125828,0.5518248175182483,0.4474799811587376,0.25432896943288696,0.31385057365891633,0.32669598413116674,0.3038925548012976,0.3969460349671401,0.3398356117223322,0.26205934703881006,0.34093201014113506,0.2501690215920132,0.22834616503906743,0.22363155421380077,0.20744481357272085,0.23591796031356946,0.2998517458305403,0.4864960077669038,0.6572804398721508,0.7348555367851741,0.5767202626835966,0.4551005283920655,0.1308419865042953,0.518580952154074,0.2364032774970734
255,0.23874172185430442,0.2464404260958446,0.26167876369744686,0.22097130242825624,0.18761788527682288,0.25022768670309636,0.2255639097744364,0.21577789994502528,0.5881451200817578,0.6681614349775785,0.44701986754966894,0.5,0.43146490814884597,0.27877714547198806,0.29461185690317926,0.40685108696392724,0.25544376928713497,0.433718068148913,0.39931178024128156,0.3885249974609085,0.33234215798012334,0.3743179893507763,0.27131254839881147,0.23838645168075304,0.23091197886191692,0.2173743198451378,0.28509648648915886,0.48966462684500767,0.5651136307452492,0.6252908060492531,0.621905359200209,0.4758570998825081,0.1114124985338158,0.4446935135774874,0.23443724224490944
256,0.2514348785871965,0.25865412789043063,0.23643612170075484,0.2267108167770422,0.1981582159103521,0.2496584699453548,0.2302477505238505,0.23089609675646017,0.6203372508942259,0.6756352765321375,0.5794701986754968,0.5562043795620438,0.43382006594441824,0.14936265388876357,0.28405759778172346,0.36080470518119157,0.30821501572053656,0.5048808325514376,0.5773916879399601,0.42017029888402413,0.39188274854851396,0.3324275676995508,0.21647218043959437,0.259557853427205,0.2321732179718065,0.2161132931867283,0.27760186234875617,0.4723633821091623,0.34676908992817496,0.5245327970450124,0.5445952777296457,0.4347033015265369,0.08916179737501163,0.42884518934823235,0.4149896357339866
257,0.2474613686534215,0.23720932356346758,0.21993352697082277,0.23211920529801366,0.21058471097303944,0.24499089253187645,0.22618020460988575,0.21976360637713022,0.5769034236075626,0.6203288490284006,0.5849889624724062,0.5540145985401461,0.455016486104569,0.17469043816100616,0.25432896943288696,0.39154361079973476,0.38560727031532416,0.4773269556774977,0.518580952154074,0.4316840268403795,0.33855208512642315,0.23034234262315767,0.21949214149925422,0.2665159947740972,0.24134993789286083,0.21820701925740163,0.2756756613800439,0.45774678638769734,0.2364032774970734,0.4262039894753359,0.4844865405369909,0.4014041530028246,0.08234708096363215,0.477426221793051,0.599034444137339
258,0.23410596026490094,0.25019611595227786,0.214678370875974,0.23874172185430442,0.22212359924553482,0.22984972677595605,0.2091704671514858,0.2031335898845521,0.48441492079713855,0.5362481315396114,0.598233995584989,0.5664233576642337,0.455016486104569,0.2464404260958446,0.27877714547198806,0.38168340580508797,0.45730500047031164,0.45349982840203396,0.4446935135774874,0.41575379304926896,0.36190124004344504,0.16970193747865558,0.2564609243707096,0.26167876369744686,0.255768097132128,0.20751068545312054,0.28820801184073913,0.45194728181728855,0.23443724224490944,0.3502175759841907,0.5025971565897026,0.36253013562977104,0.08285487172948895,0.3619174214195409,0.6102024428857673
259,0.2128035320088304,0.24980553488496504,0.22781620158527074,0.2514348785871965,0.22789304338178207,0.21095173041894366,0.18439541476642463,0.17880703683342603,0.32703117015840577,0.44469357249626307,0.5684326710816777,0.5722627737226278,0.4474799811587376,0.25865412789043063,0.14936265388876357,0.26420860513314715,0.3374733521500666,0.4084464438376525,0.42884518934823235,0.5950847640625003,0.4815588710224026,0.29306829789952926,0.299180565502874,0.23643612170075484,0.2764563223388801,0.21204480926347527,0.2907908779399405,0.4445401551926362,0.4149896357339866,0.31971079854082146,0.5301213646489423,0.3867830615910534,0.13282115442263606,0.39670131525867663,0.47539850049751403
260,0.18995584988962522,0.2669975646989453,0.25043647091214294,0.2474613686534215,0.233329634971708,0.19296448087431717,0.16319487242696917,0.1540681693238044,0.23965252938170678,0.34902840059790735,0.5143487858719648,0.5467153284671533,0.4347621290626471,0.23720932356346758,0.17469043816100616,0.31385057365891633,0.32240970815937153,0.43472123105549443,0.477426221793051,0.5837768387245423,0.44839571030973874,0.32638401728923644,0.292751566063006,0.21993352697082277,0.28325566406074054,0.20893021923073443,0.2907283264412826,0.4361530879052908,0.599034444137339,0.3791863481270502,0.6133152078785891,0.43823897291532854,0.2086390814389112,0.4345539407929689,0.31453888140727626
261,0.1921633554083888,0.18811940203724475,0.24755532417192788,0.23410596026490094,0.2399866858981472,0.192509107468124,0.1565388882041172,0.158466190214404,0.31170158405723053,0.33408071748878926,0.5408388520971302,0.6007299270072993,0.42910975035327364,0.25019611595227786,0.2464404260958446,0.29461185690317926,0.1961097704205219,0.38418710245908194,0.3619174214195409,0.374418027629807,0.3874454402041408,0.37536425440966054,0.25519733013504586,0.214678370875974,0.27852882891353004,0.23256542082557616,0.28128737655281355,0.4146391494206106,0.6102024428857673,0.3866144058657695,0.5265353237871805,0.4520050564197622,0.25179988326794134,0.37092402908284466,0.43931690278474367
262,0.20584988962472428,0.21539269449022846,0.2320375445538819,0.2128035320088304,0.25274603350715674,0.20332422586520948,0.17724639467521275,0.16932380428807114,0.4736842105263158,0.33744394618834084,0.5728476821192053,0.5686131386861314,0.4503061705134243,0.24980553488496504,0.25865412789043063,0.28405759778172346,0.2557747235181278,0.35917844023270895,0.39670131525867663,0.3953494271280345,0.4261044091276763,0.3419080791290673,0.3088646181083628,0.22781620158527074,0.25386227784170506,0.23383569102030063,0.25725880868884415,0.40048715990154643,0.47539850049751403,0.42354371300460414,0.472303604787123,0.4684717319808561,0.24634532304130086,0.30304603918115913,0.6613994495686257
263,0.2192052980132453,0.2626891815577448,0.22046348335606838,0.18995584988962522,0.24875180295129296,0.21607468123861562,0.192530506594355,0.18183067619571247,0.6412876852324988,0.3961136023916293,0.5827814569536425,0.5664233576642337,0.4644371172868582,0.2669975646989453,0.23720932356346758,0.25432896943288696,0.2832034475663523,0.27148428169095773,0.4345539407929689,0.49089328783713554,0.5048224709444159,0.36242877330709444,0.4443803636725541,0.25043647091214294,0.23773630751827998,0.24307812071475435,0.2725176341111214,0.40635611019231527,0.31453888140727626,0.44225938439048446,0.4046607246399241,0.4093979126936383,0.2038619699673413,0.41293372779849397,0.8391271881305562
264,0.22759381898454745,0.13320570605220006,0.24410671190238142,0.1921633554083888,0.2353267502496399,0.22791438979963585,0.20867743128312588,0.1946124244090166,0.6699029126213593,0.4697309417040359,0.5518763796909493,0.5262773722627738,0.45642958078191237,0.18811940203724475,0.25019611595227786,0.27877714547198806,0.22857713073387487,0.3745138640422798,0.37092402908284466,0.29287315823596827,0.34750753287070363,0.2851115202940406,0.20462521616161522,0.24755532417192788,0.2326010852930871,0.2575995209796384,0.2642524486375193,0.4060876087552898,0.43931690278474367,0.5519984511944532,0.4333384880358845,0.4808146180877193,0.263232899178035,0.6663448500557977,0.7483465542716554
265,0.23708609271523207,0.10649515942907861,0.27579757328100496,0.20584988962472428,0.21391323643625926,0.23383424408014575,0.21077283372365363,0.20299615173172114,0.6504854368932039,0.5739910313901345,0.5894039735099338,0.5766423357664234,0.4682053697597739,0.21539269449022846,0.24980553488496504,0.14936265388876357,0.10833145243259956,0.4267051597311031,0.30304603918115913,0.25629090800587806,0.452468823022511,0.38172057639185347,0.1255397510148562,0.2320375445538819,0.245439082686796,0.2784358839308205,0.2665349782237536,0.41625992428631864,0.6613994495686257,0.6224519487625266,0.4672790075430035,0.5478069696956391,0.3181784893810401,0.7373960291165509,0.6620211281736685
266,0.2384105960264904,0.24118609213877384,0.30200354084468195,0.2192052980132453,0.1909464107400427,0.23941256830601088,0.21730555897941572,0.2185266630016498,0.5947879407256005,0.655829596412556,0.5485651214128036,0.5467153284671533,0.42063118228921337,0.2626891815577448,0.2669975646989453,0.17469043816100616,0.2959376759063659,0.40092509995920445,0.41293372779849397,0.4196032139577253,0.5642356802695041,0.3270662855159024,0.29699134537571664,0.22046348335606838,0.2675431092258108,0.2852839122430588,0.2503333864388393,0.4071291470131262,0.8391271881305562,0.6360683215540741,0.5293811728654967,0.6421054310406604,0.40464475589061616,0.7087808228462271,0.6150733476518548
267,0.260154525386314,0.313242250671415,0.30634930358218704,0.22759381898454745,0.1931654277155226,0.24624316939890667,0.23431529643781657,0.23075865860362832,0.656617271333674,0.7219730941704037,0.6997792494481236,0.5897810218978102,0.47150259067357514,0.13320570605220006,0.18811940203724475,0.2464404260958446,0.28411791305229883,0.37520828888719393,0.6663448500557977,0.629387573079799,0.5645485802361443,0.4136986924962714,0.40013358448913533,0.24410671190238142,0.2647277163987743,0.28052323065952994,0.26170970649160696,0.40410860948118865,0.7483465542716554,0.6635118728739684,0.5590096510935892,0.627500261480014,0.42250681373041,0.6139571883566196,0.6277687528588892
268,0.2640176600441504,0.3430392026076756,0.3196897537800966,0.23708609271523207,0.20692333296349785,0.259335154826958,0.24158757549611787,0.23694337548103395,0.6305569749616761,0.6887144992526159,0.6114790286975718,0.5722627737226278,0.46679227508243054,0.10649515942907861,0.21539269449022846,0.25865412789043063,0.4497762061807187,0.3450855620307216,0.7373960291165509,0.6328952198704839,0.5825182952324761,0.2733724247371049,0.46144819753137917,0.27579757328100496,0.2495640856060856,0.2556800550971007,0.2719068010024066,0.39815724333653246,0.6620211281736685,0.7730984552709184,0.6834961018301757,0.6358383893514227,0.4695716227141824,0.5415548547383645,0.4398522371390861
269,0.25320088300220744,0.4549722620706227,0.33591591451815417,0.2384105960264904,0.22034838566515047,0.25523679417122036,0.23037100949094036,0.2314458493677849,0.5743484925907001,0.6068759342301944,0.543046357615894,0.5671532846715329,0.4394724446537918,0.24118609213877384,0.2626891815577448,0.23720932356346758,0.3275702956354447,0.32418783349991287,0.7087808228462271,0.7227339113524798,0.7188276908113842,0.515206102440595,0.6034265610204246,0.30200354084468195,0.23825416916858638,0.23943861499090865,0.3057781584025151,0.4000682653398441,0.6150733476518548,0.8786673460607621,0.7890938228393211,0.5998118472384311,0.5054167207762372,0.31919001707454675,0.28465194694772766
270,0.24161147902869784,0.4516145223379695,0.34296037121160244,0.260154525386314,0.22878065017197402,0.24146174863387992,0.21126586959201354,0.2175645959318313,0.4200306591722024,0.539237668161435,0.5607064017660045,0.6036496350364964,0.4375883184173339,0.313242250671415,0.13320570605220006,0.25019611595227786,0.3735932074299466,0.41408651256764095,0.6139571883566196,0.8980366949642175,0.7021239198017801,0.4642026126508051,0.5136766801758325,0.30634930358218704,0.2613578088160087,0.23426662207949284,0.30938048692880576,0.3894542837396577,0.6277687528588892,0.815634973980323,0.8287779190161345,0.6080476160650499,0.5477442198818023,0.3234060407982801,0.18209271269148158
271,0.22262693156732904,0.423829393065823,0.3163549388697453,0.2640176600441504,0.2383224231665375,0.21948998178506374,0.19129791692345677,0.18719076415612967,0.314256515074093,0.4428251121076233,0.5838852097130243,0.5963503649635038,0.4606688648139425,0.3430392026076756,0.10649515942907861,0.24980553488496504,0.34343045805956507,0.3667813687793995,0.5415548547383645,0.8965431272284909,0.6741272627714953,0.4666583704963165,0.5287027651578972,0.3196897537800966,0.29232541715147475,0.24719654577223885,0.3233258634627646,0.4100339791501942,0.4398522371390861,0.5942599403771149,0.70054823402938,0.517694862546269,0.43350746798841006,0.28062303356682217,0.33730918270639476
272,0.2062913907284769,0.3589141452937685,0.2995897867454157,0.25320088300220744,0.23965383335182544,0.19592440801457212,0.17071366941945065,0.17124793842770814,0.28870720490546764,0.38303437967115095,0.6490066225165563,0.6102189781021898,0.44559585492227977,0.4549722620706227,0.24118609213877384,0.2669975646989453,0.33583667698123776,0.3306572491087021,0.31919001707454675,0.6191095102895549,0.5902153371913178,0.4074530997914218,0.4925632535583985,0.33591591451815417,0.31793330864638003,0.2694588478811291,0.32590970649300255,0.42014126836172355,0.28465194694772766,0.43108090346420913,0.5734731073781592,0.47410110428286956,0.3682134635111219,0.5377675341273426,0.3669400403431454
273,0.2102649006622519,0.3589094386514109,0.28483297115965106,0.24161147902869784,0.2615111505603025,0.19820127504553753,0.17243929495870836,0.15997800989554722,0.36075625958099133,0.3228699551569507,0.6666666666666667,0.6262773722627737,0.5011775788977861,0.4516145223379695,0.313242250671415,0.18811940203724475,0.37947929221371623,0.3614378247895278,0.3234060407982801,0.5189517575736935,0.6708223645624477,0.3623713589324389,0.46308120472330844,0.34296037121160244,0.32217989181008966,0.2666232954735141,0.330596114456375,0.4423244123382506,0.18209271269148158,0.3585405471510244,0.5351568454972008,0.4305423110648242,0.2796649426277287,0.6112085420307518,0.2903140762006837
274,0.22461368653421632,0.2970986851537951,0.2912222910656377,0.22262693156732904,0.2653944302673916,0.21231785063752273,0.18895599654874928,0.17743265530511287,0.515074092999489,0.35837070254110615,0.673289183222958,0.6233576642335767,0.5025906735751295,0.423829393065823,0.3430392026076756,0.21539269449022846,0.2751728619778522,0.36500910232158645,0.28062303356682217,0.39162575495865876,0.5797803271942629,0.40626360716325916,0.3923102752243256,0.3163549388697453,0.33521588448355855,0.2513510857166779,0.33496829952990287,0.4352782081345994,0.33730918270639476,0.3321442429651529,0.6058390254511845,0.435636102908173,0.3120200062594004,0.7114090153892979,0.24873087175364675
275,0.23620309050772637,0.43669225323899497,0.2807558442689178,0.2062913907284769,0.2545212470875402,0.22609289617486317,0.20411684950080122,0.19131390874106646,0.6443536024527339,0.4342301943198804,0.6556291390728477,0.6102189781021898,0.5044747998115874,0.3589141452937685,0.4549722620706227,0.2626891815577448,0.31301981615854757,0.3510480288790063,0.5377675341273426,0.43007123262333347,0.6741060194023394,0.5113540063972659,0.5577855179389561,0.2995897867454157,0.3510717296283491,0.23996018478224876,0.3370240066636745,0.4245016783008507,0.3669400403431454,0.2307814201705952,0.6094126888807885,0.40746875758398204,0.3112208684874635,0.4345615105584494,0.2664820050958354
276,0.24724061810154563,0.49509569271273257,0.24971045632746333,0.2102649006622519,0.2428714079662715,0.23474499089253165,0.2116356464932827,0.2056074766355147,0.6770567194685744,0.5108370702541106,0.6821192052980133,0.6386861313868615,0.5025906735751295,0.3589094386514109,0.4516145223379695,0.13320570605220006,0.15352030505224334,0.3272254975851485,0.6112085420307518,0.5159134008983258,0.8661225286662181,0.7364180865858979,0.6442372815021413,0.28483297115965106,0.35795541679647414,0.26322925771509254,0.34048227275246046,0.4328977389635563,0.2903140762006837,0.08613859473776336,0.43296255554468716,0.3295952088295737,0.21444922666851635,0.3861750749669561,0.500866227303558
277,0.25849889624724076,0.5129750749567918,0.2472603307269931,0.22461368653421632,0.2237878619771445,0.24453551912568283,0.21878466658449414,0.21014293567894438,0.6627491057741441,0.6132286995515696,0.6997792494481236,0.6708029197080292,0.5350918511540274,0.2970986851537951,0.423829393065823,0.10649515942907861,0.19418236525075905,0.4200916860762973,0.7114090153892979,0.5793827311821587,0.9116925061728716,0.7128866821491752,0.5747861990271108,0.2912222910656377,0.3319571771615577,0.29441860917271445,0.3234518526760922,0.43123607234425715,0.24873087175364675,0.1778662415622762,0.32280833897139594,0.36066046611658853,0.21224824128229416,0.4057491724024864,0.4472445496008515
278,0.2665562913907289,0.43238989038510844,0.24056728662837407,0.23620309050772637,0.20736713635859338,0.24590163934426235,0.22790583014914345,0.22100054975261152,0.6463975472662238,0.695814648729447,0.7671081677704195,0.6700729927007301,0.5322656617993405,0.43669225323899497,0.3589141452937685,0.24118609213877384,0.37062402561087815,0.16954096558663956,0.4345615105584494,0.557603008565189,0.6916848032798326,0.44741294586256186,0.7269171918923452,0.2807558442689178,0.3155746415634264,0.3202098656130296,0.2821264137736,0.43087092725248133,0.2664820050958354,0.21611418341837188,0.2166612947188408,0.4343460728120928,0.19647303915659065,0.4303387296928344,0.5153314251720654
279,0.2798013245033113,0.45231125995340626,0.25934553751728556,0.24724061810154563,0.21136136691445717,0.2683287795992717,0.24183409343029671,0.24189114898295827,0.656617271333674,0.727204783258595,0.6821192052980133,0.6751824817518249,0.5171926519076778,0.49509569271273257,0.3589094386514109,0.313242250671415,0.2619214157917398,0.26040464093110316,0.3861750749669561,0.585298360388368,0.638404136080385,0.5802640042533509,0.6616088222436616,0.24971045632746333,0.3011546079809089,0.32448685637551195,0.24661709890712888,0.4167364326589227,0.500866227303558,0.3434606405244278,0.2632270084310715,0.553313889306627,0.27618797271704965,0.40839167418718897,0.3719402281224438
280,0.29061810154525425,0.48575805849176135,0.24549691811815763,0.25849889624724076,0.2257849772550764,0.2723132969034605,0.24861333662023943,0.2537108301264439,0.654573326520184,0.7152466367713005,0.7516556291390729,0.7065693430656934,0.5228450306170513,0.5129750749567918,0.2970986851537951,0.3430392026076756,0.2916071926206012,0.35132932693224284,0.4057491724024864,0.7176973028374691,0.6421342032006011,0.5841486276114254,0.6109797512695974,0.2472603307269931,0.30739810998025985,0.3376161930904225,0.2212892197425565,0.4064504703728531,0.4472445496008515,0.2666088510228348,0.17550281162761244,0.5763617817455997,0.26583824377411713,0.21427395080201844,0.4374414434294405
281,0.28609271523178803,0.42472912043883326,0.25327727101527053,0.2665562913907289,0.23743481637634556,0.26115664845173026,0.2460248983113522,0.2434029686641015,0.596320899335718,0.6606875934230194,0.814569536423841,0.691970802919708,0.538860103626943,0.43238989038510844,0.43669225323899497,0.4549722620706227,0.2633464044518927,0.4323665698017596,0.4303387296928344,0.4388510898448622,0.4653706483678003,0.5503035902058115,0.46687567689062826,0.24056728662837407,0.2971705298210332,0.35358557379045324,0.2308033766560612,0.3964299180510288,0.5153314251720654,0.33589946347139454,0.14825282771187215,0.5735536984357757,0.3086061404438958,0.3186087438811541,0.39962826233082244
282,0.2728476821192056,0.42719584359925733,0.2415744974309451,0.2798013245033113,0.24852990125374497,0.2492030965391625,0.2309873043263897,0.21935129191863734,0.4736842105263158,0.57847533632287,0.7980132450331126,0.6934306569343067,0.5647668393782384,0.45231125995340626,0.49509569271273257,0.4516145223379695,0.3273110088153999,0.5051163786069264,0.40839167418718897,0.3611043713362706,0.4713231279919884,0.48678465193683584,0.3998948718131838,0.25934553751728556,0.26683366384231105,0.3605185515033329,0.2613298896607334,0.3867459849585095,0.3719402281224438,0.4093513354517054,0.08776581058399008,0.4813544753866954,0.3021797935849271,0.27090550391465085,0.5439021932155323
283,0.2556291390728478,0.306259462019538,0.24164963477476709,0.29061810154525425,0.25984688782869236,0.2296220400728597,0.20596573400714968,0.19227597581088496,0.34389371486969855,0.4820627802690583,0.815673289183223,0.7277372262773723,0.5840791333019312,0.48575805849176135,0.5129750749567918,0.423829393065823,0.2859944162362016,0.5652680902811618,0.21427395080201844,0.16816365500763625,0.37612449053694774,0.4045482502336264,0.2105147583273742,0.24549691811815763,0.26443945533337987,0.3343341518406626,0.3132807445308662,0.3778089868200328,0.4374414434294405,0.4189407987515518,0.17384935741451255,0.36980390050897727,0.3232693136590892,0.4496954768142721,0.7572312998811126
284,0.23587196467991145,0.32820871303468024,0.2413919454336312,0.28609271523178803,0.2679462997891937,0.21277322404371546,0.18402563786515458,0.17083562396921437,0.27337761880429234,0.38789237668161436,0.7814569536423841,0.7270072992700731,0.5732454074422986,0.42472912043883326,0.43238989038510844,0.3589141452937685,0.22297978089666515,0.4897710594491347,0.3186087438811541,0.3106767738749442,0.46489819698645257,0.49230437689810996,0.30673083173991905,0.25327727101527053,0.2578991607752191,0.31783430932773804,0.3407301690029984,0.39497766358220826,0.39962826233082244,0.44337849083738506,0.22710987479817638,0.31018887334163225,0.28247307486299117,0.42864053186143886,0.9090067570365818
285,0.23222958057395138,0.29273671653810673,0.2603578412560136,0.2728476821192056,0.281260401642073,0.21687158469945356,0.18303956612843608,0.16781198460692703,0.31783341849770064,0.3307174887892377,0.7052980132450332,0.7087591240875915,0.5680640602920395,0.42719584359925733,0.45231125995340626,0.3589094386514109,0.3491919502927985,0.4440339287031847,0.27090550391465085,0.23368526056253772,0.42865136632446993,0.3253066470333159,0.31187946597404026,0.2415744974309451,0.27624885193082716,0.30331102129839527,0.3652807948567707,0.38623842133661446,0.5439021932155323,0.44409105592174114,0.3359145457986459,0.30042267097405206,0.35003521142777305,0.3534592021924726,0.9592220840403061
286,0.24304635761589433,0.3139932481459162,0.3057808789934495,0.2556291390728478,0.2921335848219244,0.23167122040072874,0.19622827560705058,0.1826553051127,0.4476239141543179,0.3307174887892377,0.6699779249448123,0.7021897810218978,0.5633537447008949,0.306259462019538,0.48575805849176135,0.2970986851537951,0.24354225837766386,0.43971716696883867,0.4496954768142721,0.21674194829720353,0.5135443995712472,0.45638349749070234,0.33917517276720854,0.24164963477476709,0.2627162875610745,0.3095992298056407,0.3672516834423287,0.3991793966548227,0.7572312998811126,0.6691699460693471,0.46185491800578604,0.3992410922442694,0.4326235176552244,0.14010770283524465,0.7115886399342999
287,0.2483443708609272,0.3191973545017017,0.33778647721236954,0.23587196467991145,0.28758460002219044,0.24362477231329693,0.21557993344015802,0.20024738867509662,0.5636177823198774,0.3639760837070254,0.6070640176600441,0.6226277372262774,0.5256712199717382,0.32820871303468024,0.42472912043883326,0.43669225323899497,0.22554967787247904,0.3856255168131373,0.42864053186143886,0.3087995841220985,0.3762011719921534,0.48034251676002004,0.3966464244655372,0.2413919454336312,0.27031907621206464,0.29929841520311967,0.3559481726641033,0.3602186191185038,0.9090067570365818,0.7611631784843422,0.598888883890493,0.4961644980950367,0.6032689873583303,0.2734536265346408,0.5250043148789066
288,0.256181015452539,0.223933121843519,0.3674267703675423,0.23222958057395138,0.2742704981693116,0.255009107468124,0.229261678787132,0.2170148433205057,0.6167603474706184,0.4353512705530643,0.5750551876379691,0.5934306569343066,0.5016486104569006,0.29273671653810673,0.42719584359925733,0.49509569271273257,0.25139933043446305,0.3379743075995858,0.3534592021924726,0.17296284552905378,0.2191560153737092,0.3552483631352611,0.3384766017755659,0.2603578412560136,0.2588833848792162,0.26874432252397973,0.3667868387208766,0.3311170401031119,0.9592220840403061,0.9181598279214347,0.7946882514515121,0.5401043802945276,0.744977942752333,0.42407062822614333,0.3938620221363011
289,0.2710816777041942,0.07550971707389209,0.36020974912301,0.24304635761589433,0.2569621657605685,0.2666211293260474,0.23431529643781657,0.22347443650357413,0.6356668369954012,0.5440956651718983,0.6114790286975718,0.662043795620438,0.5430993876589731,0.3139932481459162,0.306259462019538,0.5129750749567918,0.20486791861948284,0.3054885028482808,0.14010770283524465,0.13475849612436314,0.049198034815333413,0.25000780713599513,0.20785980124234243,0.3057808789934495,0.25895680742860816,0.26633297031883174,0.35700060651367793,0.3002812853795786,0.7115886399342999,0.8904684988589541,0.7793080969328441,0.5447756653344663,0.7991689131505437,0.6326628031537604,0.4184933142946594
290,0.27969094922737314,0.18676476714308343,0.3525526518950979,0.2483443708609272,0.23710196383002335,0.27493169398907114,0.24935289042277864,0.23323254535459093,0.6509964230965765,0.6401345291479821,0.6169977924944813,0.6299270072992702,0.5463966085727744,0.3191973545017017,0.32820871303468024,0.43238989038510844,0.3066031171600585,0.17285530776447366,0.2734536265346408,0.25888506768336295,0.2452547543381684,0.2598405176253061,0.45610249865792063,0.33778647721236954,0.2587049991078062,0.2597458440738506,0.36419113993470154,0.2942758184612707,0.5250043148789066,0.862369900045228,0.7761976268911511,0.5119397211261814,0.7941906738089635,0.505978317241487,0.435904982492653
291,0.2924944812362029,0.21128728705692268,0.35431570072277935,0.256181015452539,0.23344058582048177,0.28859289617486317,0.2620485640330341,0.24821330401319397,0.6739908022483393,0.695814648729447,0.6125827814569537,0.6394160583941606,0.5496938294865756,0.223933121843519,0.29273671653810673,0.45231125995340626,0.42072085950876215,0.15078140759346148,0.42407062822614333,0.34227174260530724,0.24995703404746353,0.16730085135221778,0.5039619943333411,0.3674267703675423,0.27723805273931645,0.27822692793384063,0.355840082222982,0.2907129382386622,0.3938620221363011,0.7970436058937899,0.7212989136805821,0.5338988350670328,0.8069043248838615,0.4919537235239172,0.3616078550305234
292,0.2984547461368656,0.22875869473146082,0.3523346146997554,0.2710816777041942,0.2443137690003332,0.29974954462659387,0.2709232096635028,0.25384826827927487,0.6326009197751661,0.6793721973094171,0.5640176600441501,0.6262773722627737,0.5558172397550635,0.07550971707389209,0.3139932481459162,0.48575805849176135,0.4873464870640021,0.2816286122187357,0.6326628031537604,0.33701078013994384,0.2336305177057882,0.11653123462425924,0.3976939709464798,0.36020974912301,0.32162443988273537,0.26459746382802773,0.3472688382117699,0.3223073263302809,0.4184933142946594,0.6170306270118128,0.7595889268692055,0.5478366824809615,0.7280857652753258,0.5399509654087598,0.31896281854766606
293,0.2875275938189845,0.23926068904822628,0.34837875921738276,0.27969094922737314,0.24963940974148446,0.29508196721311464,0.26266485886848256,0.24890049477735054,0.542156361778232,0.624439461883408,0.5,0.6029197080291971,0.5261422515308526,0.18676476714308343,0.3191973545017017,0.42472912043883326,0.4093251651311416,0.3333099377887141,0.505978317241487,0.3443743408052696,0.3067336390143355,0.20796376774937134,0.3596448115207426,0.3525526518950979,0.3528996020925691,0.2722546921397853,0.34413498300792444,0.3600705797287844,0.435904982492653,0.480470178422831,0.7217226273279891,0.5456009454500242,0.6299323574057138,0.37403147522619357,0.308298447922422
294,0.2750551876379692,0.25262935170356826,0.334348282312235,0.2924944812362029,0.2575169200044387,0.2814207650273226,0.25243436460002444,0.22897196261682318,0.4251405212059275,0.5556801195814649,0.5077262693156733,0.5810218978102191,0.5412152614225153,0.21128728705692268,0.223933121843519,0.42719584359925733,0.3746229083804291,0.4445751355109202,0.4919537235239172,0.4953637389924451,0.31787519384933316,0.2576144825797401,0.26765895697287845,0.35431570072277935,0.38186344054465127,0.2607371157006449,0.3300509171571622,0.38840958374829626,0.3616078550305234,0.3146342809310325,0.7142124069621503,0.5440562557746911,0.5287904611954908,0.32350292849671075,0.3495434629421211
295,0.2538631346578364,0.3082733008125409,0.3233020344979595,0.2984547461368656,0.27249528458892724,0.2636612021857925,0.22507087390607738,0.20492028587135813,0.29943791517629026,0.4334828101644245,0.467991169977925,0.6029197080291971,0.5332077249175695,0.22875869473146082,0.07550971707389209,0.306259462019538,0.28215365557535854,0.29204201948518715,0.5399509654087598,0.7789979628880017,0.49833660973474847,0.41059525435837724,0.4743631763751946,0.3523346146997554,0.3748111271165232,0.26081106399116494,0.3449344614998073,0.3899481184119793,0.31896281854766606,0.30009313077463107,0.6783298043282481,0.48698699904472786,0.4977469438752441,0.28188319194698497,0.4388839369294298
296,0.23377483443708602,0.18681836666724827,0.3170792271474938,0.2875275938189845,0.2811494507932992,0.24328324225865172,0.20929372611857522,0.17770753161077568,0.25702606029637204,0.3363228699551569,0.4646799116997793,0.5635036496350365,0.5407442298634008,0.23926068904822628,0.18676476714308343,0.32820871303468024,0.3384642057389975,0.13073972259981836,0.37403147522619357,0.4555532055031999,0.351780522785459,0.2269877120613315,0.4964927584428498,0.34837875921738276,0.3673287811774977,0.2605574526004379,0.35252877447441655,0.3764250328214288,0.308298447922422,0.3055397200782129,0.6590836442366454,0.4565368714461726,0.513915314093929,0.4675890951460076,0.49194750406463617
297,0.2332229580573948,0.1600013234797295,0.3118163059785564,0.2750551876379692,0.29401974925108165,0.23952641165755928,0.2018981880931836,0.17990654205607548,0.312212570260603,0.2911061285500747,0.49558498896247244,0.6036496350364964,0.5308525671219971,0.25262935170356826,0.21128728705692268,0.29273671653810673,0.31599570669918897,0.04643763827260372,0.32350292849671075,0.38419609296841833,0.36062570459298227,0.22249625801649933,0.5480037022892406,0.334348282312235,0.36905159347091065,0.27922321190074945,0.3620972138631622,0.3566419958941729,0.3495434629421211,0.2788592187147069,0.5809105569790693,0.42401916917643906,0.5471100401586574,0.6082610855748563,0.5404597801790503
298,0.24459161147902897,0.1825448056546577,0.3197613855964339,0.2538631346578364,0.3000110950848778,0.25068306010929,0.215086897571799,0.19103903243540454,0.46295350025549314,0.3094170403587444,0.5011037527593819,0.6007299270072993,0.5412152614225153,0.3082733008125409,0.22875869473146082,0.3139932481459162,0.4070058441745914,0.1453578375725897,0.28188319194698497,0.39124579438863605,0.3619409412368995,0.15177952491226626,0.47783716303525425,0.3233020344979595,0.3671157200559566,0.3239274271424761,0.3525689682084939,0.3602040048835433,0.4388839369294298,0.3165529572367766,0.45998976702198463,0.4625357777575617,0.5585188168655265,0.5640427112490346,0.5316157952789329
299,0.2586092715231789,0.2087830723289379,0.3248184330889803,0.23377483443708602,0.28902696105625214,0.25614754098360626,0.23061752742512054,0.20519516217702005,0.6208482370975984,0.3938714499252616,0.5883002207505519,0.6014598540145986,0.5525200188412623,0.18681836666724827,0.23926068904822628,0.3191973545017017,0.4977700982234108,0.11637164501236086,0.4675890951460076,0.41311771712542383,0.3834374144750681,0.08513296524863828,0.5341857242027519,0.3170792271474938,0.36325014563226954,0.35542653470963964,0.3415541405515846,0.38209577755054674,0.49194750406463617,0.35077866133559815,0.3730415925340286,0.49769686746898123,0.5198804423239483,0.5744088470260542,0.5532981901342717
300,0.271302428256071,0.2938434448519551,0.3298678874767109,0.2332229580573948,0.27648951514479103,0.2642304189435336,0.24232712929865707,0.21522814733370055,0.6821665815022995,0.4790732436472347,0.6368653421633554,0.6160583941605839,0.5723033443240696,0.1600013234797295,0.25262935170356826,0.223933121843519,0.39395740179573124,0.256908098056444,0.6082610855748563,0.5127623790548353,0.567725400815675,0.280213130169017,0.4922858474758883,0.3118163059785564,0.34953987413262844,0.38459776831792536,0.345816909349013,0.4130676273371491,0.5404597801790503,0.42323301754836573,0.29370045980794685,0.49998604249412704,0.45998571625659046,0.44045554901658546,0.48971596413094914
301,0.2793598233995582,0.2812197453341181,0.3359329791613813,0.24459161147902897,0.25518695218018417,0.2795992714025499,0.2537902132380139,0.22897196261682318,0.6668369954011242,0.578101644245142,0.5684326710816777,0.6014598540145986,0.5595854922279793,0.1825448056546577,0.3082733008125409,0.07550971707389209,0.41133298363683046,0.17425484411065995,0.5640427112490346,0.41787683676981785,0.7065098678680387,0.24922795696509287,0.5576832999861998,0.3197613855964339,0.3387457252515974,0.3774949568990892,0.3544132744440235,0.44430309543899915,0.5316157952789329,0.4882118200557408,0.33655454440281296,0.4952600589175721,0.4019978184651365,0.465867251734459,0.4207712467608849
302,0.28465783664459154,0.31570227213510904,0.3455991074191525,0.2586092715231789,0.2349938977033177,0.2884790528233152,0.26537655614445965,0.23515667949422792,0.626469085334696,0.664050822122571,0.5353200883002208,0.5678832116788322,0.5609985869053227,0.2087830723289379,0.18681836666724827,0.18676476714308343,0.32669598413116674,0.22202419802698792,0.5744088470260542,0.6346150845644892,0.628049949959625,0.37226220936666515,0.5495103569466373,0.3248184330889803,0.3326649356361322,0.36995903372763433,0.34989427059185185,0.43034828567470884,0.5532981901342717,0.548548651605581,0.3924470800540643,0.5269089773522276,0.4586529051797603,0.36558929648233707,0.31028607701602234
303,0.2975717439293599,0.2942286519171713,0.33713272940749617,0.271302428256071,0.2344391434594475,0.30168488160291407,0.280167632195242,0.25233644859813076,0.627491057741441,0.7096412556053812,0.5364238410596027,0.5656934306569343,0.557230334432407,0.2938434448519551,0.1600013234797295,0.21128728705692268,0.40685108696392724,0.2054180772233778,0.44045554901658546,0.6420419345633595,0.581042853863073,0.2672935753336528,0.542014835564925,0.3298678874767109,0.3275221255524018,0.3716941821941445,0.33001588720142117,0.40839198553949557,0.48971596413094914,0.5363838067939426,0.35944233709888684,0.550449006556174,0.4889715306400489,0.36209597778965447,0.34779837562661425
304,0.3068432671081678,0.30181505691419375,0.3285420705252047,0.2793598233995582,0.2458670808831691,0.30783242258652077,0.27955133735979265,0.2527487630566254,0.6331119059785386,0.70254110612855,0.5695364238410596,0.6306569343065694,0.5953838907206782,0.2812197453341181,0.1825448056546577,0.22875869473146082,0.36080470518119157,0.3431920655676972,0.465867251734459,0.6212530190584082,0.5709405872501463,0.3226889419058241,0.4183423954363122,0.3359329791613813,0.33528588150907923,0.36974444698494147,0.3286640937699161,0.3825070136910439,0.4207712467608849,0.47359079831075107,0.33811687510675004,0.533865370667402,0.528170184093314,0.25640329067686574,0.4321204595331256
305,0.3009933774834441,0.25654582608282084,0.31472209062420603,0.28465783664459154,0.25995783867746614,0.2965619307832421,0.27449771970910897,0.24862561847168774,0.5815022994379152,0.6352765321375187,0.620309050772627,0.6218978102189782,0.5845501648610457,0.31570227213510904,0.2087830723289379,0.23926068904822628,0.39154361079973476,0.30913219706440564,0.36558929648233707,0.5218643948015574,0.5139435580983496,0.2441828855563544,0.401632967388623,0.3455991074191525,0.3402275163927766,0.36585119317018383,0.33090852304572294,0.3887594049715871,0.31028607701602234,0.4019069517593438,0.3062907624586132,0.49768360176078685,0.47920988585073937,0.3119397539942813,0.5204570065839125
306,0.28498896247240646,0.23229394512939905,0.3142297955097106,0.2975717439293599,0.2727171862864757,0.2836976320582876,0.25810427708615835,0.23955470038482662,0.4476239141543179,0.5381165919282511,0.5849889624724062,0.613138686131387,0.5473386716910033,0.2942286519171713,0.2938434448519551,0.25262935170356826,0.38168340580508797,0.340931913681775,0.36209597778965447,0.36993075334557163,0.47549614699917525,0.2293182437357094,0.3447544711226362,0.33713272940749617,0.34516173146250384,0.3520427494650886,0.31944228346911474,0.41147418390124685,0.34779837562661425,0.38086264681333587,0.3499710406500225,0.5212249815458841,0.4248589202778884,0.26441506156502637,0.5394038911168817
307,0.26269315673289206,0.15582221845690825,0.3235636923607761,0.3068432671081678,0.2808165982469766,0.2618397085610198,0.2376432885492421,0.20739417262232074,0.30148185998978033,0.4353512705530643,0.5739514348785872,0.5868613138686132,0.562411681582666,0.30181505691419375,0.2812197453341181,0.3082733008125409,0.26420860513314715,0.309796895899602,0.25640329067686574,0.28118806479163994,0.3404766812455719,0.27166883655708557,0.2912448654787172,0.3285420705252047,0.35108840482002446,0.34117130923343186,0.32430276658705215,0.4360084631877785,0.4321204595331256,0.39327564612033683,0.41572657579713673,0.531949406233654,0.3906660320410518,0.40700176985003395,0.5030542372888739
308,0.24657836644591624,0.15472152448005438,0.3285216326385489,0.3009933774834441,0.28614223898812874,0.2411202185792347,0.21816837174904524,0.19296316657504153,0.253960143076137,0.3628550074738416,0.6136865342163356,0.5956204379562045,0.5430993876589731,0.25654582608282084,0.31570227213510904,0.18681836666724827,0.31385057365891633,0.2698240532751477,0.3119397539942813,0.23173077033859169,0.4634762050538069,0.21925857486914271,0.32832538082406676,0.31472209062420603,0.3605339314161854,0.3350469782097992,0.3209639931202004,0.4601441532679133,0.5204570065839125,0.3753967175339009,0.4518007085234831,0.5503781760780319,0.34653309847917296,0.4546098445268215,0.4127588114463415
309,0.24514348785871976,0.09267292397206006,0.33205692403580545,0.28498896247240646,0.2991234882946858,0.24055100182149314,0.21767533588068577,0.1858163826278183,0.3214103219213082,0.3142750373692078,0.6048565121412803,0.589051094890511,0.5614696184644371,0.23229394512939905,0.2942286519171713,0.1600013234797295,0.29461185690317926,0.303450964325263,0.26441506156502637,0.1753354046644024,0.4274702881257758,0.175041793572533,0.2285126040958843,0.3142297955097106,0.35226077420683843,0.3298673431070919,0.3463004204313431,0.4485122410202113,0.5394038911168817,0.4209719985531689,0.480187708965733,0.5039127821584244,0.3825227279258786,0.6137061759932316,0.3882491791150962
310,0.2564017660044149,0.12960140148354604,0.3336638842915807,0.26269315673289206,0.3084433595917009,0.2522768670309654,0.22938493775422186,0.20739417262232074,0.4767501277465509,0.3210014947683109,0.6037527593818985,0.594160583941606,0.5355628827131418,0.15582221845690825,0.30181505691419375,0.1825448056546577,0.28405759778172346,0.295981455126304,0.40700176985003395,0.21611809629512133,0.4421714534017508,0.22408499568009982,0.2759041659770936,0.3235636923607761,0.34386617248137563,0.3376866913286559,0.3476621227347909,0.44546513790058856,0.5030542372888739,0.45969655778821206,0.4597380783411728,0.5046303309175028,0.39364221179643244,0.42081576156252753,0.2951110827341898
311,0.2718543046357613,0.1663637415446395,0.3194275006390279,0.24657836644591624,0.30256296460667986,0.2667349726775954,0.24318994206828526,0.21495327102803774,0.6228921819110884,0.3931240657698057,0.6181015452538632,0.6145985401459855,0.5756005652378708,0.15472152448005438,0.25654582608282084,0.2087830723289379,0.25432896943288696,0.320612799252455,0.4546098445268215,0.3301341821745875,0.4529268369535808,0.2927611132186509,0.29237341934276745,0.3285216326385489,0.33036159399532605,0.3426637107191514,0.35756980840407576,0.4341941199695898,0.4127588114463415,0.4581153012689762,0.3974887709588019,0.4510238742200052,0.38463301760864566,0.27216651908273837,0.4020014068356581
312,0.2804635761589407,0.2308455637542437,0.3177527183477289,0.24514348785871976,0.28647509153445094,0.27982695810564673,0.2560088746456306,0.2314458493677849,0.6693919264179867,0.476457399103139,0.577262693156733,0.5956204379562045,0.5558172397550635,0.09267292397206006,0.23229394512939905,0.2938434448519551,0.27877714547198806,0.25631657524140294,0.6137061759932316,0.45346559482668575,0.4318959876401641,0.33411041908154593,0.424207879565115,0.33205692403580545,0.32988053410525187,0.3476332571662035,0.3731364368836712,0.42968682291696125,0.3882491791150962,0.4536249105117968,0.3757933517875441,0.4137478344519211,0.3910140905659983,0.3601425013209771,0.4464330692194943
313,0.2934878587196472,0.11436694852429419,0.29956108110525836,0.2564017660044149,0.2640630200821037,0.28813752276867,0.26241834093430283,0.2449147883452456,0.6775677056719469,0.5960388639760837,0.6269315673289184,0.6437956204379562,0.5652378709373528,0.12960140148354604,0.15582221845690825,0.2812197453341181,0.14936265388876357,0.31161035034560314,0.42081576156252753,0.39785982265981146,0.3257584293800089,0.3474714181186561,0.24433727353152923,0.3336638842915807,0.3390014115239517,0.35360236838460307,0.3954725694198298,0.41546422134917005,0.2951110827341898,0.3490991225754358,0.2975302080408187,0.324440055582597,0.3790813362355258,0.4584140005789237,0.5534072172529939
314,0.30033112582781474,0.03290750864704961,0.3080466403050383,0.2718543046357613,0.247864196161101,0.29360200364298716,0.26845803032170634,0.25577240241891186,0.6377107818088912,0.6737668161434978,0.642384105960265,0.6532846715328468,0.557230334432407,0.1663637415446395,0.15472152448005438,0.31570227213510904,0.17469043816100616,0.3457754068800547,0.27216651908273837,0.2861688045058881,0.20726815707339974,0.23717475478700062,0.12285849312963937,0.3194275006390279,0.3438462010308808,0.3631155295405643,0.40281350835201724,0.39817136574627787,0.4020014068356581,0.3624949442917019,0.29372115999621096,0.3279054967515357,0.4406106227014827,0.6783334330122172,0.580044185231225
315,0.31556291390728486,0.1673572434980013,0.3158168073298373,0.2804635761589407,0.2464218351270393,0.30692167577413487,0.2758535683470975,0.27377680043980224,0.6683699540112418,0.7301943198804186,0.6655629139072847,0.7102189781021899,0.5605275553462081,0.2308455637542437,0.09267292397206006,0.2942286519171713,0.2464404260958446,0.2906493491358688,0.3601425013209771,0.5592828121460296,0.36661857461759984,0.3019350567020098,0.32215037240624156,0.3177527183477289,0.34730080953880327,0.35478313250585486,0.39771016017838035,0.3833146187983958,0.4464330692194943,0.3785765109663817,0.3461075745847203,0.3565094549489361,0.4946646374931352,0.58549274142961,0.5043820407318969
316,0.315342163355409,0.12903463744558152,0.32036493160204604,0.2934878587196472,0.25773882170198625,0.31648451730418925,0.2900283495624314,0.2789994502473885,0.6070516096065407,0.6913303437967115,0.5706401766004415,0.6248175182481752,0.5416862929816297,0.11436694852429419,0.12960140148354604,0.30181505691419375,0.25865412789043063,0.3506935947706715,0.4584140005789237,0.4546909591216323,0.31970052262636706,0.24973793127787408,0.22289169597625244,0.29956108110525836,0.3488710955344082,0.34632842135328706,0.3710788107782206,0.3757684461593843,0.5534072172529939,0.38974532190473044,0.3884992127056851,0.4240994387161812,0.5236145285557469,0.5485026893468854,0.42342442667339747
317,0.30706401766004454,0.22247865695749525,0.3345127775359016,0.30033112582781474,0.273271940530345,0.3104508196721314,0.28559102674719616,0.2744639912039588,0.5370464997445069,0.6109865470852018,0.5463576158940397,0.5963503649635038,0.5219029674988225,0.03290750864704961,0.1663637415446395,0.25654582608282084,0.23720932356346758,0.4387521467130693,0.6783334330122172,0.5334731055775244,0.4614625720085781,0.3684024440456904,0.24038219502268388,0.3080466403050383,0.3349596165184713,0.33272714352370225,0.3536683366162985,0.3738289966586449,0.580044185231225,0.4975319302373415,0.47873602823720796,0.49363987175589685,0.563301844346019,0.48069968163792276,0.39857641822454254
318,0.297240618101545,0.2830915418756632,0.3261992537509816,0.31556291390728486,0.28192610673471696,0.2939435336976324,0.27067669172932396,0.25549752611324905,0.42105263157894746,0.5485799701046338,0.608167770419426,0.6197080291970803,0.544983513895431,0.1673572434980013,0.2308455637542437,0.23229394512939905,0.25019611595227786,0.5203313477334,0.58549274142961,0.5280956505113401,0.5481925931170494,0.4175937132761683,0.2283038051356263,0.3158168073298373,0.33332305633083603,0.3322426390110788,0.3481240715535274,0.3864475454180386,0.5043820407318969,0.4723218949599697,0.4535012183191835,0.48670097596985684,0.5131327740136916,0.08401865547062137,0.4265788699656518
319,0.27075055187637975,0.2153504892554725,0.3135380160387301,0.315342163355409,0.29501830689004827,0.27094717668488144,0.2468877110809813,0.22787245739417283,0.29943791517629026,0.4147982062780269,0.5662251655629139,0.5854014598540147,0.526613283089967,0.12903463744558152,0.11436694852429419,0.15582221845690825,0.24980553488496504,0.3839843517297208,0.5485026893468854,0.5958362297007176,0.5571151599452319,0.3480298460133847,0.28506332778773774,0.32036493160204604,0.3155465910471974,0.34142882634372856,0.3619846714077456,0.38904817663354563,0.42342442667339747,0.493323099388362,0.38253499763757504,0.42816744916887495,0.4755925750617297,0.3813584164093013,0.5737225414781445
320,0.25176600441501096,0.25487030355243867,0.3224038588285667,0.30706401766004454,0.3018972595140359,0.25432604735883446,0.22137310489338136,0.20423309510720156,0.24987225344915692,0.3273542600896861,0.5375275938189846,0.6109489051094891,0.526613283089967,0.22247865695749525,0.03290750864704961,0.15472152448005438,0.2669975646989453,0.3668446174792894,0.48069968163792276,0.7639858930985158,0.5986284723764014,0.37109140742839414,0.344539150543706,0.3345127775359016,0.32383849168904766,0.346308306897503,0.38584938002456126,0.3889851949017258,0.39857641822454254,0.4947671927801509,0.3951436530324756,0.39696108616449327,0.4977675677396826,0.46705079384183595,0.5405538720760297
321,0.24911699779249474,0.0,0.32004288606765424,0.297240618101545,0.31720847664484664,0.252846083788707,0.22383828423517826,0.1968114348543164,0.28308635666837,0.26681614349775784,0.5253863134657837,0.5788321167883212,0.5407442298634008,0.2830915418756632,0.1673572434980013,0.09267292397206006,0.18811940203724475,0.22313786431736737,0.08401865547062137,0.22286804724637602,0.4015687126108357,0.18931548743940657,0.20444490718339697,0.3261992537509816,0.33143132693105337,0.34978765208085977,0.3828097288849598,0.37947930956311626,0.4265788699656518,0.4562950830221209,0.37611964650770796,0.3981412689936241,0.5141350116586131,0.9016139561460785,0.5077947389001198
322,0.26501103752759425,0.1687353343307194,0.3386603456864678,0.27075055187637975,0.3169865749472991,0.26445810564662997,0.23912239615432052,0.21990104452996118,0.47930505876341345,0.3213751868460389,0.5717439293598234,0.5934306569343066,0.5294394724446538,0.2153504892554725,0.12903463744558152,0.12960140148354604,0.21539269449022846,0.29102591589300886,0.3813584164093013,0.5106589021075699,0.5362725718245742,0.33542651646433563,0.3232913648035574,0.3135380160387301,0.3358756533076721,0.3513691820871604,0.36643824879278014,0.3552854716904177,0.5737225414781445,0.5097221430692547,0.4310031866936834,0.4755880941301399,0.616978352034977,0.6464700377243724,0.33603719965463547
323,0.28112582781456963,0.27640689443022204,0.34047544167599214,0.25176600441501096,0.3086652612892493,0.2803961748633874,0.2540367311721927,0.23694337548103395,0.6417986714358712,0.4039611360239163,0.5783664459161149,0.6116788321167884,0.5398021667451719,0.25487030355243867,0.22247865695749525,0.1663637415446395,0.2626891815577448,0.3222349010034762,0.46705079384183595,0.5304338310994177,0.6087403160945846,0.3977857467643122,0.41072643843466067,0.3224038588285667,0.34970061522447515,0.33735809012219037,0.354227448204704,0.37064924827853274,0.5405538720760297,0.46288961291842073,0.48279249688257303,0.5059657255337999,0.5855535643730265,0.5190248742935331,0.271786840283641
324,0.29282560706401783,0.3671477065901634,0.3311507782520372,0.24911699779249474,0.2987906357483636,0.28927595628415315,0.26340441267102177,0.2549477735019243,0.7082268778742974,0.476831091180867,0.609271523178808,0.6335766423357665,0.5280263777673104,0.0,0.2830915418756632,0.2308455637542437,0.13320570605220006,0.2600799168464629,0.9016139561460785,0.572308786100233,0.6355764562675955,0.6252474521092429,0.5691229539674838,0.32004288606765424,0.34157682378242105,0.3357098113684433,0.37917139347189144,0.36232721433676124,0.5077947389001198,0.45904989932286727,0.4581105313740035,0.43116740504088685,0.5818504057212066,0.4650661726904467,0.24615345697643345
325,0.2982339955849893,0.33296530200030183,0.313257309271846,0.26501103752759425,0.2721624320426055,0.3027094717668488,0.2740046838407495,0.2572842221000551,0.6596831885539091,0.5848281016442451,0.533112582781457,0.6065693430656935,0.5430993876589731,0.1687353343307194,0.2153504892554725,0.11436694852429419,0.10649515942907861,0.12326182873180791,0.6464700377243724,0.6189521168837019,0.7196814674893568,0.617530040132452,0.6629001563221281,0.3386603456864678,0.32920454251714404,0.3178060579561838,0.4126057068166179,0.3646254433057793,0.33603719965463547,0.43918096257169636,0.45907255661828,0.3186693224534437,0.5320177262295616,0.5910768081491167,0.3476902819592509
326,0.31799116997792476,0.33927883420824223,0.3014145460852326,0.28112582781456963,0.2530788860534785,0.30976775956284186,0.2754837914458279,0.26456844420011016,0.6765457332652018,0.7159940209267563,0.6622516556291391,0.7284671532846716,0.6024493641073951,0.27640689443022204,0.25487030355243867,0.03290750864704961,0.24118609213877384,0.3367241766241005,0.5190248742935331,0.5727985412638545,0.8093836147057902,0.48493366415854444,0.46535803805154774,0.34047544167599214,0.33786804786650226,0.32615733263548025,0.4402533785083923,0.34831241594838813,0.271786840283641,0.36054185789905024,0.3934842235072994,0.23234347670099398,0.5407484242973168,0.606770945883358,0.419421164945429
327,0.3310154525386313,0.3871059144159599,0.28664093042435285,0.29282560706401783,0.2504160656829031,0.32547814207650294,0.29976580796253005,0.2835349092908199,0.682677567705672,0.7690582959641256,0.6401766004415012,0.6708029197080292,0.5930287329251059,0.3671477065901634,0.0,0.1673572434980013,0.313242250671415,0.323275399266711,0.4650661726904467,0.9935191312368284,0.7208570679284476,0.45990832506836254,0.5303510813138457,0.3311507782520372,0.33556095753919557,0.3338045362670089,0.44483822053435207,0.3597669830496304,0.24615345697643345,0.3134059412958392,0.32074781662310137,0.18896498606660947,0.4772513417968371,0.5006688378025997,0.5217014528205836
328,0.33973509933774837,0.45314064761010364,0.290331397633529,0.2982339955849893,0.26639298790635824,0.3252504553734066,0.30407987181067453,0.29164376030786165,0.6980071538068473,0.7447683109118086,0.7295805739514349,0.7029197080291971,0.6024493641073951,0.33296530200030183,0.1687353343307194,0.12903463744558152,0.3430392026076756,0.5117649255961343,0.5910768081491167,0.850775058050535,0.8275080925642013,0.4973370192882986,0.421798172083671,0.313257309271846,0.35375352702440577,0.3382806861798838,0.4589125868555367,0.3700342138210825,0.3476902819592509,0.2567220041981813,0.31798062826018897,0.1670708800984937,0.46240638277413865,0.3941632356064244,0.5242640568362352
329,0.3313465783664462,0.4719358370844198,0.29373664718951065,0.31799116997792476,0.28259181182736093,0.31671220400728606,0.2920004930358684,0.27913688840021944,0.5677056719468575,0.6618086696562033,0.728476821192053,0.7189781021897812,0.6095148374941121,0.33927883420824223,0.27640689443022204,0.22247865695749525,0.4549722620706227,0.37271644357731937,0.606770945883358,0.7272453511875518,0.7512185448539095,0.40113828042808763,0.575437327539258,0.3014145460852326,0.35552719865242843,0.3522046415412534,0.47603141919071745,0.4041385405585596,0.419421164945429,0.2627604721134251,0.2833201690094827,0.13798249845513771,0.39109995486216664,0.2127820887018053,0.5395005033325303
330,0.31721854304635766,0.4353791702695311,0.3007050074797308,0.3310154525386313,0.2943526017974043,0.30658014571948966,0.27905830149143407,0.2578339747113807,0.4420030659172203,0.5743647234678625,0.685430463576159,0.7021897810218978,0.6222326895902025,0.3871059144159599,0.3671477065901634,0.2830915418756632,0.4516145223379695,0.42508229065098035,0.5006688378025997,0.5503139559073114,0.6519132891761775,0.3668483088277783,0.48545606701247945,0.28664093042435285,0.3464153439343405,0.3440226798053042,0.4834634220516739,0.4077656461281745,0.5217014528205836,0.3246317926045289,0.33262641692468564,0.137809849164666,0.3999297625127336,0.19593729361734424,0.5291763757276137
331,0.2915011037527595,0.4167092547551654,0.3049402138174133,0.33973509933774837,0.2997891933873298,0.27925774134790515,0.2578577591519786,0.23556899395272168,0.2825753704649975,0.46898355754858,0.6931567328918322,0.6576642335766425,0.5887894488930758,0.45314064761010364,0.33296530200030183,0.2153504892554725,0.423829393065823,0.39076247342813275,0.3941632356064244,0.5718748411542202,0.7020629680599304,0.37626308359175975,0.49797901390569094,0.290331397633529,0.32893024207733823,0.33156180699475085,0.455394309288788,0.4218069398434879,0.5242640568362352,0.40866348534947855,0.3871419632483651,0.20778180788858902,0.37761104368467757,0.42540583062908544,0.5743037705243006
332,0.27748344370860956,0.2912507522724823,0.31158431281530324,0.3313465783664462,0.3196493953178745,0.2596766848816028,0.23961543202267999,0.21261682242990698,0.25651507409299956,0.35463378176382665,0.7428256070640177,0.6729927007299271,0.6076307112576542,0.4719358370844198,0.33927883420824223,0.25487030355243867,0.3589141452937685,0.3821221079416084,0.2127820887018053,0.3887242387661091,0.5334585684626943,0.3137301445158919,0.36954997149356095,0.29373664718951065,0.31735775600347915,0.34028734725181553,0.437706833309516,0.42440855470942496,0.5395005033325303,0.4788657139325714,0.37997361609488894,0.2608932615877814,0.38803373673765557,0.5316663208158297,0.629326060876026
333,0.27737306843267096,0.24129730237036995,0.31635804754506186,0.31721854304635766,0.33274159547320536,0.25694444444444464,0.24405275483791433,0.21454095656954397,0.3214103219213082,0.3101644245142003,0.7682119205298014,0.6459854014598541,0.6005652378709373,0.4353791702695311,0.3871059144159599,0.0,0.3589094386514109,0.4317796030032657,0.19593729361734424,0.2528185966206386,0.7428793199376529,0.26213989331272947,0.2675648068441603,0.3007050074797308,0.3029213057593898,0.3379637370368012,0.42213818118705904,0.4291271960830197,0.5291763757276137,0.5530950529421792,0.40299339916664717,0.3052046286360882,0.38885786964729047,0.5824214658692745,0.6863582586937849
334,0.2903973509933775,0.405125315757747,0.330186096773478,0.2915011037527595,0.3415067125263511,0.2733378870673957,0.26007642055959623,0.232957669048929,0.5007664793050588,0.32473841554559046,0.739514348785872,0.6372262773722628,0.5930287329251059,0.4167092547551654,0.45314064761010364,0.1687353343307194,0.2970986851537951,0.3130975300627359,0.42540583062908544,0.38874196017005597,0.7378641402617176,0.4951940185032606,0.5597323818567254,0.3049402138174133,0.3065275486362634,0.3562865741588915,0.428879005339619,0.4335294533218701,0.5743037705243006,0.5915916265138209,0.38754060192545214,0.32208179082834804,0.41291794926835673,0.3514914253150288,0.7377318121436608
335,0.3029801324503314,0.3641765226918814,0.3485264212949202,0.27748344370860956,0.333074448019528,0.2899590163934427,0.27301861210403056,0.24986256184716904,0.6239141543178335,0.3957399103139014,0.7041942604856513,0.6437956204379562,0.5887894488930758,0.2912507522724823,0.4719358370844198,0.27640689443022204,0.43669225323899497,0.3561605988159595,0.5316663208158297,0.3057035035127728,0.5859772383796706,0.3087183405035638,0.4738741009016728,0.31158431281530324,0.3098550831350665,0.3580729461375585,0.4178367538328964,0.43559929973925887,0.629326060876026,0.6483062564043263,0.4408584396242475,0.38743926395296113,0.45364432985909364,0.4123238449547032,0.6200161281725795
336,0.3177704194260489,0.35458899386106246,0.36542363259237914,0.27737306843267096,0.3188727393764563,0.3020264116575593,0.28534450881301643,0.2582462891698736,0.6928972917731222,0.4936472346786248,0.7350993377483444,0.6686131386861314,0.6231747527084314,0.24129730237036995,0.4353791702695311,0.3671477065901634,0.49509569271273257,0.1746786655517063,0.5824214658692745,0.34318804170987743,0.48344376594809685,0.23849292730073327,0.6372228290057688,0.31635804754506186,0.3166644105821744,0.34889584611244095,0.3850834242233916,0.439081352000817,0.6863582586937849,0.6860101923682095,0.5254620296958841,0.49621254877109844,0.48748219182714153,0.4431747377369954,0.5307857703305784
337,0.3213024282560708,0.3347567343797948,0.3901722862386586,0.2903973509933775,0.29302119161211637,0.3076047358834244,0.29791692345618204,0.26621770203408435,0.6489524782830864,0.5926756352765321,0.7163355408388521,0.6175182481751826,0.6109279321714555,0.405125315757747,0.4167092547551654,0.33296530200030183,0.5129750749567918,0.22094482175588404,0.3514914253150288,0.3415724940846149,0.498109315017792,0.19954193588588373,0.5713063490338319,0.330186096773478,0.320802960478887,0.3312855424305195,0.3824985065690134,0.4219337956185891,0.7377318121436608,0.7639081992129032,0.6630447426331936,0.5579217720647541,0.5890782074556069,0.5209471619151727,0.2994421725794121
338,0.3367549668874177,0.3421883891909925,0.3834894941543815,0.3029801324503314,0.27893043381781935,0.3279826958105643,0.3069148280537415,0.2763881253435958,0.6622381195707716,0.6924514200298955,0.673289183222958,0.6664233576642337,0.6420160150730099,0.3641765226918814,0.2912507522724823,0.33927883420824223,0.43238989038510844,0.4217038924790977,0.4123238449547032,0.5262771806060627,0.499252013003067,0.2904513473651076,0.38714782465017705,0.3485264212949202,0.3272954269679015,0.31963019173355733,0.3754372490364477,0.3803241177349468,0.6200161281725795,0.7133005057755322,0.6796931357996456,0.5579450320734661,0.669795740194866,0.3933284591816561,0.28468212854166614
339,0.348123620309051,0.3571367906923104,0.38141878568340093,0.3177704194260489,0.2788194829690447,0.3414162112932604,0.3217059041045238,0.2919186366135236,0.6463975472662238,0.7313153961136024,0.6567328918322296,0.6540145985401461,0.6373056994818652,0.35458899386106246,0.24129730237036995,0.3871059144159599,0.45231125995340626,0.29801975298541095,0.4431747377369954,0.6164845846926008,0.4656506889560606,0.285314948427772,0.5218817873487993,0.36542363259237914,0.3319602148902737,0.3050903694913694,0.3952485730892944,0.3445705675561103,0.5307857703305784,0.6873093364085068,0.7206784415426641,0.5106424279048001,0.7482752960587785,0.4957645660549793,0.25096119820056717
340,0.35176600441501105,0.3991574829185751,0.35699015362545605,0.3213024282560708,0.291911683124376,0.35040983606557363,0.33378528287932996,0.29947773501924146,0.6469085334695963,0.6995515695067265,0.6059602649006623,0.6065693430656935,0.626943005181347,0.3347567343797948,0.405125315757747,0.45314064761010364,0.48575805849176135,0.3317968607143662,0.5209471619151727,0.44718398689643263,0.4411088398311205,0.29417061326098065,0.5353222923094663,0.3901722862386586,0.3454726785444798,0.3087224348194348,0.38063808097137986,0.31906848163754753,0.2994421725794121,0.5420329635069475,0.6299535497165129,0.48663824897862074,0.7472280803126872,0.23649391534389433,0.4130755626074694
341,0.3516556291390729,0.30509309281969266,0.3471697821583602,0.3367549668874177,0.30456007988461176,0.3417577413479056,0.3287316652286454,0.296591533809786,0.5748594787940726,0.656576980568012,0.6887417218543047,0.6357664233576643,0.6363636363636364,0.3421883891909925,0.3641765226918814,0.4719358370844198,0.42472912043883326,0.29964113536539827,0.3933284591816561,0.37335835602079864,0.32576870287147963,0.26004948911582215,0.4636206543429354,0.3834894941543815,0.36339443774628133,0.31207379608202457,0.38884646488328234,0.32864807752373876,0.28468212854166614,0.4350952042963279,0.5872817334803727,0.4467053159573404,0.7004230005539751,0.3878488587589258,0.46860285014437225
342,0.3349889624724063,0.40150964499903985,0.3379309314015484,0.348123620309051,0.3194274936203265,0.3271857923497268,0.31394058917786305,0.279824079164376,0.44506898313745535,0.5500747384155455,0.663355408388521,0.613138686131387,0.6227037211493169,0.3571367906923104,0.35458899386106246,0.4353791702695311,0.42719584359925733,0.372421421523363,0.4957645660549793,0.5206939522130577,0.461664559906922,0.35708687110508447,0.49898129943451075,0.38141878568340093,0.37990601864557116,0.3189318816221549,0.3764998708811183,0.3593845538145841,0.25096119820056717,0.33584581387604084,0.5349899635670712,0.4522955214059744,0.6055786958418634,0.25686992211276627,0.5216555581287698
343,0.31203090507726294,0.23733057931531754,0.3479633542104516,0.35176600441501105,0.32297792078109433,0.30066029143897977,0.2947121903118455,0.2519241341396379,0.32192130812468067,0.4603886397608371,0.6909492273730684,0.575182481751825,0.6203485633537447,0.3991574829185751,0.3347567343797948,0.4167092547551654,0.306259462019538,0.32541052446696384,0.23649391534389433,0.3200656127414141,0.31295724261154506,0.3124230659714311,0.3651065523414667,0.35699015362545605,0.40408985523465957,0.3231000655469575,0.37657914185665986,0.4116927299485758,0.4130755626074694,0.279962225259631,0.5536943975977606,0.4748868423836171,0.5081606807480475,0.6122724429789308,0.3339533006108848
344,0.2892935982339959,0.2636398319911315,0.34994655677837194,0.3516556291390729,0.3385110396094535,0.2862021857923498,0.27264883520276095,0.22746014293567907,0.21716913643331637,0.33109118086696565,0.6037527593818985,0.5554744525547446,0.6071596796985398,0.30509309281969266,0.3421883891909925,0.2912507522724823,0.32820871303468024,0.25371113325228656,0.3878488587589258,0.3463036793286277,0.46806072370049184,0.3169263540672001,0.4624366207932796,0.3471697821583602,0.3975595787180093,0.3296390212505788,0.37630727590533086,0.4393309532974369,0.46860285014437225,0.31287057560063125,0.538656244333857,0.47997103009433645,0.44844473318365924,0.59013079061996,0.23420450170608462
345,0.29028697571743933,0.2558879217792551,0.35198525250779455,0.3349889624724063,0.34993897703317467,0.28608834244080095,0.2685812892887962,0.2263606377130296,0.29892692897291784,0.2959641255605381,0.6147902869757175,0.5861313868613139,0.6151672162034856,0.40150964499903985,0.3571367906923104,0.24129730237036995,0.29273671653810673,0.3973180217286991,0.25686992211276627,0.31475240386694897,0.5111898172713445,0.345557429074709,0.31646522021910306,0.3379309314015484,0.395536128230497,0.3343372113209922,0.3963165680546663,0.46405043990779404,0.5216555581287698,0.32847567559747404,0.5298317754172469,0.4415662046131464,0.39569332495661536,0.6821291890095096,0.1346432020642468
346,0.30474613686534235,0.3743629612254846,0.3221173381774203,0.31203090507726294,0.35360035504271625,0.29952185792349706,0.28066066806360235,0.24106652006597074,0.47215125191619833,0.3325859491778774,0.6291390728476822,0.6102189781021898,0.6264719736222326,0.23733057931531754,0.3991574829185751,0.405125315757747,0.3139932481459162,0.27710755710381285,0.6122724429789308,0.4210166789948404,0.4648400236102208,0.44597091124978405,0.5606784528696666,0.3479633542104516,0.3716650096545935,0.34794643078036874,0.44423852443945466,0.4660348843896328,0.3339533006108848,0.307820480918891,0.38884889650454746,0.2707443404774744,0.3168433776340734,0.2980398626676718,0.3106948664811401
347,0.3174392935982344,0.3830628032579231,0.3028966897199458,0.2892935982339959,0.3534894041939425,0.3125,0.2865770984839151,0.2626443100604732,0.6361778231987737,0.3759342301943199,0.630242825607064,0.659124087591241,0.6066886481394252,0.2636398319911315,0.30509309281969266,0.3641765226918814,0.3191973545017017,0.2566352166443018,0.59013079061996,0.5638491932152663,0.5155798934002136,0.44958153025495934,0.5897633412512062,0.34994655677837194,0.3620687600080962,0.36599651848584036,0.47800488966544363,0.4546536273497257,0.23420450170608462,0.27212375816319656,0.2676602631836448,0.154521039939923,0.29570833715792355,0.46493563177558606,0.43468900652242914
348,0.33565121412803567,0.4484778613241911,0.2837713916100539,0.29028697571743933,0.3367358260290696,0.3277550091074679,0.2953284851472948,0.277899945024739,0.715891670924885,0.4940209267563528,0.6644591611479029,0.7277372262773723,0.6321243523316062,0.2558879217792551,0.40150964499903985,0.35458899386106246,0.223933121843519,0.2860475006608425,0.6821291890095096,0.5207600633018312,0.5922309732443176,0.6155413608859643,0.6328750296429385,0.35198525250779455,0.3530407595290761,0.38262633032697996,0.5092758241200073,0.46556684243680146,0.1346432020642468,0.2345808463359298,0.15143540696608543,0.04388053166113215,0.22266542916030246,0.3632121428012498,0.517414266304276
349,0.34370860927152336,0.2614839790460266,0.29132721877887635,0.30474613686534235,0.31365804948407927,0.3313979963570124,0.31196844570442517,0.2835349092908199,0.6862544711292795,0.5990284005979074,0.7097130242825607,0.6824817518248176,0.647197362223269,0.3743629612254846,0.23733057931531754,0.3347567343797948,0.07550971707389209,0.23310307145773912,0.2980398626676718,0.4890496369396934,0.4213952804240674,0.575703309038629,0.47982278159543806,0.3221173381774203,0.3628442210535229,0.40698333493643596,0.5016617631823009,0.4557132999058471,0.3106948664811401,0.22517619283131396,0.09596359730620296,0.07739751391804636,0.2644848581329229,0.6528282167504212,0.43555636952514054
350,0.3502207505518764,0.4029171909831124,0.29846431399675866,0.3174392935982344,0.2908021746366365,0.3473360655737707,0.32158264513743395,0.300302363936229,0.657639243740419,0.6980568011958146,0.620309050772627,0.6686131386861314,0.6175223739990578,0.3830628032579231,0.2636398319911315,0.3421883891909925,0.18676476714308343,0.3488595423340701,0.46493563177558606,0.6490609969942741,0.5583420775870014,0.6068732414535007,0.5230789636440657,0.3028966897199458,0.36478216270930486,0.40040629846700987,0.4935834157694491,0.46295329027028853,0.43468900652242914,0.24474764559027076,0.14055278448561098,0.11096292201245317,0.26528368367105554,0.4881874781292737,0.4166360572408553
351,0.35507726269315665,0.3874308483596405,0.2969241307324646,0.33565121412803567,0.2918007322756022,0.3590619307832421,0.3358806853198568,0.3144584936778454,0.5958099131323454,0.7111360239162929,0.555187637969095,0.6160583941605839,0.5897315120113047,0.4484778613241911,0.2558879217792551,0.3571367906923104,0.21128728705692268,0.47870513469699105,0.3632121428012498,0.6383108711527784,0.5272384037211204,0.5655495337093703,0.3818583479470791,0.2837713916100539,0.36677433105429447,0.3983683590908574,0.4954434575727469,0.45454479345571747,0.517414266304276,0.23115716827288516,0.14226449799145435,0.10346847217317065,0.281123731827894,0.44949583639491486,0.4971994436754361
352,0.3544150110375277,0.43077065086752064,0.28707922057297625,0.34370860927152336,0.3063352934649952,0.362818761384335,0.34253666954270967,0.32435404068169316,0.5554420030659173,0.6599402092675636,0.512141280353201,0.5722627737226278,0.5529910504003768,0.2614839790460266,0.3743629612254846,0.3991574829185751,0.22875869473146082,0.5545131895919706,0.6528282167504212,0.5338800339258948,0.528586506922657,0.5922680635577491,0.35648539345334973,0.29132721877887635,0.3375880662276721,0.3743263117075034,0.4933533834007233,0.4459145958863669,0.43555636952514054,0.3071927605597713,0.18931815995591178,0.08562684497451198,0.2768487580469882,0.47290356515373555,0.692097397683852
353,0.34470198675496677,0.4412639343835032,0.29019437780829876,0.3502207505518764,0.31909464107400476,0.3627049180327866,0.33033403180081367,0.3151456844420011,0.48032703117015846,0.5840807174887892,0.41611479028697573,0.5802919708029197,0.5430993876589731,0.4029171909831124,0.3830628032579231,0.30509309281969266,0.23926068904822628,0.4657388714639925,0.4881874781292737,0.5363727471091606,0.635442269105415,0.5922590664865279,0.45293364261420993,0.29846431399675866,0.31880607395950866,0.36466134825093244,0.4891798991219616,0.4427591858283234,0.4166360572408553,0.3920110126343541,0.23105400757650793,0.10166972317687381,0.2919687621845134,0.48901720215514494,0.7597849116486732
354,0.32472406181015456,0.3950058590672505,0.3057797545789733,0.35507726269315665,0.33740153112171356,0.34551457194899804,0.3164057685196604,0.3037383177570092,0.36535513541134396,0.4547832585949178,0.38300220750551883,0.5306569343065695,0.49693829486575597,0.3874308483596405,0.4484778613241911,0.40150964499903985,0.25262935170356826,0.4262539062746349,0.44949583639491486,0.38115770700147383,0.4896317748767445,0.5306727644171754,0.4403420656353003,0.2969241307324646,0.3001172559406441,0.3555687029019774,0.47437754472653715,0.42857824888231844,0.4971994436754361,0.5238217389717619,0.311148157666599,0.16886286118257826,0.36385944527766684,0.5574048307134127,0.7616331453393412
355,0.3114790286975717,0.4569619916150103,0.3373647887127772,0.3544150110375277,0.34550094308221535,0.32183515482695846,0.2927400468384076,0.2732270478284775,0.3071027082268779,0.38266068759342303,0.48013245033112584,0.5832116788321169,0.544983513895431,0.43077065086752064,0.2614839790460266,0.23733057931531754,0.3082733008125409,0.3210404253669701,0.47290356515373555,0.7271745632103537,0.7207372320656733,0.5371923904977345,0.608608737194712,0.28707922057297625,0.30750064301930513,0.36544236197422364,0.46272359482932457,0.4435641631838123,0.692097397683852,0.6150705330175208,0.3806865988679874,0.2655857057324195,0.407283525937111,0.4621440047276321,0.5417123474425439
356,0.31865342163355415,0.4802705630921533,0.35486844965087805,0.34470198675496677,0.35204704315988034,0.2983834244080148,0.27030691482805347,0.2556349642660809,0.3852835973428718,0.38490284005979075,0.7792494481236203,0.7635036496350367,0.6358926048045219,0.4412639343835032,0.4029171909831124,0.2636398319911315,0.18681836666724827,0.3851117659998575,0.48901720215514494,0.562992541524862,0.7176705984512672,0.6867133820724998,0.5726487614707485,0.29019437780829876,0.31447485450316803,0.3673941802338639,0.45615844381138226,0.45121071032313376,0.7597849116486732,0.654436651997002,0.4307625950210132,0.3194168691205319,0.43288776605376733,0.6556249138630027,0.5253145318805221
357,0.33344370860927164,0.4884016460322531,0.37084671006794545,0.32472406181015456,0.3569288805059361,0.29940801457194866,0.26969061999260413,0.24738867509620643,0.5462442514052122,0.41853512705530643,0.9172185430463576,0.864963503649635,0.7272727272727272,0.3950058590672505,0.3874308483596405,0.2558879217792551,0.1600013234797295,0.35954663031381173,0.5574048307134127,0.5958185180606297,0.7339026862581312,0.722810038131039,0.6059910115101749,0.3057797545789733,0.31296982150568475,0.369400613472154,0.45060598648406147,0.46084496204286207,0.7616331453393412,0.7209613967300421,0.47573791540294863,0.3676093562031461,0.450053000209269,0.4980052784672492,0.44629460726792075
358,0.3444812362030909,0.4745961788667401,0.355682631558898,0.3114790286975717,0.3562631754132921,0.31432149362477224,0.2823862936028596,0.26209455744914845,0.6586612161471641,0.4581464872944694,0.8830022075055188,0.8627737226277374,0.723975506358926,0.4569619916150103,0.43077065086752064,0.3743629612254846,0.1825448056546577,0.46309989879168967,0.4621440047276321,0.5163920252627743,0.5987147668330601,0.6852665224174945,0.49178068993566443,0.3373647887127772,0.30334959319208854,0.3400053608084145,0.4589881594492967,0.451251180512255,0.5417123474425439,0.7007623240793726,0.5231791190363515,0.31517876047509613,0.4348159905619412,0.5600245878702131,0.5507558731281539
359,0.3504415011037527,0.6517814676448879,0.36970056793553463,0.31865342163355415,0.34649950072118063,0.3274134790528236,0.298040182423271,0.27941176470588314,0.6530403679100665,0.5112107623318386,0.815673289183223,0.8094890510948907,0.6900612341026848,0.4802705630921533,0.4412639343835032,0.3830628032579231,0.2087830723289379,0.5663733958815271,0.6556249138630027,0.7480780673636356,0.7709033801244325,0.8411742446240396,0.5859477197500939,0.35486844965087805,0.3063936558956645,0.3210888803498576,0.46432341709486546,0.4401605921744215,0.5253145318805221,0.7421646662308223,0.630421779438888,0.33550943370279396,0.49558423178007954,0.3122505736879704,0.42213688609898947
360,0.3579470198675496,0.5345565545579571,0.36888136584758846,0.33344370860927164,0.3264173970930879,0.3461976320582876,0.3122149636386049,0.2924683892248492,0.6193152784874809,0.6042600896860987,0.7086092715231789,0.7751824817518249,0.6773433820065944,0.4884016460322531,0.3950058590672505,0.4484778613241911,0.2938434448519551,0.4482531037602957,0.4980052784672492,0.6494409087450022,0.584249138040784,0.6322410859848066,0.5713333540463618,0.37084671006794545,0.3216233411297955,0.30226624131349583,0.469650663905934,0.44445268056510856,0.44629460726792075,0.679869724917979,0.6894854985706073,0.3221944893221718,0.48351006840299865,0.5415590503493367,0.4368076299567317
361,0.3654525386313465,0.5700754769813212,0.3759228792207902,0.3444812362030909,0.3131032952402091,0.35450819672131173,0.32121286823616435,0.3052501374381533,0.6029637199795606,0.6745142002989537,0.7030905077262694,0.7715328467153286,0.6655675930287329,0.4745961788667401,0.4569619916150103,0.2614839790460266,0.2812197453341181,0.468023410027957,0.5600245878702131,0.6126956997094725,0.8116525845767699,0.6819658597715899,0.5911028985663332,0.355682631558898,0.3524875374238645,0.30970249703106406,0.4760494226341063,0.45310817200265996,0.5507558731281539,0.5866678695964201,0.6878260903858313,0.3244098175712714,0.48076068542300926,0.5787950800622826,0.39236881111247707
362,0.3692052980132452,0.5502043631136644,0.36259995666030387,0.3504415011037527,0.32031510041051847,0.3612249544626591,0.3271292986564771,0.3181693238042884,0.5927439959121104,0.6629297458893871,0.6754966887417219,0.7613138686131389,0.6373056994818652,0.6517814676448879,0.4802705630921533,0.4029171909831124,0.31570227213510904,0.37172163336774133,0.3122505736879704,0.5526800416041934,0.646802927145302,0.6258259492773567,0.6616738087959231,0.36970056793553463,0.369591727489633,0.3167266472577661,0.4862473266020505,0.4485580861563252,0.42213688609898947,0.4696066377007411,0.6218128485650284,0.2722517241001251,0.4583013792162509,0.4602242433054412,0.43777751703369816
363,0.3736203090507728,0.6153500818147908,0.36489935119313693,0.3579470198675496,0.3351825141462337,0.3662340619307831,0.34155059780599073,0.3346619021440356,0.5784363822176801,0.6278026905829597,0.6710816777041942,0.7051094890510949,0.5996231747527083,0.5345565545579571,0.4884016460322531,0.3874308483596405,0.2942286519171713,0.462923812748647,0.5415590503493367,0.6319249656815005,0.729207212467714,0.715291933048904,0.645319120062487,0.36888136584758846,0.38520532992745093,0.31521083749275874,0.477315176353602,0.4285429779883274,0.4368076299567317,0.41766235099710264,0.6342010576251158,0.2966773593777081,0.5108278969374452,0.41747324637748523,0.3500901854030424
364,0.37847682119205306,0.6804830785318732,0.3624943939835963,0.3654525386313465,0.3462775990236331,0.3655510018214936,0.3519043510415387,0.333974711379879,0.5661727133367399,0.6068759342301944,0.7262693156732892,0.6759124087591242,0.6227037211493169,0.5700754769813212,0.4745961788667401,0.43077065086752064,0.30181505691419375,0.41053126102361226,0.5787950800622826,0.7416419268381943,0.7514794025146995,0.7747297272549469,0.7664636062715714,0.3759228792207902,0.37038732803012175,0.30552172367018166,0.4682519080038837,0.4271818868361471,0.39236881111247707,0.46611398876277077,0.6582057001694419,0.3107116232793622,0.5080361158935105,0.26936562635918476,0.3052521294125763
365,0.37350993377483466,0.5663117507086817,0.3588241133213695,0.3692052980132452,0.3522689448574283,0.3555327868852456,0.3453716257857766,0.328339747113799,0.5258048032703118,0.569880418535127,0.7737306843267109,0.6817518248175183,0.6208195949128591,0.5502043631136644,0.6517814676448879,0.4412639343835032,0.25654582608282084,0.4455066410695281,0.4602242433054412,0.3366839251986081,0.6240747692504536,0.7035632421694934,0.608564938248653,0.36259995666030387,0.3840853452028572,0.3085875833417577,0.45367163096731544,0.429441753438394,0.43777751703369816,0.3989445446788229,0.6363128182744643,0.3337394971043855,0.49363147226823495,0.33936638342406145,0.32268753839013187
366,0.356401766004415,0.5974573032021109,0.3424835930168787,0.3736203090507728,0.3598136025740599,0.3349271402550089,0.3274990755577476,0.3100604727872458,0.4261624936126725,0.48654708520179374,0.8024282560706402,0.6744525547445256,0.6104569006123409,0.6153500818147908,0.5345565545579571,0.3950058590672505,0.23229394512939905,0.4342874902871934,0.41747324637748523,0.5429047687292343,0.7031796628403786,0.7607812484899069,0.6532460786681888,0.36489935119313693,0.38328483905365474,0.3239263205219313,0.4531522525597844,0.41789664834114204,0.3500901854030424,0.34000370774965644,0.5333054804119752,0.29778267499170086,0.4800354977626049,0.2223699430599061,0.4557384591263275
367,0.34282560706401766,0.5447992761043547,0.3305472983884531,0.37847682119205306,0.3673582602906915,0.3212659380692169,0.3026007642055961,0.28724573941726295,0.3408277976494635,0.41517189835575485,0.7991169977924946,0.7321167883211679,0.6307112576542627,0.6804830785318732,0.5700754769813212,0.4569619916150103,0.15582221845690825,0.30062216562317623,0.26936562635918476,0.420347190716148,0.5860463816335876,0.7853775578854874,0.7238724379654562,0.3624943939835963,0.3901656500743783,0.35501151945769405,0.4629996476279532,0.422790562169219,0.3052521294125763,0.2679371557280224,0.3928860520876661,0.24952436958766042,0.43893267823745113,0.3119287924085622,0.6714289176945756
368,0.3410596026490067,0.48630003889653395,0.330583306108503,0.37350993377483466,0.37113058914900776,0.3286657559198538,0.2846049550104772,0.26553051126992955,0.3556463975472663,0.39648729446935727,0.7097130242825607,0.8270072992700732,0.6975977390485162,0.5663117507086817,0.5502043631136644,0.4802705630921533,0.15472152448005438,0.3571058523543229,0.33936638342406145,0.3666577711402631,0.5024405070257364,0.7260926776116909,0.6060384386807064,0.3588241133213695,0.3771467850202659,0.37223818383488005,0.4682303457402901,0.4194288244074025,0.32268753839013187,0.31866651519530603,0.3365275274560682,0.23835737446315935,0.44688494456449857,0.34744132696416624,0.8005557644930847
369,0.34955849889624746,0.4243975058729408,0.34252575194553375,0.356401766004415,0.3755686230999671,0.3439207650273226,0.28300258843830894,0.26498075865860393,0.47419519672968835,0.4103139013452915,0.6467991169977925,0.8927007299270076,0.7357512953367875,0.5974573032021109,0.6153500818147908,0.4884016460322531,0.09267292397206006,0.33521563158726586,0.2223699430599061,0.19007277804692396,0.43086761186186373,0.7262435454358047,0.5595506261814072,0.3424835930168787,0.3793937024659846,0.3879635872524557,0.4719601288764632,0.444939517267228,0.4557384591263275,0.355285151994754,0.3235061700603011,0.25743172209772347,0.4168893989248167,0.6893027563212024,0.807526592551251
370,0.36181015452538645,0.4429662566759678,0.37643931617551013,0.34282560706401766,0.3804504604460228,0.35530510018214967,0.29557500308147455,0.27803738317757,0.5937659683188554,0.4353512705530643,0.6589403973509934,0.8992700729927008,0.7432878002826189,0.5447992761043547,0.6804830785318732,0.4745961788667401,0.12960140148354604,0.32320677127008857,0.3119287924085622,0.1253529024759799,0.4639533875538683,0.7072804474458287,0.5912839576837885,0.3305472983884531,0.37704363150897224,0.3730394812618033,0.4736554949973839,0.44631058544519864,0.6714289176945756,0.4932015338258564,0.4818527723565811,0.33072969699642846,0.4979427473372242,0.5987583447058682,0.6818879290208565
371,0.3696467991169978,0.4127103860352932,0.4039241398508046,0.3410596026490067,0.3754576722511933,0.3614526411657555,0.31283125847405424,0.2934304562946677,0.6382217680122637,0.4786995515695067,0.6777041942604857,0.8489051094890512,0.723975506358926,0.48630003889653395,0.5663117507086817,0.6517814676448879,0.1663637415446395,0.28938090617107015,0.34744132696416624,0.24198741122235684,0.2519528482206934,0.6380597604045106,0.5907094581910395,0.330583306108503,0.3734571144789952,0.3868355828930582,0.4586359060298131,0.4562864168028291,0.8005557644930847,0.6115102946314714,0.5253030223734549,0.42538774306967964,0.5428977596389731,0.712781236330313,0.6075068220514691
372,0.37571743929359824,0.6226926335637977,0.4173483919982057,0.34955849889624746,0.358260290691224,0.36919398907103806,0.322445457907063,0.30772402418911504,0.6269800715380686,0.5571748878923767,0.663355408388521,0.832116788321168,0.7008949599623174,0.4243975058729408,0.5974573032021109,0.5345565545579571,0.2308455637542437,0.31719856041706684,0.6893027563212024,0.4905534176718543,0.5863517433989389,0.7883418896931788,0.7928731154100777,0.34252575194553375,0.35748951969696974,0.38602934473087924,0.45686898668854004,0.4719601135371483,0.807526592551251,0.7245393927302839,0.5712588274459025,0.4596447837715225,0.5395916966527249,0.40503568888270947,0.5748881110749865
373,0.3818984547461368,0.5692507819173045,0.4245546320921721,0.36181015452538645,0.34461333629202295,0.3769353369763202,0.3369900160236665,0.31487080813633916,0.5988758303525805,0.6240657698056802,0.6501103752759382,0.7868613138686131,0.7027790861987753,0.4429662566759678,0.5447992761043547,0.5700754769813212,0.11436694852429419,0.16994800170356683,0.5987583447058682,0.489463976056987,0.4954356873223888,0.853450283940312,0.8756552514075198,0.37643931617551013,0.3458256367682734,0.3929594257017447,0.43767654844738135,0.4944498754048644,0.6818879290208565,0.7972314799449348,0.5717903101146848,0.5172680789025474,0.5048944686552362,0.457350929920074,0.5823879260182546
374,0.38885209713024294,0.6296781127291418,0.43622807830127686,0.3696467991169978,0.34283812271163905,0.38080601092896194,0.3446320719832374,0.3216052776250695,0.5947879407256005,0.6535874439461884,0.6821192052980133,0.7875912408759125,0.7093735280263777,0.4127103860352932,0.48630003889653395,0.5502043631136644,0.03290750864704961,0.19876649288980452,0.712781236330313,0.6547606008217928,0.5774990233901268,1.0,0.9139008018781773,0.4039241398508046,0.3458608227153588,0.379847339248267,0.44662893512444524,0.5018413057790833,0.6075068220514691,0.841423626171629,0.6524398654622634,0.5245008311341345,0.5166099082579518,0.3642128622646193,0.5424137739086841
375,0.39216335540838854,0.594908178676226,0.44271848968287747,0.37571743929359824,0.35138133806723637,0.3853597449908923,0.3616418094416374,0.3298515667949422,0.5820132856412877,0.6360239162929746,0.6710816777041942,0.7087591240875915,0.6952425812529439,0.6226926335637977,0.4243975058729408,0.6153500818147908,0.1673572434980013,0.28040515392258136,0.40503568888270947,0.692472334252197,0.47538730973104326,0.82521912149288,0.7978334034598704,0.4173483919982057,0.3575307164689614,0.3821103457146245,0.4548265727949451,0.49670285645410106,0.5748881110749865,0.8207200062028578,0.6659619753504207,0.521597291749848,0.5447540717720212,0.4147237520965579,0.4594939206335471
376,0.38940397350993416,0.5830730033246443,0.4515189841490379,0.3818984547461368,0.36369688228114994,0.3903688524590163,0.36139529150745764,0.3456569543705337,0.5406234031681145,0.5852017937219731,0.5949227373068433,0.691970802919708,0.6292981629769194,0.5692507819173045,0.4429662566759678,0.6804830785318732,0.12903463744558152,0.29430216337809867,0.457350929920074,0.6502137669981216,0.3967274428282533,0.8525770311098697,0.7716290038212936,0.4245546320921721,0.3906703008363962,0.3797434471077125,0.45962490914279686,0.46988833494927196,0.5823879260182546,0.7253553387764733,0.7021158144717842,0.5312451682021418,0.6293361551731804,0.4344031461181938,0.44313487441796584
377,0.3805739514348785,0.5694269789376332,0.45469502512114574,0.38885209713024294,0.3715743925441033,0.38524590163934436,0.35215086897571846,0.34070918086860935,0.4675523760858457,0.5287742899850524,0.5562913907284769,0.6883211678832117,0.6085727743758832,0.6296781127291418,0.4127103860352932,0.5663117507086817,0.22247865695749525,0.2699018092908876,0.3642128622646193,0.6732998744113882,0.4994622067719568,0.7419675962063356,0.7801267954228618,0.43622807830127686,0.4175278622190598,0.3761312488731918,0.4745510895471108,0.4523581104454647,0.5424137739086841,0.6330448805237828,0.7242051347512687,0.5063520817817344,0.678228830147098,0.36348421271528575,0.3953116720967088
378,0.36501103752759434,0.5748287080737384,0.4435589564328296,0.39216335540838854,0.37767668922667275,0.3676001821493622,0.3411808209047211,0.32407916437603124,0.38017373530914667,0.4555306427503737,0.5717439293598234,0.6503649635036497,0.5991521431935939,0.594908178676226,0.6226926335637977,0.5974573032021109,0.2830915418756632,0.2846784576534773,0.4147237520965579,0.38895240062144226,0.47315255611467555,0.684941989351705,0.7718618761274718,0.44271848968287747,0.43064574430281,0.36004931835422704,0.46578020270049003,0.4467757115771124,0.4594939206335471,0.5397792283987602,0.7409970421095522,0.4999482262218986,0.6636173727099032,0.2833876850444409,0.5143425890325128
379,0.35242825607064,0.5786446921262289,0.4488819676342162,0.38940397350993416,0.3838899367580164,0.35359744990892494,0.31159866880315557,0.2975536008796045,0.3346959632089934,0.3920029895366218,0.5816777041942605,0.7423357664233579,0.6363636363636364,0.5830730033246443,0.5692507819173045,0.5447992761043547,0.2153504892554725,0.2842340462148414,0.4344031461181938,0.46853534949469394,0.5308678179060323,0.7588506656541188,0.77644547946309,0.4515189841490379,0.43768752262922084,0.3483019163565392,0.45242241529465366,0.46073164551332274,0.44313487441796584,0.5326278327821482,0.7966833441325718,0.540751308665865,0.6442010149925601,0.27319167025126423,0.45979511427202635
380,0.3512141280353207,0.5085963450744391,0.441892111184892,0.3805739514348785,0.39087984023077826,0.35177595628415315,0.2903981264637001,0.2691039032435407,0.3699540112416965,0.36434977578475336,0.58719646799117,0.8598540145985403,0.7286858219500706,0.5694269789376332,0.6296781127291418,0.48630003889653395,0.25487030355243867,0.3037955030853787,0.36348421271528575,0.28718655986853625,0.5190648684691923,0.6456816728237108,0.6813856691394702,0.45469502512114574,0.44909455590009706,0.34833735425210177,0.4617760066142139,0.48476049710460745,0.3953116720967088,0.46175558706157627,0.774014738687695,0.5047775292565064,0.5706329954696255,0.5293969457559704,0.44656530816200846
381,0.3633554083885211,0.450296746775825,0.456058741454703,0.36501103752759434,0.3942083656939981,0.3605418943533696,0.2874399112535442,0.27185266630016525,0.49821154828819625,0.39424514200298955,0.6236203090507726,0.9576642335766423,0.771078662270372,0.5748287080737384,0.594908178676226,0.4243975058729408,0.0,0.21404625336738548,0.2833876850444409,0.25448256322230467,0.5227469926292114,0.8487124480023701,0.7038087087384096,0.4435589564328296,0.45543684225199266,0.3600908101151227,0.459285146484424,0.4816999390523168,0.5143425890325128,0.4909053512381993,0.7811909604488716,0.5422757396239329,0.612989154351749,0.30063600957577985,0.26128657040729564
382,0.3756070640176601,0.446003769107298,0.4497864598672841,0.35242825607064,0.391434594474648,0.37317850637522776,0.30518920251448334,0.28889499725123713,0.6131834440470108,0.44506726457399104,0.6236203090507726,0.9335766423357665,0.7649552520018841,0.5786446921262289,0.5830730033246443,0.4429662566759678,0.1687353343307194,0.24507838510570856,0.27319167025126423,0.26496550106434846,0.49938278284732984,0.6699977597292659,0.6694131254296414,0.4488819676342162,0.4640364906657881,0.39346769000841725,0.4789268334408434,0.4652158548851435,0.45979511427202635,0.43366781361095763,0.6515333039182947,0.4858053155698737,0.6359601131635222,0.38430922935397477,0.25745008532212144
383,0.3818984547461368,0.5797172656712029,0.4399843105289057,0.3512141280353207,0.3825585265727285,0.38126138433515466,0.32318501170960223,0.30552501374381524,0.6479305058763414,0.4962630792227205,0.608167770419426,0.8686131386861315,0.7348092322185587,0.5085963450744391,0.5694269789376332,0.4127103860352932,0.27640689443022204,0.2988933331897794,0.5293969457559704,0.46978122765723956,0.6669560570176049,0.696895534454618,0.7635757692258793,0.441892111184892,0.4671400476094303,0.4205175645800739,0.48084178574647707,0.4529210676387194,0.44656530816200846,0.3843842805982342,0.5312287180190735,0.45944783902678965,0.6403625276366357,0.08448027867195085,0.26338058184076796
384,0.3887417218543048,0.33948249835039235,0.4147657773014241,0.3633554083885211,0.366914456895596,0.38752276867030977,0.3362504622211273,0.3159703133589886,0.623403168114461,0.5721225710014948,0.6158940397350994,0.8364963503649636,0.7282147903909562,0.450296746775825,0.5748287080737384,0.6226926335637977,0.3671477065901634,0.15156428310348247,0.30063600957577985,0.1283698470087276,0.20684365583148828,0.35504282359207373,0.6428977394959784,0.456058741454703,0.45625812775826347,0.43372937707323167,0.47100413207635905,0.4780365789382808,0.26128657040729564,0.3309073636003621,0.40654967017002913,0.4233874573527365,0.5189627378731875,0.4744535033426698,0.3049117308170223
385,0.39514348785871967,0.4017354163105935,0.40767796450861377,0.3756070640176601,0.3542660601353602,0.39389799635701284,0.34229015160852994,0.32778999450247426,0.596320899335718,0.6363976083707026,0.6181015452538632,0.8430656934306571,0.7150259067357513,0.446003769107298,0.5786446921262289,0.5692507819173045,0.33296530200030183,0.12117245552930278,0.38430922935397477,0.20959163031077524,0.32508129788557116,0.45464738199593757,0.7398350794393243,0.4497864598672841,0.4614596564917496,0.4408215779539035,0.4521262656289864,0.5117008556037353,0.25745008532212144,0.2837783541313843,0.3604306110354983,0.4479035815674377,0.4226149452268287,0.5425033454697785,0.3245107866994258
386,0.3982339955849894,0.29699285594913505,0.39913647560994664,0.3818984547461368,0.35304560079884695,0.4010701275045534,0.3643535067176136,0.32943925233644844,0.5815022994379152,0.6509715994020927,0.5794701986754968,0.7328467153284672,0.7225624116815826,0.5797172656712029,0.5085963450744391,0.6296781127291418,0.33927883420824223,0.2744266610862649,0.08448027867195085,0.16136997173226153,0.15628111325276595,0.3399415587983129,0.47894094699552137,0.4399843105289057,0.45462932347373297,0.45231029112542365,0.43963198058832453,0.5395386897291473,0.26338058184076796,0.2778861667607753,0.2952081164063862,0.45539358949537906,0.33628293925307945,0.6316906845079238,0.3269474370117136
387,0.4014348785871964,0.36690651575625743,0.3827463223276355,0.3887417218543048,0.3652501941639854,0.40448542805100196,0.37889806483421706,0.3565145684442008,0.5646397547266224,0.6207025411061285,0.5783664459161149,0.6678832116788322,0.6434291097503533,0.33948249835039235,0.450296746775825,0.594908178676226,0.3871059144159599,0.3564136895316583,0.4744535033426698,0.3395742129533953,0.2632655633003833,0.3627539884089281,0.4766064141818937,0.4147657773014241,0.4684726410278839,0.458697991329175,0.42404560414563197,0.5441550665883915,0.3049117308170223,0.16184947636513042,0.22138509902112183,0.4517259513216758,0.2847633919839447,0.6162181103644779,0.37223099822074834
388,0.3997792494481236,0.483279948066766,0.37982472973729087,0.39514348785871967,0.377565738377899,0.401639344262295,0.3886355232343157,0.3613249037932933,0.5273377618804292,0.5736173393124065,0.5894039735099338,0.5992700729927007,0.6198775317946302,0.4017354163105935,0.446003769107298,0.5830730033246443,0.45314064761010364,0.3903172946603952,0.5425033454697785,0.5072890526578776,0.3942920869067309,0.4147470109189908,0.5709428223742317,0.40767796450861377,0.46234350628306553,0.46735921740399167,0.42793909998930335,0.5583262372908413,0.3245107866994258,0.17457342229688738,0.18356436123448686,0.43672435618029126,0.24435943387948966,0.3676615131579616,0.42897115022334537
389,0.3900662251655631,0.44946870086344326,0.3718012056741908,0.3982339955849894,0.3838899367580164,0.3925318761384333,0.37926784173548667,0.3478559648158326,0.46806336228921824,0.5194319880418535,0.5805739514348787,0.5905109489051096,0.6245878473857748,0.29699285594913505,0.5797172656712029,0.5694269789376332,0.4719358370844198,0.5176771084091598,0.6316906845079238,0.27444558319246204,0.37368364967658285,0.3604117242634497,0.4121353223933487,0.39913647560994664,0.45276506289744634,0.47048499732329974,0.4315316871175433,0.5755628140369867,0.3269474370117136,0.1813275949029569,0.14742951506936575,0.4107944886360766,0.18410973084341753,0.39989640109058683,0.5928887870804607
390,0.370860927152318,0.5070769144741956,0.3650370919664725,0.4014348785871964,0.39076888938200405,0.3764799635701279,0.3634906939479845,0.33342495876855427,0.36433316300459895,0.4312406576980568,0.5441501103752759,0.5569343065693432,0.5920866698068771,0.36690651575625743,0.33948249835039235,0.5748287080737384,0.4353791702695311,0.5138566007859477,0.6162181103644779,0.6884190146778333,0.42703758819255777,0.4576712250763351,0.4785657089784465,0.3827463223276355,0.4281220703813021,0.4595251576387151,0.4388834071815275,0.5830459346834334,0.37223099822074834,0.2514066253281799,0.16153541294737278,0.37963793206325297,0.14980156259938077,0.2792154546663925,0.7982908692308388
391,0.3527593818984549,0.42577155039819914,0.37417689503633594,0.3997792494481236,0.3972040386108957,0.36350182149362453,0.3347713546160489,0.3097855964815839,0.2881962187020951,0.34828101644245146,0.48896247240618107,0.6072992700729927,0.5958549222797926,0.483279948066766,0.4017354163105935,0.5786446921262289,0.4167092547551654,0.4822420902377278,0.3676615131579616,0.4888866488426771,0.34004534536782516,0.3929773346072026,0.42024840738359615,0.37982472973729087,0.4211960165924673,0.4647639318452404,0.4433516106197958,0.5547837607885813,0.42897115022334537,0.3130295652722553,0.17385010432852208,0.390765595263345,0.23861260637871445,0.38085216074009237,0.8368459885845744
392,0.35331125827814613,0.4175969345287065,0.4009977519634291,0.3900662251655631,0.40031066237656754,0.36224954462659387,0.3191174657956375,0.28944474986256186,0.3357179356157384,0.33968609865470856,0.5066225165562914,0.7036496350364965,0.6679227508243052,0.44946870086344326,0.29699285594913505,0.5085963450744391,0.2912507522724823,0.4083801418073758,0.39989640109058683,0.6231069122438615,0.40327900843620207,0.5141156211300804,0.48207475316611015,0.3718012056741908,0.4128494626867386,0.4578846903241075,0.4503612303689982,0.5369746292314138,0.5928887870804607,0.4473149545459078,0.28293870935461485,0.4365430931833675,0.3469044923726475,0.645268829886586,0.7282292773098231
393,0.36931567328918335,0.37922674923943767,0.43789647127266995,0.370860927152318,0.40352823699101315,0.3747723132969032,0.31899420682854673,0.2943925233644862,0.4987225344915688,0.38303437967115095,0.5452538631346578,0.8102189781021898,0.7192651907677814,0.5070769144741956,0.36690651575625743,0.450296746775825,0.24129730237036995,0.40837478648967895,0.2792154546663925,0.47260266067889556,0.42364645296076603,0.5260795563991132,0.44027054215540257,0.3650370919664725,0.39683336765729804,0.47182713275810706,0.4553975889858395,0.5212988949354896,0.7982908692308388,0.6496747480723256,0.35628267743456604,0.5094290057728971,0.4752455682717027,0.7660095924739466,0.6093396226796693
394,0.38410596026490085,0.37875376680666406,0.4552320322465775,0.3527593818984549,0.40186397425940346,0.38740892531876137,0.3335387649451502,0.3122594832325456,0.6509964230965765,0.43871449925261585,0.5706401766004415,0.8218978102189782,0.7211493170042392,0.42577155039819914,0.483279948066766,0.446003769107298,0.405125315757747,0.33804519761845775,0.38085216074009237,0.31019725123547476,0.42755040843661707,0.35637899750395124,0.5071060728187867,0.37417689503633594,0.39397845204069004,0.4656541104305052,0.4699863792785838,0.5280860829026907,0.8368459885845744,0.7265995020282737,0.4324522212125747,0.5173869300438371,0.502442118623236,0.7293783932058944,0.506251121502914
395,0.39315673289183195,0.5808715732219021,0.45896396389311456,0.35331125827814613,0.392100299567292,0.39389799635701284,0.34759028719339424,0.3266904892798248,0.6903423607562595,0.5022421524663677,0.598233995584989,0.7985401459854016,0.7103155911446066,0.4175969345287065,0.44946870086344326,0.5797172656712029,0.3641765226918814,0.496877725891677,0.645268829886586,0.6381162090974131,0.4974581867281811,0.6074337009449566,0.5752344148756654,0.4009977519634291,0.386138041908327,0.45600708073629187,0.4893356847319056,0.5169678820920713,0.7282292773098231,0.7712398082408742,0.47611926835581514,0.4842430683395773,0.5377187868279772,0.479649250809181,0.5390107525195486
396,0.3997792494481236,0.6385273590446658,0.4705900127249457,0.36931567328918335,0.37279485188061745,0.40095628415300544,0.36410698878343384,0.34043430456294743,0.6469085334695963,0.5896860986547086,0.5960264900662252,0.7445255474452555,0.6914743287800282,0.37922674923943767,0.5070769144741956,0.33948249835039235,0.35458899386106246,0.5633304004576303,0.7660095924739466,0.6381823299500455,0.8018961203842992,0.6768868897203151,0.574419748355383,0.43789647127266995,0.37952829970111557,0.43118763242024866,0.5071624850331549,0.4839892730110176,0.6093396226796693,0.8410748284512746,0.5949965015828218,0.4722837322731459,0.6437383666614545,0.32899346400656454,0.5818354783889986
397,0.40386313465783674,0.6089213281919932,0.4660117938299915,0.38410596026490085,0.3545989126816824,0.40755919854280487,0.3680512757303096,0.354452996151732,0.597342871742463,0.6647982062780269,0.5728476821192053,0.748175182481752,0.6608572774375883,0.37875376680666406,0.42577155039819914,0.4017354163105935,0.3347567343797948,0.5836739415300514,0.7293783932058944,0.7100394887557545,0.7080181901535397,0.6667919146049079,0.5226781749660427,0.4552320322465775,0.3884595129726406,0.42421198472106986,0.5332726696376023,0.48138657612960756,0.506251121502914,0.7889818499852326,0.6030935829561497,0.4057462413904316,0.63845099942031,0.49284578107953814,0.7027336091931019
398,0.4071743929359828,0.6124278048479948,0.47670752196681593,0.39315673289183195,0.3551536669255526,0.4107468123861566,0.3853075311228902,0.3644859813084116,0.5707715891670926,0.6741405082212257,0.5750551876379691,0.6678832116788322,0.6406029203956665,0.5808715732219021,0.4175969345287065,0.29699285594913505,0.3421883891909925,0.49198240600692067,0.479649250809181,0.7262750969985683,0.8186464487609111,0.6627377399885308,0.614307047436425,0.45896396389311456,0.41466826074432594,0.4158056654339708,0.5262222281272276,0.4742767508213569,0.5390107525195486,0.7277480956591375,0.665161518276606,0.4451750324809514,0.6816543800802247,0.37134012769690894,0.6067389649636189
399,0.41236203090507706,0.5502659920291961,0.4974369296110758,0.3997792494481236,0.37124153999778153,0.41404826958105634,0.39800320473314477,0.38097855964815874,0.5641287685232499,0.6375186846038864,0.5949227373068433,0.627007299270073,0.6062176165803108,0.6385273590446658,0.37922674923943767,0.36690651575625743,0.3571367906923104,0.5146493636511789,0.32899346400656454,0.6932069962892063,0.6836680697939514,0.5830933872484277,0.5248666755718912,0.4705900127249457,0.450724872585733,0.39967488738225415,0.5240376009870186,0.49422433841340774,0.5818354783889986,0.6663465607633032,0.7849259573045344,0.496904466501222,0.6865021385583454,0.40466505302585387,0.3781215430212329
400,0.4160044150110376,0.6509728524381213,0.5185583279843505,0.40386313465783674,0.3861089537334963,0.4123406193078325,0.4020707506471095,0.39444749862561856,0.5620848237097599,0.5997757847533632,0.6479028697571745,0.627007299270073,0.5756005652378708,0.6089213281919932,0.37875376680666406,0.483279948066766,0.3991574829185751,0.5527058418067448,0.49284578107953814,0.833837360004082,0.667657159992141,0.6437082087855703,0.5981553172934736,0.4660117938299915,0.46766479908699476,0.39679952918269107,0.4982650437488211,0.4795133544071071,0.7027336091931019,0.6807229443721763,0.8624994860164594,0.6002494355313608,0.7733871105994188,0.3370945174962145,0.040916906867037584
401,0.41225165562913935,0.5578450349945872,0.5088482351205595,0.4071743929359828,0.3952069233329638,0.4023224043715845,0.40194749168001964,0.38881253435953855,0.5293817066939193,0.5564275037369208,0.7075055187637969,0.6029197080291971,0.5788977861516721,0.6124278048479948,0.5808715732219021,0.44946870086344326,0.30509309281969266,0.48326581916286315,0.37134012769690894,0.4234740079533661,0.6070368620842927,0.6446755608230021,0.563179386467701,0.47670752196681593,0.4713115600943383,0.388902977904299,0.48790441098249404,0.48777819610244677,0.6067389649636189,0.6296780418962651,0.8570578546702182,0.6004996381928154,0.7299311163585087,0.5008853401616328,0.061077184821471064
402,0.3972406181015451,0.5221867678580718,0.4809798670532274,0.41236203090507706,0.40186397425940346,0.3825136612021858,0.3833353876494514,0.3723199560197914,0.43587123147675016,0.48318385650224216,0.7494481236203091,0.6138686131386861,0.5713612812058407,0.5502659920291961,0.6385273590446658,0.5070769144741956,0.40150964499903985,0.4860725091951803,0.40466505302585387,0.2937763444780037,0.5117204635666419,0.5082602546223397,0.5216372189941104,0.4974369296110758,0.4826722776971738,0.38224590673135683,0.47815729090715364,0.4753466814462486,0.3781215430212329,0.4797014771747973,0.7889660151820901,0.5582325557940605,0.6897667894821354,0.2996538037978794,0.09991756691049347
403,0.3804635761589408,0.5691543097986465,0.43042083469860953,0.4160044150110376,0.40596915566404146,0.36384335154826974,0.3576975224947616,0.3508796041781199,0.341338783852836,0.4125560538116592,0.7626931567328918,0.6547445255474453,0.5732454074422986,0.6509728524381213,0.6089213281919932,0.42577155039819914,0.23733057931531754,0.3484685242121621,0.3370945174962145,0.4002063318195511,0.6428126987505102,0.7263459524222684,0.7045905222219068,0.5185583279843505,0.47819854352128277,0.3912410718293843,0.4887416408808627,0.47542649765257095,0.040916906867037584,0.3050933936224848,0.5963506566821023,0.42076125230458283,0.5639633527437148,0.34782460265112974,0.4251149070844073
404,0.3794701986754965,0.6062904766852242,0.42499626241321015,0.41225165562913935,0.4092976811272613,0.3644125683060113,0.33230617527425155,0.32627817482133015,0.35411343893714875,0.39798206278026904,0.7472406181015453,0.7985401459854016,0.6533207724917569,0.5578450349945872,0.6124278048479948,0.4175969345287065,0.2636398319911315,0.3734428484611918,0.5008853401616328,0.44694840450831735,0.6891193739002617,0.7375286807040133,0.7211386550246897,0.5088482351205595,0.4886501723314489,0.41763748696936415,0.49083394803811287,0.47515276179004284,0.061077184821471064,0.24387797459817245,0.49231236408245715,0.40395432033217593,0.5511259420488275,0.23940682646397435,0.3871321489889181
405,0.3929359823399561,0.4105913643228494,0.4053842912612038,0.3972406181015451,0.41451237101963834,0.3809198542805099,0.33341550597806036,0.3217427157779005,0.48594787940725603,0.4260089686098655,0.7218543046357616,0.8810218978102191,0.7263306641544983,0.5221867678580718,0.5502659920291961,0.37922674923943767,0.2558879217792551,0.3330820570312394,0.2996538037978794,0.2613442517750842,0.5283324910769414,0.5434048101303075,0.5465502386273287,0.4809798670532274,0.5089064906840532,0.4539522816706634,0.4929848012767708,0.4952996791156645,0.09991756691049347,0.09068514677547218,0.30998339861973534,0.354832783482234,0.45527706615494157,0.5050921158754968,0.5237387104114333
406,0.40485651214128016,0.49586947876605336,0.4239532687734844,0.3804635761589408,0.41817374902918036,0.3961748633879778,0.34956243066683124,0.3352116547553603,0.6188042922841084,0.4540358744394619,0.6931567328918322,0.8642335766423359,0.731040979745643,0.5691543097986465,0.6509728524381213,0.37875376680666406,0.3743629612254846,0.35726819041760827,0.34782460265112974,0.23989976149040698,0.6159683239899961,0.5091169064052385,0.6163101335245547,0.43042083469860953,0.5295458537012452,0.4710135062764087,0.46147372321725244,0.5435512457458437,0.4251149070844073,0.08099255368231006,0.313962956462519,0.4647275308623474,0.38855664619298125,0.2601358033592923,0.4719231366280619
407,0.4121412803532012,0.44678023162440716,0.4104546068445694,0.3794701986754965,0.41440142017086457,0.4055100182149358,0.3637372118821651,0.3418086860912588,0.6571282575370465,0.4914050822122571,0.6754966887417219,0.8284671532846717,0.7395195478097032,0.6062904766852242,0.5578450349945872,0.5808715732219021,0.3830628032579231,0.3631895332217976,0.23940682646397435,0.3011091880431549,0.35923995346043747,0.4494286453455234,0.5571504179121372,0.42499626241321015,0.5200573658651363,0.474686379864445,0.44119566338358995,0.5775498581663906,0.3871321489889181,0.06660579681366113,0.25836929311708157,0.4777097070538161,0.2754987576775663,0.46760422584410327,0.6377031645214555
408,0.4213024282560709,0.4623824840969917,0.41988143324499216,0.3929359823399561,0.39931210473760137,0.4123406193078325,0.3840749414519906,0.3515667949422765,0.6371997956055186,0.5732436472346787,0.7008830022075055,0.7686131386861315,0.7451719265190768,0.4105913643228494,0.5221867678580718,0.6385273590446658,0.4484778613241911,0.2547958648410855,0.5050921158754968,0.372356437637325,0.31626211928287473,0.3979787992433289,0.6779539658380316,0.4053842912612038,0.49282501339143925,0.4861284457252375,0.42101819953438213,0.6090358760849182,0.5237387104114333,0.20823100832580937,0.2512736100265327,0.5424894315749383,0.22527726493284134,0.38058764292580644,0.6204632513735037
409,0.4268211920529801,0.35284513369358095,0.42743584497441517,0.40485651214128016,0.3824475757239547,0.41655282331511856,0.39307284604955095,0.3701209455744916,0.6075625958099131,0.648729446935725,0.7152317880794703,0.7518248175182483,0.7051342439943475,0.49586947876605336,0.5691543097986465,0.6089213281919932,0.2614839790460266,0.08591656074527698,0.2601358033592923,0.1548295141380775,0.2345739774413798,0.47798085086579545,0.720325412238061,0.4239532687734844,0.4434198459814406,0.4816226774389589,0.4289897055822237,0.6013694451547611,0.4719231366280619,0.4289116865621854,0.29041894645807104,0.5424862201930903,0.26197771928495595,0.7427720553618906,0.6159232551141545
410,0.4283664459161147,0.4687569708358872,0.449177457144361,0.4121412803532012,0.38144901808498854,0.4199681238615667,0.40034512510785225,0.3808411214953278,0.5809913132345427,0.6573243647234679,0.6975717439293598,0.7189781021897812,0.6749882242110221,0.44678023162440716,0.6062904766852242,0.6124278048479948,0.4029171909831124,0.2125049209974339,0.46760422584410327,0.26432020762806946,0.34944991196565467,0.45162074547003994,0.7253995913256748,0.4104546068445694,0.43811907400447614,0.4921491449896204,0.43651944341531346,0.5932355343577327,0.6377031645214555,0.5320728759425696,0.3260579484228646,0.5756212881134113,0.33502046294899585,0.33996193936049013,0.581145813409981
411,0.4309050772626932,0.4151543276417371,0.4549395521987072,0.4213024282560709,0.3949850216354158,0.425318761384335,0.40576851965980554,0.3967839472237493,0.5503321410321922,0.6203288490284006,0.6710816777041942,0.7036496350364965,0.6311822892133773,0.4623824840969917,0.4105913643228494,0.5502659920291961,0.3874308483596405,0.24040716528399209,0.38058764292580644,0.4618207925320383,0.35819720484501305,0.4122517965627531,0.6402719995687772,0.41988143324499216,0.41895468986023643,0.5125505084237252,0.43489452797828965,0.5951083696461357,0.6204632513735037,0.6284286543392992,0.2777666499446136,0.5921888670929434,0.3449563177677179,0.3843580839314221,0.540439555399607
412,0.43245033112582787,0.5936647680633378,0.46152888559740296,0.4268211920529801,0.40696771330300674,0.4290755919854279,0.40502896585726633,0.40420560747663536,0.5319366377107818,0.5852017937219731,0.6501103752759382,0.7182481751824819,0.6123410268487989,0.35284513369358095,0.49586947876605336,0.6509728524381213,0.43077065086752064,0.26028650422133737,0.7427720553618906,0.5914048632726803,0.4377108412465362,0.5518646618754071,0.8157451056878444,0.42743584497441517,0.4370998837039817,0.5333376593083288,0.4245080065394926,0.5930039198118333,0.6159232551141545,0.5829370124363831,0.230879656506283,0.6294752613165187,0.36625000588314227,0.2423921670787331,0.5525952390309119
413,0.42406181015452526,0.3892189088162503,0.47587777022540184,0.4283664459161147,0.4142904693220908,0.4252049180327866,0.39418217675335887,0.3905992303463446,0.48594787940725603,0.5321375186846039,0.6037527593818985,0.7270072992700731,0.6231747527084314,0.4687569708358872,0.44678023162440716,0.5578450349945872,0.4412639343835032,0.2722358965330578,0.33996193936049013,0.37547394015312974,0.32394612374310633,0.3298617916355506,0.5815312826470835,0.449177457144361,0.4239092900286241,0.5237812292890677,0.42779454210820145,0.5888017300443764,0.581145813409981,0.6886856143005509,0.30850476496566637,0.6549626034433739,0.4117291601420758,0.45753035191097763,0.41832544862527976
414,0.4089403973509933,0.37092482923142356,0.47298683446504086,0.4309050772626932,0.4234993897703321,0.4097222222222219,0.3718723037100955,0.3750687190764159,0.4041900868676546,0.4499252615844544,0.6026490066225166,0.7591240875912411,0.6118699952896844,0.4151543276417371,0.4623824840969917,0.5221867678580718,0.3950058590672505,0.2874470450000395,0.3843580839314221,0.3283612606711899,0.3416919613403993,0.35874479189295394,0.5470305803368773,0.4549395521987072,0.43312097614617584,0.496353879940063,0.44423733816605304,0.5738975641196924,0.540439555399607,0.641909998935799,0.3890932227472653,0.6130431156135191,0.43940597538461756,0.4486543028282649,0.4036984214061804
415,0.39801324503311264,0.4365287852275497,0.48216013185788975,0.43245033112582787,0.4290469322090318,0.39241803278688536,0.3570812276593123,0.3486805937328201,0.3464486458865611,0.39424514200298955,0.6611479028697572,0.7744525547445256,0.6556759302873293,0.5936647680633378,0.35284513369358095,0.5691543097986465,0.4569619916150103,0.35075991278697316,0.2423921670787331,0.5717910281892176,0.3607379878959892,0.36251249685936915,0.5578833116011108,0.46152888559740296,0.4405029800887832,0.4465949475265339,0.4775600022494535,0.5621634576183849,0.5525952390309119,0.6480575744550767,0.5818166490342321,0.562194845755544,0.4896425703854533,0.2508419774181265,0.2573208334239559
416,0.39713024282560694,0.40318382578510814,0.4679669521780346,0.42406181015452526,0.43060024409186726,0.3913934426229506,0.3650930605201528,0.32366684991753747,0.38119570771589173,0.3860239162929746,0.6622516556291391,0.721167883211679,0.7376354215732454,0.3892189088162503,0.4687569708358872,0.6062904766852242,0.4802705630921533,0.21256590767507433,0.45753035191097763,0.36433826881430686,0.2887077464703036,0.303997112868868,0.6538906625982178,0.47587777022540184,0.46174840230108805,0.44125621944668686,0.4960266156208105,0.5555531510767266,0.41832544862527976,0.5115983718955289,0.5535251682236011,0.490280316149198,0.46983973295188314,0.3363928258514858,0.2627920718740122
417,0.40662251655629156,0.3778305624205789,0.46196671275183027,0.4089403973509933,0.43315211361366934,0.40528233151183946,0.38160976211019415,0.3229796591533809,0.4951456310679612,0.4095665171898356,0.6225165562913908,0.6861313868613139,0.7804992934526613,0.37092482923142356,0.4151543276417371,0.4105913643228494,0.4884016460322531,0.18205290604676172,0.4486543028282649,0.40360222148099345,0.46279765206998325,0.2694123420720145,0.6554856423235234,0.47298683446504086,0.46737899405758354,0.42195460900042536,0.512883909561335,0.549962503596911,0.4036984214061804,0.4669319441571007,0.5974427516660387,0.4404149842464763,0.46800782435564087,0.5282631503454265,0.16703878705090136
418,0.41953642384105994,0.28611299552426317,0.44002416110078313,0.39801324503311264,0.43470542549650526,0.4175774134790524,0.39393565881917914,0.3371357888949973,0.6055186509964231,0.44805680119581465,0.6324503311258278,0.6985401459854015,0.7870937352802637,0.4365287852275497,0.5936647680633378,0.49586947876605336,0.4745961788667401,0.20770335913741178,0.2508419774181265,0.028010978326752256,0.2819117564803745,0.18893975088038523,0.5309832726375011,0.48216013185788975,0.47381794481517503,0.4402297312484389,0.49688558921282244,0.5584023296776784,0.2573208334239559,0.3585846272258586,0.46673429382605236,0.4250358266410961,0.393750326859493,0.4027924591038562,0.2963098209693189
419,0.4288079470198678,0.3208072228836105,0.4269940162272931,0.39713024282560694,0.4262731609896817,0.42509107468123863,0.4005916430420311,0.35459043430456294,0.652529381706694,0.507847533632287,0.652317880794702,0.7204379562043797,0.7668393782383419,0.40318382578510814,0.3892189088162503,0.44678023162440716,0.6517814676448879,0.2375578165493728,0.3363928258514858,0.36039296681121796,0.3675367203553396,0.041765884771838846,0.5401971486855499,0.4679669521780346,0.48783935729436967,0.42694468651334894,0.5116747131707798,0.5637742835626006,0.2627920718740122,0.2546151775559229,0.4682459410793427,0.36366851046904924,0.3488116821824299,0.504142768356158,0.2902921712087943
420,0.4326710816777046,0.4480497676148012,0.40063926217160256,0.40662251655629156,0.41107289470764474,0.4345400728597446,0.4089732528041412,0.3703958218801544,0.626469085334696,0.5721225710014948,0.5993377483443709,0.6963503649635037,0.729156853509185,0.3778305624205789,0.37092482923142356,0.4623824840969917,0.5345565545579571,0.33434131602584216,0.5282631503454265,0.5626750403603754,0.48163077110421937,0.2942674841463624,0.5861601469348244,0.46196671275183027,0.48501439885350384,0.43622233277925626,0.5108104432169337,0.5691381715139965,0.16703878705090136,0.16551339711523416,0.3527984302821031,0.30573285593070837,0.27078616356996904,0.3954200551635398,0.4128421997677386
421,0.43763796909492303,0.2565444843385052,0.40617617669158085,0.41953642384105994,0.4000887606790191,0.44023224043715814,0.4173548625662522,0.3804288070368331,0.5896780786918754,0.6259342301943199,0.5938189845474614,0.6795620437956205,0.7159679698539801,0.28611299552426317,0.4365287852275497,0.35284513369358095,0.5700754769813212,0.3199778024479425,0.4027924591038562,0.20531763776087297,0.39786125291524677,0.05978238928951496,0.3912452459064731,0.44002416110078313,0.493978342036131,0.4436571954568446,0.5182393408328095,0.5755809413091972,0.2963098209693189,0.1517045538886701,0.34628907468903647,0.3023191870392254,0.2694738777574288,0.6677255152159486,0.3310636152390664
422,0.44690949227373045,0.3718433199503117,0.39186684499633334,0.4288079470198678,0.3992011538888276,0.441826047358834,0.4215456674473077,0.3870258383727325,0.5896780786918754,0.6603139013452914,0.6710816777041942,0.716058394160584,0.7329251059821007,0.3208072228836105,0.40318382578510814,0.4687569708358872,0.5502043631136644,0.3592127542310184,0.504142768356158,0.4119183832783683,0.39723477813347,0.19939454354331426,0.4793051931764305,0.4269940162272931,0.4801090809860945,0.46505474521486895,0.5041834664205321,0.5858489871052914,0.2902921712087943,0.15126347685495928,0.22997247609070637,0.30008119903970315,0.20990550174894318,0.4966835991809355,0.411198080774222
423,0.4502207505518765,0.4126179321247374,0.39156285623558884,0.4326710816777046,0.4087429268833911,0.4444444444444442,0.4264760261309015,0.4031061022539859,0.5871231476750128,0.6393871449925261,0.6788079470198676,0.7087591240875915,0.6919453603391427,0.4480497676148012,0.3778305624205789,0.4151543276417371,0.6153500818147908,0.33477961281069035,0.3954200551635398,0.503829844371314,0.4936863651520642,0.17422250865801228,0.5471327906351516,0.40063926217160256,0.47424577982019267,0.47072565474412054,0.506609360636388,0.5768554009627901,0.4128421997677386,0.17289448634116722,0.21040055478894673,0.29417458244030026,0.2301854160020469,0.38419971949116655,0.39462838570197706
424,0.4484547461368651,0.4376790815949825,0.37971589303019665,0.43763796909492303,0.4217241761899486,0.4460382513661201,0.4318994206828548,0.41465090709180874,0.5559529892692898,0.5896860986547086,0.6456953642384107,0.6649635036496351,0.6448422044276966,0.2565444843385052,0.28611299552426317,0.5936647680633378,0.6804830785318732,0.34341158563515606,0.6677255152159486,0.6661411595062854,0.3368643895464446,0.13283374628439099,0.5661738121753769,0.40617617669158085,0.452804003994285,0.47721071151767974,0.5040720962823594,0.5677297948804297,0.3310636152390664,0.21123159302100142,0.1509167498778668,0.2727523395134356,0.2220949451332242,0.4776840001311857,0.3976767266897671
425,0.4427152317880796,0.41694708771586697,0.3824409445843027,0.44690949227373045,0.4310440474869637,0.4373861566484516,0.42635276716381165,0.40736668499175455,0.48645886561062857,0.5388639760837071,0.6721854304635762,0.6598540145985402,0.6453132359868111,0.3718433199503117,0.3208072228836105,0.3892189088162503,0.5663117507086817,0.29190329277783356,0.4966835991809355,0.5891039806256919,0.5246161291245923,0.22934385636587923,0.5929103437487795,0.39186684499633334,0.44007123481595023,0.4913325241229186,0.500199897535286,0.553049233776715,0.411198080774222,0.2710605618283079,0.11341302373727724,0.2872622180706491,0.26320200446477254,0.39194782935296607,0.40841048386602447
426,0.4279249448123621,0.36826248536989326,0.3786146944058202,0.4502207505518765,0.4349273271940537,0.4217896174863385,0.40724762726488395,0.3874381528312263,0.4026571282575371,0.4757100149476831,0.6754966887417219,0.6751824817518249,0.6504945831370701,0.4126179321247374,0.4480497676148012,0.37092482923142356,0.5974573032021109,0.26430898725179475,0.38419971949116655,0.34458196926528584,0.4935576485702477,0.14689017539267937,0.5662876955587158,0.39156285623558884,0.4143179524540932,0.48848733760703156,0.4829604142170848,0.5525262830516645,0.39462838570197706,0.3566105682619895,0.11039527773476737,0.3156548853502015,0.25491860597164046,0.34175534664592744,0.450372856255056
427,0.41125827814569593,0.46767233564176536,0.3674157246488643,0.4484547461368651,0.4399201153888832,0.4105191256830598,0.3920867743128311,0.3596756459593182,0.33367399080224835,0.4024663677130045,0.6181015452538632,0.6547445255474453,0.6745171926519077,0.4376790815949825,0.2565444843385052,0.4365287852275497,0.5447992761043547,0.17729783154154433,0.4776840001311857,0.748926351426942,0.5281065675946957,0.3039555884829014,0.7579336964634908,0.37971589303019665,0.4197285027762534,0.4975154669782275,0.47036745216364717,0.5624414091256131,0.3976767266897671,0.2930575238446204,0.04466515900437745,0.3173277451767663,0.2039035463633807,0.2635979420378023,0.5456673497352561
428,0.41081677704194286,0.37875376680666406,0.37242247774331017,0.4427152317880796,0.44923998668589826,0.4096083788706739,0.3901146308393941,0.3396096756459599,0.3582013285641288,0.3695814648729447,0.6225165562913908,0.6635036496350366,0.741403674046161,0.41694708771586697,0.3718433199503117,0.40318382578510814,0.48630003889653395,0.1760454385438095,0.39194782935296607,0.46508357150477136,0.47131149762428565,0.2725365605421485,0.6622446264828254,0.3824409445843027,0.405745740547531,0.4835468952803065,0.4704054408248134,0.5677080843102241,0.40841048386602447,0.3664086521325325,0.10661279848849875,0.3286054879556508,0.20402482454629406,0.4178228158508275,0.5316243830314349
429,0.4248344370860928,0.2901507326802051,0.3775162737466201,0.4279249448123621,0.4525685121491181,0.4193989071038251,0.39960557130531305,0.33782297965915387,0.49156872764435366,0.40582959641255606,0.6677704194260485,0.7000000000000002,0.8073480923221856,0.36826248536989326,0.4126179321247374,0.3778305624205789,0.4243975058729408,0.10544522228968667,0.34175534664592744,0.2852609413754282,0.4066715507989011,0.24495857820966818,0.6333100950914006,0.3786146944058202,0.4054486894586177,0.4776416100292088,0.48300489249156553,0.5714635211305853,0.450372856255056,0.3869062636831899,0.14240715856727482,0.31306711183902297,0.20789701671971927,0.6295729962422254,0.5507884505805802
430,0.4375275938189849,0.32740145362190454,0.3865742921988464,0.41125827814569593,0.4507932985687342,0.4327185792349728,0.4132873166522866,0.3518416712479384,0.627491057741441,0.4547832585949178,0.6655629139072847,0.7029197080291971,0.8134715025906736,0.46767233564176536,0.4376790815949825,0.28611299552426317,0.4429662566759678,0.14746322877011586,0.2635979420378023,0.3022032870187289,0.5384744517040833,0.26425450978920534,0.6336612214901451,0.3674157246488643,0.3938720992193657,0.4560463006703045,0.5187841892280807,0.573170548086858,0.5456673497352561,0.4662910876845119,0.24242897443166525,0.2566742711688611,0.2264095890406277,0.6303639793213086,0.5438782346306533
431,0.44591611479028703,0.36113900323571,0.38859589682823065,0.41081677704194286,0.4450238544324865,0.4422814207650272,0.4220387033156663,0.3710830126443101,0.6683699540112418,0.5026158445440957,0.6567328918322296,0.7065693430656934,0.783325482807348,0.37875376680666406,0.41694708771586697,0.3208072228836105,0.4127103860352932,0.18929220052889661,0.4178228158508275,0.3779107747717742,0.5374967469969224,0.33035100012749724,0.630365316354039,0.37242247774331017,0.39653495928534144,0.44322235867808274,0.5477810724621919,0.558047653436908,0.5316243830314349,0.46361981003271047,0.29099270445979286,0.1989027272468261,0.26680347349655614,0.5575775220610304,0.5149052735116717
432,0.45209713024282605,0.4409423653378681,0.3977634464788452,0.4248344370860928,0.4301564406967717,0.4462659380692169,0.4288179465056081,0.3818031885651463,0.6320899335717935,0.5736173393124065,0.6799116997792495,0.7072992700729928,0.77296278850683,0.2901507326802051,0.36826248536989326,0.4480497676148012,0.6226926335637977,0.2626609881435584,0.6295729962422254,0.5564968316961262,0.4890148915587028,0.19589393550092518,0.6470601396500539,0.3775162737466201,0.3927960322961028,0.4172846703015663,0.561943851042189,0.5562685811127103,0.5507884505805802,0.5129626188155813,0.4056036715663571,0.18924502156504436,0.2937418557920502,0.5569465816665916,0.46412411940921366
433,0.45463576158940366,0.47882216064247984,0.40535254308775787,0.4375275938189849,0.41340286253189884,0.45138888888888884,0.4357204486626407,0.3980208905992306,0.5850792028615228,0.6386397608370703,0.6556291390728477,0.6832116788321169,0.7282147903909562,0.32740145362190454,0.46767233564176536,0.2565444843385052,0.5692507819173045,0.13012914444539447,0.6303639793213086,0.47097590414358836,0.7234416586977709,0.2902167632444217,0.815253833377986,0.3865742921988464,0.3818526469128305,0.42273396279289943,0.5695465377113977,0.536944136068083,0.5438782346306533,0.5843086437108521,0.4122249362184519,0.19011365533554989,0.35779553613199827,0.5362723597026777,0.38850121098200546
434,0.4587196467991168,0.45467213283465213,0.4012152930935615,0.44591611479028703,0.41295905913680286,0.4609517304189432,0.4434857635893015,0.406542056074767,0.565150740929995,0.6539611360239164,0.6037527593818985,0.6642335766423358,0.7164390014130946,0.36113900323571,0.37875376680666406,0.3718433199503117,0.6296781127291418,0.03744286265677843,0.5575775220610304,0.5609980194793281,0.5809278280906448,0.2028598671039708,0.8776999396053716,0.38859589682823065,0.386745135223854,0.4086510771927054,0.5818621909120167,0.545958097826635,0.5149052735116717,0.5495850984933481,0.4450446579032683,0.1542419798612083,0.32643345816462743,0.4087909550259034,0.4322360519264056
435,0.46434878587196504,0.5339737036379031,0.39958816613344533,0.45209713024282605,0.4270498169310999,0.46436703096539134,0.4471835326019975,0.4255085211654759,0.5625958099131324,0.625560538116592,0.6269315673289184,0.6795620437956205,0.6754592557701365,0.4409423653378681,0.2901507326802051,0.4126179321247374,0.594908178676226,0.19042262816436306,0.5569465816665916,0.7943694598521935,0.6203015764396261,0.32068020064165376,0.8176087960040972,0.3977634464788452,0.3917226799389266,0.40835189907366504,0.5887096680214584,0.5542121193672443,0.46412411940921366,0.5240629863328912,0.4407756175307906,0.13582471996952872,0.3030853537840384,0.3085862683906547,0.36815057118044225
436,0.4654525386313466,0.55541114593324,0.3911019124423713,0.45463576158940366,0.43980916454010943,0.4625455373406191,0.4441020584247508,0.42523364485981396,0.5559529892692898,0.5863228699551569,0.6556291390728477,0.7051094890510949,0.6811116344795101,0.47882216064247984,0.32740145362190454,0.4376790815949825,0.5830730033246443,0.1468183526034057,0.5362723597026777,0.7723905056938822,0.6165982232689298,0.3550462845622128,0.88272519124398,0.40535254308775787,0.4005739750922094,0.39669241482349155,0.5979943159221498,0.5590434589758225,0.38850121098200546,0.4574401602937386,0.4516187816111615,0.09660414347312404,0.2707007101077537,0.29162434951357896,0.4333228693435998
437,0.45927152317880804,0.429874267318036,0.3962614866925395,0.4587196467991168,0.44824142904693254,0.4566256830601092,0.4342413410575623,0.41492578339747155,0.5084312723556464,0.5369955156950673,0.6512141280353201,0.7226277372262775,0.6900612341026848,0.45467213283465213,0.36113900323571,0.41694708771586697,0.5694269789376332,0.2531409437849028,0.4087909550259034,0.551014190577755,0.5094898164751668,0.2394782662249047,0.6441168382277203,0.4012152930935615,0.40254944239251333,0.3993743422613643,0.6013450847065152,0.5740723025925126,0.4322360519264056,0.46935632315612735,0.4594736494413984,0.10110442993288679,0.24836884459320302,0.3703225551267288,0.3795599915653335
438,0.4430463576158945,0.4294823515312487,0.38101154921692926,0.46434878587196504,0.4544546765782762,0.4413706739526413,0.41686182669789273,0.40269378779549214,0.4072560040878897,0.461136023916293,0.6368653421633554,0.7182481751824819,0.6627414036740462,0.5339737036379031,0.4409423653378681,0.36826248536989326,0.5748287080737384,0.32210757233050025,0.3085862683906547,0.4395503774209903,0.5588439351326149,0.23349421983159402,0.5776441223571094,0.39958816613344533,0.41150776900864205,0.3956086427382211,0.5895963724987522,0.565241089031711,0.36815057118044225,0.3766330694448048,0.4226156838130495,0.09177078869506308,0.23113493543412478,0.31152782449259364,0.4383769483813533
439,0.4279249448123621,0.4374298613697114,0.3863791335309934,0.4654525386313466,0.45700654610007785,0.42418032786885274,0.4028103044496487,0.36970863111599783,0.33214103219213087,0.4013452914798206,0.652317880794702,0.7014598540145986,0.7112576542628356,0.55541114593324,0.47882216064247984,0.46767233564176536,0.5786446921262289,0.24503036309269888,0.29162434951357896,0.3979473458912051,0.46537133039553596,0.23776152345607576,0.6601167187565651,0.3911019124423713,0.4189236662478173,0.38458689739845636,0.5952122256722697,0.5517914259196877,0.4333228693435998,0.368197072445063,0.4760668563327463,0.09187191721035984,0.2759285557257935,0.383380939385284,0.40159753354769734
440,0.42726269315673315,0.3744822148981246,0.38011019873019186,0.45927152317880804,0.4611117275047154,0.42372495446265956,0.40145445581166106,0.34606926882902656,0.3576903423607563,0.38527653213751867,0.6501103752759382,0.7051094890510949,0.7894488930758361,0.429874267318036,0.45467213283465213,0.37875376680666406,0.5085963450744391,0.2899968476361998,0.3703225551267288,0.3440223439272049,0.4919130715016412,0.24509558038611776,0.5484650073020315,0.3962614866925395,0.4148808371219229,0.3895144183029383,0.5878378268520786,0.5612093518316291,0.3795599915653335,0.36010218740903777,0.439686403500891,0.09350756102298549,0.23832535127880583,0.5103965075840262,0.468441829784958
441,0.4401766004415011,0.32733043952101504,0.3773631284949605,0.4430463576158945,0.46677022079218977,0.43818306010928953,0.4150129421915447,0.3427707531610782,0.4925907000510987,0.4099402092675635,0.6390728476821192,0.7102189781021899,0.8558643429109749,0.4294823515312487,0.5339737036379031,0.2901507326802051,0.450296746775825,0.0,0.31152782449259364,0.16826421299069327,0.5342753935958731,0.2566097636739303,0.774801534016369,0.38101154921692926,0.4132908446691793,0.3945276046566494,0.6027838250002779,0.5587013594084074,0.4383769483813533,0.3558493016020759,0.414388233934458,0.05513336372100905,0.23736607043200564,0.6707285568925776,0.5388380329031025
442,0.4541942604856515,0.3924232330825532,0.37491242084464377,0.4279249448123621,0.46787972927992927,0.4512750455373409,0.42869468753851914,0.3625618471687746,0.627491057741441,0.45366218236173395,0.652317880794702,0.7218978102189781,0.8478568064060292,0.4374298613697114,0.55541114593324,0.32740145362190454,0.446003769107298,0.19199064919966702,0.383380939385284,0.22894100151142582,0.5627294112464493,0.3282758183946398,0.6618694190836786,0.3863791335309934,0.4049982653858074,0.4034422793838776,0.5961664779526656,0.5784781431293581,0.40159753354769734,0.3787687553497325,0.37725589477980775,0.06380383960076869,0.18502102628451214,0.6273095568677837,0.6342651387063603
443,0.45927152317880804,0.4304919544163788,0.38285274485070725,0.42726269315673315,0.4616664817485856,0.45992714025500936,0.4357204486626407,0.3826278174821329,0.6540623403168115,0.49177877428998507,0.6192052980132451,0.7138686131386862,0.8007536504945831,0.3744822148981246,0.429874267318036,0.36113900323571,0.5797172656712029,0.3145016384114925,0.5103965075840262,0.4563372336109283,0.5671557784300947,0.2294877877383096,0.5860280152663746,0.38011019873019186,0.4100400871478609,0.40543189198988744,0.5858250697935233,0.5804062665980032,0.468441829784958,0.38932840728241014,0.39635235196349994,0.10405837600702067,0.20023949910388242,0.40983633345574805,0.5273156960188268
444,0.46203090507726285,0.5108533767805596,0.3950699711289122,0.4401766004415011,0.44535670697880914,0.4663023679417124,0.4433625046222116,0.3971962616822431,0.6070516096065407,0.5560538116591929,0.5849889624724062,0.6868613138686133,0.7626000942063118,0.32733043952101504,0.4294823515312487,0.4409423653378681,0.33948249835039235,0.41774846282199896,0.6707285568925776,0.5685766974844647,0.5677261043811287,0.5606200021087975,0.5747183114261677,0.3773631284949605,0.39513818576869575,0.4144543645772399,0.5592191554907093,0.5705009489240569,0.5388380329031025,0.49363253900201254,0.4061919837210647,0.18899349833535317,0.25376153322652795,0.43874976375397906,0.419615633978538
445,0.46810154525386327,0.5414147366096191,0.4129044414201164,0.4541942604856515,0.4301564406967717,0.46892076502732216,0.45051152471342304,0.40393073117097344,0.57026060296372,0.6278026905829597,0.620309050772627,0.6846715328467154,0.7654262835609986,0.3924232330825532,0.4374298613697114,0.47882216064247984,0.4017354163105935,0.3788549964686485,0.6273095568677837,0.6000077993705084,0.5602468159301836,0.5278869374047925,0.6452651176919093,0.37491242084464377,0.4003832703613679,0.4219233632438676,0.5517414113230034,0.5514932393178988,0.6342651387063603,0.5409744389064857,0.43924817838129876,0.2455377541590013,0.3425296037743822,0.4545475286628022,0.3811070316175222
446,0.4760485651214128,0.4065254856605094,0.39811025558852486,0.45927152317880804,0.42949073560412776,0.4731329690346082,0.45396277579193933,0.42853216052776233,0.5835462442514052,0.6569506726457399,0.6589403973509934,0.7167883211678834,0.7150259067357513,0.4304919544163788,0.3744822148981246,0.45467213283465213,0.29699285594913505,0.3860386675838505,0.40983633345574805,0.5000158076875978,0.44707363902998626,0.4967495105375585,0.4914062020578265,0.38285274485070725,0.3942574060223587,0.41785158549711077,0.5427300180113286,0.5389130177949037,0.5273156960188268,0.5086005500540302,0.4048640986545194,0.23135148985202883,0.3351966285480245,0.6961251024137598,0.4996910120426738
447,0.48377483443708647,0.5098819609220815,0.38743341100069795,0.46203090507726285,0.4424719849106844,0.47893897996357016,0.4575372858375446,0.44474986256184756,0.6065406234031682,0.6393871449925261,0.6799116997792495,0.7467153284671533,0.6924163918982571,0.5108533767805596,0.32733043952101504,0.5339737036379031,0.36690651575625743,0.4404573358184898,0.43874976375397906,0.7092079692382204,0.4716572497900665,0.5312913856206545,0.5519127467432802,0.3950699711289122,0.3915730297885198,0.4162502079258635,0.5254381711895655,0.523219437269749,0.419615633978538,0.47848793136528905,0.3756656294919142,0.2443139775716071,0.34537528623294506,0.656307217368607,0.5858322059574546
448,0.4868653421633553,0.5530073934326598,0.3970820116210459,0.46810154525386327,0.4565627427049823,0.48007741347905286,0.4556884013311975,0.4556074766355147,0.5927439959121104,0.6023916292974589,0.6997792494481236,0.7781021897810219,0.6683937823834196,0.5414147366096191,0.3924232330825532,0.55541114593324,0.483279948066766,0.5155930585523034,0.4545475286628022,0.6786754255250822,0.4938219235489553,0.45563617463454553,0.5269500648307837,0.4129044414201164,0.3891782525133609,0.4078982497456423,0.5223558490979009,0.5271397128239595,0.3811070316175222,0.5244339873501991,0.43417684566058284,0.272833524447069,0.3601786031261716,0.4416348778472598,0.3757000146209598
449,0.4780353200883001,0.610246472810605,0.40749551833854464,0.4760485651214128,0.4616664817485856,0.47370218579234935,0.44484161222729,0.44516217702034133,0.515074092999489,0.5553064275037369,0.673289183222958,0.7839416058394162,0.6665096561469618,0.4065254856605094,0.4304919544163788,0.429874267318036,0.44946870086344326,0.5369786245531518,0.6961251024137598,0.7053204009329485,0.6806151413474124,0.5496787653766115,0.5688397151696825,0.39811025558852486,0.396937361391428,0.4129761734012215,0.5138909161177077,0.5307570099935722,0.4996910120426738,0.5338256805593081,0.45112840055330367,0.31466388892741376,0.37759101142113133,0.4110333456825622,0.26924981283522376
450,0.4601545253863133,0.6819355062144883,0.41512992223664574,0.48377483443708647,0.4644402529679357,0.4569672131147544,0.42339455195365483,0.42757009345794383,0.39652529381706697,0.4854260089686099,0.6567328918322296,0.7927007299270075,0.6504945831370701,0.5098819609220815,0.5108533767805596,0.4294823515312487,0.5070769144741956,0.4953836721846674,0.656307217368607,0.6932666046479365,0.7542803683779693,0.5642223351016061,0.6867875748743253,0.38743341100069795,0.4088757645105182,0.39796756716767817,0.5067546791280827,0.538159295652894,0.5858322059574546,0.516422816781081,0.5249636033071235,0.34733158073719644,0.3792458341502904,0.21284276165289656,0.18938172320285956
451,0.4465783664459164,0.5543305289472205,0.38011019873019186,0.4868653421633553,0.4705425496505051,0.4413706739526413,0.4031800813509183,0.3955470038482689,0.3193663771078181,0.4189088191330344,0.6721854304635762,0.8226277372262774,0.7023080546396608,0.5530073934326598,0.5414147366096191,0.4374298613697114,0.42577155039819914,0.47414064555765023,0.4416348778472598,0.4734304308746029,0.6157485531158499,0.5164011384255421,0.5680885655411158,0.3970820116210459,0.4263032141544415,0.40325020911450415,0.5163973024729006,0.5426582316768672,0.3757000146209598,0.31571367763530467,0.39465593952465183,0.24714141921126231,0.2817147575526202,0.34957167272570305,0.49890377028160326
452,0.44757174392935983,0.5872319962324379,0.3678953204939814,0.4780353200883001,0.47853101076223226,0.44068761384335176,0.40379637618636854,0.37809235843870326,0.3648441492079715,0.3953662182361734,0.6887417218543047,0.8255474452554745,0.7663683466792275,0.610246472810605,0.4065254856605094,0.3744822148981246,0.4175969345287065,0.331391295311553,0.4110333456825622,0.7066435795665944,0.7137043487158132,0.5588271397640161,0.7406424818561796,0.40749551833854464,0.4118466631948057,0.3970804806104061,0.5446936912633735,0.5497160640338162,0.26924981283522376,0.3255083707308605,0.37547164525343873,0.15857623487813932,0.23485857005016014,0.5266087105282551,0.6656083817460101
453,0.4615894039735102,0.5012986750239765,0.3585519653329101,0.4601545253863133,0.4862975701764123,0.4540072859744986,0.4216689264143967,0.3779549202858714,0.5125191619826265,0.4166666666666667,0.6997792494481236,0.8124087591240876,0.8266603862458785,0.6819355062144883,0.5098819609220815,0.32733043952101504,0.37922674923943767,0.2745531984511054,0.21284276165289656,0.44354875576118935,0.6740704175545382,0.5097008961402187,0.7014377023180062,0.41512992223664574,0.4014134869707763,0.39437688293845397,0.5836223694291371,0.5547870630435964,0.18938172320285956,0.3305721792136602,0.35418905612544904,0.05366114022765653,0.19978386781669324,0.6304364264817178,0.692349398435716
454,0.47571743929359833,0.48243515493739686,0.38932811553513785,0.4465783664459164,0.4894041939420841,0.46846539162112943,0.43818562800443717,0.39417262231995576,0.6407766990291263,0.4540358744394619,0.7008830022075055,0.8080291970802922,0.831370701837023,0.5543305289472205,0.5530073934326598,0.3924232330825532,0.37875376680666406,0.46096019359585405,0.34957167272570305,0.35739000412444927,0.5882688156752776,0.49070597463864934,0.5023713623538171,0.38011019873019186,0.41084188594758086,0.39196495789443575,0.6019116349269565,0.5694761959582014,0.49890377028160326,0.41080218527661705,0.4613938799983027,0.08415546184276451,0.24189237599197339,0.4753245298462383,0.5873481309643458
455,0.4863134657836645,0.6561354138940505,0.4125500524340266,0.44757174392935983,0.48052812604016415,0.47370218579234935,0.4482928633058054,0.40984057174271626,0.6852324987225346,0.5198056801195815,0.7560706401766004,0.8182481751824817,0.8228921337729627,0.5872319962324379,0.610246472810605,0.4304919544163788,0.5808715732219021,0.4143677866418418,0.5266087105282551,0.5192599733083436,0.7268814189174952,0.46135451719872883,0.7362596020022993,0.3678953204939814,0.42101773423309863,0.39977962576204873,0.6058488763468312,0.5889585871575935,0.6656083817460101,0.4594410691721363,0.5106992529570945,0.1283748393082298,0.25402101595121657,0.38169620284046046,0.415291576133553
456,0.4940397350993382,0.6527769997768207,0.40889110190119826,0.4615894039735102,0.46255408853877755,0.47654826958105634,0.4556884013311975,0.4282572842221004,0.6561062851303014,0.6065022421524664,0.8057395143487859,0.8255474452554745,0.7927461139896372,0.5012986750239765,0.6819355062144883,0.5108533767805596,0.6385273590446658,0.403458892593358,0.6304364264817178,0.41495115502643165,0.6413214917715544,0.39833515582071183,0.7430470378712312,0.3585519653329101,0.42847790475249703,0.4118035136480768,0.6181145246345338,0.6069080013182321,0.692349398435716,0.41655555180756315,0.4594755487370226,0.09369587705480903,0.20294807805566398,0.3886010920583559,0.4832678688337798
457,0.5002207505518768,0.5105519058002752,0.41734687073156146,0.47571743929359833,0.4489071341395765,0.482809653916211,0.4602489831135217,0.4326553051126991,0.6193152784874809,0.6733931240657698,0.8068432671081678,0.8394160583941608,0.8040508714083844,0.48243515493739686,0.5543305289472205,0.5414147366096191,0.6089213281919932,0.38089332629980355,0.4753245298462383,0.3946305825424819,0.4647373389501883,0.282014996840722,0.6096840235184573,0.38932811553513785,0.3942574060223587,0.4293557522990618,0.6132844380279925,0.6331977734229387,0.5873481309643458,0.5816498993680776,0.4292156294052722,0.12326769171794313,0.16246749120230314,0.6437845817161792,0.4471449814558997
458,0.5044150110375281,0.6097889028753443,0.40399431654252566,0.4863134657836645,0.4499056917785422,0.4910063752276863,0.4639467521262177,0.4518966465090717,0.5896780786918754,0.6842301943198804,0.7693156732891833,0.8452554744525549,0.7560056523787093,0.6561354138940505,0.5872319962324379,0.4065254856605094,0.6124278048479948,0.3893492210742373,0.38169620284046046,0.4868306633052174,0.7040094823967313,0.38089159060295963,0.7097179611953434,0.4125500524340266,0.3823212973579371,0.41479568541043754,0.6245685846374567,0.6260988385301635,0.415291576133553,0.5773296752815542,0.43386698304862864,0.0687063891531334,0.1458960928757659,0.4709585417370591,0.5583028584800929
459,0.5093818984547465,0.6119219953409853,0.41478525612867373,0.4940397350993382,0.4639964495728397,0.4989754098360657,0.4697399235794406,0.4660527762506872,0.5769034236075626,0.6535874439461884,0.7417218543046358,0.8437956204379562,0.7286858219500706,0.6527769997768207,0.5012986750239765,0.5098819609220815,0.5502659920291961,0.4063578299712365,0.3886010920583559,0.6092346069981365,0.6005612959038139,0.4472994739296366,0.6957540044824495,0.40889110190119826,0.3731911774880373,0.4042878025753953,0.6464384070556082,0.6238991853863833,0.4832678688337798,0.6537878837161095,0.5031317336165244,0.046157761546320064,0.1778515794047901,0.43253393518356953,0.5135760387765651
460,0.511147902869757,0.6726461115652658,0.41556229267376205,0.5002207505518768,0.4781981582159105,0.502163023679417,0.47380746949340535,0.47058823529411775,0.5564639754726622,0.6117339312406577,0.728476821192053,0.8313868613138686,0.7206782854451248,0.5105519058002752,0.48243515493739686,0.5530073934326598,0.6509728524381213,0.454169866568904,0.6437845817161792,0.7198538561218448,0.6185467836889377,0.40600274288776445,0.7161338331985648,0.41734687073156146,0.40326495030694,0.41378371346992365,0.6687217853157902,0.5979493628702948,0.4471449814558997,0.5398688955595341,0.4745080681352544,0.0,0.24047647785649695,0.3833320759749715,0.5575259157990158
461,0.5034216335540838,0.6344333529256101,0.4258388457080586,0.5044150110375281,0.48884943969821393,0.49305555555555536,0.46961666461235074,0.4704507971412868,0.5012774655084313,0.5497010463378177,0.739514348785872,0.805109489051095,0.688177107866227,0.6097889028753443,0.6561354138940505,0.610246472810605,0.5578450349945872,0.34714140455004383,0.4709585417370591,0.4253149054425917,0.5209969956103906,0.4627225218779024,0.7769914966282812,0.40399431654252566,0.42595691308081296,0.4240324257733847,0.6584774980578437,0.5875174690168559,0.5583028584800929,0.4907099421315271,0.4740661938072156,0.045346167319759184,0.29040841483117674,0.4131182021882947,0.5579780174071877
462,0.4870860927152316,0.6060070876414017,0.42712209365033615,0.5093818984547465,0.49661599911239396,0.4746129326047357,0.4528534450881305,0.4496976360637719,0.4026571282575371,0.46823617339312407,0.7549668874172186,0.7963503649635038,0.6895902025435704,0.6119219953409853,0.6527769997768207,0.6819355062144883,0.5221867678580718,0.45684620656990305,0.43253393518356953,0.39047297519095225,0.418681247969756,0.47019219514519783,0.6409589051298372,0.41478525612867373,0.42238146760251793,0.43154601473843335,0.6290759699883716,0.5777033076334751,0.5135760387765651,0.509477504933138,0.4535745012537187,0.11148603210515672,0.31655115966001307,0.30361630662450667,0.5728493288469172
463,0.47406181015452553,0.6276006218668773,0.43724166519534835,0.511147902869757,0.5028292466437376,0.4606102003642989,0.4341180820904724,0.4211105002748772,0.3341849770056209,0.4032137518684604,0.760485651214128,0.8211678832116789,0.7319830428638718,0.6726461115652658,0.5105519058002752,0.5543305289472205,0.5691543097986465,0.2700397766621503,0.3833320759749715,0.6181652963123213,0.5711590156065391,0.44398429987853666,0.8433824702855115,0.41556229267376205,0.4306442577547148,0.3970804806104061,0.5757354656090653,0.5883604574353908,0.5575259157990158,0.5157956489927,0.5992142182926445,0.2491550606751433,0.31676768558658036,0.08456196500936414,0.45225096038920937
464,0.47593818984547465,0.6130769772762594,0.44761432259634676,0.5034216335540838,0.507045378897149,0.46163479052823275,0.4330087513866636,0.3927982407916444,0.3786407766990292,0.3953662182361734,0.7693156732891833,0.8401459854014599,0.8370230805463965,0.6344333529256101,0.6097889028753443,0.5872319962324379,0.6062904766852242,0.2999750034551809,0.4131182021882947,0.4600488181229563,0.5226915401846829,0.39062674817084464,0.798889683704786,0.4258388457080586,0.4175964373290112,0.38505890360845674,0.570012464035069,0.5904671556135331,0.5579780174071877,0.6058900474148392,0.6720917919246441,0.2849961830025574,0.3376117570238868,0.27888016793608633,0.2648139275174397
465,0.488852097130243,0.49756309025773326,0.45205880231066015,0.4870860927152316,0.5120381670919789,0.4760928961748636,0.4480463453716257,0.3940351841671248,0.5140521205927441,0.422272047832586,0.7582781456953642,0.8364963503649636,0.8878944889307583,0.6060070876414017,0.6119219953409853,0.5012986750239765,0.4105913643228494,0.29115471528009884,0.30361630662450667,0.29653069978885266,0.49246081874500536,0.4734471686318447,0.6814689039768427,0.42712209365033615,0.42814110466017175,0.37586340764416576,0.549321553145338,0.5926328025567323,0.5728493288469172,0.5817899258166248,0.7165775635243323,0.33957601854205055,0.34358906237227177,0.22435119005678714,0.2452344741135736
466,0.5017660044150114,0.34494117785902567,0.43654247781723043,0.47406181015452553,0.5138133806723624,0.490664845173042,0.4613583138173305,0.4120395821880152,0.6341338783852837,0.46001494768310913,0.7461368653421634,0.8430656934306571,0.8813000471031559,0.6276006218668773,0.6726461115652658,0.48243515493739686,0.49586947876605336,0.4259581328775983,0.08456196500936414,0.0,0.35576253095122634,0.22772883129176733,0.3860732884656686,0.43724166519534835,0.42890040757413006,0.4061525232886309,0.5689120907839125,0.5609049893103546,0.45225096038920937,0.5199173243660815,0.5672171690383264,0.26224249215764794,0.37924639288446643,0.6450262264108729,0.36021343427551866
467,0.511147902869757,0.48496015616498767,0.4070711775436291,0.47593818984547465,0.5060468212581828,0.5015938069216754,0.4694934056452609,0.42784496976360664,0.6688809402146143,0.5179372197309418,0.7339955849889626,0.8569343065693431,0.867169100329722,0.6130769772762594,0.6344333529256101,0.6561354138940505,0.44678023162440716,0.4358569980226328,0.27888016793608633,0.24772517221054996,0.32134096445312366,0.4230518808566036,0.5291626770549623,0.44761432259634676,0.43894242775157477,0.42900697154148604,0.5546708088170454,0.5404874556992829,0.2648139275174397,0.36897835723582717,0.39720502899678106,0.22600339858440063,0.3537780730728069,0.4509034506268053,0.6733678517422854
468,0.5172185430463574,0.3260789924919205,0.4073536040032415,0.488852097130243,0.48962609563963166,0.5095628415300548,0.479723899913719,0.45052226498075854,0.6371997956055186,0.593796711509716,0.717439293598234,0.8364963503649636,0.8153556288271313,0.49756309025773326,0.6060070876414017,0.6527769997768207,0.4623824840969917,0.5102876412272224,0.22435119005678714,0.06640526407908914,0.16239995738977875,0.24283426811452183,0.28476258318958036,0.45205880231066015,0.44019638923905113,0.4254059241363368,0.5646162458928162,0.5201712099782062,0.2452344741135736,0.3651778259290152,0.4099216881574599,0.20525637120075854,0.40199765413155536,0.6880973352067135,0.6969098061647804
469,0.5221854304635758,0.5080228723149034,0.41627864390814906,0.5017660044150114,0.47653389548430125,0.5159380692167579,0.4858868482682115,0.46055525013743903,0.600408788962698,0.6547085201793722,0.7052980132450332,0.8328467153284673,0.8021667451719265,0.34494117785902567,0.6276006218668773,0.5105519058002752,0.35284513369358095,0.29752202816016293,0.6450262264108729,0.28927700206413837,0.49369388899487443,0.5438946934025957,0.6867685687954954,0.43654247781723043,0.4500850105795884,0.4337278798807299,0.5725862586317876,0.5281975445485619,0.36021343427551866,0.3606416973847857,0.4114357682163812,0.20836608430097642,0.40539954002899165,0.3776831671919969,0.6696682728564199
470,0.5282560706401767,0.49365465229468697,0.4533753593782447,0.511147902869757,0.4784200599134585,0.5202641165755919,0.48761247380746964,0.46866410115448076,0.5850792028615228,0.6689088191330343,0.7240618101545254,0.8627737226277374,0.8002826189354686,0.48496015616498767,0.6130769772762594,0.6097889028753443,0.4687569708358872,0.4584477423023685,0.4509034506268053,0.2894930274428291,0.37759172603580504,0.40933313214721173,0.5170025143365962,0.4070711775436291,0.4602209418171268,0.4205866307211317,0.5955239713441285,0.5357790723944584,0.6733678517422854,0.46212395080944957,0.5742078573595354,0.24320409999461534,0.4798358981948995,0.3966600216138445,0.4358695113410139
471,0.5323399558498898,0.5234154403580238,0.4586621578192945,0.5172185430463574,0.491401309220016,0.5253870673952639,0.4904474300505366,0.47471137987905454,0.5758814512008177,0.6390134529147982,0.7152317880794703,0.872992700729927,0.7969853980216673,0.3260789924919205,0.49756309025773326,0.6119219953409853,0.4151543276417371,0.4408270525647868,0.6880973352067135,0.49141101645657415,0.4058266548399707,0.4954362066002689,0.5663051860501078,0.4073536040032415,0.4645639890257023,0.4312068029938033,0.6016030642809667,0.53414298068634,0.6969098061647804,0.4653225818807484,0.5564490164649127,0.242125735977814,0.49679791744390983,0.5081077885493686,0.42049961241543826
472,0.5302428256070639,0.4584847660387794,0.4617963970296986,0.5221854304635758,0.5043825585265731,0.5272085610200357,0.49217305558979385,0.473886750962067,0.5431783341849771,0.5881913303437967,0.6766004415011038,0.8489051094890512,0.7908619877531794,0.5080228723149034,0.34494117785902567,0.6726461115652658,0.5936647680633378,0.49014000087331766,0.3776831671919969,0.6132935017359458,0.27741007907623405,0.24399467988667292,0.4483303289874171,0.41627864390814906,0.4494017801485828,0.43197154288555406,0.6085549055374329,0.5236850200965053,0.6696682728564199,0.5361464525448356,0.5640544150159661,0.2342867378804497,0.5290453425799063,0.5156318174537894,0.45938672930249747
473,0.5200883002207504,0.45920897077603584,0.44919392650933604,0.5282560706401767,0.5138133806723624,0.5192395264116572,0.4828053740909657,0.46179219351291945,0.46806336228921824,0.5220478325859492,0.652317880794702,0.8372262773722627,0.7889778615167216,0.49365465229468697,0.48496015616498767,0.6344333529256101,0.3892189088162503,0.5020794818507923,0.3966600216138445,0.41968700739501,0.31720284372828433,0.45590742182045757,0.4376856388897227,0.4533753593782447,0.42060307780010653,0.4420854688066641,0.6236931846478722,0.5269941606646132,0.4358695113410139,0.6002043456825275,0.4902363699439652,0.17313887613898593,0.4899940141821722,0.5489718911465604,0.5603458723543226
474,0.5012141280353202,0.5776049456554908,0.4512135071926631,0.5323399558498898,0.5199156773549318,0.5023907103825134,0.4659188955996547,0.43691588785046775,0.3617782319877364,0.437593423019432,0.6269315673289184,0.8124087591240876,0.7936881771078662,0.5234154403580238,0.3260789924919205,0.6060070876414017,0.37092482923142356,0.44944606072461823,0.5081077885493686,0.8050758728972871,0.46725211161709834,0.597089637559371,0.6170977797233431,0.4586621578192945,0.42087905868558506,0.4433484092676628,0.6206432059515978,0.5435500513131786,0.42049961241543826,0.6068010356280784,0.4926121113446823,0.18427997011830197,0.45628903234786916,0.3187410160375949,0.560026009688665
475,0.4863134657836645,0.5186581840326667,0.4626140778510005,0.5302428256070639,0.5249084655497618,0.48895719489981815,0.4537162578577596,0.4204233095107206,0.30250383239652534,0.3703288490284006,0.608167770419426,0.786131386861314,0.7866227037211493,0.4584847660387794,0.5080228723149034,0.6276006218668773,0.4365287852275497,0.519941064968549,0.5156318174537894,0.47026077958828577,0.38494160869795857,0.46844570399571833,0.4853582503868787,0.4617963970296986,0.4296004101455998,0.45330783794166,0.6303211662876256,0.5771019107866298,0.45938672930249747,0.6162016453195613,0.49674519202702505,0.1893332595335775,0.40613959987849313,0.2912646575767121,0.5217050310507927
476,0.49017660044150135,0.5458979820516756,0.47147274423079766,0.5200883002207504,0.5310107622323312,0.4908925318761379,0.45273018612104066,0.42935678944474986,0.367399080224834,0.3628550074738416,0.6280353200883002,0.8175182481751826,0.7724917569477154,0.45920897077603584,0.49365465229468697,0.6130769772762594,0.40318382578510814,0.5464620529261897,0.5489718911465604,0.5280919695365258,0.42762297618769085,0.5310215097625334,0.4896418363001303,0.44919392650933604,0.4658504994532082,0.46351634737168335,0.6153471581309911,0.595695538692118,0.5603458723543226,0.5089701445276396,0.49186037440468927,0.24163382430969896,0.38466062565028447,0.47793586928249854,0.4267602706797359
477,0.5044150110375281,0.4811897352204575,0.4734243309093282,0.5012141280353202,0.5351159436369692,0.5042122040072861,0.4633304572907684,0.4477735019241349,0.5206949412365867,0.39723467862481315,0.6412803532008831,0.8489051094890512,0.7701365991521432,0.5776049456554908,0.5234154403580238,0.49756309025773326,0.3778305624205789,0.555713771889252,0.3187410160375949,0.3967889909600531,0.47954528105260974,0.4903731700718985,0.4102738518768787,0.4512135071926631,0.4710166418787788,0.46789049290846246,0.6090168194657752,0.6126687781659957,0.560026009688665,0.4963049720289948,0.4838171775420491,0.25967511242184976,0.3498105674222953,0.5682410427437629,0.3831870723956559
478,0.5175496688741723,0.40039083396152897,0.47667891553970054,0.4863134657836645,0.5330078775102631,0.5175318761384338,0.477751756440282,0.4615173172072575,0.6504854368932039,0.4488041853512706,0.6434878587196469,0.8503649635036499,0.7790861987753179,0.5186581840326667,0.4584847660387794,0.34494117785902567,0.28611299552426317,0.5400056179680544,0.2912646575767121,0.3747336638972392,0.552946900773716,0.5016506650852718,0.3372757360199709,0.4626140778510005,0.47407935106606913,0.4526197152488019,0.5858671127184915,0.5965604203587956,0.5217050310507927,0.4967619731467198,0.5443805933029061,0.31684296157583713,0.39557276984145917,0.6299310099347033,0.2743995395222216
479,0.5271523178807951,0.5760915493922418,0.4653549373498015,0.49017660044150135,0.5228003994230557,0.5272085610200357,0.4881055096758291,0.4689389774601427,0.6770567194685744,0.515695067264574,0.6456953642384107,0.8525547445255475,0.7946302402260952,0.5458979820516756,0.45920897077603584,0.48496015616498767,0.3208072228836105,0.7416108049081664,0.47793586928249854,0.6179343810487716,0.5894128920745024,0.6472911690524432,0.3356580990279169,0.47147274423079766,0.46176449580003043,0.42361480019886,0.5721201229657513,0.6114512648462271,0.4267602706797359,0.5016169350071572,0.6029320361260881,0.32071395225151195,0.33260936064587254,0.7162391528992551,0.29338936281770134
480,0.5334437086092718,0.5832036372370144,0.45804406056751973,0.5044150110375281,0.5038278042827034,0.5334699453551908,0.4924195735239745,0.4782847718526666,0.6402657128257537,0.600896860986547,0.6479028697571745,0.8686131386861315,0.7894488930758361,0.4811897352204575,0.5776049456554908,0.3260789924919205,0.4480497676148012,0.6082298076487387,0.5682410427437629,0.4632603563640569,0.7590545338106025,0.5232127630014427,0.47113953720374113,0.4734243309093282,0.46373798534504274,0.42389275724157155,0.5443154793906315,0.6105810503890039,0.3831870723956559,0.4661853457386134,0.578432616401448,0.36392114417657573,0.3164804304866717,0.5966322122210339,0.3465539605049885
481,0.5377483443708613,0.5514671974073284,0.4381734079439573,0.5175496688741723,0.48884943969821393,0.5385928961748627,0.49796622704301763,0.48763056624518963,0.599386816555953,0.6659192825112108,0.6412803532008831,0.8642335766423359,0.7757889778615167,0.40039083396152897,0.5186581840326667,0.5080228723149034,0.2565444843385052,0.6486439923954173,0.6299310099347033,0.501080117129595,0.5406777028183031,0.6882322255529767,0.3978560163306232,0.47667891553970054,0.47487837066717653,0.43267655781555114,0.5501570036336043,0.6180610444322979,0.2743995395222216,0.34743563348354634,0.4855247296698394,0.3062758645857036,0.24961564347364174,0.6681643937893758,0.4384601500124787
482,0.5413907284768213,0.7958093812654976,0.430886143865676,0.5271523178807951,0.49273271940530394,0.5448542805100178,0.5083199802785656,0.49230346344145204,0.5717935615738375,0.6651718983557549,0.6169977924944813,0.8270072992700732,0.7753179463024022,0.5760915493922418,0.5458979820516756,0.49365465229468697,0.3718433199503117,0.6260342167553326,0.7162391528992551,0.8028317963815177,0.8050743409154979,0.8215164348774426,0.6857509896116203,0.4653549373498015,0.48353486338747753,0.4691862153757163,0.5350604534345856,0.6039084928272738,0.29338936281770134,0.28612288665867436,0.34232200098041216,0.32220769500453733,0.26461157575737343,0.21269282376604634,0.6025073810332578
483,0.5448123620309051,0.7077972344752972,0.43487659824290187,0.5334437086092718,0.507045378897149,0.5490664845173043,0.5120177492912616,0.4978009895547002,0.5585079202861523,0.6285500747384156,0.6103752759381899,0.8277372262773723,0.771078662270372,0.5832036372370144,0.4811897352204575,0.5234154403580238,0.4126179321247374,0.7001583999065275,0.5966322122210339,0.7704415906333817,0.6847128573133436,0.68849724734606,0.51886544685913,0.45804406056751973,0.48544191069589215,0.47438934989116793,0.5347397409314266,0.6063510724968986,0.3465539605049885,0.2938653069139886,0.33813941056943764,0.3319510275312936,0.2688131088608483,0.4172752930353821,0.5807594578925226
484,0.5437086092715235,0.7329508378560998,0.43454267360027904,0.5377483443708613,0.5202485299012545,0.5469034608378873,0.5100456058178229,0.5038482682792749,0.5334695963208994,0.5803437967115097,0.620309050772627,0.832116788321168,0.7456429580781913,0.5514671974073284,0.40039083396152897,0.4584847660387794,0.4376790815949825,0.7742681077139206,0.6681643937893758,0.9177055005734216,0.7767771106724899,0.6885927396479481,0.4753026645336076,0.4381734079439573,0.4886222187640087,0.4774739895643417,0.5222410248107059,0.6037963566782505,0.4384601500124787,0.28023825946044434,0.32694955034624246,0.3580720773406634,0.2739587055215058,0.30786941954923475,0.6951202554495435
485,0.5316777041942604,0.615053303427187,0.4621273386668581,0.5413907284768213,0.5299012537445917,0.5364298724954457,0.5036361395291507,0.49766355140186924,0.4609095554420031,0.5071001494768311,0.6015452538631347,0.7905109489051096,0.7154969382948657,0.7958093812654976,0.5760915493922418,0.45920897077603584,0.41694708771586697,0.6443615446593807,0.21269282376604634,0.5096318417873673,0.6555481667622141,0.5882339654704596,0.47124247467780633,0.430886143865676,0.477556677906836,0.4650709539510833,0.5251159932898515,0.5998975247034145,0.6025073810332578,0.42799040043972575,0.4566113682548725,0.4144741469820239,0.35161337254131003,0.39926798689559656,0.567776145171351
486,0.5137969094922736,0.6897470221881647,0.46149478276775985,0.5448123620309051,0.5362254521247092,0.5169626593806917,0.48711943793911017,0.4763606377130296,0.36228921819110893,0.4252615844544096,0.6114790286975718,0.7700729927007299,0.7121997173810645,0.7077972344752972,0.5832036372370144,0.5776049456554908,0.36826248536989326,0.6797996161612012,0.4172752930353821,0.6035638846653146,0.6108853722948545,0.715666973060476,0.5186939022628128,0.43487659824290187,0.4704126509244938,0.4670585746401126,0.52107924446582,0.5825394671291604,0.5807594578925226,0.4533507349580136,0.44805437991527575,0.4217200748830619,0.3906406918028333,0.3690370994206197,0.6029944248372987
487,0.5014348785871965,0.6278893708631141,0.4854708181564222,0.5437086092715235,0.5405525352268947,0.5015938069216754,0.4685073339085428,0.4594557449147887,0.310168625447113,0.3688340807174888,0.6368653421633554,0.7985401459854016,0.7173810645313236,0.7329508378560998,0.5514671974073284,0.5186581840326667,0.46767233564176536,0.6198841938925224,0.30786941954923475,0.5616982639136308,0.6079105037174711,0.5490996006838587,0.5086697074402631,0.43454267360027904,0.45099548897156405,0.47827873053401904,0.5092641707283563,0.5698598898866578,0.6951202554495435,0.6198546653560024,0.4886284988258469,0.5015259451096028,0.4798668915083107,0.4803340805142339,0.5101658298119659
488,0.5037527593818987,0.5826817548975942,0.48598562801725304,0.5316777041942604,0.5442139132364363,0.5055783242258651,0.46801429804018246,0.4572567344694889,0.37659683188553916,0.36434977578475336,0.6214128035320089,0.8167883211678832,0.7348092322185587,0.615053303427187,0.7958093812654976,0.5458979820516756,0.37875376680666406,0.5533225186289332,0.39926798689559656,0.1592515658447014,0.5338707573091674,0.5942470636969714,0.5231526686513361,0.4621273386668581,0.4438745358009586,0.486997207948195,0.5145463670624798,0.5698981398362369,0.567776145171351,0.6494823529878643,0.46170745583990425,0.4913345197698533,0.48105650230249763,0.5114932667907667,0.42399806364850107
489,0.5192052980132451,0.6333326378742381,0.49283950968538953,0.5137969094922736,0.5476533895484303,0.5202641165755919,0.4836681868605939,0.4678394722374932,0.5309146653040369,0.40508221225710017,0.6335540838852097,0.8262773722627739,0.7644842204427695,0.6897470221881647,0.7077972344752972,0.4811897352204575,0.2901507326802051,0.4828885010626447,0.3690370994206197,0.35197999635261285,0.6517653824876514,0.7380774004686661,0.6457943485780535,0.46149478276775985,0.4477739194989301,0.4889179106419299,0.519920394914044,0.5825842513280247,0.6029944248372987,0.6603559655675089,0.4775244696925471,0.49532784308489586,0.46841367900108954,0.4337174596252161,0.43803085573250994
490,0.5331125827814569,0.6599902523329302,0.49708273905107,0.5014348785871965,0.5465438810606909,0.533811475409836,0.49784296807592776,0.4830951072017591,0.652529381706694,0.45590433482810166,0.6412803532008831,0.8343065693430658,0.7715496938294865,0.6278893708631141,0.7329508378560998,0.40039083396152897,0.32740145362190454,0.5040164203312454,0.4803340805142339,0.354070428784356,0.7615837008523545,0.7271361637364802,0.6546082243597262,0.4854708181564222,0.44744761572880654,0.4921209912610553,0.5294767343140935,0.6186096403292742,0.5101658298119659,0.6777373042037799,0.4807142833424527,0.48440393756112066,0.3946960666192037,0.43805818573990973,0.4257004922369051
491,0.5412803532008832,0.639563754667039,0.47928065189678065,0.5037527593818987,0.5344502385443253,0.5437158469945356,0.5072106495747568,0.4928532160527759,0.6796116504854369,0.5242899850523169,0.6269315673289184,0.8328467153284673,0.77296278850683,0.5826817548975942,0.615053303427187,0.5760915493922418,0.36113900323571,0.4695906477481362,0.5114932667907667,0.48954590459721725,0.5611457787404531,0.671192077399656,0.6653186128765091,0.48598562801725304,0.47440273990927573,0.4809762157548445,0.5316095561970472,0.6478059659593014,0.42399806364850107,0.5053851158089057,0.4598129831461287,0.439427484328224,0.2821781946849156,0.34877142397102,0.536790351772078
492,0.5475717439293599,0.6283589954226851,0.48911751918566265,0.5192052980132451,0.5164762010429382,0.5502049180327866,0.5141131517317894,0.5004123144584938,0.6371997956055186,0.6061285500747384,0.6269315673289184,0.8335766423357664,0.7739048516250588,0.6333326378742381,0.6897470221881647,0.5832036372370144,0.4409423653378681,0.70851291132327,0.4337174596252161,0.3701551854067958,0.5424263429608919,0.577193078918797,0.42430641571202465,0.49283950968538953,0.4737846202848348,0.4737810340681845,0.5412814525825692,0.6620661570256687,0.43803085573250994,0.5451418269500655,0.5151393366377549,0.4409460477615136,0.2732651356421211,0.4777665520893891,0.3838467113559616
493,0.552317880794702,0.6584688196534767,0.490739652422664,0.5331125827814569,0.5040497059802509,0.554644808743169,0.5169481079748555,0.5081088510170426,0.5947879407256005,0.664050822122571,0.6313465783664459,0.8481751824817518,0.7677814413565708,0.6599902523329302,0.6278893708631141,0.5514671974073284,0.47882216064247984,0.6477056368259664,0.43805818573990973,0.4979812342927581,0.6056319352035171,0.5691677566908679,0.5153469034592925,0.49708273905107,0.49721347141269323,0.45422483580130346,0.5492880583669402,0.6697211354543905,0.4257004922369051,0.4602548551690745,0.5844847539186802,0.42740806240702955,0.2593911087171287,0.3921777841657059,0.3082219049109903
494,0.5578366445916116,0.5670319372378358,0.49655221384438347,0.5412803532008832,0.506379673804505,0.5584016393442619,0.5215086897571797,0.51676745464541,0.5825242718446603,0.6748878923766817,0.6501103752759382,0.8576642335766425,0.7616580310880828,0.639563754667039,0.5826817548975942,0.7958093812654976,0.45467213283465213,0.7164611379661654,0.34877142397102,0.43372694833459907,0.2624727311850211,0.49966959707080905,0.3498709641867991,0.47928065189678065,0.4977165322145747,0.4470528931460833,0.5449232002761868,0.6821214964962548,0.536790351772078,0.4803725994537537,0.6267506970820409,0.4499824260879983,0.24482941148831616,0.6878513664093574,0.2670686792749186
495,0.563465783664459,0.6584179036179396,0.4738774699432403,0.5475717439293599,0.5219127926328642,0.561930783242258,0.5277948970787629,0.5208905992303468,0.5794583546244252,0.6416292974588939,0.6721854304635762,0.8576642335766425,0.7715496938294865,0.6283589954226851,0.6333326378742381,0.7077972344752972,0.5339737036379031,0.6768991681041499,0.4777665520893891,0.49034484211752244,0.4458138620098368,0.5121511323960533,0.4873343314624785,0.48911751918566265,0.5044139936859012,0.4509801983259563,0.5432065579929047,0.689016070986117,0.3838467113559616,0.3682402483132339,0.5407167453417513,0.40222910297632336,0.17236694613279308,0.5060633689005434,0.43076371909797606
496,0.5624724061810156,0.6204583834116555,0.459423849413884,0.552317880794702,0.535892599578387,0.5607923497267757,0.5290274867496616,0.5174546454095657,0.5528870720490547,0.5911808669656203,0.673289183222958,0.8437956204379562,0.7790861987753179,0.6584688196534767,0.6599902523329302,0.7329508378560998,0.55541114593324,0.6634328540795593,0.3921777841657059,0.400533167233169,0.3813135657477573,0.4508021571029686,0.45886843807760974,0.490739652422664,0.5085603835080023,0.45065155806229495,0.5342534386175634,0.6983645792819964,0.3082219049109903,0.2972406099205486,0.49516024049879925,0.38869020222794803,0.11459079216069396,0.47262473809781796,0.57468866363463
497,0.5522075055187639,0.7641727644028347,0.45648836699765677,0.5578366445916116,0.5441029623876625,0.5483834244080148,0.522124984592629,0.5064595931830675,0.4798160449667859,0.5287742899850524,0.6909492273730684,0.8167883211678832,0.77296278850683,0.5670319372378358,0.639563754667039,0.615053303427187,0.429874267318036,0.6479061175400638,0.6878513664093574,0.628673385854953,0.6486754881378398,0.7289020493790033,0.6303331981475268,0.49655221384438347,0.4911645779487466,0.4777996940287932,0.5396968634631205,0.7017383948658787,0.2670686792749186,0.3536952301616619,0.3966884846081894,0.37032394928440515,0.09940636925934487,0.2371240077832735,0.6149730327458159
498,0.5339955849889622,0.710981467701087,0.468610686079867,0.563465783664459,0.55042716076778,0.5299408014571947,0.5040059164304211,0.4870808136338649,0.36944302503832405,0.4458146487294469,0.6876379690949228,0.8036496350364966,0.7616580310880828,0.6584179036179396,0.6283589954226851,0.6897470221881647,0.4294823515312487,0.6540523197433838,0.5060633689005434,0.5703160898963178,0.5179796690116527,0.6743674775959141,0.5664884266949357,0.4738774699432403,0.5007769469471964,0.47717714836751063,0.5236079606732783,0.6899088742728584,0.43076371909797606,0.362374031767342,0.4378414618761475,0.4324267619383818,0.15719313918078842,0.17446280523301683,0.5861439475962896
499,0.5177704194260486,0.6464279710556955,0.4847515500585998,0.5624724061810156,0.555198047265062,0.5171903460837886,0.48711943793911017,0.4714128642111053,0.29892692897291784,0.374813153961136,0.6490066225165563,0.7963503649635038,0.7461139896373057,0.6204583834116555,0.6584688196534767,0.6278893708631141,0.4374298613697114,0.6583942274918666,0.47262473809781796,0.4387430722735874,0.5152245713084156,0.5994838090012331,0.49199092793854027,0.459423849413884,0.5023620596442367,0.5007737614530035,0.5292708391200506,0.6955633536395084,0.57468866363463,0.41750763119027734,0.41256166639434894,0.4568694295449248,0.18407070161788647,0.246994875975399,0.5268251984447581
500,0.5163355408388521,0.6028469777139076,0.4903794164812978,0.5522075055187639,0.5607455897037616,0.5195810564663024,0.48637988413657096,0.46990104452996206,0.3398058252427185,0.351270553064275,0.6114790286975718,0.7912408759124088,0.7451719265190768,0.7641727644028347,0.5670319372378358,0.5826817548975942,0.3744822148981246,0.5786917296174288,0.2371240077832735,0.5052582090571469,0.516886945711303,0.6194869248901567,0.5208305743709741,0.45648836699765677,0.5080419660179734,0.5012804244146525,0.5226570229803279,0.688138233238061,0.6149730327458159,0.41680626822180505,0.42905869210166947,0.4838611690094412,0.21542014233286427,0.32060517457332205,0.4862318258187232
501,0.5282560706401767,0.4998207893235911,0.49637346501368024,0.5339955849889622,0.5664040829912351,0.5355191256830603,0.5008011832860837,0.48501924134139607,0.47930505876341345,0.3725710014947683,0.576158940397351,0.7846715328467155,0.7442298634008477,0.710981467701087,0.6584179036179396,0.6333326378742381,0.32733043952101504,0.5123572077472645,0.17446280523301683,0.23504379412934703,0.35983218327064503,0.5617762636190626,0.4720950997743743,0.468610686079867,0.48588470813064943,0.5080258429642617,0.5197588244767476,0.7031870309063316,0.5861439475962896,0.5256734788675727,0.4262844827470675,0.5036932226826406,0.1951149042749002,0.562320046381022,0.5375736730374411
502,0.5409492273730687,0.4929525547268341,0.49990479450345887,0.5177704194260486,0.5654055253522694,0.5498633879781414,0.516455072106496,0.5002748763056628,0.6131834440470108,0.4189088191330344,0.5640176600441501,0.7759124087591243,0.7461139896373057,0.6464279710556955,0.6204583834116555,0.6599902523329302,0.3924232330825532,0.5074725665258555,0.246994875975399,0.27825772568754703,0.32556946462179626,0.48745031911595826,0.46928902025102687,0.4847515500585998,0.4717609500467346,0.5122019229521279,0.517173292751432,0.6965241693274118,0.5268251984447581,0.5939697402719105,0.4239875727849563,0.5172654077531599,0.21947252627805713,0.5349582678475748,0.5828734140700306
503,0.5496688741721854,0.5079143455719368,0.4969036264392127,0.5163355408388521,0.5550870964162882,0.5582877959927135,0.522124984592629,0.5081088510170426,0.6601941747572816,0.48318385650224216,0.5695364238410596,0.8,0.7564766839378237,0.6028469777139076,0.7641727644028347,0.639563754667039,0.4304919544163788,0.6596146244646217,0.32060517457332205,0.09930386419753257,0.36173555755835596,0.4635840059587313,0.339893492322436,0.4903794164812978,0.4688924615996932,0.49468155497283184,0.5255504484779865,0.6861116323092209,0.4862318258187232,0.5937203048171082,0.47174201081355643,0.49244109592625374,0.23636994599630418,0.5193769876320543,0.5513263052535918
504,0.5561810154525388,0.597125681611379,0.5138115395168041,0.5282560706401767,0.5367802063685789,0.5647768670309654,0.5252064587698757,0.516630016492579,0.6351558507920286,0.5668908819133034,0.5717439293598234,0.8248175182481752,0.7550635892604804,0.4998207893235911,0.710981467701087,0.6283589954226851,0.5108533767805596,0.3862704009728599,0.562320046381022,0.29722998736498074,0.46435871304754883,0.47272476185840834,0.6988681462887556,0.49637346501368024,0.4807381235074081,0.5043627532037475,0.5384397974517717,0.659322720845945,0.5375736730374411,0.6118931759196604,0.4945563925326935,0.5030834352929562,0.3410354664209043,0.25487523149504365,0.4362729490183406
505,0.5600441501103752,0.56849643359444,0.5269723479666323,0.5409492273730687,0.520470431598802,0.5696721311475406,0.5319857019598175,0.5246014293567898,0.594276954522228,0.6349028400597907,0.5629139072847682,0.8102189781021898,0.7442298634008477,0.4929525547268341,0.6464279710556955,0.6584688196534767,0.5414147366096191,0.45710309396605986,0.5349582678475748,0.3471612781133475,0.4043286060459404,0.41158892282913084,0.5998401300196439,0.49990479450345887,0.49651061854683254,0.5059592160778696,0.557255419435955,0.6517935442811496,0.5828734140700306,0.6005766778929784,0.5317853610197768,0.49247972254717287,0.39134430246402824,0.36228972668792014,0.28109867100485075
506,0.5641280353200884,0.5710663235454128,0.5172651322810599,0.5496688741721854,0.5190280705647403,0.5753642987249545,0.5408603475902871,0.5284496976360638,0.5728155339805826,0.6535874439461884,0.5485651214128036,0.7846715328467155,0.748469147432878,0.5079143455719368,0.6028469777139076,0.5670319372378358,0.4065254856605094,0.3379247829004175,0.5193769876320543,0.4113066189336339,0.5004015671618951,0.5535655001441419,0.7167710917893105,0.4969036264392127,0.5020100450553209,0.5116797933409828,0.5416473411680923,0.6427201700366237,0.5513263052535918,0.5423430561587438,0.48171156292797906,0.5040211587925649,0.38844798882910275,0.37313521322673515,0.34685397177174637
507,0.5696467991169976,0.4499175670227622,0.5097158664014162,0.5561810154525388,0.5310107622323312,0.581170309653916,0.5494884752865778,0.5324354040681696,0.5682166581502299,0.6319133034379671,0.5474613686534217,0.7700729927007299,0.7583608101742817,0.597125681611379,0.4998207893235911,0.6584179036179396,0.5098819609220815,0.4174740307656286,0.25487523149504365,0.3861179719035586,0.2831955121598617,0.3216821623804765,0.5085835792086909,0.5138115395168041,0.507867296616801,0.48936387872146553,0.530383116973696,0.6253093887993201,0.4362729490183406,0.4909135142150204,0.5305131743979423,0.5111170821470966,0.4104136698247024,0.4025827050538396,0.3300069483007654
508,0.5704194260485651,0.5067158166575929,0.4898908914623991,0.5600441501103752,0.5437701098413408,0.5801457194899822,0.5529397263650933,0.5303738317757007,0.5539090444557997,0.5915545590433483,0.565121412803532,0.7547445255474454,0.7687235044747998,0.56849643359444,0.4929525547268341,0.6204583834116555,0.5530073934326598,0.5498861951028093,0.36228972668792014,0.47460833305132055,0.38003597703484826,0.3358043208985973,0.44366861931737295,0.5269723479666323,0.5113180336364237,0.4751389876672491,0.5405625290327332,0.6222058663014607,0.28109867100485075,0.4022200081996474,0.5131827633791869,0.4442467480429426,0.36841626758366036,0.30777423659378855,0.4248704672885506
509,0.5598233995584989,0.5179111977414284,0.4941614440998514,0.5641280353200884,0.5525352268944861,0.569558287795993,0.5430790089979047,0.5182792743265532,0.48594787940725603,0.5261584454409567,0.5618101545253863,0.743065693430657,0.7649552520018841,0.5710663235454128,0.5079143455719368,0.7641727644028347,0.610246472810605,0.5114150395113359,0.37313521322673515,0.4693733815061303,0.24460432243477181,0.28824744946816716,0.49270923218480367,0.5172651322810599,0.5083853586279377,0.47224995944919207,0.5515489279964773,0.6136827109771208,0.34685397177174637,0.42983372619019783,0.5364326813274818,0.4303094708743888,0.3989615912191914,0.18703768728313053,0.43766889441056483
510,0.5412803532008832,0.4201822369771939,0.48303096441290233,0.5696467991169976,0.559081326972152,0.5507741347905277,0.523111056329348,0.49436503573392,0.37455288707204915,0.44133034379671154,0.5584988962472407,0.7386861313868613,0.7677814413565708,0.4499175670227622,0.597125681611379,0.710981467701087,0.6819355062144883,0.5769628891910212,0.4025827050538396,0.2095441389009695,0.19908775846867915,0.1132617279653092,0.3234490471329553,0.5097158664014162,0.5249073970699137,0.4841804420517104,0.5596033336208535,0.6064973904983655,0.3300069483007654,0.3233604026854235,0.46140866889569143,0.3877352663218925,0.38811310985736713,0.3165112740439093,0.5935002599506459
511,0.5243929359823403,0.40157864999588,0.4833713643600675,0.5704194260485651,0.5629646066792411,0.5340391621129328,0.507950203377296,0.47182517866959905,0.2927950945324477,0.3710762331838565,0.5518763796909493,0.7167883211678834,0.77296278850683,0.5067158166575929,0.56849643359444,0.6464279710556955,0.5543305289472205,0.484451918123332,0.30777423659378855,0.2234788547329359,0.24604760799124864,0.22584532345443306,0.39177084091366265,0.4898908914623991,0.5377678478031109,0.5000658758191227,0.5226570229803279,0.6162063364161054,0.4248704672885506,0.2746760321713717,0.4104292482375369,0.4679611372734853,0.36625049888388583,0.32559453331145966,0.5626823011057074
512,0.5235099337748341,0.3167514108160461,0.49036251057893787,0.5598233995584989,0.5670697880838791,0.5325591985428053,0.5090595340811048,0.47251236943375563,0.3377618804292285,0.3542600896860987,0.5573951434878588,0.7043795620437956,0.7668393782383419,0.5179111977414284,0.5710663235454128,0.6028469777139076,0.5872319962324379,0.4751506664680889,0.18703768728313053,0.10200515293513024,0.2038948048174103,0.10424759858736699,0.3082477740211367,0.4941614440998514,0.5282821714818776,0.5056046808934611,0.5097701512245283,0.6446973495574294,0.43766889441056483,0.33808658868872127,0.4148278034992674,0.511536212497629,0.31698246957718706,0.5687338282935346,0.490648544268604
513,0.5370860927152319,0.3219936971736459,0.5123574930155904,0.5412803532008832,0.5726173305225788,0.5448542805100178,0.5247134229015171,0.492440901594283,0.48645886561062857,0.3815396113602392,0.5739514348785872,0.7014598540145986,0.7564766839378237,0.4201822369771939,0.4499175670227622,0.4998207893235911,0.5012986750239765,0.4314922542403341,0.3165112740439093,0.27767668820684605,0.3145429283799875,0.19841958752956013,0.3557692707344591,0.48303096441290233,0.5209051959497831,0.5115038732220301,0.4999127775036284,0.6838937816324853,0.5935002599506459,0.45027826583309194,0.4664540303492759,0.5826373621090034,0.27995329876263125,0.6999098438281419,0.3250057648400175
514,0.5501103752759384,0.3106140896781149,0.5061468425698734,0.5243929359823403,0.5733939864639965,0.5579462659380692,0.5404905706890175,0.5108576140736671,0.6249361267245784,0.42301943198804187,0.577262693156733,0.6941605839416058,0.7489401789919924,0.40157864999588,0.5067158166575929,0.4929525547268341,0.48243515493739686,0.43095408477696573,0.32559453331145966,0.18291594756659346,0.30993239934923644,0.20614945029200868,0.34388507505598515,0.4833713643600675,0.5015326692192215,0.5149793191953497,0.5323820574361622,0.7023088418545507,0.5626823011057074,0.5019774622972822,0.4350220108729681,0.49872084808476824,0.2214514148293099,0.7131981828994369,0.3867656759854049
515,0.5583885209713024,0.4191572286193921,0.49782559339608157,0.5235099337748341,0.5627427049816935,0.5669398907103824,0.5523234315296439,0.5221275426058272,0.6673479816044967,0.4869207772795217,0.5728476821192053,0.6788321167883213,0.7456429580781913,0.3167514108160461,0.5179111977414284,0.5079143455719368,0.6561354138940505,0.6609280201260201,0.5687338282935346,0.3182200774191996,0.40557058573180893,0.1388510165398965,0.24192322595878576,0.49036251057893787,0.5057057587377607,0.5120256448088812,0.5568815339720895,0.706273163869803,0.490648544268604,0.4541612055305198,0.41785703063712376,0.42715493348641437,0.191504610529807,0.5280238768598956,0.4781767006620317
516,0.563465783664459,0.5287247155835733,0.48460947698242945,0.5370860927152319,0.5441029623876625,0.5736566484517303,0.5609515592259346,0.5303738317757007,0.6280020439448135,0.5668908819133034,0.5584988962472407,0.6613138686131388,0.7390485162505888,0.3219936971736459,0.4201822369771939,0.597125681611379,0.6527769997768207,0.7265299984794904,0.6999098438281419,0.6063424348185771,0.42637414750750846,0.25548809735365086,0.2984878195720406,0.5123574930155904,0.49482930033503014,0.5286659890737938,0.5530212886740569,0.7186231760617988,0.3250057648400175,0.44624118401642926,0.3206633299784233,0.40547141313265667,0.12978285657356808,0.42354671565939017,0.6065567552583571
517,0.5672185430463581,0.5279134168881772,0.4915272849206398,0.5501103752759384,0.5271274825252421,0.57764116575592,0.5678540613829663,0.5354590434304569,0.5850792028615228,0.6367713004484306,0.5573951434878588,0.6452554744525548,0.7376354215732454,0.3106140896781149,0.40157864999588,0.56849643359444,0.5105519058002752,0.692843627416929,0.7131981828994369,0.6310720242574873,0.4548035116502506,0.40154929421313895,0.32986344947563095,0.5061468425698734,0.49516193162943656,0.5416185268828484,0.5619422460840574,0.7137598678142448,0.3867656759854049,0.4712183107274551,0.3005205956501794,0.4019820516708878,0.1583453805186142,0.4516312522210792,0.5858177685764365
518,0.5716335540838853,0.4891861379407274,0.5026375053044089,0.5583885209713024,0.5262398757350497,0.5818533697632056,0.5725379021323804,0.5395821880153937,0.567194685743485,0.6547085201793722,0.5607064017660045,0.6467153284671534,0.74234573716439,0.4191572286193921,0.3167514108160461,0.5710663235454128,0.6097889028753443,0.6968333710723371,0.5280238768598956,0.6951465868644345,0.41259866617056207,0.2590509810914359,0.2838442443649599,0.49782559339608157,0.5019935249817077,0.5320649285102753,0.5478551098786087,0.7251216274974138,0.4781767006620317,0.4868601315615672,0.3676870300208983,0.45748376389115103,0.1593752097718164,0.49380440310734197,0.40624061395211697
519,0.5768211920529804,0.5156622094763534,0.5167114573645691,0.563465783664459,0.5398868301342508,0.5875455373406187,0.5780845556514245,0.5460417811984604,0.5677056719468575,0.6263079222720478,0.5573951434878588,0.6481751824817519,0.74234573716439,0.5287247155835733,0.3219936971736459,0.4499175670227622,0.6119219953409853,0.6261043394451029,0.42354671565939017,0.7246595298455878,0.5634681621519937,0.28419396414353676,0.3804268220306066,0.48460947698242945,0.523486535010875,0.5246351302490624,0.5592397059328722,0.7471418719366535,0.6065567552583571,0.4567807173508493,0.43745327999519384,0.46493233899067066,0.14283935679888912,0.41817493802221395,0.23135181212312483
520,0.5764900662251655,0.5371867387049889,0.5192207271664878,0.5672185430463581,0.5529790302895821,0.5883424408014566,0.5800566991248615,0.5505772402418909,0.5487991824220746,0.5810911808669657,0.5463576158940397,0.6343065693430657,0.7253886010362693,0.5279134168881772,0.3106140896781149,0.5067158166575929,0.6726461115652658,0.7406907453420075,0.4516312522210792,0.7703931521292604,0.5274191554295478,0.2437061278500654,0.29414730727608357,0.4915272849206398,0.5174176248536654,0.5051238868144289,0.5600594906341587,0.7695785166811481,0.5858177685764365,0.4898938453842272,0.5095136229987645,0.4688624701143027,0.09659647865476374,0.36105988270114003,0.12320444019164006
521,0.5650110375275936,0.532000060975605,0.49215778380266695,0.5716335540838853,0.5613003439476318,0.5774134790528231,0.5714285714285716,0.5459043430456294,0.47521716913643336,0.5142002989536621,0.5375275938189846,0.6094890510948906,0.6924163918982571,0.4891861379407274,0.4191572286193921,0.5179111977414284,0.6344333529256101,0.6347279355935296,0.49380440310734197,0.6123195177528533,0.5106770329234818,0.2778175728879586,0.3899706904525716,0.5026375053044089,0.5092862843325894,0.5093268576815325,0.5709014014975893,0.759263768567851,0.40624061395211697,0.4187239147366271,0.40841763808666653,0.384145751764547,0.053482347562789696,0.2510112769455055,0.15354101817078192
522,0.5469094922737305,0.4983274911256945,0.46905518696492066,0.5768211920529804,0.5664040829912351,0.5582877959927135,0.553186244299273,0.5272127542605825,0.367399080224834,0.43572496263079225,0.5419426048565121,0.5978102189781023,0.6792275082430522,0.5156622094763534,0.5287247155835733,0.4201822369771939,0.6060070876414017,0.5941552014710094,0.41817493802221395,0.4132294547269487,0.5761413287248551,0.2723988545625469,0.39213436757326287,0.5167114573645691,0.4963717878812569,0.49837251855200854,0.5722552464842712,0.7296600149297058,0.23135181212312483,0.38118087732510153,0.369790190488937,0.3288185796483669,0.06532317368794821,0.3694565986877878,0.3014273124693886
523,0.5326710816777047,0.47442801826261416,0.44857530012133723,0.5764900662251655,0.5701764118495514,0.540869763205829,0.5386416861826704,0.5063221550302366,0.3030148185998979,0.374813153961136,0.5684326710816777,0.5897810218978102,0.6900612341026848,0.5371867387049889,0.5279134168881772,0.40157864999588,0.6276006218668773,0.6475958687992254,0.36105988270114003,0.38113908732250595,0.5707290437842638,0.22541077217015484,0.31491547848247425,0.5192207271664878,0.5031317166888399,0.49870753164810105,0.5829315396246822,0.67595263118937,0.12320444019164006,0.2771405478995066,0.30261455840570073,0.2593938163810073,0.14005649906841267,0.300522286436269,0.3595290588542015
524,0.5333333333333337,0.3817189163679515,0.42796107881886075,0.5650110375275936,0.5746144458005107,0.5399590163934427,0.5407370886231972,0.5050852116547553,0.35922330097087385,0.36210762331838564,0.5838852097130243,0.5817518248175183,0.6971267074894018,0.532000060975605,0.4891861379407274,0.3167514108160461,0.6130769772762594,0.6898501886642467,0.2510112769455055,0.30610948476682764,0.5626739444434421,0.14465583982334165,0.17343206145465187,0.49215778380266695,0.5139883781488956,0.5055880425280941,0.5938748419735546,0.6701902664487693,0.15354101817078192,0.15666977872832222,0.21354719680910142,0.18909006488765093,0.10231696348247522,0.5846057274400209,0.5956891411572302
525,0.5471302428256073,0.44224673750655086,0.43629504049043655,0.5469094922737305,0.5798291356928886,0.5539617486338795,0.5551583877727109,0.5218526663001652,0.506898313745529,0.39125560538116594,0.5860927152317881,0.5875912408759125,0.6985398021667452,0.4983274911256945,0.5156622094763534,0.3219936971736459,0.49756309025773326,0.4671795798123419,0.3694565986877878,0.35343817986359927,0.6191746081677072,0.32648295604985855,0.4526248455009784,0.46905518696492066,0.5277411326077931,0.527234952952047,0.5985638318260951,0.6493570421659673,0.3014273124693886,0.13487267150144294,0.16947058470383447,0.1979146120638272,0.17175020220261167,0.4710082354367009,0.6653989774911584
526,0.5608167770419423,0.3635233250306751,0.4281659868216428,0.5326710816777047,0.5794962831465664,0.5673952641165751,0.5695796869222245,0.5366959868059373,0.6361778231987737,0.43871449925261585,0.5927152317880795,0.5927007299270073,0.7060763071125765,0.47442801826261416,0.5371867387049889,0.3106140896781149,0.34494117785902567,0.5642108306728417,0.300522286436269,0.21410307014584726,0.5503506437404934,0.4028100450965135,0.27392371419226624,0.44857530012133723,0.53019313552136,0.5211225864493629,0.5821938869112587,0.6690823247608315,0.3595290588542015,0.09447457643380741,0.16328095098764783,0.2146750240188102,0.10541744515866303,0.35715720487054436,0.6971117428087608
527,0.5708609271523182,0.49674776632939555,0.4577529033602097,0.5333333333333337,0.567957394874071,0.5759335154826957,0.5800566991248615,0.5457669048927984,0.6796116504854369,0.5115844544095666,0.6103752759381899,0.5970802919708029,0.7178520960904381,0.3817189163679515,0.532000060975605,0.4191572286193921,0.48496015616498767,0.5083560420784412,0.5846057274400209,0.4064813686727485,0.5755744200917388,0.3957922134527866,0.4725783425326047,0.42796107881886075,0.5037478262417262,0.5129330215793181,0.5511012423708752,0.6547430903563368,0.5956891411572302,0.3095974228301684,0.2855897845996455,0.3486676806569836,0.2124659832773622,0.38210897146434253,0.6040943416885631
528,0.5775938189845475,0.4669307093029449,0.4809052588456295,0.5471302428256073,0.549761455675136,0.581170309653916,0.5868359423148033,0.5571742715777903,0.6469085334695963,0.5956651718983558,0.6269315673289184,0.6014598540145986,0.7074894017899199,0.44224673750655086,0.4983274911256945,0.5287247155835733,0.3260789924919205,0.5261086165055477,0.4710082354367009,0.41184016500452914,0.4331263225998513,0.5290978633784287,0.4230880594650377,0.43629504049043655,0.48117247993428625,0.4999260510585268,0.551399206337039,0.6647569327770134,0.6653989774911584,0.48524652453726785,0.40293087179384923,0.40055550783335414,0.2465678307102232,0.5413762630367901,0.4487660753158963
529,0.5833333333333335,0.2976607776735989,0.4795174668138758,0.5608167770419423,0.5354487961832914,0.5850409836065573,0.5923825958338473,0.5640461792193516,0.6101175268267757,0.6633034379671151,0.6467991169977925,0.6065693430656935,0.7084314649081488,0.3635233250306751,0.47442801826261416,0.5279134168881772,0.5080228723149034,0.4014746914359879,0.35715720487054436,0.2097890457743571,0.26096511246497367,0.16634181434996295,0.35800159324981246,0.4281659868216428,0.46115998778553857,0.5067343842408715,0.5608152514621535,0.6727817637674262,0.6971117428087608,0.5577470706404172,0.3761332616830817,0.3771575147471231,0.22435042353496681,0.694154781671137,0.5309986283554582
530,0.5873068432671085,0.45072953307789554,0.4893314423468628,0.5708609271523182,0.5361145012759354,0.5895947176684881,0.5991618390237892,0.5659703133589886,0.5820132856412877,0.6745142002989537,0.642384105960265,0.5927007299270073,0.718794159208667,0.49674776632939555,0.3817189163679515,0.4891861379407274,0.49365465229468697,0.533361642981415,0.38210897146434253,0.5513969045559942,0.4569766602139903,0.3392814132088673,0.3984889195211054,0.4577529033602097,0.44101622697674225,0.5176687846719922,0.5999528184177794,0.6958772435178051,0.6040943416885631,0.6732954643210475,0.3719509913781113,0.3152577994853451,0.1947155408059082,0.5851018783114357,0.46182393968560054
531,0.5911699779249449,0.5475788645344739,0.4794652807537741,0.5775938189845475,0.5499833573726844,0.5949453551912569,0.6037224208061143,0.5691313908741069,0.5687276443536025,0.640881913303438,0.6291390728476822,0.5912408759124088,0.7244465379180405,0.4669307093029449,0.44224673750655086,0.5156622094763534,0.5234154403580238,0.47237141644420433,0.5413762630367901,0.6018803512903652,0.5288966644198758,0.40857474434459345,0.5624260400027976,0.4809052588456295,0.4491599898692912,0.5315200155349735,0.6055304666096869,0.7019981488401514,0.4487660753158963,0.6041821014953394,0.2947093912520219,0.28087841113767725,0.1558862599430691,0.4445528325333717,0.5977548690145271
532,0.5915011037527593,0.49981475498659833,0.4955578676662608,0.5833333333333335,0.5637412626206593,0.5946038251366117,0.6013805004314068,0.5710555250137439,0.5436893203883496,0.5956651718983558,0.6357615894039735,0.6072992700729927,0.7192651907677814,0.2976607776735989,0.3635233250306751,0.5371867387049889,0.4584847660387794,0.6754843890850619,0.694154781671137,0.6449108394671034,0.4580851204069354,0.4263054685040544,0.31587029856835247,0.4795174668138758,0.4412164585418974,0.5339895759807756,0.6088371339358286,0.7089978053002388,0.5309986283554582,0.6961616452261267,0.33853529633488955,0.31027861195588874,0.17949762672071395,0.4081482404221467,0.5029751739587731
533,0.5811258278145699,0.5661529752899153,0.4906672070593821,0.5873068432671085,0.573837789859093,0.5827641165755919,0.5900406754591399,0.5606102253985705,0.4772611139499234,0.5265321375186847,0.6467991169977925,0.6058394160583942,0.7107866227037212,0.45072953307789554,0.49674776632939555,0.532000060975605,0.45920897077603584,0.4428615457504268,0.5851018783114357,0.5519453502756073,0.5311820747489046,0.49407581315312027,0.6109249987597827,0.4893314423468628,0.4701281385456,0.5073549054375104,0.5955413467604224,0.7242402064513627,0.46182393968560054,0.5652360869783516,0.41007307695699174,0.32777534574794925,0.13169589665884063,0.4535577442865561,0.5249501124699985
534,0.5642384105960265,0.5512226697747362,0.5096962222190966,0.5911699779249449,0.5806057916343064,0.5640938069216759,0.5689633920867743,0.5417811984606926,0.38119570771589173,0.44656203288490287,0.6589403973509934,0.6189781021897811,0.7032501177578897,0.5475788645344739,0.4669307093029449,0.4983274911256945,0.5776049456554908,0.42204615323093897,0.4445528325333717,0.5726365197888718,0.5503362780826087,0.3563679180460846,0.6145902709252624,0.4794652807537741,0.4927521079022543,0.4846179086816492,0.5976720333512533,0.7211692498088117,0.5977548690145271,0.549578065774856,0.546008652439682,0.3663667465119238,0.1861572450981725,0.42505456524562385,0.42684994424028305
535,0.5508830022075055,0.47450573406023544,0.5056412529077474,0.5915011037527593,0.5863752357705541,0.5494080145719495,0.5523234315296439,0.528174821330401,0.31783341849770064,0.38191330343796714,0.6677704194260485,0.6291970802919709,0.6928874234573715,0.49981475498659833,0.2976607776735989,0.47442801826261416,0.5186581840326667,0.49669172851439214,0.4081482404221467,0.7012763863161391,0.49635793240578185,0.3380137476409172,0.45951302966212065,0.4955578676662608,0.4913959882443829,0.46446211736549053,0.6096997989315431,0.7309137757678209,0.5029751739587731,0.5394496953037038,0.5990028416279471,0.33130085776519375,0.15329087396200666,0.5592934209542962,0.3885775673031654
536,0.5504415011037525,0.5769584496910163,0.5054218598008308,0.5811258278145699,0.5903694663264178,0.5500910746812391,0.5566374953777893,0.5270753161077515,0.3638221768012264,0.36696562032884905,0.6567328918322296,0.6007299270072993,0.6947715496938295,0.5661529752899153,0.45072953307789554,0.3817189163679515,0.5458979820516756,0.4587511250463425,0.4535577442865561,0.6309249024312223,0.6958092403745229,0.4156984512006258,0.6074823725125165,0.4906672070593821,0.5009859879256282,0.4441741174418968,0.6190458190355697,0.7158367754365063,0.5249501124699985,0.501348862848351,0.664805752463666,0.3107043451476039,0.18800953105848156,0.41052792030268254,0.45683420656152207
537,0.5642384105960265,0.5393593669664369,0.5035974774705735,0.5642384105960265,0.5942527460335074,0.5643214936247727,0.5725379021323804,0.5388949972512371,0.5058763413387839,0.40059790732436473,0.6567328918322296,0.5978102189781023,0.7131417804992933,0.5512226697747362,0.5475788645344739,0.44224673750655086,0.4811897352204575,0.42990364320744234,0.42505456524562385,0.44405438695942123,0.5955255907826551,0.44369852677602406,0.5941389493471773,0.5096962222190966,0.49134499318146896,0.45237619363363,0.6211047709759986,0.70946289630178,0.42684994424028305,0.531886810304751,0.6320303547902153,0.3021373387904695,0.19838468240642315,0.5842974074471847,0.4957856382472111
538,0.5799116997792493,0.5694035300239175,0.491406853516035,0.5508830022075055,0.5945855985798296,0.578438069216757,0.5872057192160738,0.5549752611324905,0.6402657128257537,0.4525411061285501,0.6766004415011038,0.6145985401459855,0.7249175694771549,0.47450573406023544,0.49981475498659833,0.3635233250306751,0.40039083396152897,0.32554544650085226,0.5592934209542962,0.5522004896731472,0.7066837849406309,0.5581843207923738,0.7268142926906902,0.5056412529077474,0.5070703129402587,0.4443757827623465,0.6245384044465044,0.6861539644080847,0.3885775673031654,0.4244838116490301,0.6189258978757877,0.2670948901299382,0.22261389414924337,0.7180342384290813,0.589454681761073
539,0.5894039735099339,0.5535420047809634,0.5056969444953339,0.5504415011037525,0.5841562187950742,0.5887978142076502,0.5979292493528914,0.5665200659703133,0.6862544711292795,0.5198056801195815,0.6710816777041942,0.6138686131386861,0.7258596325953839,0.5769584496910163,0.5661529752899153,0.49674776632939555,0.5760915493922418,0.36502127567807996,0.41052792030268254,0.43795065701104335,0.5543210358970366,0.3603266076162762,0.6717271825038934,0.5054218598008308,0.5022912676386478,0.47349448444241954,0.6125914450190993,0.6723124219908122,0.45683420656152207,0.497321024033135,0.5695714419963696,0.3252086863220983,0.29049255362474263,0.4720392957920487,0.5621860161332132
540,0.5958057395143488,0.6541430078858728,0.5121525651701999,0.5642384105960265,0.5671807389326529,0.5957422586520948,0.6049550104770129,0.5713304013194067,0.6520183955033214,0.5986547085201794,0.6677704194260485,0.6145985401459855,0.7366933584550164,0.5393593669664369,0.5512226697747362,0.4669307093029449,0.5832036372370144,0.5098005471072504,0.5842974074471847,0.5985281939530429,0.6876055738551574,0.4568879284466989,0.6426977355355494,0.5035974774705735,0.5208860000895988,0.4962804524121523,0.6048783651427545,0.644316536319518,0.4957856382472111,0.4495746674648133,0.5157002477185127,0.3564424361109312,0.37201177130644697,0.44835949711919193,0.47732365058015713
541,0.6012141280353203,0.7905490059465965,0.5198734034705075,0.5799116997792493,0.5537556862310002,0.6016621129326047,0.6097621101935169,0.5775151181968114,0.6044966785896781,0.6621823617339313,0.6644591611479029,0.6218978102189782,0.7385774846914743,0.5694035300239175,0.47450573406023544,0.2976607776735989,0.5514671974073284,0.2919017661126375,0.7180342384290813,0.894748813110191,1.0,0.6305561739832737,1.0000000000000002,0.491406853516035,0.5169235738258906,0.4949146222786221,0.5839145415898697,0.6501982389355048,0.589454681761073,0.4942922582302712,0.5450887958263435,0.4190426527963703,0.3774378525234684,0.17448217570641084,0.42931696283678106
542,0.6062913907284768,0.5790459860735364,0.5283669261704601,0.5894039735099339,0.5533118828359038,0.6057604735883428,0.6138296561074816,0.5890599230346343,0.5840572304547778,0.6808669656203289,0.6754966887417219,0.6313868613138687,0.7206782854451248,0.5535420047809634,0.5769584496910163,0.45072953307789554,0.7958093812654976,0.4230912314897548,0.4720392957920487,0.4583801843967246,0.6274152477695845,0.1597301424262495,0.6439066002248444,0.5056969444953339,0.5167091877375692,0.5045732910171532,0.5762263734549583,0.634997853709892,0.5621860161332132,0.527378787517638,0.5408284196563764,0.4548464690711018,0.4340928242045854,0.5720696128352909,0.3650281141547537
543,0.611479028697572,0.6608142800372114,0.5167831420945288,0.5958057395143488,0.5671807389326529,0.6097449908925316,0.6176506840872675,0.5931830676195711,0.5784363822176801,0.6517189835575486,0.6887417218543047,0.643065693430657,0.7286858219500706,0.6541430078858728,0.5393593669664369,0.5475788645344739,0.7077972344752972,0.4694854517239673,0.44835949711919193,0.6242894913090036,0.6120027419237991,0.33509022190463533,0.6885745825898058,0.5121525651701999,0.514926441702914,0.4948632620662803,0.5804363600640948,0.6346749353258625,0.47732365058015713,0.49031832017892646,0.5352865951308565,0.41951127444285885,0.4060675396031442,0.45296808870408417,0.4789042015361311
544,0.6105960264900667,0.5794037330417723,0.5142990790194855,0.6012141280353203,0.58293575945856,0.6100865209471769,0.6164180944163697,0.5909840571742713,0.5493101686254471,0.5956651718983558,0.6766004415011038,0.6445255474452556,0.7324540744229863,0.7905490059465965,0.5694035300239175,0.49981475498659833,0.7329508378560998,0.49800056016623095,0.17448217570641084,0.469378038866837,0.577616784452737,0.2250239634089694,0.5725597321904948,0.5198734034705075,0.50301403378573,0.510701182755127,0.580084064776138,0.6220902522455598,0.42931696283678106,0.5271781289889486,0.47534994692599775,0.41463299033184076,0.42933019052151783,0.5531146550862858,0.4943894439346244
545,0.6012141280353203,0.684104776602732,0.5091265607744352,0.6062913907284768,0.592477532453124,0.5993852459016393,0.6029828670035751,0.583837273227048,0.4823709759836485,0.5317638266068759,0.6865342163355409,0.662043795620438,0.7169100329722091,0.5790459860735364,0.5535420047809634,0.5661529752899153,0.615053303427187,0.47441125695453046,0.5720696128352909,0.6369485492087066,0.6168227898749437,0.45493798739638025,0.7092354456129039,0.5283669261704601,0.5169779944126759,0.5058879171671244,0.6091862821102316,0.6249849949396455,0.3650281141547537,0.4532705870840559,0.4744405471087928,0.34031273054701616,0.4097082350607563,0.33889129010329483,0.5745708931881792
546,0.5833333333333335,0.6711507972384787,0.5217497006785515,0.611479028697572,0.5989126816820152,0.581967213114754,0.5830149143350183,0.5654205607476639,0.3755748594787941,0.4495515695067265,0.6766004415011038,0.662043795620438,0.7037211493170042,0.6608142800372114,0.6541430078858728,0.5512226697747362,0.6897470221881647,0.419016881807762,0.45296808870408417,0.479117917753197,0.618842553990554,0.3644098485772598,0.7481686364748944,0.5167831420945288,0.5232862840559621,0.5246157969371923,0.6085189265629706,0.6209204811020201,0.4789042015361311,0.47669119737482685,0.45377230542384284,0.3703875616566181,0.45057766803391336,0.3600178784258036,0.5539952916091155
547,0.5694260485651217,0.6693875133902214,0.5225573742110152,0.6105960264900667,0.6043492732719411,0.5681921675774131,0.569209910020954,0.544667399670149,0.3152784874808381,0.38415545590433486,0.6710816777041942,0.6518248175182483,0.7154969382948657,0.5794037330417723,0.7905490059465965,0.47450573406023544,0.6278893708631141,0.5321275220079382,0.5531146550862858,0.2870757498336092,0.6954436232535361,0.4264791482571353,0.6379272633306308,0.5142990790194855,0.5308309163601717,0.5206249977761809,0.6338139878227919,0.6090241425405027,0.4943894439346244,0.4504390639180425,0.4694613835768531,0.31782264312987085,0.48040884722569555,0.33652171502055317,0.6110695258530711
548,0.5729580573951436,0.6037152197569942,0.5344292266615485,0.6012141280353203,0.6094530123155444,0.5677367941712204,0.5717983483298412,0.5441176470588234,0.3750638732754216,0.3789237668161435,0.7108167770419427,0.6598540145985402,0.7324540744229863,0.684104776602732,0.5790459860735364,0.5769584496910163,0.5826817548975942,0.43095408477696573,0.33889129010329483,0.48976659710047366,0.5236233695525718,0.4053419225179773,0.6632571230906461,0.5091265607744352,0.539130598758137,0.5204090765793017,0.6343571196106702,0.6143426701549254,0.5745708931881792,0.4632679731732935,0.5084731931238875,0.3435897656453879,0.4974655719175418,0.3164034335926248,0.6570366846072906
549,0.5880794701986756,0.6075633635239832,0.5426785596082825,0.5833333333333335,0.6146677022079228,0.581967213114754,0.5890546037224209,0.561572292468389,0.5278487480838018,0.4125560538116592,0.7240618101545254,0.6576642335766425,0.7371643900141308,0.6711507972384787,0.6608142800372114,0.5393593669664369,0.6333326378742381,0.3301396696429215,0.3600178784258036,0.38146499516952603,0.5659815707634324,0.3570010651661642,0.7639947832255671,0.5217497006785515,0.5278111813393344,0.5186135652168415,0.641588063086215,0.6197536609097706,0.5539952916091155,0.5385824857630778,0.5409755403758538,0.3467557979796032,0.5053056805754316,0.2950232978744143,0.5908971752610622
550,0.6028697571743926,0.5871134169443746,0.5556186454964309,0.5694260485651217,0.6137800954177308,0.5981329690346078,0.6045852335757425,0.5773776800439805,0.6607051609606541,0.46562032884902843,0.7152317880794703,0.6635036496350366,0.7461139896373057,0.6693875133902214,0.5794037330417723,0.5694035300239175,0.6599902523329302,0.37252433154624853,0.33652171502055317,0.4661944350261176,0.5143776436247569,0.30834536836723214,0.7011223529681745,0.5225573742110152,0.5253838098813777,0.5066158586709958,0.6460647309341075,0.6293757294163156,0.6110695258530711,0.5971543310230769,0.6220585405933637,0.36648742844099585,0.5149508950224726,0.4418926385196641,0.5225041276441216
551,0.6125827814569536,0.5054409136899434,0.5772618515571001,0.5729580573951436,0.6043492732719411,0.6079234972677598,0.6137063971403927,0.5878229796591539,0.6893203883495146,0.5302690582959642,0.717439293598234,0.6737226277372264,0.7517663683466792,0.6037152197569942,0.684104776602732,0.5535420047809634,0.639563754667039,0.410911632454221,0.3164034335926248,0.2071529210312174,0.44712019639699396,0.24508658331489663,0.575367993241215,0.5344292266615485,0.5203293395340107,0.5206798080408093,0.6272832736238899,0.6315232209830062,0.6570366846072906,0.6989846788962459,0.6457830050225144,0.45598182761247613,0.5637018651493357,0.4666077196574364,0.2484251975486447
552,0.617991169977925,0.4922852863124305,0.5714517440046198,0.5880794701986756,0.5863752357705541,0.6145264116575593,0.6207321582645142,0.5955195162177027,0.6443536024527339,0.6091180866965621,0.7075055187637969,0.6678832116788322,0.748469147432878,0.6075633635239832,0.6711507972384787,0.6541430078858728,0.6283589954226851,0.5017135937569979,0.2950232978744143,0.2068726494608075,0.33086329211356325,0.24307160214649226,0.4740770059107835,0.5426785596082825,0.5326643924643847,0.5270332681029994,0.6376613097188261,0.6412616412832746,0.5908971752610622,0.6289860475134983,0.6062082357162961,0.4204816069740361,0.5264890351244493,0.45301106942617037,0.1970025756723347
553,0.6219646799116996,0.5886415513205598,0.5698533491414721,0.6028697571743926,0.5723954288250308,0.620104735883424,0.6260322938493776,0.5986805937328201,0.594276954522228,0.6696562032884903,0.6931567328918322,0.6627737226277373,0.7545925577013659,0.5871134169443746,0.6693875133902214,0.7905490059465965,0.6584688196534767,0.5448140298389195,0.4418926385196641,0.3432494954379443,0.2899333000566019,0.31149515593332033,0.537794774197871,0.5556186454964309,0.5334536331643276,0.5346319236402766,0.6393726835525895,0.6493233170083663,0.5225041276441216,0.619849214999171,0.576140187923394,0.41317479787600164,0.5036621968633742,0.3117240907574427,0.18235084310726918
554,0.6254966887417215,0.5266251245767446,0.5332349132901362,0.6125827814569536,0.5759458559857986,0.6253415300546443,0.632195242203871,0.6037658053875754,0.5656617271333675,0.6696562032884903,0.6777041942604857,0.6496350364963503,0.7522373999057936,0.5054409136899434,0.6037152197569942,0.5790459860735364,0.5670319372378358,0.5173356149864201,0.4666077196574364,0.34833080289910845,0.4427054811187693,0.3418824810103026,0.496534375861536,0.5772618515571001,0.5450545446230657,0.5429910357968428,0.6455050192309224,0.6449284371477412,0.2484251975486447,0.43571162207215686,0.4305886707587937,0.3169063638576488,0.42296086741521977,0.43509051968842566,0.3468043121594517
555,0.6290286975717434,0.5026559863819262,0.5164937707219751,0.617991169977925,0.5911461222678356,0.6306921675774131,0.6384814495254534,0.6107751511819686,0.5569749616760348,0.6304185351270553,0.6611479028697572,0.6357664233576643,0.7432878002826189,0.4922852863124305,0.6075633635239832,0.6608142800372114,0.6584179036179396,0.6075666274857241,0.45301106942617037,0.3096674251948295,0.33464403030491885,0.22273636372686206,0.3840074203160961,0.5714517440046198,0.5531156101987598,0.5315905658494678,0.6215828391568391,0.6431999876903175,0.1970025756723347,0.34081249549309495,0.41394870705044917,0.330368656641847,0.3854092472793656,0.5612830856717174,0.6124246794209105
556,0.6306843267108171,0.48664573124046484,0.5117808205159597,0.6219646799116996,0.6060135360035508,0.6297814207650276,0.6373721188216446,0.6121495327102799,0.5462442514052122,0.5859491778774291,0.6865342163355409,0.6532846715328468,0.7456429580781913,0.5886415513205598,0.5871134169443746,0.5794037330417723,0.6204583834116555,0.6319586048968997,0.3117240907574427,0.3158381742708609,0.4014817648433986,0.24540696611880022,0.3432032520709795,0.5698533491414721,0.5657603757298656,0.5291458132324662,0.6063340621680812,0.634185288193943,0.18235084310726918,0.2737766479436444,0.40675731226467887,0.35246851614509167,0.39478423158550857,0.6656457111091132,0.7079615591039776
557,0.6261589403973513,0.5227434863757807,0.5101206688412571,0.6254966887417215,0.6157772106956623,0.620104735883424,0.6259090348822878,0.604452996151732,0.508942258559019,0.5377428998505231,0.7350993377483444,0.6912408759124089,0.7527084314649081,0.5266251245767446,0.5054409136899434,0.684104776602732,0.7641727644028347,0.48912007662164747,0.43509051968842566,0.4795276385652197,0.3313706345980193,0.13425364374854326,0.5193253434472311,0.5332349132901362,0.5869096376701763,0.5240551504215571,0.6032370861108675,0.6396661532596928,0.3468043121594517,0.18528420232658904,0.418089790382894,0.3553620162094888,0.37784023973035413,0.42967409191763956,0.8889270359344236
558,0.6116997792494483,0.5991361765808563,0.5498431103819927,0.6290286975717434,0.6212138022855873,0.6016621129326047,0.6055713053124614,0.5842495876855418,0.4256515074093,0.4704783258594918,0.7693156732891833,0.716058394160584,0.7602449364107394,0.5026559863819262,0.4922852863124305,0.6711507972384787,0.710981467701087,0.48867414651082974,0.5612830856717174,0.6039912878258485,0.4226810678282829,0.26809625920062996,0.6029922227477535,0.5164937707219751,0.5812321291631496,0.5364785283242411,0.6160263066314798,0.6234665899794055,0.6124246794209105,0.35819004148475053,0.505524355273857,0.4179818163216177,0.5144222010250893,0.23380003278229594,0.6188097978663978
559,0.5951434878587198,0.666126245776228,0.5654386730249811,0.6306843267108171,0.625208032841452,0.5873178506375227,0.5874522371502526,0.5654205607476639,0.341338783852836,0.4009715994020927,0.7428256070640177,0.7138686131386862,0.7541215261422515,0.48664573124046484,0.5886415513205598,0.6693875133902214,0.6464279710556955,0.49771699209773423,0.6656457111091132,0.563175067103585,0.49294556098407355,0.4039628528923422,0.6673268198131033,0.5117808205159597,0.5796702130796452,0.5372734203710702,0.6330551496620318,0.6291684180621124,0.7079615591039776,0.4234825785874268,0.5532367527139206,0.41674462396145673,0.5398341872851191,0.34479712926934447,0.49333588850085314
560,0.5910596026490067,0.5145541253685142,0.6022468042126562,0.6261589403973513,0.6287584600022189,0.5909608378870672,0.5858498705780852,0.5645959318306764,0.343382728666326,0.375186846038864,0.6666666666666667,0.6963503649635037,0.7395195478097032,0.5227434863757807,0.5266251245767446,0.6037152197569942,0.6028469777139076,0.42609382224058834,0.42967409191763956,0.4387011657910861,0.40515772921607884,0.29242272176089984,0.5707588545536129,0.5101206688412571,0.5438874880298785,0.5489573999924784,0.6389926294670355,0.6225091116768897,0.8889270359344236,0.7023134906102031,0.6336924305250251,0.487487134251407,0.6468615756719199,0.5120163843996515,0.2632376393226715
561,0.6017660044150115,0.43516680937627683,0.5845497505988504,0.6116997792494483,0.6323088871629867,0.6065573770491799,0.5991618390237892,0.5806761957119297,0.4598875830352581,0.3994768310911809,0.6225165562913908,0.6883211678832117,0.730098916627414,0.5991361765808563,0.5026559863819262,0.6075633635239832,0.4998207893235911,0.3724435301931326,0.23380003278229594,0.3616751665289605,0.32009282497991626,0.3168384584859317,0.5356340134348254,0.5498431103819927,0.5275284140386393,0.5570761867143874,0.6453164366504639,0.6195909791807928,0.6188097978663978,0.6986835027268237,0.5499776894651314,0.4337362103901222,0.6097175028174007,0.5031428791821178,0.42486660902293377
562,0.61401766004415,0.5904336440349525,0.5734730113096612,0.5951434878587198,0.6339731498945973,0.6218123861566482,0.613336620239123,0.5981308411214954,0.5932549821154829,0.4353512705530643,0.5971302428256071,0.6854014598540147,0.7225624116815826,0.666126245776228,0.48664573124046484,0.5871134169443746,0.4929525547268341,0.4465074939957905,0.34479712926934447,0.5997340402940007,0.4996717113338716,0.4843019101333636,0.6338904349539228,0.5654386730249811,0.5229230234075444,0.5698114949105069,0.6490420399174162,0.6169876640048266,0.49333588850085314,0.6745175749770049,0.47248858337668354,0.4005930840022669,0.5882856430269173,0.3561682507836275,0.5568642854758111
563,0.6233995584988961,0.5718521642230403,0.5613685836460284,0.5910596026490067,0.6294241650948633,0.6318306010928953,0.6230740786392208,0.604452996151732,0.655595298926929,0.48243647234678627,0.5938189845474614,0.6897810218978102,0.7409326424870466,0.5145541253685142,0.5227434863757807,0.5054409136899434,0.5079143455719368,0.4898228941286238,0.5120163843996515,0.5237351013520777,0.5641494217090419,0.44965627850312073,0.5721626253183185,0.6022468042126562,0.5213007599346323,0.5911121958422675,0.6458757645593132,0.6254224383380285,0.2632376393226715,0.6348563581062265,0.36360350174798794,0.37993939678261734,0.538483332381075,0.5069099460332251,0.7234692976802208
564,0.6304635761589399,0.4854076876048321,0.5780294033353715,0.6017660044150115,0.6148896039054703,0.6374089253187609,0.630346357697523,0.6078889499725122,0.6387327542156362,0.5553064275037369,0.6103752759381899,0.6934306569343067,0.7593028732925106,0.43516680937627683,0.5991361765808563,0.4922852863124305,0.597125681611379,0.581259828256881,0.5031428791821178,0.2974069182525403,0.4892497460146661,0.2682277397874027,0.3904057635555156,0.5845497505988504,0.5601166506441128,0.585394033615755,0.663713855392114,0.6384004410688529,0.42486660902293377,0.547281883187199,0.4361048441231863,0.3793787855532872,0.549523689632289,0.47625113273767494,0.6602597676894711
565,0.6344370860927153,0.5237845745908327,0.5950117394228822,0.61401766004415,0.5982469765893712,0.641507285974499,0.6346604215456675,0.6154480483782301,0.600408788962698,0.624813153961136,0.6103752759381899,0.6941605839416058,0.7503532736693358,0.5904336440349525,0.666126245776228,0.5886415513205598,0.56849643359444,0.616033192930491,0.3561682507836275,0.25763731485990393,0.4299960306703709,0.33743595427595535,0.39892180344219463,0.5734730113096612,0.5753562892872283,0.5838209334541924,0.6775986970921976,0.657345478090469,0.5568642854758111,0.5525480330277559,0.49605465935501303,0.3880491563878462,0.5474065143724705,0.4946695027583581,0.5988129050148212
566,0.6387417218543048,0.6250890170079089,0.6183229548311819,0.6233995584988961,0.5941417951847332,0.6451502732240435,0.6392210033279926,0.6253435953820778,0.5769034236075626,0.6532137518684604,0.6181015452538632,0.6956204379562044,0.7348092322185587,0.5718521642230403,0.5145541253685142,0.5266251245767446,0.5710663235454128,0.4625533366662591,0.5069099460332251,0.6091116995420027,0.5969065533625716,0.439415304140043,0.6562857500190235,0.5613685836460284,0.6113243804211993,0.547781986707037,0.6673574452985435,0.6416300464736185,0.7234692976802208,0.5012946857991104,0.6894147338033042,0.46296214122048074,0.6420815226292469,0.5195134465666021,0.4815804999272997
567,0.6440397350993381,0.5142613722138503,0.6215471670422911,0.6304635761589399,0.6049040275158113,0.648793260473588,0.6453839516824851,0.6349642660802646,0.5687276443536025,0.6349028400597907,0.6357615894039735,0.6941605839416058,0.7244465379180405,0.4854076876048321,0.43516680937627683,0.5026559863819262,0.4499175670227622,0.5801545306495264,0.47625113273767494,0.565412631125452,0.508138970804209,0.450075607323349,0.42290411460786487,0.5780294033353715,0.5940312113130302,0.5313057737975093,0.6593928615049041,0.6302883462331476,0.6602597676894711,0.5807413474894589,0.7538319697685403,0.48740525902074083,0.6766194785198525,0.5770412528458277,0.3251300694459808
568,0.6440397350993381,0.5672865174155248,0.6254675902402577,0.6344370860927153,0.6172195717297235,0.6505009107468123,0.6462467644521142,0.6388125343595386,0.5503321410321922,0.593423019431988,0.6192052980132451,0.6890510948905111,0.7112576542628356,0.5237845745908327,0.5904336440349525,0.48664573124046484,0.5067158166575929,0.6292235642195436,0.4946695027583581,0.4233064015510788,0.5786917104188057,0.44617850415680654,0.43369114745300985,0.5950117394228822,0.5832072668375715,0.5266674063318387,0.6384772285644392,0.6405377729318161,0.5988129050148212,0.6376917492674106,0.7816871247552033,0.5412793708894557,0.6623875001883263,0.5444012013862617,0.2998585541155824
569,0.6338852097130241,0.6883495217243496,0.6238584208407468,0.6387417218543048,0.6266503938755132,0.645833333333333,0.6344139036114878,0.6278174821330396,0.4833929483903935,0.5272795216741405,0.5629139072847682,0.691970802919708,0.705605275553462,0.6250890170079089,0.5718521642230403,0.5227434863757807,0.5179111977414284,0.6943514051246602,0.5195134465666021,0.617398960316963,0.6655244233665488,0.5596568003332516,0.5032356681899317,0.6183229548311819,0.5713790880281054,0.5250335266642389,0.6429827228559903,0.6515997370421357,0.4815804999272997,0.6775465668315346,0.7818516165605023,0.5279393207058818,0.6325164865364652,0.45364114419981916,0.27325771070494154
570,0.6156732891832233,0.6232741427395361,0.5938255747493211,0.6440397350993381,0.6337512481970489,0.6309198542805099,0.6137063971403927,0.6055525013743814,0.37455288707204915,0.44170403587443946,0.5253863134657837,0.6941605839416058,0.7041921808761187,0.5142613722138503,0.4854076876048321,0.5991361765808563,0.4201822369771939,0.7759207107967718,0.5770412528458277,0.6470999747487081,0.5209470065669867,0.5933835044851996,0.35421293848881996,0.6215471670422911,0.5876596722799244,0.5641273580109794,0.6312399071248411,0.659709541377554,0.3251300694459808,0.5002314894642217,0.556789609253259,0.4850531919333293,0.5389300896548803,0.5456799176162196,0.571373044407735
571,0.5987858719646799,0.6503404272268423,0.592373968888941,0.6440397350993381,0.6377454787529127,0.6138433515482697,0.5948477751756447,0.5886476085761414,0.2963719979560553,0.3710762331838565,0.522075055187638,0.6941605839416058,0.6900612341026848,0.5672865174155248,0.5237845745908327,0.666126245776228,0.40157864999588,0.6307290559259915,0.5444012013862617,0.6313793124255396,0.4801457310918418,0.6405542637018937,0.5227475245730497,0.6254675902402577,0.6042544352400131,0.5794761198713819,0.6315990339519751,0.6225091116768897,0.2998585541155824,0.4302302208120394,0.5017877578881738,0.4809874474556778,0.6223319621426965,0.542362673258528,0.5698422152941462
572,0.5987858719646799,0.6992213246584988,0.5851101918448068,0.6338852097130241,0.6420725618550982,0.6096311475409832,0.5938617034389249,0.5898845519516218,0.343382728666326,0.3565022421524664,0.5629139072847682,0.7000000000000002,0.6858219500706546,0.6883495217243496,0.6250890170079089,0.5145541253685142,0.3167514108160461,0.6681650445928913,0.45364114419981916,0.5585155681117914,0.6850045354485459,0.7786565642907346,0.5401592054182283,0.6238584208407468,0.6270336389973096,0.6157017600139697,0.6389747934975387,0.6095336032025129,0.27325771070494154,0.3141243837235065,0.35959191196439555,0.448645545832435,0.6346332509623309,0.45476233511171593,0.6715543735572148
573,0.615783664459161,0.7073450244924526,0.618448465943538,0.6156732891832233,0.6473982025962499,0.620673952641166,0.6090225563909777,0.6073391973611884,0.5063873275421564,0.3961136023916293,0.6258278145695364,0.7226277372262775,0.6985398021667452,0.6232741427395361,0.5142613722138503,0.43516680937627683,0.3219936971736459,0.570388285551072,0.5456799176162196,0.7238466300070217,0.7744389688306361,0.781632672103742,0.6426466418681352,0.5938255747493211,0.6301842678095452,0.5982847634126188,0.6621798154757307,0.5996084298420289,0.571373044407735,0.42847987764677303,0.5242548886140795,0.4743814699233636,0.7406781546006685,0.44474742938669704,0.41074168528979915
574,0.634216335540839,0.731773081391685,0.6166714479195404,0.5987858719646799,0.6473982025962499,0.6333105646630228,0.6235671145075812,0.6249312809235841,0.6699029126213593,0.4585201793721973,0.6876379690949228,0.7583941605839417,0.7169100329722091,0.6503404272268423,0.5672865174155248,0.5904336440349525,0.3106140896781149,0.5489249715274962,0.542362673258528,0.6840993956151799,0.6407244662294792,0.8186171141650267,0.6898184818432588,0.592373968888941,0.6340152185891221,0.5873833142356014,0.6556274901666833,0.6323010355344773,0.5698422152941462,0.4068443471272488,0.5542599822261782,0.48444059833614217,0.6597979809161122,0.5923538284689552,0.3104769678189221
575,0.6460264900662249,0.7109848185494538,0.6310288780975585,0.5987858719646799,0.6371907245090425,0.6429872495446265,0.6328115370393204,0.638125343595382,0.7245784363822177,0.5328849028400598,0.7119205298013245,0.7817518248175184,0.7220913801224682,0.6992213246584988,0.6883495217243496,0.5718521642230403,0.4191572286193921,0.7465648174762674,0.45476233511171593,0.4869396182069489,0.6384691799886486,0.6850353847555425,0.47789777887828827,0.5851101918448068,0.6324427738671531,0.5754704399188099,0.6468484529239857,0.6569690210187478,0.6715543735572148,0.46747610075042373,0.6396378660408956,0.5358945138016052,0.6377736163986719,0.45108960326099495,0.1219899577435904
576,0.6516556291390732,0.7111435939682185,0.608925548404819,0.615783664459161,0.6188838344613341,0.6502732240437155,0.6384814495254534,0.6477460142935687,0.6719468574348493,0.6136023916292974,0.6975717439293598,0.7854014598540147,0.7131417804992933,0.7073450244924526,0.6232741427395361,0.4854076876048321,0.5287247155835733,0.7427435425239537,0.44474742938669704,0.5776088918760222,0.7269758977069819,0.5720310818626968,0.48173021727637577,0.618448465943538,0.6030953413740134,0.5918676010642466,0.6329052605287016,0.6530822247095307,0.41074168528979915,0.4975877398819463,0.5145672431872543,0.5157309975010317,0.591947521083144,0.588826830061247,0.11320674052693891
577,0.6546357615894038,0.8529640501739308,0.5858350092587794,0.634216335540839,0.6019083545989128,0.6543715846994536,0.6426722544065089,0.6554425508521167,0.600408788962698,0.6808669656203289,0.6876379690949228,0.7802919708029197,0.699481865284974,0.731773081391685,0.6503404272268423,0.5237845745908327,0.5279134168881772,0.5809168081689489,0.5923538284689552,0.7371062823968499,0.8326930684293576,0.7193502651828697,0.7912350256420939,0.6166714479195404,0.6016768642551795,0.6085811905901566,0.6402036471361662,0.6620645410285337,0.3104769678189221,0.415415799308518,0.3852740806933288,0.4476473613166324,0.5135689482048686,0.46112304917007857,0.21838723065922233
578,0.6598233995584994,0.7198273631682479,0.5601252854886702,0.6460264900662249,0.6019083545989128,0.658811475409836,0.6476026130901027,0.6606652006597038,0.5697496167603475,0.6984304932735426,0.6964679911699779,0.7854014598540147,0.7037211493170042,0.7109848185494538,0.6992213246584988,0.6250890170079089,0.4891861379407274,0.6938307723284929,0.45108960326099495,0.48411914204346745,0.5930991227594142,0.6218382006182613,0.5380334792193406,0.6310288780975585,0.5945788620945116,0.6315235045142652,0.6519250890118503,0.6478805126097487,0.1219899577435904,0.34536894357039616,0.22711042964858344,0.36410941518902756,0.48286686676624674,0.6329163593823273,0.34779059686528985
579,0.666997792494481,0.8295295163025802,0.5361548854007945,0.6516556291390732,0.6189947853101083,0.6642759562841531,0.6533957845433265,0.6668499175371085,0.5769034236075626,0.6651718983557549,0.7152317880794703,0.7985401459854016,0.7131417804992933,0.7111435939682185,0.7073450244924526,0.5142613722138503,0.5156622094763534,0.6962578502662922,0.588826830061247,0.6253035364052607,0.8184759777231938,0.7077994115741285,0.6552440515623362,0.608925548404819,0.6271562856784065,0.634696693359617,0.6667733103194433,0.6593434126353481,0.11320674052693891,0.12774430803789238,0.13936834958969624,0.27779350371126643,0.39650036717380716,0.440155673242885,0.5289698651719745
580,0.6700883002207512,0.869786264345688,0.5354228254347546,0.6546357615894038,0.6375235770553651,0.6642759562841531,0.653026007642056,0.6690489279824074,0.5774144098109352,0.6132286995515696,0.7461368653421634,0.8211678832116789,0.718794159208667,0.8529640501739308,0.731773081391685,0.5672865174155248,0.5371867387049889,0.7653510401557622,0.46112304917007857,0.647303912470051,0.8054269420755926,0.7271472431943469,0.6329421747591268,0.5858350092587794,0.6254198229955291,0.6385550756081497,0.6694206259547452,0.6601688358676325,0.21838723065922233,0.1317124440964812,0.12435734131493897,0.27043949930523253,0.392750932185526,0.4073521961113011,0.5647324714403555
581,0.6634657836644591,0.8732779958639139,0.5372206980401845,0.6598233995584994,0.6493953178741823,0.6538023679417115,0.6402070750647106,0.6594282572842216,0.5227388860500767,0.5508221225710015,0.7814569536423841,0.8532846715328468,0.7235044747998115,0.7198273631682479,0.7109848185494538,0.6883495217243496,0.532000060975605,0.7218717513154171,0.6329163593823273,0.6810507966518009,0.6852715528966749,0.736110858370804,0.6783846758862302,0.5601252854886702,0.6394495859970665,0.6369713714179553,0.6408688325009102,0.6710853180793509,0.34779059686528985,0.0840186319820358,0.13534999489921756,0.33591959019190076,0.3716851747472031,0.2316149232564898,0.6235946695322379
582,0.6476821192052977,0.8296762300721987,0.5517640270021338,0.666997792494481,0.6550538111616557,0.635018214936248,0.619992604461975,0.6390874106652005,0.41645375574859483,0.4783258594917788,0.8057395143487859,0.8686131386861315,0.7258596325953839,0.8295295163025802,0.7111435939682185,0.6232741427395361,0.4983274911256945,0.6895277425878792,0.440155673242885,0.6202278041075422,0.7072171378091531,0.7258553508354231,0.6618489816167129,0.5361548854007945,0.6178507014272663,0.6074137970488984,0.6164952614413645,0.6724484748974343,0.5289698651719745,0.2231810859456722,0.27917283293975803,0.42133154269882866,0.40463059033591814,0.17592094345387838,0.49657104422060905
583,0.6362030905077267,0.8438441438234694,0.5586341134671333,0.6700883002207512,0.6580494840785533,0.6176001821493617,0.6040921977073839,0.6228697086311161,0.34900357690342365,0.42937219730941706,0.859823399558499,0.8868613138686132,0.7324540744229863,0.869786264345688,0.8529640501739308,0.6503404272268423,0.47442801826261416,0.7140973247142774,0.4073521961113011,0.4428029043418533,0.6940352718756035,0.7651737782855222,0.653757796099495,0.5354228254347546,0.595287137629293,0.6059851629446871,0.5948886870471833,0.6831982002569646,0.5647324714403555,0.3369539191418717,0.3060223642443881,0.48338379859838543,0.3965570622593155,0.10405518873108005,0.405526025821816
584,0.6388520971302425,0.7075707958040063,0.572944470363815,0.6634657836644591,0.6632641739709317,0.6176001821493617,0.6048317515099231,0.6252061572292469,0.3919264179867144,0.42077727952167415,0.8863134657836644,0.9000000000000001,0.7357512953367875,0.8732779958639139,0.7198273631682479,0.6992213246584988,0.3817189163679515,0.697572013256794,0.2316149232564898,0.438443243693753,0.5048114938874916,0.7201778433654595,0.5210955572291827,0.5372206980401845,0.5701641645862566,0.598836335639787,0.5731403878719065,0.694216771331171,0.6235946695322379,0.4889266456567551,0.37563024710826265,0.5626214943411505,0.4063404976814899,0.40937387996508934,0.3085455013820836
585,0.6533112582781451,0.6196752191978163,0.5604860704088689,0.6476821192052977,0.6704759791412407,0.6351320582877955,0.6202391223961548,0.6412864211105003,0.5319366377107818,0.445440956651719,0.8609271523178808,0.9043795620437958,0.74234573716439,0.8296762300721987,0.8295295163025802,0.7073450244924526,0.44224673750655086,0.566137857819049,0.17592094345387838,0.16380118236816582,0.40668179557341455,0.5668766815272163,0.5511893216485524,0.5517640270021338,0.5467408201496026,0.6316470294051901,0.5819328369821208,0.6989380123523308,0.49657104422060905,0.532642450789871,0.22786952902667043,0.5154473004270318,0.3643443443756648,0.3968714627411153,0.47082113506876255
586,0.6672185430463582,0.5766877966809183,0.5480024901838585,0.6362030905077267,0.6735826029069125,0.6541438979963567,0.6355232343152966,0.6573666849917537,0.6494634644864589,0.4820627802690583,0.815673289183223,0.9058394160583942,0.7465850211964201,0.8438441438234694,0.869786264345688,0.731773081391685,0.3635233250306751,0.39248140252029806,0.10405518873108005,0.04809969821669563,0.33778458136739137,0.6037870936548968,0.6706504494830482,0.5586341134671333,0.5460254673532381,0.6298981328057945,0.573356568754149,0.6824554739215476,0.405526025821816,0.4880170891040661,0.19332533227664778,0.5055676492427662,0.37187936774008756,0.6087867293831895,0.6445159903796014
587,0.6768211920529801,0.6832365345596454,0.5416974550641679,0.6388520971302425,0.6669255519804729,0.6663251366120218,0.6467398003204736,0.6690489279824074,0.6816555952989269,0.5369955156950673,0.7935982339955849,0.9029197080291971,0.747527084314649,0.7075707958040063,0.8732779958639139,0.7109848185494538,0.49674776632939555,0.5517979715831025,0.40937387996508934,0.1913391407854919,0.4679203408547759,0.5762347239525863,0.6341802412972884,0.572944470363815,0.5477823086715233,0.6440283557271735,0.6045711901125312,0.6511489722065005,0.3085455013820836,0.45724701170372456,0.12665890348430947,0.42413515408439706,0.42943725384965886,0.17205447153775688,0.8113870362213043
588,0.6838852097130248,0.5853976982832894,0.5637343913891886,0.6533112582781451,0.6510595806057919,0.6721311475409832,0.6542585973129547,0.6766080263881253,0.6474195196729688,0.6143497757847534,0.8079470198675497,0.9051094890510951,0.7517663683466792,0.6196752191978163,0.8296762300721987,0.7111435939682185,0.4669307093029449,0.37101960716890403,0.3968714627411153,0.11595476841581454,0.36776882516264225,0.5059774872381624,0.7006938474107947,0.5604860704088689,0.5619937278502799,0.6222748126494346,0.6289972572591367,0.6514489855876593,0.47082113506876255,0.48570332472017885,0.26907530244490224,0.4216044651365348,0.4834875547023766,0.3721235321776466,0.6854887176379025
589,0.688300220750552,0.7109479662422746,0.5881735598721958,0.6672185430463582,0.6395206923332966,0.6752049180327866,0.6606680636016278,0.6827927432655301,0.6034747061829331,0.6681614349775785,0.8222958057395143,0.8963503649635036,0.7494112105511069,0.5766877966809183,0.8438441438234694,0.8529640501739308,0.2976607776735989,0.5780392201247473,0.6087867293831895,0.2707656531110652,0.3511410320427901,0.8104866132722415,0.6392456253850732,0.5480024901838585,0.5687070242904454,0.5995496827715329,0.6275331167584223,0.6609297948663776,0.6445159903796014,0.5524203640702733,0.42242756818464894,0.4802012741676705,0.5220332779708836,0.21965835943643744,0.6031162091245929
590,0.69271523178808,0.47016049158701634,0.6173407192583883,0.6768211920529801,0.6421835127038724,0.6805555555555554,0.6651053864168621,0.690351841671248,0.5794583546244252,0.6741405082212257,0.814569536423841,0.8992700729927008,0.74234573716439,0.6832365345596454,0.7075707958040063,0.7198273631682479,0.45072953307789554,0.5616907540463973,0.17205447153775688,0.12550095186884264,0.24112417181461798,0.40368675164139234,0.39253220927571214,0.5416974550641679,0.5826907883233189,0.5742468170348131,0.6378870017225179,0.7003365524815972,0.8113870362213043,0.6088377611370821,0.5994851346741018,0.524110228058803,0.5023318507902618,0.5799129056525365,0.4428437931692083
591,0.6969094922737309,0.5314379754806406,0.6126151359250227,0.6838852097130248,0.6567180738932654,0.6879553734061927,0.6694194502650066,0.6954370533260033,0.5661727133367399,0.6393871449925261,0.7847682119205298,0.9014598540145986,0.7428167687235044,0.5853976982832894,0.6196752191978163,0.8295295163025802,0.5475788645344739,0.5955532111519997,0.3721235321776466,0.33283732604538074,0.1916351696087752,0.3669458762606094,0.4268737749049385,0.5637343913891886,0.5705167156251372,0.5506557500711091,0.6274780597164309,0.7059525640903586,0.6854887176379025,0.6382024502141928,0.661577590114471,0.5357732916400728,0.4774555262714575,0.5290338973303257,0.5127151165882303
592,0.6960264900662247,0.5357316275337443,0.6195441747795896,0.688300220750552,0.6706978808387891,0.6911429872495445,0.6697892271662771,0.6928257284222097,0.5416453755748595,0.5893124065769806,0.7450331125827815,0.8934306569343067,0.7479981158737635,0.7109479662422746,0.5766877966809183,0.869786264345688,0.49981475498659833,0.5216737100684234,0.21965835943643744,0.3985535253086351,0.15488163541463618,0.42071445626475795,0.5023027399226009,0.5881735598721958,0.5583180373243556,0.5499352750011486,0.6444559697495817,0.7092819748833996,0.6031162091245929,0.7119201589535034,0.6862957489419024,0.5149828205627396,0.48688391899148514,0.4926023296487655,0.44745784323636545
593,0.6866445916114792,0.5814571076305839,0.614641826876361,0.69271523178808,0.6803506046821264,0.6843123861566482,0.6582028842598304,0.6801814183617374,0.4777721001532959,0.5250373692077728,0.717439293598234,0.9000000000000001,0.7512953367875648,0.47016049158701634,0.6832365345596454,0.8732779958639139,0.5661529752899153,0.5224977256085648,0.5799129056525365,0.3140149786578642,0.19804364579778339,0.39942430208194846,0.5513375200747404,0.6173407192583883,0.5521568965527248,0.551704696156883,0.6392962526551329,0.6958947384433106,0.4428437931692083,0.7172467399393885,0.6646778167640335,0.514956304152808,0.5060153058456979,0.467904110450669,0.455198519745281
594,0.6682119205298012,0.6022701611308463,0.6247689650693778,0.6969094922737309,0.687451459003662,0.6680327868852451,0.6393442622950825,0.656679494227598,0.37301992846193155,0.43871449925261585,0.6909492273730684,0.8897810218978104,0.7531794630240226,0.5314379754806406,0.5853976982832894,0.8296762300721987,0.5512226697747362,0.6572111818617863,0.5290338973303257,0.47892982677488743,0.2638742479271185,0.4363423254416539,0.445008153669054,0.6126151359250227,0.5736909029930536,0.5660178760019727,0.6593721366107705,0.6980400800312042,0.5127151165882303,0.6720203319910302,0.650429194289005,0.49475951853654765,0.5261589875600006,0.3525780797239751,0.35908769193665735
595,0.6532008830022074,0.5775895331579779,0.6178261025309565,0.6960264900662247,0.6918894929546218,0.6561930783242262,0.6244299272772094,0.638125343595382,0.30761369443025044,0.37294469357249627,0.6556291390728477,0.8788321167883213,0.7527084314649081,0.5357316275337443,0.7109479662422746,0.8438441438234694,0.47450573406023544,0.5901403038084538,0.4926023296487655,0.27012316190229735,0.22417184836042292,0.49008874653006906,0.482345591703056,0.6195441747795896,0.5975723175303287,0.5727792429064917,0.6550940858206981,0.7101505733434879,0.44745784323636545,0.5528498371184722,0.6058623931894828,0.4882073991792446,0.4805836981560747,0.38231197720534277,0.288559063185727
596,0.6545253863134661,0.603672347162501,0.6145692095438063,0.6866445916114792,0.6963275269055815,0.6589253187613835,0.6239368914088499,0.6429356789444753,0.35717935615738383,0.3624813153961136,0.642384105960265,0.8905109489051095,0.7418747056052756,0.5814571076305839,0.47016049158701634,0.7075707958040063,0.5769584496910163,0.6211343248680077,0.467904110450669,0.6410474952958216,0.39009646047491686,0.41120903600822356,0.48108490617055594,0.614641826876361,0.6260738201350823,0.5868631374842412,0.6548626229458115,0.7195608759645966,0.455198519745281,0.42972235806950576,0.5491825248105842,0.4813158487657763,0.4504819108561578,0.419709727847322,0.23816401568036485
597,0.6688741721854301,0.5327658035878802,0.604265829302948,0.6682119205298012,0.7005436591589929,0.6738387978142075,0.6393442622950825,0.6606652006597038,0.508942258559019,0.39686098654708524,0.6412803532008831,0.894160583941606,0.74234573716439,0.6022701611308463,0.5314379754806406,0.6196752191978163,0.5393593669664369,0.5475079065071196,0.3525780797239751,0.457324262109543,0.4074588979754208,0.37680696380277995,0.47433105051420027,0.6247689650693778,0.6214560846915457,0.5746018925104287,0.6529378734174964,0.721633989506628,0.35908769193665735,0.40854116628142023,0.556135590006113,0.4620785009927416,0.4200337576671805,0.36252812571979576,0.22600484716398653
598,0.6831125827814573,0.5317327517890327,0.5823305202039681,0.6532008830022074,0.6996560523688009,0.6881830601092895,0.6568470356218419,0.6770203408466191,0.6443536024527339,0.44805680119581465,0.6445916114790287,0.8846715328467154,0.7470560527555345,0.5775895331579779,0.5357316275337443,0.5766877966809183,0.5694035300239175,0.45557319959554476,0.38231197720534277,0.44992065009491156,0.45033539001070444,0.34470843205805074,0.5612463848168513,0.6178261025309565,0.628226988102022,0.5623158657459464,0.6400765902767771,0.7250912397252004,0.288559063185727,0.29893135079659483,0.5256400513149558,0.4399695325699562,0.35744805277458586,0.5871454676709317,0.41292549474399987
599,0.6923841059602651,0.5875582578707519,0.5683610262486478,0.6545253863134661,0.6902252302230121,0.6980874316939891,0.6674473067915696,0.6889774601429357,0.6811446090955544,0.5112107623318386,0.6412803532008831,0.8832116788321169,0.7456429580781913,0.603672347162501,0.5814571076305839,0.6832365345596454,0.5535420047809634,0.6554892074322449,0.419709727847322,0.4639587261374461,0.3984973048022801,0.41875137513703486,0.43062665261701816,0.6145692095438063,0.6234365222330893,0.5561106082128291,0.6551528412444709,0.7130621083556291,0.23816401568036485,0.2644996633965112,0.500911051564186,0.37585352864581567,0.3508751203612016,0.4445022908786702,0.6126447250212539
600,0.6980132450331125,0.4711747870648253,0.5554729412229226,0.6688741721854301,0.6716964384777544,0.7053734061930781,0.674596326882781,0.6968114348543155,0.6407766990291263,0.5926756352765321,0.6269315673289184,0.878102189781022,0.7428167687235044,0.5327658035878802,0.6022701611308463,0.5853976982832894,0.6541430078858728,0.6635814921211569,0.36252812571979576,0.27326859881848325,0.37954507500844115,0.19463595629594294,0.2960620759507865,0.604265829302948,0.6333325375345865,0.5777988086021666,0.6619636136592516,0.7052959774283142,0.22600484716398653,0.17710138319256136,0.3882271866234137,0.3319660790078988,0.3370182334287266,0.710766291952676,0.7786943647821498
601,0.7008830022075054,0.6487814748804741,0.5732718204888535,0.6831125827814573,0.6566071230444912,0.7099271402550089,0.6806360162701837,0.7021715228147336,0.5881451200817578,0.6532137518684604,0.6114790286975718,0.8613138686131387,0.7366933584550164,0.5317327517890327,0.5775895331579779,0.7109479662422746,0.7905490059465965,0.6274710964511829,0.5871454676709317,0.5544287389736009,0.43274565061400483,0.23719065928709474,0.5241688164470754,0.5823305202039681,0.6265481259262028,0.6018512256709782,0.6701092088178159,0.6841879633718089,0.41292549474399987,0.27105596544443633,0.36680261981241225,0.35483137287525407,0.4306102998188624,0.3655598123782837,0.8270381529262782
602,0.7044150110375282,0.5911618669803111,0.6017571415508758,0.6923841059602651,0.6579385332297791,0.7144808743169397,0.6863059287563176,0.7067069818581633,0.5615738375063873,0.6606875934230194,0.6026490066225166,0.851094890510949,0.736222326895902,0.5875582578707519,0.603672347162501,0.47016049158701634,0.5790459860735364,0.9054888257659464,0.4445022908786702,0.4380903290129494,0.6199393909950356,0.39613127243517665,0.1951419176557923,0.5683610262486478,0.6233655621829332,0.6305568128826295,0.6790699971017946,0.6764469155304597,0.6126447250212539,0.39159422359629265,0.36460270196953887,0.40018923022519814,0.5194892955340155,0.4174083866482869,0.6699924293983287
603,0.7086092715231791,0.6865400144332341,0.624166642691284,0.6980132450331125,0.6723621435703988,0.7188069216757738,0.6920991002095405,0.7109675645959319,0.5549310168625448,0.6263079222720478,0.6026490066225166,0.8445255474452555,0.7395195478097032,0.4711747870648253,0.5327658035878802,0.5314379754806406,0.6608142800372114,0.8053467348000574,0.710766291952676,0.6692102430456865,0.654789558080703,0.4101883980909144,0.3949696489454769,0.5554729412229226,0.6132973270529942,0.6259060122096621,0.666848938737834,0.6806858586936272,0.7786943647821498,0.5158185053277992,0.45215271842597515,0.47731398677656794,0.5652524510879502,0.3023864449719962,0.5971180996125149
604,0.7073951434878589,0.5896015799144667,0.6522420816057142,0.7008830022075054,0.6866748030622443,0.7178961748633874,0.6911130284728224,0.7095931830676196,0.536024527337762,0.5739910313901345,0.5993377483443709,0.8423357664233577,0.7390485162505888,0.6487814748804741,0.5317327517890327,0.5357316275337443,0.5794037330417723,0.8339670392664935,0.3655598123782837,0.5359108775266255,0.5513324765102648,0.39415020442071386,0.2619343918578725,0.5732718204888535,0.5918626284886697,0.6327253985783892,0.6642282165609643,0.6803311402964097,0.8270381529262782,0.7057299099030899,0.5203805389446385,0.5466480960357799,0.6358371094780063,0.48009316411577496,0.2998659594963632
605,0.6971302428256072,0.5732175049723569,0.6473438014372085,0.7044150110375282,0.6959946743592589,0.7082194899817846,0.6806360162701837,0.6946124244090157,0.47215125191619833,0.507847533632287,0.5905077262693157,0.8364963503649636,0.7465850211964201,0.5911618669803111,0.5875582578707519,0.5814571076305839,0.684104776602732,0.6998207191502672,0.4174083866482869,0.4355464239173457,0.48785780637782517,0.2690857628980925,0.3725465940375735,0.6017571415508758,0.5782119481778838,0.6279006306462539,0.6587711356151312,0.7096335245210176,0.6699924293983287,0.7401770441670044,0.520393663290806,0.5472702937655964,0.5551314087565925,0.4446648685956284,0.24809379120118172
606,0.6816777041942608,0.5771178994943575,0.6542622244962794,0.7086092715231791,0.7016531676467324,0.6892076502732243,0.6606680636016278,0.6723474436503576,0.38119570771589173,0.43647234678624813,0.620309050772627,0.8525547445255475,0.7569477154969383,0.6865400144332341,0.4711747870648253,0.6022701611308463,0.6711507972384787,0.7848088196743142,0.3023864449719962,0.6027295629202694,0.4705734215672376,0.28649403637840953,0.29540800046306565,0.624166642691284,0.5656179967386195,0.637867506225564,0.6720887292868901,0.7089615788601157,0.5971180996125149,0.8153905116621687,0.5100409016086932,0.5343272994339645,0.5738922398185947,0.3009047141681729,0.10843391038362887
607,0.6689845474613687,0.6215108588912788,0.6191500344346643,0.7073951434878589,0.7045378897148566,0.6737249544626591,0.6451374337483053,0.6569543705332599,0.32805314256515083,0.3837817638266069,0.6434878587196469,0.8605839416058394,0.7555346208195949,0.5896015799144667,0.6487814748804741,0.5775895331579779,0.6693875133902214,0.7144258694584078,0.48009316411577496,0.417575143292929,0.5411651875267924,0.33416715142015724,0.41118194900457034,0.6522420816057142,0.5830106676203705,0.6310345149336691,0.6729408364493306,0.734430621150304,0.2998659594963632,0.6144653927081309,0.4191539507828739,0.45283147702606985,0.42708422703412574,0.2887089121940505,0.3053392515394091
608,0.6684326710816775,0.57695041327481,0.6032464152962087,0.6971302428256072,0.7080883168756245,0.6750910746812382,0.6490817206951811,0.6598405717427163,0.37301992846193155,0.36995515695067266,0.6247240618101546,0.8335766423357664,0.7432878002826189,0.5732175049723569,0.5911618669803111,0.603672347162501,0.6037152197569942,0.6629876833048325,0.4446648685956284,0.4357261375046986,0.46896924925753924,0.35597281601683,0.41188712581418724,0.6473438014372085,0.6108458929056549,0.6278291624876606,0.6854658110806994,0.7349774886329532,0.24809379120118172,0.4459023074525191,0.3783499103997686,0.38981384072622294,0.38629171861032063,0.34850186259070215,0.42277209974873664
609,0.6816777041942608,0.4665173537064913,0.580476989081966,0.6816777041942608,0.7123044491290367,0.6898907103825138,0.6659681991864912,0.6790819131390871,0.5058763413387839,0.40059790732436473,0.6136865342163356,0.8211678832116789,0.7338671691003297,0.5771178994943575,0.6865400144332341,0.5327658035878802,0.6075633635239832,0.7206193343386484,0.3009047141681729,0.1496681235060197,0.42857397412457127,0.23793589250090344,0.23636508459163266,0.6542622244962794,0.6327439614377222,0.6176888339022593,0.6941689756722471,0.7422581669948254,0.10843391038362887,0.27433931565671266,0.3381288257309025,0.319437758109001,0.31269094740465614,0.5869778375550764,0.6580362243224256
610,0.6967991169977923,0.5012109066812602,0.5872214586073645,0.6689845474613687,0.7110839897925221,0.7045765027322402,0.6824849007765317,0.6963991203958217,0.6346448645886562,0.45590433482810166,0.6225165562913908,0.8233576642335767,0.7390485162505888,0.6215108588912788,0.5896015799144667,0.5317327517890327,0.5871134169443746,0.7509509345712786,0.2887089121940505,0.33262407360262436,0.46508581922691183,0.29489161968381566,0.24512129150584513,0.6191500344346643,0.6601786589601705,0.5961006524815696,0.7078209519035986,0.7467656256471673,0.3053392515394091,0.1933368408179584,0.4306627219477387,0.30538099952795383,0.318905418977405,0.49632812935363646,0.6399899647755907
611,0.7058498896247247,0.5042042117986245,0.5962808329711651,0.6684326710816775,0.7007655608565413,0.7141393442622945,0.6933316898804391,0.7065695437053323,0.6791006642820644,0.5213004484304933,0.620309050772627,0.8189781021897811,0.7428167687235044,0.57695041327481,0.5732175049723569,0.5875582578707519,0.5054409136899434,0.7277092314430913,0.34850186259070215,0.3595567899329771,0.41109241150598597,0.3823398723756741,0.27064023228046175,0.6032464152962087,0.655392167991579,0.5823522266671958,0.7306548447590641,0.7278549882863043,0.42277209974873664,0.2463398028231693,0.5049642337879092,0.27683050933767644,0.38564422786709973,0.6017832918882049,0.6883790875407175
612,0.7123620309050773,0.5834327593969331,0.6235220886283044,0.6816777041942608,0.6852324420281821,0.7199453551912569,0.6993713792678418,0.7144035184167121,0.6479305058763414,0.5956651718983558,0.6291390728476822,0.8262773722627739,0.7437588318417333,0.4665173537064913,0.5771178994943575,0.4711747870648253,0.4922852863124305,0.7149602182622878,0.5869778375550764,0.4642557622536283,0.6110038153852003,0.47776014690417895,0.3691791577670876,0.580476989081966,0.6621526978816527,0.5696680964165047,0.724525097947978,0.7383044051695468,0.6580362243224256,0.3235139671170679,0.6344395792789597,0.3518182113208767,0.42888640768553193,0.5071778203362889,0.49710136905265856
613,0.7177704194260484,0.5460319668124107,0.6264304197420324,0.6967991169977923,0.6724730944191721,0.722905282331511,0.703808702083077,0.7203133589884549,0.6029637199795606,0.6569506726457399,0.6545253863134658,0.8357664233576643,0.7465850211964201,0.5012109066812602,0.6215108588912788,0.6487814748804741,0.5886415513205598,0.7492198161365984,0.49632812935363646,0.35057022205417104,0.3912706537831005,0.3396073176024477,0.2956175036356685,0.5872214586073645,0.6278418428803436,0.587185307272482,0.722838768439146,0.7400275499407228,0.6399899647755907,0.4678935428266309,0.5863959574862693,0.3620431760925431,0.4320820385052249,0.6491883784897227,0.5120759513277303
614,0.7221854304635764,0.6328944986445926,0.6457759906478137,0.7058498896247247,0.6719183401753028,0.7265482695810563,0.7077529890299519,0.7271852666300163,0.5815022994379152,0.6737668161434978,0.663355408388521,0.8416058394160584,0.7418747056052756,0.5042042117986245,0.57695041327481,0.5911618669803111,0.5266251245767446,0.6451809881969517,0.6017832918882049,0.5332356680562135,0.5389283878272179,0.49337901175415116,0.48989805477643783,0.5962808329711651,0.6123011782479736,0.6152198462953276,0.6842057933420043,0.7462020642115057,0.6883790875407175,0.6017492330004187,0.5569070027951571,0.48901561695292795,0.4657055601833353,0.48238019607317845,0.43197263195291746
615,0.7257174392935983,0.6368826544844701,0.6323568645075834,0.7123620309050773,0.6852324420281821,0.7308743169398904,0.7116972759768276,0.7341946124244085,0.5677056719468575,0.640881913303438,0.6567328918322296,0.8416058394160584,0.7329251059821007,0.5834327593969331,0.4665173537064913,0.6865400144332341,0.5026559863819262,0.7491618827893465,0.5071778203362889,0.6922702809556264,0.4455297220759233,0.5222550900712762,0.39466669985650077,0.6235220886283044,0.5900513988998621,0.6372747156378701,0.6665436477888956,0.7221153458706373,0.49710136905265856,0.6372561728242345,0.4413076977307805,0.4965526851307537,0.4887016620330294,0.5567359884943804,0.5472029394507752
616,0.7241721854304632,0.7124238498634465,0.6384483799324447,0.7177704194260484,0.7004327083102186,0.7296220400728597,0.7135461604831757,0.7329576690489281,0.5355135411343894,0.5844544095665172,0.6534216335540839,0.8204379562043798,0.7305699481865284,0.5460319668124107,0.5012109066812602,0.5896015799144667,0.48664573124046484,0.7059707340200667,0.6491883784897227,0.749044621050087,0.6218003072613921,0.616815273613851,0.5183405866822134,0.6264304197420324,0.5966419452468893,0.66490585892449,0.6615714177165286,0.7067616868298024,0.5120759513277303,0.6347766372187488,0.37037764902763365,0.5210661081831528,0.5397472055205987,0.4352682546020752,0.574458630104746
617,0.7139072847682115,0.6666226700978779,0.6407661884058765,0.7221854304635764,0.7095306779096866,0.7190346083788706,0.7084925428324911,0.720175920835624,0.4675523760858457,0.5190582959641256,0.6534216335540839,0.7824817518248177,0.7305699481865284,0.6328944986445926,0.5042042117986245,0.5732175049723569,0.5227434863757807,0.8694920107891928,0.48238019607317845,0.6812249253118493,0.5917366395415142,0.5322248245041445,0.31183857573114493,0.6457759906478137,0.6054945653669525,0.6600850943549136,0.659819933885634,0.7036434095754927,0.43197263195291746,0.6091761353639571,0.39366000438434257,0.530091396737742,0.552799301605944,0.4690488851126624,0.5635086544787167
618,0.6986754966887414,0.7297465065649575,0.6518418561942118,0.7257174392935983,0.716076777987352,0.7030965391621127,0.6923456181437202,0.6974986256184712,0.3806847215125192,0.445440956651719,0.6556291390728477,0.7773722627737227,0.7432878002826189,0.6368826544844701,0.5834327593969331,0.5771178994943575,0.5991361765808563,0.8089698230325695,0.5567359884943804,0.658840907702222,0.6522617622736617,0.5185199051639039,0.438579138920222,0.6323568645075834,0.6321141174730879,0.6668940329237917,0.7017276795105721,0.7165205951633136,0.5472029394507752,0.5477887412556622,0.4070731501887093,0.46509692981360795,0.5501988377172231,0.3648261104300531,0.4222718009353992
619,0.6860927152317879,0.7086835654796868,0.6637271817758512,0.7241721854304632,0.721513369577278,0.6900045537340613,0.6738567730802418,0.6772952171522819,0.3295861011752683,0.3845291479820628,0.6567328918322296,0.8036496350364966,0.7588318417333961,0.7124238498634465,0.5460319668124107,0.6215108588912788,0.666126245776228,0.7355194827217133,0.4352682546020752,0.681548968261815,0.5853671968767036,0.42757313407200453,0.4859677920982676,0.6384483799324447,0.6349560742682583,0.63233749552979,0.7181812218098264,0.7336665636527044,0.574458630104746,0.5818780859662932,0.558708324641744,0.4566790576284603,0.5396257137040298,0.5731714332737936,0.24889727501589745
620,0.6866445916114792,0.6897483569076392,0.6637173266136773,0.7139072847682115,0.7259514035282368,0.6894353369763202,0.6692961912979167,0.6755085211654759,0.3796627491057742,0.37144992526158443,0.6677704194260485,0.8343065693430658,0.7673104097974563,0.6666226700978779,0.6328944986445926,0.57695041327481,0.5145541253685142,0.6859321023568121,0.4690488851126624,0.534500165897727,0.6115556547949784,0.5645690053160212,0.5128226007276826,0.6407661884058765,0.6538601379880384,0.6166855521877881,0.7570143282078949,0.7396448818191435,0.5635086544787167,0.5083775626441284,0.60998877298614,0.3731455534121966,0.5256184779781301,0.5355529758289439,0.15675946511121314
621,0.7015452538631344,0.6699830933191588,0.6447699241023273,0.6986754966887414,0.7295018306890046,0.7030965391621127,0.6812523111056339,0.690351841671248,0.5191619826264692,0.4099402092675635,0.6843267108167771,0.8620437956204381,0.7800282618935468,0.7297465065649575,0.6368826544844701,0.4665173537064913,0.43516680937627683,0.568706715794594,0.3648261104300531,0.501485170817052,0.7042162516684642,0.626150467831741,0.6035462771190548,0.6518418561942118,0.6407472649250434,0.5942764536088699,0.7383436827895434,0.7460121845481376,0.4222718009353992,0.48738442072515015,0.6223203446239046,0.3703087327367704,0.46365004288317674,0.6182220931563959,0.2453532091264286
622,0.7164459161147905,0.8146186414930146,0.6198005941937876,0.6860927152317879,0.7279485188061692,0.7186930783242254,0.6949340564526065,0.7061572292468394,0.6463975472662238,0.46562032884902843,0.6821192052980133,0.8795620437956204,0.7894488930758361,0.7086835654796868,0.7124238498634465,0.5012109066812602,0.5904336440349525,0.5608918925134034,0.5731714332737936,0.5975197533118082,0.8165746782356471,0.6151697963559366,0.7686294802285994,0.6637271817758512,0.6466997589766502,0.6009141914699421,0.7266575639489113,0.7497634127498731,0.24889727501589745,0.3694336001739292,0.5199973293769483,0.33878889984723753,0.392838554851013,0.3448384052484461,0.3954178366312637
623,0.7266004415011036,0.7657652111831776,0.6002047749250219,0.6866445916114792,0.7176300898701875,0.7280282331511838,0.7054110686552453,0.7170148433205057,0.6908533469596321,0.5347533632286996,0.6931567328918322,0.8846715328467154,0.795572303344324,0.6897483569076392,0.6666226700978779,0.5042042117986245,0.5718521642230403,0.5779157360902953,0.5355529758289439,0.5932774151925371,0.7635883957446266,0.5839029930556832,0.6990944433948876,0.6637173266136773,0.6489646701175722,0.6098302006513566,0.713887219131542,0.7465753595497018,0.15675946511121314,0.2862185316301663,0.4275427554279244,0.3217922562424843,0.35160821246686086,0.5821898151464153,0.5135402875895184
624,0.7324503311258281,0.8117472735369162,0.6000899655927981,0.7015452538631344,0.7023188727393768,0.7347449908925316,0.7132996425489959,0.7251236943375483,0.6489524782830864,0.6061285500747384,0.6865342163355409,0.8766423357664235,0.7927461139896372,0.6699830933191588,0.7297465065649575,0.5834327593969331,0.4854076876048321,0.6794222900679703,0.6182220931563959,0.5694519786176957,0.7296111810851625,0.7206815777740068,0.6519904910207072,0.6447699241023273,0.6597875675461117,0.6366403616844218,0.7314646228953041,0.7645361418988816,0.2453532091264286,0.24372368177782705,0.3392797561983897,0.2837313187352578,0.30931430314528957,0.2994095220777775,0.4971253276375376
625,0.7368653421633553,0.7389588668259748,0.6070202479174917,0.7164459161147905,0.6896704759791419,0.7403233151183972,0.7177369653642303,0.7299340296866408,0.600408788962698,0.6636771300448431,0.6766004415011038,0.8795620437956204,0.7951012717852095,0.8146186414930146,0.7086835654796868,0.5460319668124107,0.5237845745908327,0.6468473232735388,0.3448384052484461,0.4975584982567899,0.6934457773555779,0.605862964679501,0.6038733072084332,0.6198005941937876,0.6714016446503702,0.6395026682710894,0.7493812310711326,0.7785164844179057,0.3954178366312637,0.22490734205010324,0.352256384115186,0.2609249852383731,0.29383421126467524,0.5176804592121824,0.5169831362366346
626,0.74205298013245,0.8788726692373352,0.6125340127276656,0.7266004415011036,0.6902252302230121,0.7448770491803272,0.7225440650807351,0.7350192413413961,0.5774144098109352,0.6793721973094171,0.6843267108167771,0.8854014598540147,0.7998115873763543,0.7657652111831776,0.6897483569076392,0.6328944986445926,0.6250890170079089,0.6497713986725415,0.5821898151464153,0.7183435238403459,0.7476630696547819,0.6457411768407144,0.7535274780939634,0.6002047749250219,0.6713920144040151,0.6585420942721684,0.7739748977151462,0.7682047926470164,0.5135402875895184,0.2458828017054443,0.3076287415344873,0.220545715159596,0.3316515916680193,0.2915940351201964,0.5691022684019278
627,0.7459161147902869,0.6999575910449032,0.6089298344082342,0.7324503311258281,0.7052035948075002,0.7485200364298716,0.7284604955010479,0.7418911489829574,0.5682166581502299,0.6420029895366218,0.6876379690949228,0.8759124087591241,0.7927461139896372,0.8117472735369162,0.6699830933191588,0.6368826544844701,0.5142613722138503,0.5119257689662717,0.2994095220777775,0.4971404098176695,0.5607397783982763,0.5754161283298125,0.6905835090477088,0.6000899655927981,0.652877032026739,0.6453353266667882,0.7773764878476513,0.7601854279425648,0.4971253276375376,0.3041473422841923,0.3392961883065994,0.20505330382147444,0.3414533831512119,0.5255144775209631,0.5885567637838796
628,0.7456953642384105,0.800761583907386,0.6200813406458885,0.7368653421633553,0.72018195939199,0.7469262295081966,0.7284604955010479,0.7428532160527759,0.5467552376085846,0.5908071748878924,0.7008830022075055,0.8744525547445257,0.7885068299576071,0.7389588668259748,0.8146186414930146,0.7124238498634465,0.5672865174155248,0.5765520244215931,0.5176804592121824,0.43621871442354926,0.5865578306429362,0.6247651728132771,0.7385335266273749,0.6070202479174917,0.6284775554783273,0.6513304434679893,0.7815125905581054,0.7391259359565581,0.5169831362366346,0.441313031649971,0.355621999982535,0.22145935329534489,0.41841618936087577,0.3280356987666856,0.5084522309223001
629,0.7360927152317878,0.7608672754251948,0.6366741994014489,0.74205298013245,0.7303894374791975,0.7363387978142075,0.7171206705287809,0.7296591533809789,0.4782830863566684,0.523916292974589,0.7075055187637969,0.878102189781022,0.7927461139896372,0.8788726692373352,0.7657652111831776,0.6666226700978779,0.6883495217243496,0.5892903669320617,0.2915940351201964,0.448671042138257,0.5925945299236187,0.45851818324056337,0.6828646222264741,0.6125340127276656,0.6093289545969058,0.6536115724731504,0.7798148937588545,0.7436624193226604,0.5691022684019278,0.5787363445642247,0.4016797481470835,0.2627565383501824,0.44903165056885586,0.42420039184886593,0.4910564625124534
630,0.7203090507726273,0.7679907575593763,0.6372055116982688,0.7459161147902869,0.7362698324642185,0.7206284153005464,0.6967829409589554,0.7065695437053323,0.38732754215636184,0.45067264573991034,0.7019867549668874,0.894160583941606,0.8045219029674987,0.6999575910449032,0.8117472735369162,0.7297465065649575,0.6232741427395361,0.4780922785342945,0.5255144775209631,0.39466130940651534,0.5353633355228338,0.5330897768108152,0.797115083904643,0.6089298344082342,0.6092167654584951,0.6645119671058839,0.7481298103255596,0.7318388357625928,0.5885567637838796,0.5811899344618452,0.3676589033733394,0.33210121215528676,0.4780060273350639,0.33892835280569383,0.5304761133997783
631,0.7086092715231791,0.7117384995125811,0.6313289975496642,0.7456953642384105,0.7407078664151792,0.7076502732240435,0.6779243189942066,0.6855415063221555,0.3341849770056209,0.3961136023916293,0.7108167770419427,0.9284671532846716,0.8266603862458785,0.800761583907386,0.7389588668259748,0.7086835654796868,0.6503404272268423,0.45692472192173206,0.3280356987666856,0.4176449841758115,0.49940058736085013,0.44703306629735723,0.7560919285837135,0.6200813406458885,0.6159888839604578,0.6762092066452313,0.7465983453202656,0.732200432686746,0.5084522309223001,0.53255725442871,0.31035120041842895,0.3220618772595991,0.4625597553054571,0.4330191421349956,0.6308594725383745
632,0.712141280353201,0.7483246425533441,0.6442239944173166,0.7360927152317878,0.7459225563075558,0.7082194899817846,0.6779243189942066,0.6844420010995051,0.3949923352069495,0.39050822122571005,0.7406181015452539,0.9518248175182482,0.8455016486104568,0.7608672754251948,0.8788726692373352,0.6897483569076392,0.6992213246584988,0.36040648651745677,0.42420039184886593,0.27402935965039604,0.5561422509699386,0.4343342589578252,0.8883877014733341,0.6366741994014489,0.6213768128985623,0.6761995074416333,0.7389349563432897,0.7396269231727209,0.4910564625124534,0.560586832133807,0.35198807126256204,0.3677985726224037,0.47722820362860646,0.32738117462215016,0.5227914750874434
633,0.7262693156732887,0.6876306769395093,0.6531348402430127,0.7203090507726273,0.7498058360146462,0.7235883424408014,0.6969061999260453,0.7013468938977461,0.5334695963208994,0.4252615844544096,0.7328918322295807,0.9328467153284672,0.8478568064060292,0.7679907575593763,0.6999575910449032,0.6699830933191588,0.7073450244924526,0.366371271339073,0.33892835280569383,0.43834546841048927,0.5143139709512039,0.36325498016189334,0.8165415239230158,0.6372055116982688,0.6178548896149428,0.6575519487945166,0.7741073137390787,0.7629915507589794,0.5304761133997783,0.6081115324853701,0.4418713403827732,0.3123770549095964,0.4447199317991975,0.6059892284798745,0.4428769929225407
634,0.7409492273730685,0.7062094802876331,0.6685970671717312,0.7086092715231791,0.7495839343170978,0.7389571948998173,0.7174904474300514,0.7175645959318304,0.655595298926929,0.4757100149476831,0.7306843267108168,0.9080291970802921,0.854922279792746,0.7117384995125811,0.800761583907386,0.8146186414930146,0.731773081391685,0.3534233121023771,0.4330191421349956,0.32406027105136315,0.3854866062926621,0.3572134976268193,0.8491851340804615,0.6313289975496642,0.6287518946976486,0.6329777601388539,0.772232534233286,0.7563941581422525,0.6308594725383745,0.6244811140991513,0.5723217714430668,0.35148985503014984,0.49856741214601863,0.4110282844507999,0.3238731771911907
635,0.7517660044150114,0.6587810105385934,0.6585197802252273,0.712141280353201,0.7399312104737605,0.7494307832422589,0.7306791569086655,0.7278724573941728,0.6893203883495146,0.5448430493273543,0.7373068432671082,0.9014598540145986,0.8657560056523786,0.7483246425533441,0.7608672754251948,0.7657652111831776,0.7109848185494538,0.47692600224231185,0.32738117462215016,0.3135885030639282,0.386942886272313,0.32969779098973506,0.6792336497948795,0.6442239944173166,0.6449660690291328,0.6136920459712412,0.7873798290215773,0.7475547381264348,0.5227914750874434,0.5232035881331616,0.6030328481769746,0.29605180020147126,0.4942044377323891,0.4013713924182589,0.3483306295914722
636,0.7592715231788079,0.8196659745092454,0.6504430052153745,0.7262693156732887,0.7240652390990796,0.7554644808743163,0.7369653642302478,0.7341946124244085,0.6586612161471641,0.6236920777279522,0.7538631346578366,0.9138686131386862,0.8761186999528967,0.6876306769395093,0.7679907575593763,0.8117472735369162,0.7111435939682185,0.601594217331149,0.6059892284798745,0.527302346737634,0.5043712557529847,0.49570606069128215,0.7351507584294238,0.6531348402430127,0.6454852556462196,0.6135790535040891,0.764060499134024,0.7335156435724399,0.4428769929225407,0.49051513582929707,0.5773439572219555,0.327875573875812,0.5069734199240716,0.23957614365708374,0.5155278233379829
637,0.7651214128035324,0.6831909784765244,0.6406082941566056,0.7409492273730685,0.7123044491290367,0.760018214936248,0.7402933563416743,0.7388675096206709,0.6177823198773633,0.6831091180866966,0.7682119205298014,0.9328467153284672,0.8850682995760716,0.7062094802876331,0.7117384995125811,0.7389588668259748,0.8529640501739308,0.6006711044346034,0.4110282844507999,0.41580036665633585,0.43928488946803657,0.20826474880452872,0.5873274018599153,0.6685970671717312,0.6397428560832161,0.620399663664948,0.7396996491121905,0.7408642289443566,0.3238731771911907,0.4754842321804791,0.5232525300132883,0.3579507051145586,0.4653508461483509,0.5050727454021029,0.6466254037604959
638,0.7699779249448131,0.628082315100432,0.6357299888805595,0.7517660044150114,0.7158548762898045,0.7653688524590159,0.7460865277948971,0.74436503573392,0.5901890648952479,0.687593423019432,0.7649006622516556,0.9306569343065694,0.8869524258125293,0.6587810105385934,0.7483246425533441,0.8788726692373352,0.7198273631682479,0.5566063834539676,0.4013713924182589,0.28835330195450387,0.2399759960697398,0.28885707360042506,0.5694777392086291,0.6585197802252273,0.6523435616214341,0.6258261727921245,0.7125755217410106,0.7526662916382302,0.3483306295914722,0.4079916849155246,0.48972302661541434,0.4052135121586413,0.42562645670216376,0.4638405243146388,0.8036256993223112
639,0.7752759381898455,0.6602903885937383,0.6631947384503523,0.7592715231788079,0.7300565849328748,0.7693533697632056,0.7540983606557377,0.7508246289169875,0.5799693408277977,0.6576980568011959,0.7792494481236203,0.9182481751824818,0.8874234573716439,0.8196659745092454,0.6876306769395093,0.6999575910449032,0.8295295163025802,0.5867314202907608,0.23957614365708374,0.417478305340122,0.4557394547222714,0.2088162402475739,0.5757235056581511,0.6504430052153745,0.6610510429413965,0.62227903082657,0.6872864058043548,0.7676166399506039,0.5155278233379829,0.47844849790803,0.5899653955166193,0.5219107766414565,0.45889664474737163,0.5036786277882452,0.6895207296677258
640,0.7769315673289183,0.7349666927779932,0.6812277671096494,0.7651214128035324,0.7448130478198163,0.7691256830601088,0.757549611734254,0.7504123144584938,0.5605518650996424,0.6136023916292974,0.7980132450331126,0.9087591240875914,0.8959020254357042,0.6831909784765244,0.7062094802876331,0.800761583907386,0.869786264345688,0.61122248706533,0.5050727454021029,0.4954484990517633,0.42903750171144095,0.24436695547555518,0.6336393220171157,0.6406082941566056,0.6761603888756043,0.6332540637602809,0.686514072039132,0.7702821639901949,0.6466254037604959,0.48821089073222584,0.612168289406353,0.564485446394127,0.49746629498529904,0.49247934083365486,0.6832749755101257
641,0.7677704194260482,0.6470657562193889,0.7097234063280415,0.7699779249448131,0.7556862309996673,0.7592213114754092,0.7501540737088628,0.7361187465640455,0.4956566172713337,0.5459641255605381,0.8024282560706402,0.891970802919708,0.9057936881771078,0.628082315100432,0.6587810105385934,0.7608672754251948,0.8732779958639139,0.6053209749226394,0.4638405243146388,0.43919561737085017,0.3799757288584522,0.14997077257879604,0.543511309761249,0.6357299888805595,0.6663130871088577,0.6495843394580861,0.6884108534274848,0.741533989496089,0.8036256993223112,0.6346881756668593,0.6505720255880277,0.6250579605652573,0.6355047119433467,0.627878994021802,0.5766705364448503
642,0.7506622516556298,0.7109573514276324,0.7129325778419807,0.7752759381898455,0.7632308887162988,0.742941712204007,0.7325280414150135,0.7135788894997246,0.3919264179867144,0.4626307922272048,0.7891832229580574,0.8832116788321169,0.910032972209138,0.6602903885937383,0.8196659745092454,0.7679907575593763,0.8296762300721987,0.5670076093709149,0.5036786277882452,0.3043840546732358,0.4379915566832928,0.2609967791355713,0.6498202386999696,0.6631947384503523,0.6584206413299143,0.6501072437036126,0.7037542740994529,0.7169927754740255,0.6895207296677258,0.6775455621574643,0.6592120067442835,0.5993427603917683,0.7008777773065421,0.5740222148503129,0.5540030081403493
643,0.7370860927152316,0.7767267845392549,0.7296379309587845,0.7769315673289183,0.7691112837013208,0.7308743169398904,0.7197091088376681,0.695849367784497,0.3214103219213082,0.39686098654708524,0.7704194260485652,0.8693430656934309,0.9128591615638247,0.7349666927779932,0.6831909784765244,0.7117384995125811,0.8438441438234694,0.5398142812590958,0.49247934083365486,0.5854845864696231,0.5626951806333587,0.31429412302310766,0.7475262493812023,0.6812277671096494,0.6488103793518077,0.6443237257696335,0.7110023138681384,0.6952375896953062,0.6832749755101257,0.7783291149999422,0.7320712916532497,0.6216572422463669,0.7932665932152528,0.36656896722792376,0.3426765591352482
644,0.738852097130243,0.7965101370890366,0.7354723986201817,0.7677704194260482,0.7739931210473765,0.7345173041894357,0.7226673240478241,0.6966739967014846,0.3719979560551866,0.3863976083707026,0.7527593818984548,0.8635036496350366,0.9175694771549694,0.6470657562193889,0.628082315100432,0.7483246425533441,0.7075707958040063,0.4343278949602549,0.627878994021802,0.6895773696089853,0.545523079125778,0.47547944739524195,0.8701015037130401,0.7097234063280415,0.6440434074060299,0.6570146584819084,0.7260999456693761,0.6733397043434877,0.5766705364448503,0.8190099253509584,0.7092908411705456,0.6024269475082319,0.8589798455248562,0.5313428259605717,0.26471211908922654
645,0.752869757174393,0.8175690599662051,0.7338630770940063,0.7506622516556298,0.7793187617885282,0.7490892531876137,0.7388142487365958,0.7138537658053883,0.5160960654062341,0.4159192825112108,0.7516556291390729,0.8605839416058394,0.9185115402731983,0.7109573514276324,0.6602903885937383,0.6876306769395093,0.6196752191978163,0.5031977361297653,0.5740222148503129,0.6740811100554643,0.6290728264406042,0.5880146110695262,0.8270949725951557,0.7129325778419807,0.6708813528170909,0.6657844895988937,0.7129561550071076,0.6821926284744949,0.5540030081403493,0.7086037047306109,0.6753480382405974,0.6270415891146712,0.8342752002983141,0.31161037645079703,0.17129896570789077
646,0.7671081677704192,0.7183494774678625,0.7056462397520915,0.7370860927152316,0.7809830245201379,0.7642304189435336,0.7543448785899183,0.7308960967564593,0.6448645886561063,0.4585201793721973,0.7472406181015453,0.8627737226277374,0.9208666980687706,0.7767267845392549,0.7349666927779932,0.7062094802876331,0.5766877966809183,0.41362456446180396,0.36656896722792376,0.43238235755833304,0.5086853324543839,0.5299344458879424,0.8047617124157069,0.7296379309587845,0.6885028293036857,0.6810020257912864,0.6997857987987224,0.6735573721315041,0.3426765591352482,0.5329739178825128,0.5344196840505937,0.5913456092416198,0.7843659742245539,0.4969371554095024,0.2291292022074382
647,0.776710816777042,0.8691786297924402,0.6949076118958983,0.738852097130243,0.7717741040718966,0.7753870673952639,0.7650684087267359,0.7434029686641015,0.6811446090955544,0.5220478325859492,0.7350993377483444,0.8627737226277374,0.9189825718323127,0.7965101370890366,0.6470657562193889,0.6587810105385934,0.6832365345596454,0.5652101649269206,0.5313428259605717,0.7641944881805656,0.7113004881171995,0.5756700851764341,0.823944349527592,0.7354723986201817,0.7163481372630063,0.6710842125593045,0.6931338963047298,0.7049866896288149,0.26471211908922654,0.38398524917436516,0.5322859001081642,0.5812865708675846,0.6841748956817,0.2735757850604221,0.3078328734996364
648,0.7843267108167771,0.7154828021044448,0.6734412233187145,0.752869757174393,0.7545767225119278,0.7831284153005464,0.7729569826204865,0.751786695986806,0.6515074092999489,0.6057548579970105,0.7362030905077264,0.8664233576642337,0.9227508243052284,0.8175690599662051,0.7109573514276324,0.8196659745092454,0.5853976982832894,0.5312836837993125,0.31161037645079703,0.46176865352538476,0.38980547872592886,0.5179774180477824,0.6889622132132542,0.7338630770940063,0.7194840686388583,0.6631352530338194,0.7163831802369587,0.7295807608093434,0.17129896570789077,0.2902819861411743,0.48908496998767204,0.482585214970246,0.573317121584527,0.463934029025696,0.4546770004710507
649,0.7899558498896253,0.7636549002715167,0.6575175036179459,0.7671081677704192,0.7409297681127267,0.7891621129326047,0.7778873413040803,0.7589334799340293,0.6116504854368933,0.6707772795216742,0.7339955849889626,0.8744525547445257,0.9222797927461139,0.7183494774678625,0.7767267845392549,0.6831909784765244,0.7109479662422746,0.3386847584325299,0.4969371554095024,0.43731003069932994,0.5785109587103783,0.43805630378779314,0.9258937677460077,0.7056462397520915,0.7358081699703478,0.6534561769105365,0.742166853554737,0.7281065498577097,0.2291292022074382,0.1663759600382851,0.4694390828585685,0.3910089549803011,0.5372017933815741,0.2302393369938317,0.689146975743613
650,0.7947019867549665,0.7368431959618977,0.6635091115094947,0.776710816777042,0.7427049816931097,0.7941712204007283,0.782817699987675,0.7638812534359536,0.5891670924885029,0.6808669656203289,0.7328918322295807,0.8766423357664235,0.9255770136599151,0.8691786297924402,0.7965101370890366,0.628082315100432,0.47016049158701634,0.5128496411989101,0.2735757850604221,0.37254733084314573,0.6074298608240563,0.6590641414848075,0.7298904606117464,0.6949076118958983,0.7415094826366536,0.6486550711294611,0.7729386250961484,0.738531649497107,0.3078328734996364,0.1669726862023363,0.5045103234741168,0.33842772443454094,0.5277049064249093,0.3672057903105889,0.7101112975835775
651,0.798344370860927,0.7345406081726562,0.6732577453330084,0.7843267108167771,0.7567957394874076,0.7996357012750455,0.7875015407370891,0.7686915887850461,0.5707715891670926,0.6457399103139014,0.7163355408388521,0.872992700729927,0.9246349505416862,0.7154828021044448,0.8175690599662051,0.6602903885937383,0.5314379754806406,0.6230468686774042,0.463934029025696,0.340077051687975,0.5721606846145592,0.5933945839430663,0.6218514656492147,0.6734412233187145,0.739936889259875,0.6756851892696276,0.7679530668932105,0.7280511141299031,0.4546770004710507,0.2101035198580235,0.4473501467062889,0.37126716514736136,0.5764389666262687,0.20839168655320023,0.6101135160863073
652,0.7975717439293604,0.5968536868569672,0.7071758932055261,0.7899558498896253,0.7711083989792522,0.8013433515482697,0.7865154690003702,0.7691039032435407,0.5411343893714871,0.5949177877428998,0.6920529801324504,0.8737226277372263,0.9199246349505417,0.7636549002715167,0.7183494774678625,0.7349666927779932,0.5357316275337443,0.568699849797726,0.2302393369938317,0.2866111073151397,0.3551298963821107,0.4467479824865914,0.5238687913702269,0.6575175036179459,0.7123640203236151,0.6934328440897508,0.7752633022785334,0.7451457993015169,0.689146975743613,0.4460556458324977,0.49860270314752897,0.43250068374671413,0.6207275733896026,0.4828611897479018,0.4692131406428362
653,0.7876379690949227,0.6789723587324126,0.7176239392900529,0.7947019867549665,0.7807611228225895,0.7918943533697629,0.7760384567977323,0.7561847168774056,0.47317322432294334,0.5287742899850524,0.6843267108167771,0.87007299270073,0.9218087611869995,0.7368431959618977,0.8691786297924402,0.6470657562193889,0.5814571076305839,0.6441808866137695,0.3672057903105889,0.19111007089127885,0.5288863909284051,0.48433719461509617,0.5410636590124833,0.6635091115094947,0.7018704708571676,0.7214775379834776,0.7700912549187868,0.7399505933467221,0.7101112975835775,0.5265101714333135,0.4403730308796531,0.4673280148428028,0.658837451134095,0.48716737935964505,0.34177674314029155
654,0.7703090507726271,0.550363805892168,0.7061157952373563,0.798344370860927,0.7884167313879953,0.7742486338797816,0.7554542092937262,0.735156679494227,0.37608584568216663,0.44431988041853515,0.6821192052980133,0.8773722627737228,0.9199246349505417,0.7345406081726562,0.7154828021044448,0.7109573514276324,0.6022701611308463,0.6271928677143581,0.20839168655320023,0.22597899821284279,0.33215525366359633,0.330005019204829,0.41719632811742396,0.6732577453330084,0.6808939910482738,0.7246359241516602,0.7807755309813826,0.7601645605012992,0.6101135160863073,0.5643257266864063,0.39288833551049523,0.41824138301238606,0.5829661650040097,0.6899741335725486,0.3800000827660205
655,0.7540838852097131,0.6309643959365232,0.710082398799281,0.7975717439293604,0.7940752246754696,0.7602459016393439,0.738690989769506,0.7185266630016489,0.30454777721001536,0.3703288490284006,0.6556291390728477,0.8693430656934309,0.9076778144135657,0.5968536868569672,0.7636549002715167,0.7767267845392549,0.5775895331579779,0.5399027079451688,0.4828611897479018,0.2710515193726385,0.3473123867874342,0.43874618324648407,0.5886143652291543,0.7071758932055261,0.6653336845912908,0.7410769139802018,0.7734507114112992,0.7558570850074566,0.4692131406428362,0.6398574749270399,0.3517873861384011,0.4429930335733675,0.6028962130627739,0.6457388796413207,0.29933096740751897
656,0.7530905077262693,0.7165078104622467,0.6934409719525513,0.7876379690949227,0.7988461111727503,0.7620673952641157,0.7401700973745844,0.7179769103903242,0.3459376596831886,0.3508968609865471,0.6280353200883002,0.8540145985401462,0.9053226566179934,0.6789723587324126,0.7368431959618977,0.7965101370890366,0.603672347162501,0.6564755850147073,0.48716737935964505,0.42721445443237305,0.4145177988885863,0.5001608879494012,0.5701894682548463,0.7176239392900529,0.6711885512125663,0.7468190508153397,0.7700146425912806,0.7556240301162848,0.34177674314029155,0.5539105217681852,0.27927001712259825,0.41262589168331365,0.5620947484587943,0.3907524953705408,0.3795110787141259
657,0.7678807947019868,0.7491928845964306,0.6900580585594294,0.7703090507726271,0.8025074891822932,0.776525500910747,0.7561937630962654,0.735156679494227,0.4946346448645887,0.3886397608370703,0.6357615894039735,0.8569343065693431,0.9095619406500235,0.550363805892168,0.7345406081726562,0.8175690599662051,0.5327658035878802,0.6136945496717754,0.6899741335725486,0.47584397868971395,0.4263994830430783,0.6071569249136651,0.6467732573188159,0.7061157952373563,0.6807147004215014,0.7452351969058952,0.7591444286401039,0.7536860420390413,0.3800000827660205,0.5040446294306158,0.27354761012997386,0.4283272079125831,0.5582224905519366,0.5648100840794257,0.49438073172194114
658,0.7842163355408385,0.7946128684800442,0.6768766270252669,0.7540838852097131,0.8017308332408746,0.7912112932604733,0.7720941698508574,0.7546728971962615,0.6453755748594788,0.44656203288490287,0.6567328918322296,0.8708029197080294,0.9123881300047103,0.6309643959365232,0.5968536868569672,0.7183494774678625,0.5317327517890327,0.6478794368677239,0.6457388796413207,0.7303451713548453,0.574218103840417,0.6551365861344627,0.663527226797319,0.710082398799281,0.7138587638229793,0.7174648928310062,0.7360023628891421,0.7407362981798568,0.29933096740751897,0.3251881308709542,0.3220586080290286,0.448188209041786,0.5557607735058088,0.38245686269329593,0.5561726602489396
659,0.7949227373068437,0.6773638320948194,0.6772792864634001,0.7530905077262693,0.7917452568512156,0.8011156648451729,0.7824479230864045,0.7664925783397472,0.6995401124169648,0.5164424514200299,0.6677704194260485,0.8802919708029198,0.9175694771549694,0.7165078104622467,0.6789723587324126,0.8691786297924402,0.5875582578707519,0.6298318563726824,0.3907524953705408,0.4532430081347981,0.30024778498390736,0.47637414808256306,0.5530522618255682,0.6934409719525513,0.7240683632135081,0.7068962044517961,0.7212643463805567,0.7559162445547484,0.3795110787141259,0.2870416610959583,0.3580054239273502,0.48079608511303584,0.521256670332927,0.602795812059488,0.5011743907121838
660,0.8011037527593823,0.8484781212432466,0.6983145017741746,0.7678807947019868,0.7743259735936983,0.808970856102003,0.7887341304079869,0.7744639912039579,0.6596831885539091,0.5960388639760837,0.6534216335540839,0.8839416058394161,0.9166274140367405,0.7491928845964306,0.550363805892168,0.7154828021044448,0.4711747870648253,0.7442978155795021,0.5648100840794257,0.8698292677959167,0.6321969514035065,0.7733201909341041,0.6298857171292451,0.6900580585594294,0.7128228595512941,0.6857695228554644,0.7076672318049891,0.7627738618927394,0.49438073172194114,0.4106221979169239,0.4951347600608741,0.5577620583404177,0.5574804915661772,0.3716400211363398,0.39216927032698456
661,0.8070640176600437,0.7488713155507956,0.6982683346386221,0.7842163355408385,0.7580161988239213,0.8147768670309654,0.7919388635523235,0.7811984606926883,0.6116504854368933,0.6711509715994021,0.6567328918322296,0.9043795620437958,0.9189825718323127,0.7946128684800442,0.6309643959365232,0.7636549002715167,0.6487814748804741,0.899503458939753,0.38245686269329593,0.6193581176654746,0.4811699931660103,0.4869963951057442,0.3727188734641637,0.6768766270252669,0.7166989367604357,0.6700977970438419,0.7264453047469729,0.7709754829697264,0.5561726602489396,0.395384055124256,0.5463629030842025,0.5172748017953881,0.5381829305946717,0.49603581451255124,0.41792773611628786
662,0.8136865342163357,0.806859383299189,0.6869798747177657,0.7949227373068437,0.7570176411849552,0.8196721311475406,0.7958831504991992,0.7875206157229249,0.5927439959121104,0.6969357249626308,0.6754966887417219,0.9248175182481753,0.9255770136599151,0.6773638320948194,0.7165078104622467,0.7368431959618977,0.5911618669803111,0.6588508282730192,0.602795812059488,0.5810588049688903,0.567833591952268,0.6064033839203821,0.6663646896969058,0.6772792864634001,0.7004373027652028,0.6759945873548754,0.7564977270757394,0.7799979041219766,0.5011743907121838,0.41571147488740556,0.4906096135447282,0.4270351219318619,0.48903348440015504,0.42922343030202914,0.533947992384157
663,0.8186534216335541,0.7941338587351154,0.6848435996544165,0.8011037527593823,0.7718850549206708,0.8234289617486334,0.8005669912486142,0.7939802089059924,0.5871231476750128,0.6636771300448431,0.6887417218543047,0.9299270072992702,0.9246349505416862,0.8484781212432466,0.7491928845964306,0.7345406081726562,0.6865400144332341,0.7518885308046386,0.3716400211363398,0.517942389365861,0.5571815679089668,0.49474700917762215,0.5634013052101235,0.6983145017741746,0.697131594670387,0.6855889484206911,0.7801400722324666,0.7676927885460372,0.39216927032698456,0.4204454739897795,0.45226353912458933,0.3713450936797751,0.5125063508355784,0.452474464032118,0.5502892719088734
664,0.8197571743929366,0.7934598956488212,0.6902729738510497,0.8070640176600437,0.7883057805392211,0.8226320582877964,0.7992111426106256,0.792880703683343,0.5646397547266224,0.6121076233183856,0.7075055187637969,0.9452554744525548,0.9331135186057465,0.7488713155507956,0.7946128684800442,0.5968536868569672,0.5896015799144667,0.6592578803759661,0.49603581451255124,0.4538761846221526,0.6972059542055133,0.5941751016386077,0.651374381763754,0.6982683346386221,0.6842509915156224,0.7189703394200887,0.8097600630159597,0.7650540408763665,0.41792773611628786,0.4911183672579534,0.36034591098681745,0.31996517505493055,0.5321677299224659,0.40452015870503555,0.4782797225770115
665,0.8107064017660051,0.7983116079639476,0.7036472292394763,0.8136865342163357,0.7990680128702987,0.8123861566484516,0.7877480586712688,0.7811984606926883,0.49207971384772614,0.5452167414050823,0.7163355408388521,0.9532846715328467,0.93452661328309,0.806859383299189,0.6773638320948194,0.6789723587324126,0.5732175049723569,0.7783889527437271,0.42922343030202914,0.6235846188055711,0.6182407327166113,0.6161087785962114,0.5425754651362725,0.6869798747177657,0.6846444614066334,0.7292530445028715,0.8045923071746953,0.7595594257828198,0.533947992384157,0.5403768587694747,0.3697871814924986,0.3614223289438775,0.5782482300550239,0.48703681194618875,0.30176820890566736
666,0.7923841059602648,0.8040777927898581,0.7049846607311014,0.8186534216335541,0.8052812604016424,0.7945127504553735,0.7704918032786892,0.7589334799340293,0.3842616249361268,0.46225710014947685,0.7064017660044151,0.9343065693430657,0.9326424870466321,0.7941338587351154,0.8484781212432466,0.550363805892168,0.5771178994943575,0.7636496397377872,0.452474464032118,0.3937664712638599,0.7555689126100847,0.6180358859504551,0.5629735344830168,0.6848435996544165,0.7051996082426124,0.7179270175704953,0.8118913427434914,0.772968618705722,0.5502892719088734,0.4655762620834976,0.41123279966939114,0.348760045401256,0.5502082540314249,0.5168279817255439,0.26251897512143657
667,0.7790286975717438,0.765265436013161,0.6951067853848518,0.8197571743929366,0.8112726062354376,0.7777777777777777,0.7563170220633553,0.7416162726772955,0.3173224322943281,0.39686098654708524,0.7350993377483444,0.9299270072992702,0.9349976448422043,0.7934598956488212,0.7488713155507956,0.6309643959365232,0.6215108588912788,0.7616433379036582,0.40452015870503555,0.47826497632918386,0.633531370974894,0.5320961228514668,0.5226037198195352,0.6902729738510497,0.7051544947395529,0.7218308493757543,0.7748474785608821,0.7738265867150914,0.4782797225770115,0.4282412173213747,0.3665642688817706,0.4060122458513531,0.523659408056768,0.5301255953053039,0.26013578045696983
668,0.7793598233995587,0.8357432185186564,0.6709595479708823,0.8107064017660051,0.8179296571618782,0.7767531876138429,0.7557007272279059,0.7460142935678942,0.36075625958099133,0.37556053811659196,0.7483443708609272,0.9357664233576644,0.921337729627885,0.7983116079639476,0.806859383299189,0.7165078104622467,0.57695041327481,0.6869200066044652,0.48703681194618875,0.4956244926088662,0.6181346092009433,0.6509149499021307,0.670957049759943,0.7036472292394763,0.6941236615487741,0.7054527741799482,0.7580689322399866,0.7864377089137384,0.30176820890566736,0.37941114395027853,0.34234713997193295,0.38730893287188795,0.43416795751790244,0.4146580444122999,0.40574454678493993
669,0.7938189845474612,0.8652025285768712,0.6639536719223736,0.7923841059602648,0.8229224453567072,0.7920081967213113,0.7704918032786892,0.7648433205057721,0.5125191619826265,0.4076980568011958,0.7450331125827815,0.9437956204379563,0.9185115402731983,0.8040777927898581,0.7941338587351154,0.7491928845964306,0.4665173537064913,0.6912985063595318,0.5168279817255439,0.5542574027772047,0.6148379455793989,0.7954047212044164,0.698863767925046,0.7049846607311014,0.6920361408383638,0.7021233956090034,0.7340468609674107,0.7952007344215154,0.26251897512143657,0.3609192637135562,0.33065782902076424,0.42307364231906897,0.39626553448629603,0.24994063652117535,0.4227440028628331
670,0.8099337748344366,0.8369658566816156,0.6535691949409694,0.7790286975717438,0.8240319538444476,0.8088570127504546,0.7873782817699984,0.7832600329851562,0.6489524782830864,0.4585201793721973,0.7428256070640177,0.9503649635036497,0.9241639189825719,0.765265436013161,0.7934598956488212,0.7946128684800442,0.5012109066812602,0.6680301225590028,0.5301255953053039,0.5159478575564681,0.5395623792725655,0.7304063669428796,0.6903791114146063,0.6951067853848518,0.6973416051367067,0.6891505610772514,0.741162373062902,0.808946609808393,0.26013578045696983,0.30086755866486553,0.3396820654243236,0.38421108987934177,0.33831434881687844,0.4028590059103086,0.5640559681254986
671,0.8209713024282559,0.8156114901363161,0.6603743762338805,0.7793598233995587,0.8149339842449805,0.8198998178506374,0.7974855170713675,0.7953545904343038,0.6985181400102197,0.5265321375186847,0.7461368653421634,0.9635036496350367,0.9298162976919453,0.8357432185186564,0.7983116079639476,0.6773638320948194,0.5042042117986245,0.5751014127320104,0.4146580444122999,0.47952389900725184,0.6375647322395366,0.7052585370814436,0.7561036169777423,0.6709595479708823,0.7104106314941494,0.6895468484038602,0.7507201429691122,0.8319375556223579,0.40574454678493993,0.2759220791870539,0.3603394875263355,0.3790967241831258,0.30144844341522836,0.3407175468144285,0.6844115147697052
672,0.8299116997792488,0.7140698961679561,0.6569821169722005,0.7938189845474612,0.7965161433484971,0.8262750455373409,0.8047577961296688,0.8020890599230341,0.6729688298415943,0.6188340807174888,0.7737306843267109,0.9795620437956205,0.944889307583608,0.8652025285768712,0.8040777927898581,0.8484781212432466,0.5834327593969331,0.5601326603313588,0.24994063652117535,0.330376286820464,0.3589161051538302,0.5185475929250167,0.659795536691442,0.6639536719223736,0.711717539946821,0.7102491800784747,0.7794600584502027,0.8257656480252147,0.4227440028628331,0.25796149571555493,0.28152544134658,0.3095946926674707,0.3074557232088212,0.41666456223653164,0.7605369934085577
673,0.8367549668874172,0.8074502706354458,0.6766366769760439,0.8099337748344366,0.7830910906468445,0.8324225865209467,0.8107974855170714,0.8070368334249585,0.6300459887583035,0.6872197309417041,0.782560706401766,0.9890510948905109,0.957136128120584,0.8369658566816156,0.765265436013161,0.7488713155507956,0.5460319668124107,0.6697688663266419,0.4028590059103086,0.5141116174279492,0.5561449790808812,0.6536267324695042,0.6565529144046047,0.6535691949409694,0.7020650987823296,0.7102037435408137,0.7825283894938073,0.8240677198354198,0.5640559681254986,0.37010831416268697,0.3450888692373205,0.3475889264722942,0.36025988251542496,0.29757484764610376,0.6187242314918298
674,0.8410596026490067,0.7366743679980345,0.7090261370687361,0.8209713024282559,0.7834239431931653,0.8392531876138429,0.8157278442006661,0.8114348543155581,0.5988758303525805,0.7006726457399104,0.7593818984547462,0.9883211678832118,0.9604333490343853,0.8156114901363161,0.8357432185186564,0.806859383299189,0.6328944986445926,0.5992052580651279,0.3407175468144285,0.31778242220679576,0.42455088635139954,0.49080769233336635,0.647008318806849,0.6603743762338805,0.6784689528245009,0.6990939242247518,0.8029382443023865,0.7851690246933848,0.6844115147697052,0.5848014363423314,0.486013531538077,0.3771832058019069,0.5317138734379534,0.5216438011610042,0.3434357351254604
675,0.8445916114790286,0.6955339654143256,0.7218160607106882,0.8299116997792488,0.7979585043825592,0.8443761384335149,0.819672131147541,0.8158328752061568,0.5738375063873276,0.6636771300448431,0.7450331125827815,0.9883211678832118,0.9604333490343853,0.7140698961679561,0.8652025285768712,0.7941338587351154,0.6368826544844701,0.5719326632583996,0.41666456223653164,0.21965553261938306,0.3955114735264509,0.44419603579174244,0.6282979785439207,0.6569821169722005,0.6716229658087178,0.696991455851775,0.7887808737334848,0.7673853977866532,0.7605369934085577,0.6599742396545006,0.5341721780882352,0.43664690785450905,0.6050854650312996,0.5040029352671019,0.2397947552044036
676,0.8440397350993374,0.6942014587640877,0.7113251281351983,0.8367549668874172,0.8141573283035619,0.845514571948998,0.8179465056082829,0.8178944474986256,0.5396014307613695,0.6072496263079223,0.728476821192053,0.9948905109489052,0.951012717852096,0.8074502706354458,0.8369658566816156,0.7934598956488212,0.7124238498634465,0.5537158547241727,0.29757484764610376,0.25704976488530074,0.39483845573614507,0.36479596804669845,0.6442913068361652,0.6766366769760439,0.6614754847388058,0.7023349098523014,0.7952075098865945,0.7623789684015297,0.6187242314918298,0.6595699839254661,0.4828060907175465,0.39902426394370216,0.5907297435131422,0.5658672543843185,0.3551288002632831
677,0.8345474613686532,0.8016291585907354,0.6851958257961903,0.8410596026490067,0.8252524131809613,0.8361794171220405,0.806483421668927,0.8122594832325456,0.4757281553398059,0.5377428998505231,0.7240618101545254,1.0,0.9298162976919453,0.7366743679980345,0.8156114901363161,0.7983116079639476,0.6666226700978779,0.5947886476312956,0.5216438011610042,0.4360445955273598,0.49966897604368965,0.5230605383609432,0.7220146186369049,0.7090261370687361,0.6681253572813319,0.7154975167884133,0.797652831073921,0.7606154377541265,0.3434357351254604,0.5345041871926812,0.3553498031770615,0.3344827969440766,0.5299347652213454,0.4108126388796917,0.5552454630141213
678,0.8157836644591612,0.7464588522494342,0.6759545277843421,0.8445916114790286,0.8342394319316542,0.8172814207650267,0.7894736842105261,0.7942550852116543,0.3725089422585591,0.4439461883408072,0.7196467991169978,0.9766423357664233,0.9114460668864812,0.6955339654143256,0.7140698961679561,0.8040777927898581,0.7297465065649575,0.6817098739693126,0.5040029352671019,0.5004962774213828,0.43739315272726775,0.40087879473608645,0.5786595123591296,0.7218160607106882,0.6648105166106103,0.7168137833406039,0.8093378194657822,0.8028114275026623,0.2397947552044036,0.5122929784308785,0.32121805234310213,0.2883871921436178,0.4082816059424285,0.5593085869838528,0.6378470093758655
679,0.7982339955849893,0.7943274703321705,0.6899804408895569,0.8440397350993374,0.8411183845556423,0.8035063752276868,0.775422161962283,0.7736393622869704,0.2938170669391927,0.36136023916292975,0.6777041942604857,0.9437956204379563,0.9072067828544511,0.6942014587640877,0.8074502706354458,0.765265436013161,0.7086835654796868,0.757932598307189,0.5658672543843185,0.43723926224984966,0.5259793015494673,0.47207571023823464,0.5578241883820687,0.7113251281351983,0.6840165176382597,0.7070922260074677,0.8218770084437337,0.819378138305958,0.3551288002632831,0.49091868828648244,0.3983424509908958,0.2932438069303907,0.40438172356057395,0.4667517571903299,0.5599529515623066
680,0.7999999999999998,0.7784391523519751,0.7063904367802718,0.8345474613686532,0.8454454676578278,0.8038479052823311,0.7760384567977323,0.7685541506322151,0.3459376596831886,0.35276532137518685,0.6920529801324504,0.9518248175182482,0.9321714554875176,0.8016291585907354,0.7366743679980345,0.8357432185186564,0.6897483569076392,0.5854706186449423,0.4108126388796917,0.513527787483596,0.4377149477714288,0.4752227333816331,0.7056694520790887,0.6851958257961903,0.715666781175251,0.6833271201797371,0.8218666111062727,0.8584783412646589,0.5552454630141213,0.43023808238663946,0.5291983709967639,0.33049754710302576,0.3537014114571848,0.5699131482913437,0.2967182059388478
681,0.8161147902869752,0.8413687098622624,0.7147079555436837,0.8157836644591612,0.8489958948185956,0.8187613843351542,0.7926784173548627,0.7818856514568449,0.5074092999489014,0.3953662182361734,0.7086092715231789,0.9598540145985404,0.9552520018841263,0.7464588522494342,0.6955339654143256,0.8652025285768712,0.6699830933191588,0.4951420434474372,0.5593085869838528,0.6581751394537796,0.47192084274103846,0.5606352245728474,0.8607423149785209,0.6759545277843421,0.7281648114828669,0.6764321125706078,0.8018768296653539,0.8396792779668593,0.6378470093758655,0.41325451933164964,0.578638551264076,0.39235683496901663,0.4183360767400488,0.6394303943149136,0.17575149757490888
682,0.831125827814569,0.8156262352740917,0.7121757344580446,0.7982339955849893,0.8484411405747254,0.8353825136612016,0.809318377911993,0.7971412864211098,0.6581502299437916,0.44805680119581465,0.6975717439293598,0.9605839416058395,0.9670277908619878,0.7943274703321705,0.6942014587640877,0.8369658566816156,0.8146186414930146,0.6718079475008789,0.4667517571903299,0.6242476043542202,0.4744698603795177,0.3846579242415839,0.6635089785122081,0.6899804408895569,0.7179133043625621,0.6662119706057992,0.7755338284387263,0.8279127812621058,0.5599529515623066,0.44347702424682917,0.603973468999778,0.4432626695969395,0.43956541182508174,0.42844844354183165,0.030199422859470804
683,0.841611479028697,0.8817828915798227,0.6726292637828357,0.7999999999999998,0.8388993675801624,0.8467668488160287,0.82065820288426,0.8088235294117645,0.6985181400102197,0.515695067264574,0.6920529801324504,0.9627737226277373,0.9717381064531323,0.7784391523519751,0.8016291585907354,0.8156114901363161,0.7657652111831776,0.6506655448954639,0.5699131482913437,0.5668847769546996,0.5639043009408472,0.5034476849476416,0.7558422699984884,0.7063904367802718,0.6923803284283965,0.6729094594667554,0.7548599580175053,0.8150546012058079,0.2967182059388478,0.39252651089982205,0.4544221419525355,0.3979981674174452,0.37138411562647505,0.2682368656818075,0.3510722384627201
684,0.8485651214128032,1.0,0.6552325875750448,0.8161147902869752,0.8200377232885838,0.8559881602914388,0.827190928140022,0.8176195711929628,0.6561062851303014,0.6027653213751869,0.6721854304635762,0.9700729927007301,0.9712670748940179,0.8413687098622624,0.7464588522494342,0.7140698961679561,0.8117472735369162,0.5523071823658565,0.6394303943149136,0.8078768018152028,0.7884931123418928,0.578056652641974,0.9788478570125616,0.7147079555436837,0.683349936545919,0.6695708829262238,0.7547388325251242,0.832752903463809,0.17575149757490888,0.3615571815144894,0.4092375789459299,0.3587886656864788,0.2867663554048408,0.2723374968545063,0.5719323684620017
685,0.8541942604856514,0.8064621075599838,0.6217599988600291,0.831125827814569,0.802396538333519,0.8630464480874309,0.8321212868236167,0.8225673446948871,0.6126724578436382,0.6812406576980569,0.6600441501103753,0.978102189781022,0.9783325482807348,0.8156262352740917,0.7943274703321705,0.8074502706354458,0.7389588668259748,0.5959732199265702,0.42844844354183165,0.47234469952612673,0.49526862642334973,0.45333887407806506,0.7261463472815679,0.7121757344580446,0.6970557484012747,0.6889144082530011,0.7620503797892675,0.8507927432032655,0.030199422859470804,0.18118581027478664,0.23782544462531904,0.2671216916625573,0.16140826267142722,0.43624119470437583,1.0
686,0.8593818984547461,0.7452013779081863,0.6504222630753899,0.841611479028697,0.8041717519139029,0.8674863387978142,0.8379144582768396,0.8279274326553052,0.5881451200817578,0.6928251121076233,0.6688741721854305,0.978102189781022,0.9821008007536504,0.8817828915798227,0.7784391523519751,0.7366743679980345,0.8788726692373352,0.7112395673315746,0.2682368656818075,0.4092813602602076,0.504992934802894,0.24555297262217352,0.5490103126003958,0.6726292637828357,0.7130912331884773,0.7207913030550781,0.7678674807563253,0.8755555666411399,0.3510722384627201,0.22771271857343717,0.22579983030625875,0.3196415457982323,0.17470324378976165,0.41819346937341345,0.9999302711834883
687,0.8622516556291391,0.8666797469175176,0.6799743756788167,0.8485651214128032,0.8203705758349056,0.8711293260473587,0.842228522124985,0.8345244639912037,0.569238630556975,0.647982062780269,0.6622516556291391,0.9715328467153286,0.9717381064531323,1.0,0.8413687098622624,0.6955339654143256,0.6999575910449032,0.585137517884263,0.2723374968545063,0.4906586427794769,0.6711859284209881,0.5558185046362634,0.8021381233979505,0.6552325875750448,0.7212189284350942,0.7333788253322122,0.7640650209291077,0.8789805531256072,0.5719323684620017,0.308349215765235,0.27988220918521045,0.39486731021898525,0.2401163901134078,0.29147525958178844,0.9235218945527917
688,0.8605960264900663,0.8034956092295431,0.7374971912953161,0.8541942604856514,0.8354598912681688,0.8705601092896176,0.8419820041908053,0.8345244639912037,0.5355135411343894,0.5915545590433483,0.6512141280353201,0.9620437956204382,0.9646726330664155,0.8064621075599838,0.8156262352740917,0.6942014587640877,0.800761583907386,0.6454706549332148,0.43624119470437583,0.43861829015654025,0.6079748512395204,0.3864410929676947,0.6755128979437943,0.6217599988600291,0.7187444980350491,0.7230539124399461,0.7758300199728667,0.8831451042119667,1.0,0.53640292071813,0.49932522507954913,0.500075616037354,0.3732945428078068,0.3492035630682961,0.6045088252069702
689,0.8511037527593821,0.7278813976704637,0.7661446330821994,0.8593818984547461,0.846000221901698,0.8607695810564664,0.8312584740539877,0.8218801539307306,0.4675523760858457,0.523916292974589,0.6512141280353201,0.9627737226277373,0.9674988224211022,0.7452013779081863,0.8817828915798227,0.8016291585907354,0.7608672754251948,0.7832187139482727,0.41819346937341345,0.2415702601136931,0.4209098346195455,0.3495472963989629,0.46120732629150085,0.6504222630753899,0.6801005621606544,0.6973381079921853,0.793335723976621,0.881435730546811,0.9999302711834883,0.795363288511223,0.6760596979088789,0.5274253345391762,0.44846879161994446,0.3817256869445138,0.3535771862994357
690,0.8322295805739515,0.7485798900907685,0.7794544264501252,0.8622516556291391,0.8529901253744594,0.8414162112932599,0.8136324417601384,0.7992028587135787,0.3668880940214615,0.43647234678624813,0.6501103752759382,0.9423357664233578,0.9646726330664155,0.8666797469175176,1.0,0.7464588522494342,0.7679907575593763,0.7091745648210903,0.29147525958178844,0.10602865368434045,0.4984461649268127,0.3635684337698161,0.5546691869507954,0.6799743756788167,0.6631009152054858,0.6882430541161623,0.7938962660711872,0.849532715106696,0.9235218945527917,0.9119683983789886,0.748819685935378,0.5564174497593791,0.556156012201913,0.42241372403957983,0.23195304814340723
691,0.8184326710816778,0.731307475040218,0.7691638380774843,0.8605960264900663,0.8586486186619338,0.8233151183970859,0.8005669912486142,0.778174821330401,0.3106796116504855,0.37070254110612855,0.6876379690949228,0.9284671532846716,0.9778615167216202,0.8034956092295431,0.8064621075599838,0.7943274703321705,0.7117384995125811,0.7399711584969335,0.3492035630682961,0.35102091201823826,0.4318733873947763,0.40382930443032916,0.5063563698873199,0.7374971912953161,0.6303922423513,0.7020470062437523,0.7876964593486192,0.8479907165882844,0.6045088252069702,1.0,0.6703636889913915,0.54640269544064,0.5341950640134515,0.42252492097964217,0.2902352617909453
692,0.8227373068432673,0.6815583355654748,0.7444701153854691,0.8511037527593821,0.8638633085543104,0.8251366120218577,0.8045112781954891,0.778174821330401,0.37455288707204915,0.36771300448430494,0.7130242825607065,0.9335766423357665,0.9962317475270842,0.7278813976704637,0.7452013779081863,0.7784391523519751,0.7483246425533441,0.7955888823636617,0.3817256869445138,0.36702092810907777,0.39726833389806426,0.31465671224902203,0.39888603404776374,0.7661446330821994,0.6584003725698004,0.7181973128933176,0.801300866016567,0.8402746183374854,0.3535771862994357,0.7973853457788004,0.537744561093823,0.46112053378232487,0.4908893856992501,0.4404066944391381,0.4126132552644401
693,0.8383002207505523,0.7346163078413852,0.731925962291205,0.8322295805739515,0.8667480306224347,0.8417577413479052,0.8202884259829903,0.7993402968664096,0.5339805825242719,0.4106875934230194,0.7075055187637969,0.9430656934306572,0.9901083372585963,0.7485798900907685,0.8666797469175176,0.8413687098622624,0.6876306769395093,0.8048322006716528,0.42241372403957983,0.2719230804756194,0.3871797796322439,0.4321469766198335,0.44784780575049554,0.7794544264501252,0.6872780429383886,0.726383206386967,0.8107019361845061,0.8756888934308558,0.23195304814340723,0.6375284897309877,0.47043540212608265,0.4124429329567224,0.3768919199334189,0.16306978704589126,0.5013076253361475
694,0.8532008830022075,0.7174323284932882,0.7340245694696012,0.8184326710816778,0.865083767890825,0.8572404371584694,0.836681868605941,0.8222924683892252,0.6668369954011242,0.4667414050822123,0.7064017660044151,0.9445255474452556,0.9750353273669335,0.731307475040218,0.8034956092295431,0.8156262352740917,0.7062094802876331,0.8326269629327534,0.42252492097964217,0.3358589279388351,0.39592638330462726,0.39520889124244535,0.4025060452611206,0.7691638380774843,0.7434880652247047,0.7238910578629868,0.8270148073925684,0.8738012190731084,0.2902352617909453,0.42705994666637465,0.4853765419303483,0.382123241484441,0.3865211282896527,0.19087297035221415,0.4559483923369493
695,0.8643487858719645,0.6819046882443036,0.735345042145244,0.8227373068432673,0.855541994896261,0.8680555555555554,0.8487612473807471,0.8369983507421663,0.6985181400102197,0.5366218236173393,0.7130242825607065,0.9467153284671532,0.9722091380122468,0.6815583355654748,0.7278813976704637,0.8817828915798227,0.6587810105385934,0.8089736356990471,0.4404066944391381,0.3915754515574829,0.29200715256126936,0.4075008278031094,0.3864455641982058,0.7444701153854691,0.7714817112941569,0.6849704126315002,0.816383125110136,0.8890526979124865,0.4126132552644401,0.3232881917366211,0.6172317261789682,0.40798274375068766,0.3541300756037018,0.5355251788021447,0.5911506073050099
696,0.8728476821192057,0.5143946825900105,0.7416548725619654,0.8383002207505523,0.8365693997559083,0.8752276867030959,0.8571428571428572,0.8440076965365586,0.6658150229943791,0.6292974588938715,0.728476821192053,0.9532846715328467,0.9844559585492227,0.7346163078413852,0.7485798900907685,1.0,0.8196659745092454,0.8091542937446601,0.16306978704589126,0.12998352973693567,0.0,0.06831353556833936,0.20374847944671698,0.731925962291205,0.7844877467918836,0.6678490399443812,0.8078620116172592,0.8655729761998401,0.5013076253361475,0.296706449834225,0.6937196047078391,0.4406234089309927,0.42472416674131797,0.6175953748715249,0.6476474396533809
697,0.8784768211920531,0.5193227689584425,0.7341113544245561,0.8532008830022075,0.8227005436591597,0.8810336976320583,0.8636755823986202,0.8477185266630016,0.6228921819110884,0.695067264573991,0.728476821192053,0.9518248175182482,0.9957607159679699,0.7174323284932882,0.731307475040218,0.8064621075599838,0.6831909784765244,0.9705206226450453,0.19087297035221415,0.16084011640003948,0.20282809190112666,0.214363667481366,0.05458632335580027,0.7340245694696012,0.7744320115924485,0.634906157100141,0.7974862503760226,0.8410445707115907,0.4559483923369493,0.3071382067577543,0.7773784765998201,0.4458217207489731,0.46335161309974765,0.6302991195921104,0.8515183193096267
698,0.8830022075055188,0.7578994353504385,0.7641720992233973,0.8643487858719645,0.8270276267613452,0.8863843351548262,0.8690989769505735,0.8541781198460692,0.5922330097087379,0.695814648729447,0.7218543046357616,0.9496350364963504,0.992934526613283,0.6819046882443036,0.6815583355654748,0.7452013779081863,0.628082315100432,0.8190348708794151,0.5355251788021447,0.5615855792177903,0.5092556584054179,0.5177006275050857,0.45961667900301273,0.735345042145244,0.7503018523160978,0.6631148391395351,0.7923395683328336,0.8137338818777058,0.5911506073050099,0.5150634676471214,0.7818906054717998,0.5250922506201651,0.6019164726851163,0.2480090832239361,0.7197356167047095
699,0.8871964679911697,0.6556604293820634,0.7824916022344213,0.8728476821192057,0.8426716964384786,0.8893442622950811,0.8750154073708862,0.8631115997800984,0.5723045477772101,0.6573243647234679,0.7350993377483444,0.9423357664233578,0.9802166745171925,0.5143946825900105,0.7346163078413852,0.8666797469175176,0.6602903885937383,0.9438563119984451,0.6175953748715249,0.3457375414966445,0.28062116616505206,0.3788350995599939,0.22867904315270118,0.7416548725619654,0.7380439835481215,0.6921992876589816,0.8213152730976869,0.7882708258029916,0.6476474396533809,0.6322654794969005,0.7456491426669183,0.504343302409997,0.7069881106888951,0.5304886525638138,0.691084447384194
700,0.8867549668874171,0.6706918925837417,0.8182854255799197,0.8784768211920531,0.8576500610229667,0.8876366120218577,0.8768642918772342,0.8669598680593733,0.544200306591722,0.6053811659192825,0.7472406181015453,0.9284671532846716,0.9651436646255298,0.5193227689584425,0.7174323284932882,0.8034956092295431,0.7349666927779932,0.9896612954188999,0.6302991195921104,0.39051394434299685,0.3605558793113297,0.31723009954504716,0.20119279333886775,0.7341113544245561,0.7400946960350471,0.7488118010160706,0.8403403770084333,0.7874931798773087,0.8515183193096267,0.7602200909345571,0.6755416170114676,0.544639406702786,0.7977387179935044,0.4629417184500014,0.4345826241825572
701,0.8767108167770417,0.6052306251242943,0.8203327925292148,0.8830022075055188,0.8688560967491403,0.8778460837887065,0.8666337976087761,0.8587135788894997,0.4767501277465509,0.5336322869955157,0.7417218543046358,0.9226277372262774,0.9505416862929816,0.7578994353504385,0.6819046882443036,0.7278813976704637,0.6470657562193889,0.9936342617431997,0.2480090832239361,0.3489090479161572,0.3709319764705026,0.34040722253533,0.1260594750343444,0.7641720992233973,0.7413850327080848,0.7770058951928718,0.8704036851401791,0.7894030074479551,0.7197356167047095,0.7629804078258384,0.5897177828522595,0.4846329511049615,0.7983586006950864,0.5886777312965913,0.3554420665393377
702,0.86037527593819,0.7276495920219173,0.8325618450020282,0.8871964679911697,0.8773993121047381,0.8583788706739526,0.8475286577098493,0.8390599230346343,0.3817066939192642,0.4495515695067265,0.7671081677704195,0.9277372262773724,0.9481865284974093,0.6556604293820634,0.5143946825900105,0.7485798900907685,0.7109573514276324,0.9440232460433347,0.5304886525638138,0.7518827600343617,0.47488818029637236,0.4008580289152519,0.30696079534293363,0.7824916022344213,0.7475508593378413,0.7901050602241062,0.8737894071214184,0.8048519611372362,0.691084447384194,0.7854581315016385,0.5862308254689619,0.5050974669247252,0.7926086508562687,0.4939181085811224,0.16373552049698942
703,0.8456953642384102,0.6889605071259606,0.813830435897355,0.8867549668874171,0.8830578053922116,0.844148451730419,0.8323678047577965,0.8247663551401869,0.31578947368421056,0.38079222720478323,0.7582781456953642,0.9204379562043796,0.93452661328309,0.6706918925837417,0.5193227689584425,0.731307475040218,0.7767267845392549,0.9601437993921653,0.4629417184500014,0.6912590380868804,0.4530007902978439,0.29296660197192004,0.2493661763580562,0.8182854255799197,0.7401795003722452,0.7799773210747846,0.8914137942899624,0.8121498533816339,0.4345826241825572,0.7429731023383362,0.558996932215027,0.42469771615316754,0.7290002980879696,0.5554497024989421,0.2279982325409669
704,0.8431567328918321,0.7234979681705926,0.7990546970773761,0.8767108167770417,0.8876067901919447,0.8485883424408014,0.8343399482312335,0.8280648708081362,0.3505365355135412,0.35687593423019437,0.6898454746136866,0.891970802919708,0.9123881300047103,0.6052306251242943,0.7578994353504385,0.6815583355654748,0.7965101370890366,0.8050890880678097,0.5886777312965913,0.40766393797403166,0.5391399384723395,0.3082055872566877,0.43548691189590943,0.8203327925292148,0.7695541948647983,0.7556743781337061,0.8975692413653898,0.8273513276487942,0.3554420665393377,0.572710510425415,0.5909968197425813,0.3779368000712602,0.6567342606620351,0.42769706703032634,0.217785372338034
705,0.8556291390728479,0.7705539458136208,0.7705322108098137,0.86037527593819,0.8918229224453569,0.8646402550091077,0.8499938370516458,0.8460692688290266,0.483903934593766,0.38490284005979075,0.6589403973509934,0.8817518248175185,0.9039095619406499,0.7276495920219173,0.6556604293820634,0.7346163078413852,0.8175690599662051,0.7050796331345204,0.4939181085811224,0.6151697736860526,0.5330060251119885,0.3350570052981431,0.5825342953516942,0.8325618450020282,0.7874556077474549,0.7433287370695246,0.8958713840703258,0.8141171331634687,0.16373552049698942,0.39483218765744343,0.5394435130403035,0.31687558561386286,0.616822136532704,0.46041377892700425,0.3796673073565644
706,0.8722958057395145,0.7808013669775367,0.7654612867197904,0.8456953642384102,0.8913791190502609,0.8800091074681236,0.8658942438062369,0.8633864760857612,0.6290240163515586,0.4428251121076233,0.6766004415011038,0.8978102189781023,0.9156853509185114,0.6889605071259606,0.6706918925837417,0.7174323284932882,0.7183494774678625,0.6561676302681647,0.5554497024989421,0.6085204100094317,0.5610403444317601,0.44812151601114447,0.6405406259604224,0.813830435897355,0.8224325397074028,0.7453941336542522,0.8661022159175435,0.8008561904125209,0.2279982325409669,0.23965191358888743,0.5163113727611114,0.36938957222475954,0.6352392967763772,0.36385569652720096,0.3513530828615748
707,0.8843267108167767,0.7137362654731731,0.7485145747285671,0.8431567328918321,0.8812825918118277,0.891507285974499,0.8766177739430545,0.8753435953820787,0.6964741951967297,0.5175635276532138,0.685430463576159,0.9138686131386862,0.9260480452190296,0.7234979681705926,0.6052306251242943,0.6819046882443036,0.8691786297924402,0.7774010484960723,0.42769706703032634,0.6062912331423802,0.5288097166524387,0.22306641838232838,0.45136562197454216,0.7990546970773761,0.8244331813765343,0.7466937097648149,0.8547728094887693,0.794158535712676,0.217785372338034,0.1675235741119303,0.4573731992041943,0.3553045264718272,0.6087994532661194,0.3718531316751343,0.5368490969775996
708,0.8927152317880793,0.7868120724112,0.7544037352329276,0.8556291390728479,0.8648618661932774,0.9002732240437155,0.8851226426722545,0.884139637163277,0.6775677056719469,0.601270553064275,0.6843267108167771,0.9189781021897812,0.9317004239284032,0.7705539458136208,0.7276495920219173,0.5143946825900105,0.7154828021044448,0.6660779414056464,0.46041377892700425,0.5377089312028931,0.7746834003918559,0.4572906417079785,0.6375994984109794,0.7705322108098137,0.8363831407912506,0.7529036867090788,0.8321254616147433,0.8175677296894893,0.3796673073565644,0.14344839354751093,0.456015928406474,0.41736943281483185,0.5686793978565169,0.33389099627803376,0.5488133297351895
709,0.8976821192052986,0.7202661767824701,0.7433139858068284,0.8722958057395145,0.8501054033063351,0.9060792349726778,0.8914088499938377,0.8896371632765252,0.623403168114461,0.6677877428998505,0.6777041942604857,0.9145985401459855,0.9340555817239754,0.7808013669775367,0.6889605071259606,0.5193227689584425,0.7636549002715167,0.8089317043607895,0.36385569652720096,0.4989906122644496,0.7016384811764975,0.33880257311593276,0.42828558287575424,0.7654612867197904,0.818079222390466,0.7454795452317093,0.8153257089122746,0.8435287447422567,0.3513530828615748,0.1724669221737018,0.44457418743886457,0.42833685706458424,0.48040580705444363,0.46697329428252965,0.7782438189262428
710,0.9002207505518758,0.659561491263803,0.7657986242910586,0.8843267108167767,0.8475535337845344,0.9107468123861562,0.8967089855787012,0.8951346893897751,0.5794583546244252,0.6849775784753364,0.6578366445916115,0.9000000000000001,0.9260480452190296,0.7137362654731731,0.7234979681705926,0.7578994353504385,0.7368431959618977,0.5349585987183012,0.3718531316751343,0.3666130819579685,0.3957791801815548,0.3037957380989717,0.6245093544008562,0.7485145747285671,0.8036406974422962,0.7750645768093414,0.8216469411846137,0.8745121664735609,0.5368490969775996,0.3139599185781993,0.4201302527549326,0.4657566286800511,0.46380270878009616,0.5507888821820943,0.7839907055625892
711,0.903311258278146,0.7024457469901542,0.7742310515997364,0.8927152317880793,0.860090979695995,0.9150728597449902,0.9007765314926668,0.9003573391973614,0.5549310168625448,0.6532137518684604,0.6467991169977925,0.8963503649635036,0.921337729627885,0.7868120724112,0.7705539458136208,0.6556604293820634,0.7345406081726562,0.6046814221015779,0.33389099627803376,0.3608147850444473,0.5440921275024576,0.35046759520504867,0.604467524646839,0.7544037352329276,0.7757691551407236,0.7930941725061372,0.8319318897079192,0.8694923172861422,0.5488133297351895,0.4542929434179871,0.38823008891785077,0.4627703887099507,0.49649452478632894,0.613986672460673,0.7886109475237605
712,0.9028697571743924,0.7417411317198823,0.811911913618628,0.8976821192052986,0.8768445578608679,0.9146174863387975,0.8999137187230377,0.899257833974711,0.5298926928972918,0.5952914798206278,0.6467991169977925,0.8985401459854014,0.9232218558643428,0.7202661767824701,0.7808013669775367,0.6706918925837417,0.5968536868569672,0.6095668306520903,0.46697329428252965,0.4011886931936003,0.5688893493493452,0.5332662209865857,0.6426064941099949,0.7433139858068284,0.7708139603530979,0.8283215562934337,0.8677160222530655,0.8768528329325602,0.7782438189262428,0.6166390804097674,0.39431852645594606,0.47130732212678916,0.5728991555541452,0.48332617827087426,0.6320107292143796
713,0.8919426048565118,0.7476955681904318,0.8356181821318395,0.9002207505518758,0.8889382003772335,0.9042577413479052,0.8888204116849505,0.8875755909840572,0.4675523760858457,0.5175635276532138,0.6379690949227373,0.891970802919708,0.9166274140367405,0.659561491263803,0.7137362654731731,0.6052306251242943,0.6789723587324126,0.6615942536194215,0.5507888821820943,0.5026789099729442,0.6418747095952824,0.4545989356696928,0.5992707360663954,0.7657986242910586,0.7542540084714447,0.8303365235289836,0.8787388607444749,0.8716452119041235,0.7839907055625892,0.7710151882356082,0.46419990788971077,0.5013878857030544,0.6439788688575164,0.5277560202225623,0.5762099839903757
714,0.8704194260485654,0.8408414675704261,0.8450327458002688,0.903311258278146,0.8973704648840561,0.8874089253187618,0.8694687538518431,0.8646234194612425,0.3536024527337762,0.4162929745889387,0.5860927152317881,0.8642335766423359,0.9034385303815355,0.7024457469901542,0.7868120724112,0.7276495920219173,0.550363805892168,0.6852757881906637,0.613986672460673,0.5305744306679215,0.6119582449984771,0.6836410926658575,0.6780868399912363,0.7742310515997364,0.760008765773395,0.8423720504593295,0.8665976036900472,0.8824029750928821,0.7886109475237605,0.7844025958065357,0.4551190980850294,0.5488578118698741,0.6422084374539948,0.3894527215899348,0.5754590410411492
715,0.8551876379690952,0.7762216494168221,0.8494247087443404,0.9028697571743924,0.902363253078887,0.872267759562841,0.8513496856896343,0.8459318306761956,0.28513030148186,0.3479073243647235,0.5805739514348787,0.8708029197080294,0.9024964672633067,0.7417411317198823,0.7202661767824701,0.6889605071259606,0.6309643959365232,0.6571936451945852,0.48332617827087426,0.533251495271529,0.585457576320537,0.533648182938436,0.6345678642662549,0.811911913618628,0.7491721080800972,0.8239370671093273,0.8707824273469124,0.8750277749507587,0.6320107292143796,0.8431930330273791,0.529725521564291,0.5498228771345623,0.6703704475949807,0.5247108634446371,0.6270923895617362
716,0.8584988962472409,0.8175114492587774,0.861269273639797,0.8919426048565118,0.9049151226006877,0.8696493624772312,0.8502403549858255,0.8475810885101698,0.35104752171691367,0.3505231689088192,0.6390728476821192,0.8992700729927008,0.9109750353273669,0.7476955681904318,0.659561491263803,0.7234979681705926,0.7165078104622467,0.6868712252553664,0.5277560202225623,0.6750141346503711,0.5923583257706628,0.48794022415535426,0.6511378659241391,0.8356181821318395,0.7711435991615564,0.8093951553071697,0.8532254833102882,0.8715680726321857,0.5762099839903757,0.8027882920407686,0.6156146232036921,0.6144525580923894,0.7078908673571114,0.40843295016629066,0.6875563404014582
717,0.8757174392935987,0.8006637700444124,0.8705242074921402,0.8704194260485654,0.9080217463663605,0.8825136612021858,0.8667570565758669,0.8654480483782301,0.5304036791006643,0.398355754857997,0.6865342163355409,0.9153284671532846,0.9232218558643428,0.8408414675704261,0.7024457469901542,0.7705539458136208,0.7491928845964306,0.6061922531396977,0.3894527215899348,0.5919924230111424,0.5270501209906434,0.4367796338929193,0.7100420749270762,0.8450327458002688,0.7793835804953727,0.7813240392205537,0.8496564611542669,0.8606230926622945,0.5754590410411492,0.8059116880943133,0.7375016125873466,0.6431256000163101,0.756484596540155,0.5409053829927262,0.633064508676477
718,0.8917218543046355,0.8436156960481274,0.8858920001403641,0.8551876379690952,0.9075779429712636,0.8997040072859743,0.8849993837051646,0.8831775700934585,0.6750127746550844,0.4540358744394619,0.6799116997792495,0.913138686131387,0.9307583608101742,0.7762216494168221,0.7417411317198823,0.7808013669775367,0.7946128684800442,0.6050168248495638,0.5247108634446371,0.5970746678027632,0.560473442977883,0.4342304661321652,0.7579694658579218,0.8494247087443404,0.8162044848817355,0.7763333628306294,0.8357498618043824,0.8373218543201769,0.6270923895617362,0.7211797751976464,0.8034461276490725,0.7078987442059356,0.8491662466738555,0.5118217875463261,0.6379354601151325
719,0.9016556291390723,0.7924288599788643,0.9105895379045552,0.8584988962472409,0.8965938089426384,0.9121129326047352,0.8969555035128809,0.8947223749312805,0.7056719468574348,0.5246636771300448,0.6589403973509934,0.9080291970802921,0.9335845501648611,0.8175114492587774,0.7476955681904318,0.7137362654731731,0.6773638320948194,0.6685362720183594,0.40843295016629066,0.5176537306406355,0.5767006991566828,0.5024637246069636,0.6413655112141875,0.861269273639797,0.8393697257895675,0.7596548336473903,0.8361746732875703,0.822482468802385,0.6875563404014582,0.7249440327471504,0.9378092528100165,0.7630195295144915,0.9452366573818632,0.6175372457856125,0.41969404078118305
720,0.9102649006622521,0.8809374310907163,0.9082610071469626,0.8757174392935987,0.8749583934317098,0.9207650273224042,0.9038580056699135,0.9017317207256728,0.6658150229943791,0.6266816143497758,0.6611479028697572,0.9240875912408761,0.9463024022609514,0.8006637700444124,0.8408414675704261,0.7868120724112,0.8484781212432466,0.5361126856677654,0.5409053829927262,0.5112082851576397,0.5924726623361161,0.4171432647474985,0.864622211165068,0.8705242074921402,0.8485694290368223,0.7654507978077315,0.8583671271805599,0.8087918324132279,0.633064508676477,0.6803506674187991,0.9112952758252284,0.71001131874042,0.9714724626743878,0.4915611644956235,0.5236820810289919
721,0.9181015452538626,0.9007589706671499,0.9246642300940089,0.8917218543046355,0.859647176300899,0.9258879781420761,0.9105139898927646,0.9053051126992848,0.6280020439448135,0.7047832585949179,0.6898454746136866,0.9364963503649637,0.9674988224211022,0.8436156960481274,0.7762216494168221,0.7202661767824701,0.7488713155507956,0.7381973493879048,0.5118217875463261,0.6285737456746349,0.6807383801696258,0.5404964850909678,0.6926946381494042,0.8858920001403641,0.8528611580198544,0.7545365443800581,0.8583184201903064,0.8276990621279584,0.6379354601151325,0.7259623678731153,1.0,0.74733207775106,0.9680048762111945,0.4188100828604902,0.46145199043411494
722,0.9219646799117003,0.9336483763032213,0.9029696449059798,0.9016556291390723,0.8629757017641193,0.9285063752276859,0.9179095279181566,0.9097031335898844,0.5998978027593256,0.7066517189835576,0.7030905077262694,0.9182481751824818,0.9689119170984456,0.7924288599788643,0.8175114492587774,0.659561491263803,0.806859383299189,0.6726365350435888,0.6175372457856125,0.6168979962432967,0.7763895896923296,0.5145729843433258,0.7913160559886476,0.9105895379045552,0.8644354046837184,0.7766653620131206,0.8464089330462338,0.8579581869172597,0.41969404078118305,0.5986004036227844,0.8574579060818033,0.72372241858555,0.8433300825083415,0.2787411828020899,0.6005362429136651
723,0.9252759381898459,0.9219672908025665,0.9227461112816527,0.9102649006622521,0.8802840341728615,0.9316939890710385,0.9234561814371998,0.9149257833974715,0.5753704649974452,0.6595665171898356,0.7052980132450332,0.9072992700729927,0.9651436646255298,0.8809374310907163,0.8006637700444124,0.7024457469901542,0.7941338587351154,0.7811598180985619,0.4915611644956235,0.6240790703853352,0.7206249487626664,0.515651747694145,0.6746610076774993,0.9082610071469626,0.8734791212077296,0.7849643456169112,0.8441551322105545,0.8817631456185206,0.5236820810289919,0.6385549953688293,0.8940588906100728,0.7734385562904561,0.8367881598417266,0.2622434133257922,0.4617631408870893
724,0.924944812362031,0.8839293874389256,0.9259209286262422,0.9181015452538626,0.8963719072450909,0.9312386156648449,0.9246887711080984,0.9134139637163274,0.5375574859478794,0.6042600896860987,0.7064017660044151,0.8978102189781023,0.9689119170984456,0.9007589706671499,0.8436156960481274,0.7417411317198823,0.7934598956488212,0.6708612072623765,0.4188100828604902,0.5115109062011264,0.6415919408960795,0.4770598845350707,0.7388408464255787,0.9246642300940089,0.888496188053122,0.8220489055691409,0.8498831998697836,0.911586864571044,0.46145199043411494,0.5922532470877576,0.7827268333245512,0.7683233652390923,0.7749211678664376,0.305352415113361,0.5283493378236077
725,0.9145695364238406,0.8054210193449318,0.933791829959704,0.9219646799117003,0.9063574836347499,0.9199681238615662,0.9145815358067302,0.9006322155030233,0.4716402657128258,0.5355007473841554,0.7119205298013245,0.889051094890511,0.968440885539331,0.9336483763032213,0.7924288599788643,0.7476955681904318,0.7983116079639476,0.6522190586149215,0.2787411828020899,0.4735365737849644,0.5552727158616527,0.39096027105215264,0.671148296992953,0.9029696449059798,0.9126300753335652,0.8453800208573496,0.863993231151883,0.9063835645784248,0.6005362429136651,0.5283555793707962,0.7316347993741594,0.7558372274914779,0.8066469160489674,0.45103991839421836,0.3201896847837441
726,0.8962472406181021,0.7806191426450528,0.9240689518418983,0.9252759381898459,0.9150116498391219,0.8977686703096532,0.8941205472698139,0.8813908741066525,0.37148696985181406,0.44431988041853515,0.7439293598233996,0.889051094890511,0.9561940650023552,0.9219672908025665,0.8809374310907163,0.8408414675704261,0.8040777927898581,0.65665701038942,0.2622434133257922,0.316045822258595,0.4347325481719959,0.35938762537600144,0.639873415381573,0.9227461112816527,0.9103546866138741,0.8546455984497866,0.8654042405603638,0.9137328033752701,0.4617631408870893,0.5002761974603498,0.6698887839918112,0.7307433396668286,0.7653006691900066,0.49729852559075816,0.37308526178938956
727,0.8838852097130241,0.7768661292524062,0.9413981631811167,0.924944812362031,0.9228891601020752,0.8820582877959922,0.8792062122519417,0.865585486531061,0.31578947368421056,0.3759342301943199,0.772626931567329,0.8956204379562045,0.9576071596796984,0.8839293874389256,0.9007589706671499,0.7762216494168221,0.765265436013161,0.7071682629869596,0.305352415113361,0.2832794345538398,0.4969371534343367,0.3955991537180673,0.5874120757399055,0.9259209286262422,0.9263835530304272,0.858968058297593,0.8549829403766638,0.8764341491530928,0.5283493378236077,0.503792556706379,0.7116301801164782,0.7924714110707695,0.8955942745338928,0.5176358179114378,0.32330118931348795
728,0.8890728476821188,0.8142240492424371,0.9050200477743606,0.9145695364238406,0.9267724398091648,0.8854735883424407,0.8795759891532113,0.8648982957669045,0.3878385283597343,0.3804185351270553,0.7913907284768212,0.9277372262773724,0.9821008007536504,0.8054210193449318,0.9336483763032213,0.8175114492587774,0.8357432185186564,0.6564664410095666,0.45103991839421836,0.28949024474303586,0.49291885421379317,0.36139084505049496,0.6766728581475299,0.933791829959704,0.9051840845440181,0.87062518219124,0.8295072585243322,0.8595401989299499,0.3201896847837441,0.44803314580505754,0.5560420721040397,0.7647217104578449,0.8447242393110274,0.26261573625990187,0.3942434925916477
729,0.9061810154525389,0.8262119656757907,0.906541314418643,0.8962472406181021,0.9301009652723851,0.9032331511839704,0.8957229138419822,0.8813908741066525,0.5518650996423097,0.42713004484304934,0.7902869757174393,0.9452554744525548,0.9985869053226566,0.7806191426450528,0.9219672908025665,0.8006637700444124,0.8652025285768712,0.5308133590174382,0.49729852559075816,0.32238790753102253,0.5223882316817778,0.3433452741882124,0.8100665363552342,0.9240689518418983,0.9245092097801045,0.8797336561197044,0.8221159587972079,0.8353529023326112,0.37308526178938956,0.3787106349547659,0.5310897749409804,0.7840682902330823,0.9050758291674332,0.2578226702852089,0.375885615866159
730,0.9213024282560704,0.8386333427957915,0.913287801275896,0.8838852097130241,0.9297681127260624,0.9197404371584694,0.9137187230371011,0.9002199010445295,0.6791006642820644,0.47944693572496266,0.7814569536423841,0.9386861313868613,0.9985869053226566,0.7768661292524062,0.8839293874389256,0.8436156960481274,0.8369658566816156,0.5702884208655608,0.5176358179114378,0.3925215109040531,0.49118664735001394,0.3853395031765031,0.7857980853430808,0.9413981631811167,0.927611571022018,0.8948582524601694,0.8111601866214612,0.8425173553701009,0.32330118931348795,0.39227373490373607,0.5032735555146143,0.8229354196422658,0.9050808413416594,0.16639123584742027,0.31209977300641
731,0.9292494481236204,0.6731720121127882,0.8919900682559406,0.8890728476821188,0.9193387329413074,0.9299863387978133,0.9260446197460861,0.9114898295766904,0.6918753193663771,0.5414798206278028,0.7615894039735099,0.9182481751824818,0.9938765897315119,0.8142240492424371,0.8054210193449318,0.7924288599788643,0.8156114901363161,0.5736942670388885,0.26261573625990187,0.2716651583782863,0.37440049672295367,0.23649662956651793,0.6022447089981415,0.9050200477743606,0.9353028416009286,0.919164950099661,0.8183397505025596,0.8521408642219184,0.3942434925916477,0.2815084186538136,0.35487207484252514,0.7591748736706159,0.8296569040862716,0.4781759377258978,0.4623854417930381
732,0.9348785871964687,0.6813479697265947,0.8896089552474984,0.9061810154525389,0.9009208920448248,0.9388661202185791,0.9360285960803645,0.9195986805937331,0.6387327542156362,0.6225710014947683,0.7317880794701987,0.8963503649635036,0.9901083372585963,0.8262119656757907,0.7806191426450528,0.8809374310907163,0.7140698961679561,0.6638421921837931,0.2578226702852089,0.3175012133059292,0.29230224083515,0.3498199221683685,0.5248236114561051,0.906541314418643,0.9258018602975684,0.916873268491176,0.8147608683211474,0.8810784546584755,0.375885615866159,0.30938812410447436,0.3547024207944002,0.7614689858201914,0.7560584664174599,0.5315946862790193,0.4695419022114489
733,0.9397350993377485,0.6210532889560181,0.8827963263622332,0.9213024282560704,0.8884943969821375,0.946948998178506,0.9436706520399363,0.9263331500824625,0.5912110373019929,0.6808669656203289,0.7019867549668874,0.8832116788321169,0.987753179463024,0.8386333427957915,0.7768661292524062,0.9007589706671499,0.8074502706354458,0.6212867755760847,0.16639123584742027,0.23891367032224894,0.21042513423544257,0.19109451315933407,0.49987772347713766,0.913287801275896,0.9427355820763464,0.9330169093793422,0.8354967110604832,0.8841678898769618,0.31209977300641,0.21771161519013948,0.27979761583853097,0.7014196117546792,0.7319061956573497,0.5584080940419612,0.5103026115510934
734,0.9438189845474616,0.7035565075617818,0.8934451928722109,0.9292494481236204,0.893709086874515,0.9509335154826957,0.9484777517564411,0.9318306761957116,0.573326520183955,0.6771300448430493,0.7041942604856513,0.8817518248175185,0.9863400847856805,0.6731720121127882,0.8142240492424371,0.9336483763032213,0.7366743679980345,0.7201208102122489,0.4781759377258978,0.3016613440291591,0.26112941653611277,0.3494109762585575,0.4951276810847027,0.8919900682559406,0.9071876928460874,0.911665642398219,0.8696680560696171,0.904718124957119,0.4623854417930381,0.39629243118491236,0.384152173170212,0.6520940471121902,0.7102987454353719,0.5096383827635045,0.5137252665338117
735,0.9481236203090511,0.754216768698944,0.8925853465080512,0.9348785871964687,0.9109064684344839,0.9543488160291442,0.952422038703316,0.9362286970863103,0.567194685743485,0.6337817638266069,0.7141280353200883,0.8868613138686132,0.9896373056994817,0.6813479697265947,0.8262119656757907,0.9219672908025665,0.6955339654143256,0.7246586186792481,0.5315946862790193,0.35541222709696985,0.32484097284924407,0.4442285631064879,0.5459830491648988,0.8896089552474984,0.9086742409411708,0.9311291449206455,0.8831616089772258,0.8904633790984893,0.4695419022114489,0.38725036455226564,0.3175701243205505,0.6211251312806146,0.741502980998016,0.553641977139008,0.4029557052749305
736,0.9484547461368651,0.7152469782477944,0.8944373232923952,0.9397350993377485,0.9261067347165213,0.954007285974499,0.9518057438678666,0.9343045629466742,0.5462442514052122,0.5837070254110613,0.7207505518763797,0.8927007299270076,0.9976448422044276,0.6210532889560181,0.8386333427957915,0.8839293874389256,0.6942014587640877,0.8106109961089949,0.5584080940419612,0.2839833892545335,0.32388860367765293,0.4053543733036349,0.42120834066345675,0.8827963263622332,0.9152667585802371,0.9342537205764195,0.8720935246226642,0.8969342180613185,0.5103026115510934,0.3686638942518251,0.313302044266085,0.6491290112661607,0.730969609278111,0.5745335405841494,0.4854105753131426
737,0.9380794701986757,0.7589633051194706,0.905813752110508,0.9438189845474616,0.934095195828248,0.9433060109289615,0.9412054726981389,0.92152281473337,0.47930505876341345,0.5216741405082213,0.7207505518763797,0.8868613138686132,0.9971738106453131,0.7035565075617818,0.6731720121127882,0.8054210193449318,0.8016291585907354,0.7584974404498865,0.5096383827635045,0.5747204494905717,0.448799693285666,0.33954919942464024,0.5187493819484184,0.8934451928722109,0.8944550852490672,0.9420000643896929,0.8445267358426417,0.8993963583223519,0.5137252665338117,0.4927411419331441,0.3246124564104185,0.7342228869055668,0.7534762599896084,0.4638076748889424,0.36375074820015796
738,0.916666666666667,0.8446199319560002,0.8814073437739752,0.9481236203090511,0.9397536891157223,0.9244080145719487,0.9202514482928641,0.9025563496426603,0.36024527337761886,0.43011958146487295,0.6898454746136866,0.8693430656934309,0.9707960433349034,0.754216768698944,0.6813479697265947,0.7806191426450528,0.7464588522494342,0.8303210830281191,0.553641977139008,0.6824112146433825,0.5616859806032891,0.48500424763341476,0.543301806588646,0.8925853465080512,0.8921283143176321,0.9324310514438846,0.8347770338781332,0.9111617168030364,0.4029557052749305,0.4091020255811619,0.2772367678058517,0.6998159316959609,0.6653190502297291,0.3401691672110583,0.6889029715583905
739,0.9019867549668872,0.8222653477109301,0.9007869579815743,0.9484547461368651,0.9446355264617781,0.9116575591985425,0.9006532725255769,0.8868884002199007,0.29075114971895766,0.3639760837070254,0.6666666666666667,0.8883211678832117,0.9618464437117286,0.7152469782477944,0.6210532889560181,0.7768661292524062,0.7943274703321705,0.8063552210522893,0.5745335405841494,0.7351443423485451,0.5426755630747399,0.41247324060603463,0.5418943922905038,0.8944373232923952,0.8854711641526926,0.9494860268983184,0.849574573399163,0.9237871511154403,0.4854105753131426,0.5085647585402759,0.28385229189027317,0.7119625333422095,0.6839390309792991,0.2588057063524386,0.3587723409525678
740,0.9064017660044152,0.77792062086092,0.8863018538468842,0.9380794701986757,0.9487407078664161,0.9170081967213113,0.9026254159990139,0.8875755909840572,0.35922330097087385,0.3650971599402093,0.6589403973509934,0.9058394160583942,0.9783325482807348,0.7589633051194706,0.7035565075617818,0.8142240492424371,0.7784391523519751,0.7848103383464942,0.4638076748889424,0.5588377559285614,0.4591771616795495,0.3830816446193437,0.5142073960314865,0.905813752110508,0.8958770008182776,0.9136835975092399,0.8668873544574248,0.923776682264435,0.36375074820015796,0.4131207218623382,0.3544890167916769,0.6418670114494256,0.6479744624037239,0.36453380442183303,0.6363185450057194
741,0.9236203090507722,0.7652466796921225,0.9310138647831881,0.916666666666667,0.9530677909686016,0.9346539162112926,0.9206212251941328,0.9061297416162724,0.538068472151252,0.40881913303437967,0.6600441501103753,0.913138686131387,0.9882242110221385,0.8446199319560002,0.754216768698944,0.8262119656757907,0.8413687098622624,0.7623210014034871,0.3401691672110583,0.4708092350717578,0.4339732574627493,0.3049935239952035,0.5219343200588312,0.8814073437739752,0.895036777981926,0.9151807900109649,0.8756624560636607,0.9036494098431158,0.6889029715583905,0.5861758304704936,0.4938418305699749,0.724439682221941,0.8061398483508678,0.2681408259384365,0.5491964181728916
742,0.938631346578366,0.67818316720642,0.8802167872697542,0.9019867549668872,0.9534006435149234,0.9502504553734061,0.937384444718353,0.9246838922484883,0.6755237608584568,0.4585201793721973,0.6589403973509934,0.913138686131387,0.9886952425812529,0.8222653477109301,0.7152469782477944,0.8386333427957915,0.8156262352740917,0.9268904017688033,0.2588057063524386,0.4039635330804715,0.3323017747589332,0.24165724078342204,0.26946786416138846,0.9007869579815743,0.8968464887063756,0.921820513279485,0.8729909264948087,0.8771252197887843,0.3587723409525678,0.38624569048197155,0.30818034820072643,0.6149352527944717,0.7419693597014145,0.36547894749733445,0.8286095249438894
743,0.9477924944812361,0.7179247346068376,0.9247303721220211,0.9064017660044152,0.9429712637301675,0.9584471766848814,0.9490940465918896,0.9373282023089615,0.6974961676034748,0.5246636771300448,0.6710816777041942,0.9043795620437958,0.9844559585492227,0.77792062086092,0.7589633051194706,0.6731720121127882,0.8817828915798227,0.8713039305769872,0.36453380442183303,0.398438995243458,0.5420148576798725,0.21437405039178328,0.3660037112143666,0.8863018538468842,0.9079632831565657,0.9008598182553336,0.8312688326572192,0.8563091531799119,0.6363185450057194,0.5120811177863052,0.5205173309103841,0.8056526629238981,0.901252772734782,0.3533345263001079,0.5809337643762789
744,0.9543046357615896,0.6285887849423393,0.9509226152148855,0.9236203090507722,0.9214467990680131,0.9642531876138429,0.9568593615185503,0.9446124244090157,0.6479305058763414,0.6192077727952168,0.6799116997792495,0.9014598540145986,0.9872821479039096,0.7652466796921225,0.8446199319560002,0.6813479697265947,1.0,0.9236232982888559,0.2681408259384365,0.1552159481465667,0.4423597217737491,0.0,0.21855702405006872,0.9310138647831881,0.8841138811093555,0.8985163865135029,0.812915089710984,0.8561871945787372,0.5491964181728916,0.7042250337300482,0.6127078600868385,0.9045482173842958,0.966614121113639,0.6338791858539685,0.4471390695972932
745,0.9608167770419422,0.6189389598362531,0.9595210788564825,0.938631346578366,0.9066903361810725,0.9692622950819674,0.9631455688401336,0.9501099505222648,0.6085845682166582,0.6909566517189836,0.6964679911699779,0.9072992700729927,0.9962317475270842,0.67818316720642,0.8222653477109301,0.6210532889560181,0.8064621075599838,0.8408031023051681,0.36547894749733445,0.1728743556756267,0.49411770820905027,0.18993133696449327,0.28735477352213334,0.8802167872697542,0.9030512111902025,0.8918115679188209,0.7776010284683357,0.8635490311271612,0.8286095249438894,0.6632845653655643,0.6624309927213614,1.0,0.9707588112313825,0.7512033078514888,0.5050130538505289
746,0.9665562913907291,0.6490219843049623,0.9513856094109715,0.9477924944812361,0.9111283701320314,0.973474499089253,0.9689387402933565,0.9565695437053323,0.5927439959121104,0.695440956651719,0.7130242825607065,0.9109489051094892,0.9985869053226566,0.7179247346068376,0.77792062086092,0.7035565075617818,0.7452013779081863,1.0,0.3533345263001079,0.2763218551425688,0.4405453628744003,0.28427699840406473,0.16767976415132513,0.9247303721220211,0.8888966880239721,0.9022919154308967,0.8078401283620393,0.8694061424823972,0.5809337643762789,0.6873967430526223,0.6018242559479516,0.9165124455557853,0.9368465225844167,0.6656465502313076,0.6316512882111036
747,0.9695364238410598,0.7828051602502839,0.9491367804585539,0.9543046357615896,0.9284367025407745,0.9779143897996354,0.972143473437693,0.9613798790544257,0.5763924374041901,0.6472346786248132,0.6997792494481236,0.9116788321167886,0.9948186528497409,0.6285887849423393,0.7652466796921225,0.754216768698944,0.8666797469175176,0.7964266219045246,0.6338791858539685,0.47988332618195756,0.5254952485173741,0.2969861886540141,0.5084054441033634,0.9509226152148855,0.9325882755142543,0.9014456761907912,0.839018031069603,0.8655775290961163,0.4471390695972932,0.509067095575423,0.5973427718907629,0.8443617293190407,0.940213964163237,0.4268968094427781,0.6605882803377214
748,0.9683222958057396,0.8664640281510589,0.9700376613104356,0.9608167770419422,0.9435260179740377,0.9782559198542797,0.970294588931345,0.9611050027487629,0.5406234031681145,0.5923019431988042,0.6843267108167771,0.9145985401459855,0.9905793688177108,0.6189389598362531,0.67818316720642,0.7152469782477944,0.8034956092295431,0.9111235471712504,0.7512033078514888,0.7171712065909328,0.6508191802826385,0.44865502056744994,0.4897235861679929,0.9595210788564825,0.8829504956436379,0.9032683453233261,0.8997054266823411,0.8774234485470201,0.5050130538505289,0.7813337686251189,0.6588031246750657,0.761273031501636,0.9644368326298235,0.3540227389925342,0.4723422562882184
749,0.9568432671081677,0.8285031662004627,0.9888219972659241,0.9665562913907291,0.952734938422279,0.9675546448087431,0.9596943177616173,0.9491478834524463,0.4609095554420031,0.5224215246636772,0.673289183222958,0.9014598540145986,0.9825718323127649,0.6490219843049623,0.7179247346068376,0.7589633051194706,0.7278813976704637,0.8657309551854162,0.6656465502313076,0.6091722159396129,0.5673467964507535,0.4875458041621439,0.4918303292514967,0.9513856094109715,0.9264481855563004,0.9144647414231835,0.9299288887013802,0.8950495578895317,0.6316512882111036,0.6836292152890195,0.6827043729800725,0.7388953874685416,0.969881680741816,0.43426583922858636,0.4309592460426252
750,0.9365342163355406,0.7724070071086455,0.9927243769186489,0.9695364238410598,0.9592810384999453,0.9454690346083785,0.9386170343892526,0.9294942275975817,0.3530914665304037,0.4316143497757848,0.6843267108167771,0.891970802919708,0.963259538389072,0.7828051602502839,0.6285887849423393,0.8446199319560002,0.7485798900907685,0.8738362045389589,0.4268968094427781,0.6553723651665272,0.42247840508144263,0.40822738483843163,0.42294425471152325,0.9491367804585539,0.952042665802087,0.8904445660694199,0.9439709116271744,0.8956139554280589,0.6605882803377214,0.5989854248667432,0.7740412861456337,0.7175516283130081,0.9782572868073501,0.598423923596352,0.42131358200041924
751,0.924282560706402,0.7981086182063741,0.973609330823099,0.9683222958057396,0.9658271385776107,0.9303278688524586,0.92320966350302,0.9149257833974715,0.3019928461931528,0.3680866965620329,0.7086092715231789,0.902189781021898,0.9609043805934997,0.8664640281510589,0.6189389598362531,0.8222653477109301,0.731307475040218,0.8098311899153838,0.3540227389925342,0.7045075010943821,0.4715908346470923,0.452613702881939,0.5122437228712242,0.9700376613104356,0.9604448941656027,0.9095174966348742,0.9331141932804604,0.8893715060429335,0.4723422562882184,0.4937458160034382,0.6498401565606883,0.6975304932786662,0.9453654110993845,0.5458382820564751,0.5314608423533516
752,0.9315673289183222,0.8239656538745024,0.9835967770529538,0.9568432671081677,0.9715965827138584,0.9348816029143894,0.9280167632195249,0.9193238042880703,0.3888605007664794,0.37331838565022424,0.7373068432671082,0.9218978102189781,0.9769194536033913,0.8285031662004627,0.6490219843049623,0.77792062086092,0.6815583355654748,0.8514596809600672,0.43426583922858636,0.698633778370674,0.5433355720833929,0.5307045879287688,0.500552955953133,0.9888219972659241,0.9524950934831993,0.8952616202054048,0.9070619616207201,0.9030694846799432,0.4309592460426252,0.5625659898185827,0.7287996375682997,0.7762159363887803,0.9381414383374259,0.31187487659935254,0.45865163635734546
753,0.9493377483443712,0.8984255649077237,0.9854487538372977,0.9365342163355406,0.974592255630756,0.9526411657559191,0.9453962775791944,0.9369158878504669,0.565150740929995,0.4233931240657698,0.7428256070640177,0.9364963503649637,0.9924634950541686,0.7724070071086455,0.7828051602502839,0.7652466796921225,0.7346163078413852,0.7824007970758942,0.598423923596352,0.6161800792243418,0.6323845521062478,0.5528098767642132,0.6478207961452764,0.9927243769186489,0.9502975876035105,0.9392660606908906,0.8938277001663832,0.912535216002784,0.42131358200041924,0.578138437908141,0.590513843803618,0.8088782108675016,0.9206032819861446,0.3765350183754953,0.4539843795627297
754,0.9647902869757177,0.8823054483038213,0.9897479856580962,0.924282560706402,0.9733717962942423,0.9681238615664842,0.9620362381363248,0.95519516217702,0.6934082779764946,0.4798206278026906,0.7472406181015453,0.94014598540146,0.9957607159679699,0.7981086182063741,0.8664640281510589,0.67818316720642,0.7174323284932882,0.8035401543439349,0.5458382820564751,0.4774967754367711,0.7048872233755631,0.5539087021327151,0.6100117807836266,0.973609330823099,0.9707214657794412,0.8892728501985045,0.8960417608431094,0.92896028817023,0.5314608423533516,0.5150951399971875,0.7682793780721053,0.8138710392665832,0.8928681940557152,0.2807485485813814,0.431581546948574
755,0.9739514348785869,0.7220897548267846,0.9842581973330766,0.9315673289183222,0.961832908021746,0.9775728597449902,0.9744853938123996,0.9686641011544799,0.7020950434338273,0.5497010463378177,0.7472406181015453,0.9270072992700731,0.9886952425812529,0.8239656538745024,0.8285031662004627,0.7179247346068376,0.6819046882443036,0.7495750335600597,0.31187487659935254,0.3075741807717163,0.50053507229634,0.42512291958327775,0.4871153367321837,0.9835967770529538,0.9890771031274295,0.9330820047055042,0.8974348784574628,0.9182554805049795,0.45865163635734546,0.42291629404770553,0.6069459520133101,0.7984197606277388,0.90426609187951,0.4895428547963434,0.5295939396355053
756,0.9814569536423843,0.8479743278651277,0.9851180436972362,0.9493377483443712,0.941417951847332,0.9842896174863389,0.9839763342783194,0.9780098955470038,0.654573326520184,0.6438714499252616,0.7571743929359824,0.9204379562043796,0.9886952425812529,0.8984255649077237,0.7724070071086455,0.6285887849423393,0.5143946825900105,0.9326333645356542,0.3765350183754953,0.5605100999211842,0.720485958689379,0.7281595733321817,0.44897782927509167,0.9854487538372977,0.9928904221539482,0.9588597538656407,0.9040918400586092,0.9096757582548384,0.4539843795627297,0.41136254223932356,0.5252122189702961,0.7860547099835418,0.9264696293005146,0.27790471046720233,0.4555401318276016
757,0.9883002207505518,0.7556745633588164,0.9846550495011503,0.9647902869757177,0.9291024076334189,0.9910063752276859,0.9902625415999018,0.9852941176470589,0.6147164026571283,0.7085201793721974,0.760485651214128,0.9284671532846716,0.992934526613283,0.8823054483038213,0.7981086182063741,0.6189389598362531,0.5193227689584425,0.7773492138165832,0.2807485485813814,0.3964994046682298,0.6360194440507629,0.6277364410726518,0.4971125265422035,0.9897479856580962,0.974211622176594,0.9673221462666957,0.8961333202154756,0.899228631871883,0.431581546948574,0.4821920641950563,0.4959758705972076,0.8021191674714054,0.94975418588526,0.4449613790476859,0.4931893366375022
758,0.9948123620309044,0.7615144387494066,1.0,0.9739514348785869,0.9364251636525021,0.9969262295081966,0.9953161592505855,0.9913413963716327,0.602452733776188,0.7059043348281017,0.7682119205298014,0.9416058394160585,1.0,0.7220897548267846,0.8239656538745024,0.6490219843049623,0.7578994353504385,0.7146454055118898,0.4895428547963434,0.3686774546502438,0.6112434512145525,0.38735102337476834,0.5635239376663994,0.9842581973330766,0.9839711335834469,0.9593154211487744,0.9278478371852875,0.8940465506242545,0.5295939396355053,0.5025367141185114,0.5717342915639699,0.7687316309145876,1.0,0.5136109815550608,0.3485043760044131
759,0.9998896247240623,0.7190817186213234,0.9851180436972362,0.9814569536423843,0.9542882503051153,1.0,1.0000000000000004,0.9979384277075312,0.5912110373019929,0.6629297458893871,0.7891832229580574,0.9474452554744528,0.9990579368817711,0.8479743278651277,0.8984255649077237,0.7828051602502839,0.6556604293820634,0.751292435987029,0.27790471046720233,0.2062078087789629,0.43115447990671985,0.4491227739468152,0.4821930225676405,0.9851180436972362,0.9857808443078965,0.9571021800592677,0.9471751756464435,0.9232215521181736,0.4555401318276016,0.4389910791724108,0.5309741270438246,0.6934033873973868,0.894787232316701,0.4493358025431356,0.4241139360771887
760,1.0,0.7596432884930806,0.9926582348906366,0.9883002207505518,0.9698213691334745,0.9987477231329684,0.999506964131641,1.0,0.5600408788962699,0.6109865470852018,0.8024282560706402,0.9510948905109491,0.9924634950541686,0.7556745633588164,0.8823054483038213,0.8664640281510589,0.6706918925837417,0.8362607218356004,0.4449613790476859,0.2849899649987138,0.38710993999211274,0.4754918981808996,0.4450205539299095,0.9846550495011503,0.9899819584896544,0.9776723031264474,0.9849381727212538,0.9423775118962859,0.4931893366375022,0.4512983365335133,0.4878665184937232,0.6293008892847566,0.8687171886641802,0.469118806073623,0.29094154220415186
761,0.9912803532008825,0.8200806718500147,0.9772471423637745,0.9948123620309044,0.9790302895817158,0.9869080145719487,0.9882903981264639,0.9885926333150081,0.4895247828308636,0.5504484304932735,0.8300220750551877,0.9598540145985404,0.9943476212906264,0.7615144387494066,0.7220897548267846,0.8285031662004627,0.6052306251242943,0.7362451682345483,0.5136109815550608,0.5916767672159924,0.48767089488205884,0.6055280632146994,0.6066545709011055,1.0,0.9846174588421789,0.9961593757564443,0.9870981742212617,0.9726475973618075,0.3485043760044131,0.41362305889748524,0.3775366490857905,0.5896907301521123,0.7596284491350888,0.4950106545111602,0.34694862373954116
762,0.9749448123620308,0.7265294532897713,0.9784376988679956,0.9998896247240623,0.9865749472983474,0.9659608378870672,0.9700480709971653,0.9672897196261685,0.39039345937659686,0.4697309417040359,0.869757174392936,0.9598540145985404,0.9976448422044276,0.7190817186213234,0.8479743278651277,0.7724070071086455,0.7276495920219173,0.8089423830241369,0.4493358025431356,0.28668187576462,0.4493926051236092,0.3824602662488775,0.4351000161027339,0.9851180436972362,0.9854576816785304,1.0,1.0,0.9760566065528614,0.4241139360771887,0.4148789014853529,0.36878708497413626,0.5646463336234191,0.7546130868375192,0.5079266883140761,0.45429553001570405
763,0.9612582781456958,0.7828245839310597,0.9576691020721386,1.0,0.9934538999223346,0.9533242258652095,0.9536546283742147,0.9503848268279276,0.32652018395503324,0.40022421524663676,0.8554083885209713,0.9664233576642338,0.9971738106453131,0.7596432884930806,0.7556745633588164,0.7981086182063741,0.6889605071259606,0.8837762416861601,0.469118806073623,0.4932146550601462,0.4806585441566617,0.4805660286785418,0.42477652337912664,0.9926582348906366,0.985005253997418,0.9811874507391933,0.9802380947014478,0.9938022153704725,0.29094154220415186,0.33777016659028214,0.3634519849060544,0.560024314782578,0.6615069548469428,0.5241986985886062,0.6282286332283854
764,0.9609271523178808,0.863853935044542,0.9541635745874876,0.9912803532008825,1.0,0.9608378870673953,0.9508196721311477,0.9525838372732265,0.36535513541134396,0.37705530642750373,0.7792494481236203,0.981021897810219,0.9882242110221385,0.8200806718500147,0.7615144387494066,0.8239656538745024,0.7234979681705926,0.9062861606337478,0.4950106545111602,0.5977208790417812,0.5370435000807628,0.5285858211904072,0.4915120558895373,0.9772471423637745,1.0,0.9910168449896494,0.9646494782954499,1.0,0.34694862373954116,0.2661871390818289,0.3199175683505065,0.5855944325275333,0.6383012126477329,0.4018464857390256,0.5146587178927348
