ROW_ID,Year,CO2 (ppm),TEMP (deg C),Absolute GMSL (mm) relative to Jan 1950,CO2_3m_ago,CO2_6m_ago,CO2_12m_ago,CO2_5y_ago,CO2_10y_ago,TEMP_3m_ago,TEMP_6m_ago,TEMP_12m_ago,TEMP_5y_ago,TEMP_10y_ago,GMSL_3m_ago,GMSL_6m_ago,GMSL_12m_ago,GMSL_5y_ago,GMSL_10y_ago,GMSL_after_3m_TO_PREDICT
0,1950-01-15,309.41,14.15561478,0,307.4,315.94,309.15,307.74,307.12,14.39789479,14.50786298,14.52375786,14.32178683,14.12083333,-1.14326,-4.74326,4.55674,-15.74326,-19.74326,0.85695
1,1950-02-15,312.6,14.12923423,-1.15053,307.01,312.85,312.69,310.97,310.1,14.4117698,14.39975159,14.31706043,14.14571943,14.20850556,-0.64326,-3.44326,4.95674,-16.04326,-20.94326,1.33319
2,1950-03-15,316.04,14.29203217,-1.3122,307.46,309.2,315.67,314.63,313.18,14.39520638,14.43254463,14.36671727,14.25638287,14.18079369,0.85674,-4.84326,1.35674,-16.84326,-22.64326,1.72534
3,1950-04-15,318.66,14.22922603,0.85695,309.41,307.4,318.43,318.08,315.42,14.15561478,14.39789479,14.33282178,14.4015178,14.46109573,0,-1.14326,-1.24326,-15.54326,-27.34326,1.08913
4,1950-05-15,318.93,14.36419099,1.33319,312.6,307.01,319.01,317.46,316.55,14.12923423,14.4117698,14.45719807,14.33248227,14.54969113,-1.15053,-0.64326,-3.34326,-14.24326,-28.04326,0.40567
5,1950-06-15,318.66,14.42566579,1.72534,316.04,307.46,318.49,317.08,315.37,14.29203217,14.39520638,14.38219923,14.53285593,14.39769833,-1.3122,0.85674,-3.64326,-10.24326,-32.44326,2.13301
6,1950-07-15,316.87,14.35276213,1.08913,318.66,309.41,315.94,314.53,313.4,14.22922603,14.15561478,14.50786298,14.41746893,14.61558049,0.85695,0,-4.74326,-14.24326,-30.54326,4.96434
7,1950-08-15,312.87,14.24926943,0.40567,318.93,312.6,312.85,311.92,309.77,14.36419099,14.12923423,14.39975159,14.73053925,14.56675046,1.33319,-1.15053,-3.44326,-14.44326,-27.64326,7.72716
8,1950-09-15,309.99,14.40104859,2.13301,318.66,316.04,309.2,308.32,306.75,14.42566579,14.29203217,14.43254463,14.54015343,14.43109983,1.72534,-1.3122,-4.84326,-18.74326,-23.64326,10.13415
9,1950-10-15,306.97,14.41901963,4.96434,316.87,318.66,307.4,306.31,304.73,14.35276213,14.22922603,14.39789479,14.50766747,14.25239556,1.08913,0.85695,-1.14326,-16.24326,-19.34326,8.75009
10,1950-11-15,306.15,14.16478436,7.72716,312.87,318.93,307.01,305.4,303.8,14.24926943,14.36419099,14.4117698,14.30907243,14.30645553,0.40567,1.33319,-0.64326,-15.94326,-16.14326,12.752585
11,1950-12-15,307.44,14.40362828,10.13415,309.99,318.66,307.46,305.65,304.91,14.40104859,14.42566579,14.39520638,14.19838993,14.46596423,2.13301,1.72534,0.85674,-12.64326,-15.14326,18.037154
12,1951-01-15,309.67,14.14796633,8.75009,306.97,316.87,309.41,308.33,306.95,14.41901963,14.35276213,14.15561478,14.44568343,14.38506503,4.96434,1.08913,0,-13.74326,-15.84326,18.67058
13,1951-02-15,313.55,14.01998223,12.752585,306.15,312.87,312.6,312.02,310.26,14.16478436,14.24926943,14.12923423,14.33951183,14.52278703,7.72716,0.40567,-1.15053,-9.84326,-12.64326,18.899085
14,1951-03-15,316.26,14.22064107,18.037154,307.44,309.99,316.04,314.66,313.34,14.40362828,14.40104859,14.29203217,14.4138078,14.35222333,10.13415,2.13301,-1.3122,-10.64326,-12.24326,13.86508
15,1951-04-15,318.6,14.34704488,18.67058,309.67,306.97,318.66,317.08,315.68,14.14796633,14.41901963,14.22922603,14.44219013,14.25911703,8.75009,4.96434,0.85695,-6.74326,-10.84326,10.22884
16,1951-05-15,319.75,14.6540107,18.899085,313.55,306.15,318.93,318.39,317.17,14.01998223,14.16478436,14.36419099,14.51189606,14.45857899,12.752585,7.72716,1.33319,-4.24326,-12.74326,6.61001
17,1951-06-15,319.03,14.56574528,13.86508,316.26,307.44,318.66,317.29,316.02,14.22064107,14.40362828,14.42566579,14.42771237,14.57308285,18.037154,10.13415,1.72534,-1.24326,-12.74326,7.92512
18,1951-07-15,316.72,14.3980655,10.22884,318.6,309.67,316.87,315.48,314.25,14.34704488,14.14796633,14.35276213,14.48762983,14.52234643,18.67058,8.75009,1.08913,0.05674,-9.74326,8.06905
19,1951-08-15,312.93,14.57767289,6.61001,319.75,313.55,312.87,311.85,310.73,14.6540107,14.01998223,14.24926943,14.39606278,14.59103387,18.899085,12.752585,0.40567,-2.44326,-5.34326,9.872375
20,1951-09-15,309.69,14.57301228,7.92512,319.03,316.26,309.99,308.55,307.56,14.56574528,14.22064107,14.40104859,14.4120292,14.21175283,13.86508,18.037154,2.13301,-6.34326,-5.84326,7.99815
21,1951-10-15,307.7,14.58372109,8.06905,316.72,318.6,306.97,306.26,304.53,14.3980655,14.34704488,14.41901963,14.28779213,14.55745213,10.22884,18.67058,4.96434,-9.84326,-9.24326,7.4434
22,1951-11-15,307.37,14.48587887,9.872375,312.93,319.75,306.15,305.49,303.78,14.57767289,14.6540107,14.16478436,14.34115973,14.28115073,6.61001,18.899085,7.72716,-12.44326,-14.94326,6.96272
23,1951-12-15,307.81,14.60149663,7.99815,309.69,319.03,307.44,306.3,304.99,14.57301228,14.56574528,14.40362828,14.22547813,14.37460703,7.92512,13.86508,10.13415,-13.14326,-15.04326,5.26517
24,1952-01-15,310.41,14.55632873,7.4434,307.7,316.72,309.67,308.68,307,14.58372109,14.3980655,14.14796633,14.43281643,14.50461763,8.06905,10.22884,8.75009,-13.74326,-16.64326,5.41222
25,1952-02-15,313.85,14.47465603,6.96272,307.37,312.93,313.55,312.12,310.47,14.48587887,14.57767289,14.01998223,14.33979218,14.26915639,9.872375,6.61001,12.752585,-11.54326,-15.64326,6.05307
26,1952-03-15,316.48,14.32301228,5.26517,307.81,309.69,316.26,314.88,313.84,14.60149663,14.57301228,14.22064107,14.48694413,14.35732167,7.99815,7.92512,18.037154,-8.94326,-16.94326,8.50663
27,1952-04-15,319.25,14.35991473,5.41222,310.41,307.7,318.6,317.41,316.64,14.55632873,14.58372109,14.34704488,14.55195323,14.26248067,7.4434,8.06905,18.67058,-11.24326,-17.44326,7.41527
28,1952-05-15,320.17,14.50160687,6.05307,313.85,307.37,319.75,318.32,316.39,14.47465603,14.48587887,14.6540107,14.49650183,14.45724099,6.96272,9.872375,18.899085,-10.64326,-16.24326,8.24145
29,1952-06-15,319.5,14.52188963,8.50663,316.48,307.81,319.03,317.49,316.45,14.32301228,14.60149663,14.56574528,14.54682533,14.38621133,5.26517,7.99815,13.86508,-8.64326,-13.24326,10.50627
30,1952-07-15,316.69,14.52438823,7.41527,319.25,310.41,316.72,315.24,313.3,14.35991473,14.55632873,14.3980655,14.52319613,14.34065523,5.41222,7.4434,10.22884,-5.94326,-9.84326,11.83647
31,1952-08-15,313.92,14.37894243,8.24145,320.17,313.85,312.93,311.94,310.46,14.50160687,14.47465603,14.57767289,14.40191739,14.31739803,6.05307,6.96272,6.61001,-3.34326,-6.84326,16.40811
32,1952-09-15,310.14,14.45325463,10.50627,319.5,316.48,309.69,308.93,307.67,14.52188963,14.32301228,14.57301228,14.37415403,14.32461923,8.50663,5.26517,7.92512,0.05674,-4.94326,16.947105
33,1952-10-15,307.86,14.37365239,11.83647,316.69,319.25,307.7,306.52,304.85,14.52438823,14.35991473,14.58372109,14.48592753,14.34413808,7.41527,5.41222,8.06905,4.55674,-5.84326,16.53865
34,1952-11-15,307.35,14.15439789,16.40811,313.92,320.17,307.37,305.98,304.53,14.37894243,14.50160687,14.48587887,14.37468043,14.19125263,8.24145,6.05307,9.872375,9.25674,-5.94326,13.64555
35,1952-12-15,307.94,14.36379807,16.947105,310.14,319.5,307.81,306.51,305.1,14.45325463,14.52188963,14.60149663,14.25022403,14.24623293,10.50627,8.50663,7.99815,7.55674,-8.34326,11.87347
36,1953-01-15,310.35,14.41393943,16.53865,307.86,316.69,310.41,308.7,308.01,14.37365239,14.52438823,14.55632873,14.41572563,14.24857133,11.83647,7.41527,7.4434,4.65674,-5.84326,13.788856
37,1953-02-15,313.95,14.45823376,13.64555,307.35,313.92,313.85,312,310.79,14.15439789,14.37894243,14.47465603,14.22599309,14.38185399,16.40811,8.24145,6.96272,0.15674,-5.04326,17.123435
38,1953-03-15,317.07,14.41345208,11.87347,307.94,310.14,316.48,315.95,313.88,14.36379807,14.45325463,14.32301228,14.17366973,14.18043223,16.947105,10.50627,5.26517,-1.94326,-5.54326,19.772445
39,1953-04-15,319.46,14.563672,13.788856,310.35,307.86,319.25,317.87,315.81,14.41393943,14.37365239,14.35991473,14.32380383,14.29370203,16.53865,11.83647,5.41222,-1.94326,-5.74326,17.25396
40,1953-05-15,320.27,14.67612833,17.123435,313.95,307.35,320.17,318.37,317.75,14.45823376,14.15439789,14.50160687,14.52034657,14.43625157,13.64555,16.40811,6.05307,-0.64326,-9.84326,14.654
41,1953-06-15,319.52,14.54146378,19.772445,317.07,307.94,319.5,317.91,316.62,14.41345208,14.36379807,14.52188963,14.46368403,14.30327983,11.87347,16.947105,8.50663,-0.74326,-9.64326,11.99396
42,1953-07-15,317.49,14.5639581,17.25396,319.46,310.35,316.69,315.87,314.85,14.563672,14.41393943,14.52438823,14.47052376,14.32330506,13.788856,16.53865,7.41527,0.85674,-13.74326,9.801055
43,1953-08-15,314.19,14.53611748,14.654,320.27,313.95,313.92,312.69,310.92,14.67612833,14.45823376,14.37894243,14.49537843,14.28931039,17.123435,13.64555,8.24145,-1.14326,-14.24326,9.14991
44,1953-09-15,310.98,14.43383113,11.99396,319.52,317.07,310.14,309.47,307.34,14.54146378,14.41345208,14.45325463,14.34997173,14.35614293,19.772445,11.87347,10.50627,0.25674,-15.64326,8.46341
45,1953-10-15,308.83,14.46776383,9.801055,317.49,319.46,307.86,307.07,305.03,14.5639581,14.563672,14.37365239,14.48185628,14.41591828,17.25396,13.788856,11.83647,-0.14326,-16.34326,10.68292
46,1953-11-15,307.74,14.37210839,9.14991,314.19,320.27,307.35,306.09,304.51,14.53611748,14.67612833,14.15439789,14.44542593,14.38950533,14.654,17.123435,16.40811,1.75674,-17.54326,12.00537
47,1953-12-15,308.58,14.47049897,8.46341,310.98,319.52,307.94,306.37,305.69,14.43383113,14.54146378,14.36379807,14.16905493,14.45567029,11.99396,19.772445,16.947105,2.95674,-18.14326,12.74741
48,1954-01-15,310.7,14.19087117,10.68292,308.83,317.49,310.35,309.15,307.78,14.46776383,14.5639581,14.41393943,14.52375786,14.67632477,9.801055,17.25396,16.53865,4.55674,-14.64326,10.439056
49,1954-02-15,314.87,14.27044289,12.00537,307.74,314.19,313.95,312.69,310.84,14.37210839,14.53611748,14.45823376,14.31706043,14.56660359,9.14991,14.654,13.64555,4.95674,-8.54326,10.69465
50,1954-03-15,318.25,14.31815043,12.74741,308.58,310.98,317.07,315.67,314.63,14.47049897,14.43383113,14.41345208,14.36671727,14.60734743,8.46341,11.99396,11.87347,1.35674,-5.84326,7.87207
51,1954-04-15,320.23,14.29299729,10.439056,310.7,308.83,319.46,318.43,316.78,14.19087117,14.46776383,14.563672,14.33282178,14.43543713,10.68292,9.801055,13.788856,-1.24326,-10.44326,5.24545
52,1954-05-15,321.06,14.42174333,10.69465,314.87,307.74,320.27,319.01,317.4,14.27044289,14.37210839,14.67612833,14.45719807,14.46778577,12.00537,9.14991,17.123435,-3.34326,-17.74326,4.40375
53,1954-06-15,320.02,14.33630269,7.87207,318.25,308.58,319.52,318.49,316.87,14.31815043,14.47049897,14.54146378,14.38219923,14.54908363,12.74741,8.46341,19.772445,-3.64326,-23.54326,6.7777
54,1954-07-15,317.72,14.33392043,5.24545,320.23,310.7,317.49,315.94,314.87,14.29299729,14.19087117,14.5639581,14.50786298,14.53314488,10.439056,10.68292,17.25396,-4.74326,-26.34326,11.608375
55,1954-08-15,314.55,14.26359646,4.40375,321.06,314.87,314.19,312.85,311.56,14.42174333,14.27044289,14.53611748,14.39975159,14.59731953,10.69465,12.00537,14.654,-3.44326,-26.54326,16.82031
56,1954-09-15,311.54,14.19071667,6.7777,320.02,318.25,310.98,309.2,308.21,14.33630269,14.31815043,14.43383113,14.43254463,14.65346329,7.87207,12.74741,11.99396,-4.84326,-24.64326,19.13433
57,1954-10-15,309.06,14.29399483,11.608375,317.72,320.23,308.83,307.4,304.78,14.33392043,14.29299729,14.46776383,14.39789479,14.60617058,5.24545,10.439056,9.801055,-1.14326,-21.64326,20.83775
58,1954-11-15,307.9,14.38262263,16.82031,314.55,321.06,307.74,307.01,305.11,14.26359646,14.42174333,14.37210839,14.4117698,14.37386503,4.40375,10.69465,9.14991,-0.64326,-17.94326,20.50221
59,1954-12-15,309.01,14.25319188,19.13433,311.54,320.02,308.58,307.46,305.71,14.19071667,14.33630269,14.47049897,14.39520638,14.30398363,6.7777,7.87207,8.46341,0.85674,-16.74326,17.22984
60,1955-01-15,311.52,14.48541157,20.83775,309.06,317.72,310.7,309.41,307.74,14.29399483,14.33392043,14.19087117,14.15561478,14.32178683,11.608375,5.24545,10.68292,0,-15.74326,13.08911
61,1955-02-15,314.4,14.1494798,20.50221,307.9,314.55,314.87,312.6,310.97,14.38262263,14.26359646,14.27044289,14.12923423,14.14571943,16.82031,4.40375,12.00537,-1.15053,-16.04326,8.47964
62,1955-03-15,317.66,14.04104413,17.22984,309.01,311.54,318.25,316.04,314.63,14.25319188,14.19071667,14.31815043,14.29203217,14.25638287,19.13433,6.7777,12.74741,-1.3122,-16.84326,5.41269
63,1955-04-15,320.43,14.2213363,13.08911,311.52,309.06,320.23,318.66,318.08,14.48541157,14.29399483,14.29299729,14.22922603,14.4015178,20.83775,11.608375,10.439056,0.85695,-15.54326,3.3098
64,1955-05-15,321.13,14.34632008,8.47964,314.4,307.9,321.06,318.93,317.46,14.1494798,14.38262263,14.42174333,14.36419099,14.33248227,20.50221,16.82031,10.69465,1.33319,-14.24326,6.51636
65,1955-06-15,320.69,14.34620853,5.41269,317.66,309.01,320.02,318.66,317.08,14.04104413,14.25319188,14.33630269,14.42566579,14.53285593,17.22984,19.13433,7.87207,1.72534,-10.24326,7.67488
66,1955-07-15,318.42,14.30267327,3.3098,320.43,311.52,317.72,316.87,314.53,14.2213363,14.48541157,14.33392043,14.35276213,14.41746893,13.08911,20.83775,5.24545,1.08913,-14.24326,12.15172
67,1955-08-15,315.08,14.46599763,6.51636,321.13,314.4,314.55,312.87,311.92,14.34632008,14.1494798,14.26359646,14.24926943,14.73053925,8.47964,20.50221,4.40375,0.40567,-14.44326,12.64603
68,1955-09-15,310.96,14.38240423,7.67488,320.69,317.66,311.54,309.99,308.32,14.34620853,14.04104413,14.19071667,14.40104859,14.54015343,5.41269,17.22984,6.7777,2.13301,-18.74326,12.0043
69,1955-10-15,309.05,14.3277921,12.15172,318.42,320.43,309.06,306.97,306.31,14.30267327,14.2213363,14.29399483,14.41901963,14.50766747,3.3098,13.08911,11.608375,4.96434,-16.24326,11.03758
70,1955-11-15,308.74,14.145626,12.64603,315.08,321.13,307.9,306.15,305.4,14.46599763,14.34632008,14.38262263,14.16478436,14.30907243,6.51636,8.47964,16.82031,7.72716,-15.94326,7.48021
71,1955-12-15,308.98,14.11970513,12.0043,310.96,320.69,309.01,307.44,305.65,14.38240423,14.34620853,14.25319188,14.40362828,14.19838993,7.67488,5.41269,19.13433,10.13415,-12.64326,8.27203
72,1956-01-15,311.94,14.30971997,11.03758,309.05,318.42,311.52,309.67,308.33,14.3277921,14.30267327,14.48541157,14.14796633,14.44568343,12.15172,3.3098,20.83775,8.75009,-13.74326,11.17185
73,1956-02-15,315.44,14.18424599,7.48021,308.74,315.08,314.4,313.55,312.02,14.145626,14.46599763,14.1494798,14.01998223,14.33951183,12.64603,6.51636,20.50221,12.752585,-9.84326,11.12481
74,1956-03-15,318.42,14.22284403,8.27203,308.98,310.96,317.66,316.26,314.66,14.11970513,14.38240423,14.04104413,14.22064107,14.4138078,12.0043,7.67488,17.22984,18.037154,-10.64326,9.586234
75,1956-04-15,320.36,14.18623443,11.17185,311.94,309.05,320.43,318.6,317.08,14.30971997,14.3277921,14.2213363,14.34704488,14.44219013,11.03758,12.15172,13.08911,18.67058,-6.74326,4.7557
76,1956-05-15,321.62,14.22924033,11.12481,315.44,308.74,321.13,319.75,318.39,14.18424599,14.145626,14.34632008,14.6540107,14.51189606,7.48021,12.64603,8.47964,18.899085,-4.24326,3.56175
77,1956-06-15,321.05,14.26629918,9.586234,318.42,308.98,320.69,319.03,317.29,14.22284403,14.11970513,14.34620853,14.56574528,14.42771237,8.27203,12.0043,5.41269,13.86508,-1.24326,2.83696
78,1956-07-15,318.8,14.28533356,4.7557,320.36,311.94,318.42,316.72,315.48,14.18623443,14.30971997,14.30267327,14.3980655,14.48762983,11.17185,11.03758,3.3098,10.22884,0.05674,2.44548
79,1956-08-15,315.12,14.18216889,3.56175,321.62,315.44,315.08,312.93,311.85,14.22924033,14.18424599,14.46599763,14.57767289,14.39606278,11.12481,7.48021,6.51636,6.61001,-2.44326,2.35033
80,1956-09-15,312.04,14.14423459,2.83696,321.05,318.42,310.96,309.69,308.55,14.26629918,14.22284403,14.38240423,14.57301228,14.4120292,9.586234,8.27203,7.67488,7.92512,-6.34326,3.76323
81,1956-10-15,308.91,14.07926266,2.44548,318.8,320.36,309.05,307.7,306.26,14.28533356,14.18623443,14.3277921,14.58372109,14.28779213,4.7557,11.17185,12.15172,8.06905,-9.84326,8.37629
82,1956-11-15,309.18,14.21211903,2.35033,315.12,321.62,308.74,307.37,305.49,14.18216889,14.22924033,14.145626,14.48587887,14.34115973,3.56175,11.12481,12.64603,9.872375,-12.44326,16.52904
83,1956-12-15,310.01,14.31881993,3.76323,312.04,321.05,308.98,307.81,306.3,14.14423459,14.26629918,14.11970513,14.60149663,14.22547813,2.83696,9.586234,12.0043,7.99815,-13.14326,20.686866
84,1957-01-15,312.24,14.27863493,8.37629,308.91,318.8,311.94,310.41,308.68,14.07926266,14.28533356,14.30971997,14.55632873,14.43281643,2.44548,4.7557,11.03758,7.4434,-13.74326,22.45203
85,1957-02-15,316.22,14.26942723,16.52904,309.18,315.12,315.44,313.85,312.12,14.21211903,14.18216889,14.18424599,14.47465603,14.33979218,2.35033,3.56175,7.48021,6.96272,-11.54326,24.17976
86,1957-03-15,319.64,14.26187318,20.686866,310.01,312.04,318.42,316.48,314.88,14.31881993,14.14423459,14.22284403,14.32301228,14.48694413,3.76323,2.83696,8.27203,5.26517,-8.94326,24.27318
87,1957-04-15,321.07,14.40577786,22.45203,312.24,308.91,320.36,319.25,317.41,14.27863493,14.07926266,14.18623443,14.35991473,14.55195323,8.37629,2.44548,11.17185,5.41222,-11.24326,23.901786
88,1957-05-15,321.91,14.52339547,24.17976,316.22,309.18,321.62,320.17,318.32,14.26942723,14.21211903,14.22924033,14.50160687,14.49650183,16.52904,2.35033,11.12481,6.05307,-10.64326,20.78559
89,1957-06-15,321.57,14.59440701,24.27318,319.64,310.01,321.05,319.5,317.49,14.26187318,14.31881993,14.26629918,14.52188963,14.54682533,20.686866,3.76323,9.586234,8.50663,-8.64326,20.048675
90,1957-07-15,318.64,14.48875133,23.901786,321.07,312.24,318.8,316.69,315.24,14.40577786,14.27863493,14.28533356,14.52438823,14.52319613,22.45203,8.37629,4.7557,7.41527,-5.94326,18.931975
91,1957-08-15,315.55,14.53828993,20.78559,321.91,316.22,315.12,313.92,311.94,14.52339547,14.26942723,14.18216889,14.37894243,14.40191739,24.17976,16.52904,3.56175,8.24145,-3.34326,20.101806
92,1957-09-15,312.84,14.53202717,20.048675,321.57,319.64,312.04,310.14,308.93,14.59440701,14.26187318,14.14423459,14.45325463,14.37415403,24.27318,20.686866,2.83696,10.50627,0.05674,19.14683
93,1957-10-15,309.87,14.54419987,18.931975,318.64,321.07,308.91,307.86,306.52,14.48875133,14.40577786,14.07926266,14.37365239,14.48592753,23.901786,22.45203,2.44548,11.83647,4.55674,21.11504
94,1957-11-15,309.12,14.55550663,20.101806,315.55,321.91,309.18,307.35,305.98,14.53828993,14.52339547,14.21211903,14.15439789,14.37468043,20.78559,24.17976,2.35033,16.40811,9.25674,20.67315
95,1957-12-15,310.01,14.60665887,19.14683,312.84,321.57,310.01,307.94,306.51,14.53202717,14.59440701,14.31881993,14.36379807,14.25022403,20.048675,24.27318,3.76323,16.947105,7.55674,20.77068
96,1958-01-15,312.39,14.77063743,21.11504,309.87,318.64,312.24,310.35,308.7,14.54419987,14.48875133,14.27863493,14.41393943,14.41572563,18.931975,23.901786,8.37629,16.53865,4.65674,18.27884
97,1958-02-15,316.01,14.59697716,20.67315,309.12,315.55,316.22,313.95,312,14.55550663,14.53828993,14.26942723,14.45823376,14.22599309,20.101806,20.78559,16.52904,13.64555,0.15674,18.74672
98,1958-03-15,315.71,14.53136628,20.77068,310.01,312.84,319.64,317.07,315.95,14.60665887,14.53202717,14.26187318,14.41345208,14.17366973,19.14683,20.048675,20.686866,11.87347,-1.94326,18.65549
99,1958-04-15,317.45,14.5266866,18.27884,312.39,309.87,321.07,319.46,317.87,14.77063743,14.54419987,14.40577786,14.563672,14.32380383,21.11504,18.931975,22.45203,13.788856,-1.94326,19.88533
100,1958-05-15,317.51,14.63920013,18.74672,316.01,309.12,321.91,320.27,318.37,14.59697716,14.55550663,14.52339547,14.67612833,14.52034657,20.67315,20.101806,24.17976,17.123435,-0.64326,20.45005
101,1958-06-15,317.27,14.52534096,18.65549,315.71,310.01,321.57,319.52,317.91,14.53136628,14.60665887,14.59440701,14.54146378,14.46368403,20.77068,19.14683,24.27318,19.772445,-0.74326,21.770866
102,1958-07-15,315.87,14.5799989,19.88533,317.45,312.39,318.64,317.49,315.87,14.5266866,14.77063743,14.48875133,14.5639581,14.47052376,18.27884,21.11504,23.901786,17.25396,0.85674,24.023955
103,1958-08-15,314.93,14.48830788,20.45005,317.51,316.01,315.55,314.19,312.69,14.63920013,14.59697716,14.53828993,14.53611748,14.49537843,18.74672,20.67315,20.78559,14.654,-1.14326,25.42147
104,1958-09-15,313.21,14.41011133,21.770866,317.27,315.71,312.84,310.98,309.47,14.52534096,14.53136628,14.53202717,14.43383113,14.34997173,18.65549,20.77068,20.048675,11.99396,0.25674,26.31927
105,1958-10-15,312.42,14.44213573,24.023955,315.87,317.45,309.87,308.83,307.07,14.5799989,14.5266866,14.54419987,14.46776383,14.48185628,19.88533,18.27884,18.931975,9.801055,-0.14326,24.26001
106,1958-11-15,313.33,14.43337338,25.42147,314.93,317.51,309.12,307.74,306.09,14.48830788,14.63920013,14.55550663,14.37210839,14.44542593,20.45005,18.74672,20.101806,9.14991,1.75674,20.933
107,1958-12-15,314.67,14.4572696,26.31927,313.21,317.27,310.01,308.58,306.37,14.41011133,14.52534096,14.60665887,14.47049897,14.16905493,21.770866,18.65549,19.14683,8.46341,2.95674,18.841544
108,1959-01-15,315.58,14.55729668,24.26001,312.42,315.87,312.39,310.7,309.15,14.44213573,14.5799989,14.77063743,14.19087117,14.52375786,24.023955,19.88533,21.11504,10.68292,4.55674,19.54671
109,1959-02-15,316.49,14.50290387,20.933,313.33,314.93,316.01,314.87,312.69,14.43337338,14.48830788,14.59697716,14.27044289,14.31706043,25.42147,20.45005,20.67315,12.00537,4.95674,19.932166
110,1959-03-15,316.65,14.6331691,18.841544,314.67,313.21,315.71,318.25,315.67,14.4572696,14.41011133,14.53136628,14.31815043,14.36671727,26.31927,21.770866,20.77068,12.74741,1.35674,21.360465
111,1959-04-15,317.72,14.59832566,19.54671,315.58,312.42,317.45,320.23,318.43,14.55729668,14.44213573,14.5266866,14.29299729,14.33282178,24.26001,24.023955,18.27884,10.439056,-1.24326,21.61905
112,1959-05-15,318.29,14.53566353,19.932166,316.49,313.33,317.51,321.06,319.01,14.50290387,14.43337338,14.63920013,14.42174333,14.45719807,20.933,25.42147,18.74672,10.69465,-3.34326,24.01103
113,1959-06-15,318.15,14.54951373,21.360465,316.65,314.67,317.27,320.02,318.49,14.6331691,14.4572696,14.52534096,14.33630269,14.38219923,18.841544,26.31927,18.65549,7.87207,-3.64326,22.99512
114,1959-07-15,316.54,14.53640743,21.61905,317.72,315.58,315.87,317.72,315.94,14.59832566,14.55729668,14.5799989,14.33392043,14.50786298,19.54671,24.26001,19.88533,5.24545,-4.74326,24.58505
115,1959-08-15,314.8,14.47214978,24.01103,318.29,316.49,314.93,314.55,312.85,14.53566353,14.50290387,14.48830788,14.26359646,14.39975159,19.932166,20.933,20.45005,4.40375,-3.44326,20.24469
116,1959-09-15,313.84,14.36145299,22.99512,318.15,316.65,313.21,311.54,309.2,14.54951373,14.6331691,14.41011133,14.19071667,14.43254463,21.360465,18.841544,21.770866,6.7777,-4.84326,21.070914
117,1959-10-15,313.33,14.42763133,24.58505,316.54,317.72,312.42,309.06,307.4,14.53640743,14.59832566,14.44213573,14.29399483,14.39789479,21.61905,19.54671,24.023955,11.608375,-1.14326,20.697555
118,1959-11-15,314.81,14.33028593,20.24469,314.8,318.29,313.33,307.9,307.01,14.47214978,14.53566353,14.43337338,14.38262263,14.4117698,24.01103,19.932166,25.42147,16.82031,-0.64326,24.763305
119,1959-12-15,315.58,14.47510143,21.070914,313.84,318.15,314.67,309.01,307.46,14.36145299,14.54951373,14.4572696,14.25319188,14.39520638,22.99512,21.360465,26.31927,19.13433,0.85674,24.50368
120,1960-01-15,316.43,14.49706163,20.697555,313.33,316.54,315.58,311.52,309.41,14.42763133,14.53640743,14.55729668,14.48541157,14.15561478,24.58505,21.61905,24.26001,20.83775,0,26.55237
121,1960-02-15,316.98,14.58056061,24.763305,314.81,314.8,316.49,314.4,312.6,14.33028593,14.47214978,14.50290387,14.1494798,14.12923423,20.24469,24.01103,20.933,20.50221,-1.15053,27.15882
122,1960-03-15,317.58,14.1544637,24.50368,315.58,313.84,316.65,317.66,316.04,14.47510143,14.36145299,14.6331691,14.04104413,14.29203217,21.070914,22.99512,18.841544,17.22984,-1.3122,26.75614
123,1960-04-15,319.03,14.32140823,26.55237,316.43,313.33,317.72,320.43,318.66,14.49706163,14.42763133,14.59832566,14.2213363,14.22922603,20.697555,24.58505,19.54671,13.08911,0.85695,25.51483
124,1960-05-15,320.03,14.44731133,27.15882,316.98,314.81,318.29,321.13,318.93,14.58056061,14.33028593,14.53566353,14.34632008,14.36419099,24.763305,20.24469,19.932166,8.47964,1.33319,24.728
125,1960-06-15,319.58,14.49732869,26.75614,317.58,315.58,318.15,320.69,318.66,14.1544637,14.47510143,14.54951373,14.34620853,14.42566579,24.50368,21.070914,21.360465,5.41269,1.72534,24.26647
126,1960-07-15,318.18,14.48825829,25.51483,319.03,316.43,316.54,318.42,316.87,14.32140823,14.49706163,14.53640743,14.30267327,14.35276213,26.55237,20.697555,21.61905,3.3098,1.08913,24.97047
127,1960-08-15,315.9,14.53389447,24.728,320.03,316.98,314.8,315.08,312.87,14.44731133,14.58056061,14.47214978,14.46599763,14.24926943,27.15882,24.763305,24.01103,6.51636,0.40567,25.75972
128,1960-09-15,314.17,14.44211283,24.26647,319.58,317.58,313.84,310.96,309.99,14.49732869,14.1544637,14.36145299,14.38240423,14.40104859,26.75614,24.50368,22.99512,7.67488,2.13301,28.86083
129,1960-10-15,313.83,14.49650283,24.97047,318.18,319.03,313.33,309.05,306.97,14.48825829,14.32140823,14.42763133,14.3277921,14.41901963,25.51483,26.55237,24.58505,12.15172,4.96434,31.66653
130,1960-11-15,315,14.34820168,25.75972,315.9,320.03,314.81,308.74,306.15,14.53389447,14.44731133,14.33028593,14.145626,14.16478436,24.728,27.15882,20.24469,12.64603,7.72716,36.41161
131,1960-12-15,316.19,14.63146583,28.86083,314.17,319.58,315.58,308.98,307.44,14.44211283,14.49732869,14.47510143,14.11970513,14.40362828,24.26647,26.75614,21.070914,12.0043,10.13415,36.79825
132,1961-01-15,316.89,14.54763503,31.66653,313.83,318.18,316.43,311.94,309.67,14.49650283,14.48825829,14.49706163,14.30971997,14.14796633,24.97047,25.51483,20.697555,11.03758,8.75009,37.24923
133,1961-02-15,317.7,14.58013433,36.41161,315,315.9,316.98,315.44,313.55,14.34820168,14.53389447,14.58056061,14.18424599,14.01998223,25.75972,24.728,24.763305,7.48021,12.752585,34.786796
134,1961-03-15,318.54,14.5024566,36.79825,316.19,314.17,317.58,318.42,316.26,14.63146583,14.44211283,14.1544637,14.22284403,14.22064107,28.86083,24.26647,24.50368,8.27203,18.037154,32.70646
135,1961-04-15,319.48,14.54846183,37.24923,316.89,313.83,319.03,320.36,318.6,14.54763503,14.49650283,14.32140823,14.18623443,14.34704488,31.66653,24.97047,26.55237,11.17185,18.67058,31.881034
136,1961-05-15,320.58,14.63749306,34.786796,317.7,315,320.03,321.62,319.75,14.58013433,14.34820168,14.44731133,14.22924033,14.6540107,36.41161,25.75972,27.15882,11.12481,18.899085,30.8268
137,1961-06-15,319.77,14.6030206,32.70646,318.54,316.19,319.58,321.05,319.03,14.5024566,14.63146583,14.49732869,14.26629918,14.56574528,36.79825,28.86083,26.75614,9.586234,13.86508,29.633094
138,1961-07-15,318.56,14.57321065,31.881034,319.48,316.89,318.18,318.8,316.72,14.54846183,14.54763503,14.48825829,14.28533356,14.3980655,37.24923,31.66653,25.51483,4.7557,10.22884,26.57108
139,1961-08-15,316.79,14.51684468,30.8268,320.58,317.7,315.9,315.12,312.93,14.63749306,14.58013433,14.53389447,14.18216889,14.57767289,34.786796,36.41161,24.728,3.56175,6.61001,24.55687
140,1961-09-15,314.99,14.54971688,29.633094,319.77,318.54,314.17,312.04,309.69,14.6030206,14.5024566,14.44211283,14.14423459,14.57301228,32.70646,36.79825,24.26647,2.83696,7.92512,25.39218
141,1961-10-15,315.31,14.48649399,26.57108,318.56,319.48,313.83,308.91,307.7,14.57321065,14.54846183,14.49650283,14.07926266,14.58372109,31.881034,37.24923,24.97047,2.44548,8.06905,25.353965
142,1961-11-15,316.1,14.45520583,24.55687,316.79,320.58,315,309.18,307.37,14.51684468,14.63749306,14.34820168,14.21211903,14.48587887,30.8268,34.786796,25.75972,2.35033,9.872375,26.80176
143,1961-12-15,317.01,14.34549229,25.39218,314.99,319.77,316.19,310.01,307.81,14.54971688,14.6030206,14.63146583,14.31881993,14.60149663,29.633094,32.70646,28.86083,3.76323,7.99815,25.502204
144,1962-01-15,317.94,14.47439187,25.353965,315.31,318.56,316.89,312.24,310.41,14.48649399,14.57321065,14.54763503,14.27863493,14.55632873,26.57108,31.881034,31.66653,8.37629,7.4434,25.0723
145,1962-02-15,318.55,14.53968803,26.80176,316.1,316.79,317.7,316.22,313.85,14.45520583,14.51684468,14.58013433,14.26942723,14.47465603,24.55687,30.8268,36.41161,16.52904,6.96272,24.22526
146,1962-03-15,319.68,14.50743478,25.502204,317.01,314.99,318.54,319.64,316.48,14.34549229,14.54971688,14.5024566,14.26187318,14.32301228,25.39218,29.633094,36.79825,20.686866,5.26517,24.49725
147,1962-04-15,320.57,14.47526066,25.0723,317.94,315.31,319.48,321.07,319.25,14.47439187,14.48649399,14.54846183,14.40577786,14.35991473,25.353965,26.57108,37.24923,22.45203,5.41222,22.986594
148,1962-05-15,321.02,14.43757433,24.22526,318.55,316.1,320.58,321.91,320.17,14.53968803,14.45520583,14.63749306,14.52339547,14.50160687,26.80176,24.55687,34.786796,24.17976,6.05307,25.91564
149,1962-06-15,320.62,14.41142933,24.49725,319.68,317.01,319.77,321.57,319.5,14.50743478,14.34549229,14.6030206,14.59440701,14.52188963,25.502204,25.39218,32.70646,24.27318,8.50663,27.35418
150,1962-07-15,319.61,14.52390093,22.986594,320.57,317.94,318.56,318.64,316.69,14.47526066,14.47439187,14.57321065,14.48875133,14.52438823,25.0723,25.353965,31.881034,23.901786,7.41527,30.51144
151,1962-08-15,317.4,14.4647178,25.91564,321.02,318.55,316.79,315.55,313.92,14.43757433,14.53968803,14.51684468,14.53828993,14.37894243,24.22526,26.80176,30.8268,20.78559,8.24145,29.508575
152,1962-09-15,316.24,14.41952317,27.35418,320.62,319.68,314.99,312.84,310.14,14.41142933,14.50743478,14.54971688,14.53202717,14.45325463,24.49725,25.502204,29.633094,20.048675,10.50627,27.974784
153,1962-10-15,315.42,14.45803253,30.51144,319.61,320.57,315.31,309.87,307.86,14.52390093,14.47526066,14.48649399,14.54419987,14.37365239,22.986594,25.0723,26.57108,18.931975,11.83647,29.16977
154,1962-11-15,316.69,14.46250053,29.508575,317.4,321.02,316.1,309.12,307.35,14.4647178,14.43757433,14.45520583,14.55550663,14.15439789,25.91564,24.22526,24.55687,20.101806,16.40811,28.93327
155,1962-12-15,317.7,14.44503393,27.974784,316.24,320.62,317.01,310.01,307.94,14.41952317,14.41142933,14.34549229,14.60665887,14.36379807,27.35418,24.49725,25.39218,19.14683,16.947105,28.8813
156,1963-01-15,318.74,14.41522973,29.16977,315.42,319.61,317.94,312.39,310.35,14.45803253,14.52390093,14.47439187,14.77063743,14.41393943,30.51144,22.986594,25.353965,21.11504,16.53865,26.86958
157,1963-02-15,319.07,14.53141396,28.93327,316.69,317.4,318.55,316.01,313.95,14.46250053,14.4647178,14.53968803,14.59697716,14.45823376,29.508575,25.91564,26.80176,20.67315,13.64555,25.40561
158,1963-03-15,319.86,14.21795173,28.8813,317.7,316.24,319.68,315.71,317.07,14.44503393,14.41952317,14.50743478,14.53136628,14.41345208,27.974784,27.35418,25.502204,20.77068,11.87347,23.979415
159,1963-04-15,321.38,14.33163063,26.86958,318.74,315.42,320.57,317.45,319.46,14.41522973,14.45803253,14.47526066,14.5266866,14.563672,29.16977,30.51144,25.0723,18.27884,13.788856,22.60113
160,1963-05-15,322.24,14.44538586,25.40561,319.07,316.69,321.02,317.51,320.27,14.53141396,14.46250053,14.43757433,14.63920013,14.67612833,28.93327,29.508575,24.22526,18.74672,17.123435,21.329154
161,1963-06-15,321.49,14.54677098,23.979415,319.86,317.7,320.62,317.27,319.52,14.21795173,14.44503393,14.41142933,14.52534096,14.54146378,28.8813,27.974784,24.49725,18.65549,19.772445,23.77272
162,1963-07-15,319.74,14.63778775,22.60113,321.38,318.74,319.61,315.87,317.49,14.33163063,14.41522973,14.52390093,14.5799989,14.5639581,26.86958,29.16977,22.986594,19.88533,17.25396,22.52889
163,1963-08-15,317.77,14.71304313,21.329154,322.24,319.07,317.4,314.93,314.19,14.44538586,14.53141396,14.4647178,14.48830788,14.53611748,25.40561,28.93327,25.91564,20.45005,14.654,24.37074
164,1963-09-15,316.21,14.61858933,23.77272,321.49,319.86,316.24,313.21,310.98,14.54677098,14.21795173,14.41952317,14.41011133,14.43383113,23.979415,28.8813,27.35418,21.770866,11.99396,18.82557
165,1963-10-15,315.99,14.56136793,22.52889,319.74,321.38,315.42,312.42,308.83,14.63778775,14.33163063,14.45803253,14.44213573,14.46776383,22.60113,26.86958,30.51144,24.023955,9.801055,14.68363
166,1963-11-15,317.07,14.55596726,24.37074,317.77,322.24,316.69,313.33,307.74,14.71304313,14.44538586,14.46250053,14.43337338,14.37210839,21.329154,25.40561,29.508575,25.42147,9.14991,10.29487
167,1963-12-15,318.35,14.48829358,18.82557,316.21,321.49,317.7,314.67,308.58,14.61858933,14.54677098,14.44503393,14.4572696,14.47049897,23.77272,23.979415,27.974784,26.31927,8.46341,9.44013
168,1964-01-15,319.57,14.42867749,14.68363,315.99,319.74,318.74,315.58,310.7,14.56136793,14.63778775,14.41522973,14.55729668,14.19087117,22.52889,22.60113,29.16977,24.26001,10.68292,8.933036
169,1964-02-15,320.04,14.38803473,10.29487,317.07,317.77,319.07,316.49,314.87,14.55596726,14.71304313,14.53141396,14.50290387,14.27044289,24.37074,21.329154,28.93327,20.933,12.00537,13.42977
170,1964-03-15,320.75,14.22209828,9.44013,318.35,316.21,319.86,316.65,318.25,14.48829358,14.61858933,14.21795173,14.6331691,14.31815043,18.82557,23.77272,28.8813,18.841544,12.74741,18.8045
171,1964-04-15,321.84,14.19448178,8.933036,319.57,315.99,321.38,317.72,320.23,14.42867749,14.56136793,14.33163063,14.59832566,14.29299729,14.68363,22.52889,26.86958,19.54671,10.439056,22.837905
172,1964-05-15,322.25,14.35818379,13.42977,320.04,317.07,322.24,318.29,321.06,14.38803473,14.55596726,14.44538586,14.53566353,14.42174333,10.29487,24.37074,25.40561,19.932166,10.69465,23.05688
173,1964-06-15,321.89,14.42284193,18.8045,320.75,318.35,321.49,318.15,320.02,14.22209828,14.48829358,14.54677098,14.54951373,14.33630269,9.44013,18.82557,23.979415,21.360465,7.87207,21.13218
174,1964-07-15,320.44,14.56204503,22.837905,321.84,319.57,319.74,316.54,317.72,14.19448178,14.42867749,14.63778775,14.53640743,14.33392043,8.933036,14.68363,22.60113,21.61905,5.24545,18.31652
175,1964-08-15,318.69,14.37121193,23.05688,322.25,320.04,317.77,314.8,314.55,14.35818379,14.38803473,14.71304313,14.47214978,14.26359646,13.42977,10.29487,21.329154,24.01103,4.40375,18.82349
176,1964-09-15,316.71,14.16940777,21.13218,321.89,320.75,316.21,313.84,311.54,14.42284193,14.22209828,14.61858933,14.36145299,14.19071667,18.8045,9.44013,23.77272,22.99512,6.7777,21.93928
177,1964-10-15,316.87,14.06393803,18.31652,320.44,321.84,315.99,313.33,309.06,14.56204503,14.19448178,14.56136793,14.42763133,14.29399483,22.837905,8.933036,22.52889,24.58505,11.608375,26.34741
178,1964-11-15,317.68,14.18769639,18.82349,318.69,322.25,317.07,314.81,307.9,14.37121193,14.35818379,14.55596726,14.33028593,14.38262263,23.05688,13.42977,24.37074,20.24469,16.82031,30.79306
179,1964-12-15,318.71,14.15143197,21.93928,316.71,321.89,318.35,315.58,309.01,14.16940777,14.42284193,14.48829358,14.47510143,14.25319188,21.13218,18.8045,18.82557,21.070914,19.13433,28.806914
180,1965-01-15,319.44,14.32725613,26.34741,316.87,320.44,319.57,316.43,311.52,14.06393803,14.56204503,14.42867749,14.49706163,14.48541157,18.31652,22.837905,14.68363,20.697555,20.83775,25.68194
181,1965-02-15,320.44,14.22384923,30.79306,317.68,318.69,320.04,316.98,314.4,14.18769639,14.37121193,14.38803473,14.58056061,14.1494798,18.82349,23.05688,10.29487,24.763305,20.50221,21.99781
182,1965-03-15,320.89,14.28361313,28.806914,318.71,316.71,320.75,317.58,317.66,14.15143197,14.16940777,14.22209828,14.1544637,14.04104413,21.93928,21.13218,9.44013,24.50368,17.22984,22.887694
183,1965-04-15,322.14,14.26283733,25.68194,319.44,316.87,321.84,319.03,320.43,14.32725613,14.06393803,14.19448178,14.32140823,14.2213363,26.34741,18.31652,8.933036,26.55237,13.08911,26.12062
184,1965-05-15,322.17,14.43520539,21.99781,320.44,317.68,322.25,320.03,321.13,14.22384923,14.18769639,14.35818379,14.44731133,14.34632008,30.79306,18.82349,13.42977,27.15882,8.47964,29.61251
185,1965-06-15,321.87,14.39259333,22.887694,320.89,318.71,321.89,319.58,320.69,14.28361313,14.15143197,14.42284193,14.49732869,14.34620853,28.806914,21.93928,18.8045,26.75614,5.41269,33.04767
186,1965-07-15,321.21,14.43237773,26.12062,322.14,319.44,320.44,318.18,318.42,14.26283733,14.32725613,14.56204503,14.48825829,14.30267327,25.68194,26.34741,22.837905,25.51483,3.3098,31.392135
187,1965-08-15,318.87,14.39342493,29.61251,322.17,320.44,318.69,315.9,315.08,14.43520539,14.22384923,14.37121193,14.53389447,14.46599763,21.99781,30.79306,23.05688,24.728,6.51636,30.95845
188,1965-09-15,317.82,14.34341519,33.04767,321.87,320.89,316.71,314.17,310.96,14.39259333,14.28361313,14.16940777,14.44211283,14.38240423,22.887694,28.806914,21.13218,24.26647,7.67488,29.35428
189,1965-10-15,317.3,14.38548558,31.392135,321.21,322.14,316.87,313.83,309.05,14.43237773,14.26283733,14.06393803,14.49650283,14.3277921,26.12062,25.68194,18.31652,24.97047,12.15172,28.71277
190,1965-11-15,318.87,14.37614053,30.95845,318.87,322.17,317.68,315,308.74,14.39342493,14.43520539,14.18769639,14.34820168,14.145626,29.61251,21.99781,18.82349,25.75972,12.64603,26.68851
191,1965-12-15,319.42,14.40695663,29.35428,317.82,321.87,318.71,316.19,308.98,14.34341519,14.39259333,14.15143197,14.63146583,14.11970513,33.04767,22.887694,21.93928,28.86083,12.0043,24.22727
192,1966-01-15,320.62,14.32651608,28.71277,317.3,321.21,319.44,316.89,311.94,14.38548558,14.43237773,14.32725613,14.54763503,14.30971997,31.392135,26.12062,26.34741,31.66653,11.03758,22.112754
193,1966-02-15,321.6,14.39569373,26.68851,318.87,318.87,320.44,317.7,315.44,14.37614053,14.39342493,14.22384923,14.58013433,14.18424599,30.95845,29.61251,30.79306,36.41161,7.48021,21.03873
194,1966-03-15,322.39,14.43843739,24.22727,319.42,317.82,320.89,318.54,318.42,14.40695663,14.34341519,14.28361313,14.5024566,14.22284403,29.35428,33.04767,28.806914,36.79825,8.27203,20.762694
195,1966-04-15,323.7,14.36946957,22.112754,320.62,317.3,322.14,319.48,320.36,14.32651608,14.38548558,14.26283733,14.54846183,14.18623443,28.71277,31.392135,25.68194,37.24923,11.17185,22.558654
196,1966-05-15,324.08,14.4445905,21.03873,321.6,318.87,322.17,320.58,321.62,14.39569373,14.37614053,14.43520539,14.63749306,14.22924033,26.68851,30.95845,21.99781,34.786796,11.12481,22.928794
197,1966-06-15,323.75,14.55475993,20.762694,322.39,319.42,321.87,319.77,321.05,14.43843739,14.40695663,14.39259333,14.6030206,14.26629918,24.22727,29.35428,22.887694,32.70646,9.586234,22.91983
198,1966-07-15,322.37,14.65682309,22.558654,323.7,320.62,321.21,318.56,318.8,14.36946957,14.32651608,14.43237773,14.57321065,14.28533356,22.112754,28.71277,26.12062,31.881034,4.7557,21.566886
199,1966-08-15,320.36,14.48624033,22.928794,324.08,321.6,318.87,316.79,315.12,14.4445905,14.39569373,14.39342493,14.51684468,14.18216889,21.03873,26.68851,29.61251,30.8268,3.56175,18.12345
200,1966-09-15,318.64,14.46479693,22.91983,323.75,322.39,317.82,314.99,312.04,14.55475993,14.43843739,14.34341519,14.54971688,14.14423459,20.762694,24.22727,33.04767,29.633094,2.83696,20.31013
201,1966-10-15,318.1,14.28500643,21.566886,322.37,323.7,317.3,315.31,308.91,14.65682309,14.36946957,14.38548558,14.48649399,14.07926266,22.558654,22.112754,31.392135,26.57108,2.44548,19.12568
202,1966-11-15,319.78,14.36994069,18.12345,320.36,324.08,318.87,316.1,309.18,14.48624033,14.4445905,14.37614053,14.45520583,14.21211903,22.928794,21.03873,30.95845,24.55687,2.35033,19.45278
203,1966-12-15,321.02,14.40898603,20.31013,318.64,323.75,319.42,317.01,310.01,14.46479693,14.55475993,14.40695663,14.34549229,14.31881993,22.91983,20.762694,29.35428,25.39218,3.76323,17.130996
204,1967-01-15,322.33,14.33122437,19.12568,318.1,322.37,320.62,317.94,312.24,14.28500643,14.65682309,14.32651608,14.47439187,14.27863493,21.566886,22.558654,28.71277,25.353965,8.37629,18.76129
205,1967-02-15,322.5,14.16005223,19.45278,319.78,320.36,321.6,318.55,316.22,14.36994069,14.48624033,14.39569373,14.53968803,14.26942723,18.12345,22.928794,26.68851,26.80176,16.52904,20.222594
206,1967-03-15,323.03,14.42711346,17.130996,321.02,318.64,322.39,319.68,319.64,14.40898603,14.46479693,14.43843739,14.50743478,14.26187318,20.31013,22.91983,24.22727,25.502204,20.686866,25.07656
207,1967-04-15,324.41,14.41028779,18.76129,322.33,318.1,323.7,320.57,321.07,14.33122437,14.28500643,14.36946957,14.47526066,14.40577786,19.12568,21.566886,22.112754,25.0723,22.45203,25.592795
208,1967-05-15,325,14.6461057,20.222594,322.5,319.78,324.08,321.02,321.91,14.16005223,14.36994069,14.4445905,14.43757433,14.52339547,19.45278,18.12345,21.03873,24.22526,24.17976,27.59125
209,1967-06-15,324.09,14.47214313,25.07656,323.03,321.02,323.75,320.62,321.57,14.42711346,14.40898603,14.55475993,14.41142933,14.59440701,17.130996,20.31013,20.762694,24.49725,24.27318,27.96153
210,1967-07-15,322.54,14.53765767,25.592795,324.41,322.33,322.37,319.61,318.64,14.41028779,14.33122437,14.65682309,14.52390093,14.48875133,18.76129,19.12568,22.558654,22.986594,23.901786,28.63312
211,1967-08-15,320.92,14.49472039,27.59125,325,322.5,320.36,317.4,315.55,14.6461057,14.16005223,14.48624033,14.4647178,14.53828993,20.222594,19.45278,22.928794,25.91564,20.78559,29.25968
212,1967-09-15,319.25,14.48391049,27.96153,324.09,323.03,318.64,316.24,312.84,14.47214313,14.42711346,14.46479693,14.41952317,14.53202717,25.07656,17.130996,22.91983,27.35418,20.048675,29.554275
213,1967-10-15,319.39,14.54603663,28.63312,322.54,324.41,318.1,315.42,309.87,14.53765767,14.41028779,14.28500643,14.45803253,14.54419987,25.592795,18.76129,21.566886,30.51144,18.931975,30.049865
214,1967-11-15,320.73,14.39755433,29.25968,320.92,325,319.78,316.69,309.12,14.49472039,14.6461057,14.36994069,14.46250053,14.55550663,27.59125,20.222594,18.12345,29.508575,20.101806,27.609305
215,1967-12-15,321.96,14.45143023,29.554275,319.25,324.09,321.02,317.7,310.01,14.48391049,14.47214313,14.40898603,14.44503393,14.60665887,27.96153,25.07656,20.31013,27.974784,19.14683,21.687125
216,1968-01-15,322.57,14.22437947,30.049865,319.39,322.54,322.33,318.74,312.39,14.54603663,14.53765767,14.33122437,14.41522973,14.77063743,28.63312,25.592795,19.12568,29.16977,21.11504,16.59843
217,1968-02-15,323.15,14.28226273,27.609305,320.73,320.92,322.5,319.07,316.01,14.39755433,14.49472039,14.16005223,14.53141396,14.59697716,29.25968,27.59125,19.45278,28.93327,20.67315,12.968795
218,1968-03-15,323.89,14.53343098,21.687125,321.96,319.25,323.03,319.86,315.71,14.45143023,14.48391049,14.42711346,14.21795173,14.53136628,29.554275,27.96153,17.130996,28.8813,20.77068,14.33223
219,1968-04-15,325.02,14.37869063,16.59843,322.57,319.39,324.41,321.38,317.45,14.22437947,14.54603663,14.41028779,14.33163063,14.5266866,30.049865,28.63312,18.76129,26.86958,18.27884,18.70686
220,1968-05-15,325.57,14.42094893,12.968795,323.15,320.73,325,322.24,317.51,14.28226273,14.39755433,14.6461057,14.44538586,14.63920013,27.609305,29.25968,20.222594,25.40561,18.74672,26.151725
221,1968-06-15,325.36,14.38071913,14.33223,323.89,321.96,324.09,321.49,317.27,14.53343098,14.45143023,14.47214313,14.54677098,14.52534096,21.687125,29.554275,25.07656,23.979415,18.65549,30.08539
222,1968-07-15,324.14,14.47177403,18.70686,325.02,322.57,322.54,319.74,315.87,14.37869063,14.22437947,14.53765767,14.63778775,14.5799989,16.59843,30.049865,25.592795,22.60113,19.88533,33.60364
223,1968-08-15,322.11,14.41295903,26.151725,325.57,323.15,320.92,317.77,314.93,14.42094893,14.28226273,14.49472039,14.71304313,14.48830788,12.968795,27.609305,27.59125,21.329154,20.45005,33.88608
224,1968-09-15,320.33,14.32325643,30.08539,325.36,323.89,319.25,316.21,313.21,14.38071913,14.53343098,14.48391049,14.61858933,14.41011133,14.33223,21.687125,27.96153,23.77272,21.770866,32.26622
225,1968-10-15,320.25,14.50292199,33.60364,324.14,325.02,319.39,315.99,312.42,14.47177403,14.37869063,14.54603663,14.56136793,14.44213573,18.70686,16.59843,28.63312,22.52889,24.023955,33.819465
226,1968-11-15,321.32,14.35252753,33.88608,322.11,325.57,320.73,317.07,313.33,14.41295903,14.42094893,14.39755433,14.55596726,14.43337338,26.151725,12.968795,29.25968,24.37074,25.42147,32.41704
227,1968-12-15,322.89,14.32691473,32.26622,320.33,325.36,321.96,318.35,314.67,14.32325643,14.38071913,14.45143023,14.48829358,14.4572696,30.08539,14.33223,29.554275,18.82557,26.31927,33.447486
228,1969-01-15,324,14.36371223,33.819465,320.25,324.14,322.57,319.57,315.58,14.50292199,14.47177403,14.22437947,14.42867749,14.55729668,33.60364,18.70686,30.049865,14.68363,24.26001,32.25073
229,1969-02-15,324.41,14.29747383,32.41704,321.32,322.11,323.15,320.04,316.49,14.35252753,14.41295903,14.28226273,14.38803473,14.50290387,33.88608,26.151725,27.609305,10.29487,20.933,31.02242
230,1969-03-15,325.63,14.44229593,33.447486,322.89,320.33,323.89,320.75,316.65,14.32691473,14.32325643,14.53343098,14.22209828,14.6331691,32.26622,30.08539,21.687125,9.44013,18.841544,30.57332
231,1969-04-15,326.66,14.60474483,32.25073,324,320.25,325.02,321.84,317.72,14.36371223,14.50292199,14.37869063,14.19448178,14.59832566,33.819465,33.60364,16.59843,8.933036,19.54671,28.55499
232,1969-05-15,327.38,14.69958775,31.02242,324.41,321.32,325.57,322.25,318.29,14.29747383,14.35252753,14.42094893,14.35818379,14.53566353,32.41704,33.88608,12.968795,13.42977,19.932166,30.68789
233,1969-06-15,326.71,14.58852283,30.57332,325.63,322.89,325.36,321.89,318.15,14.44229593,14.32691473,14.38071913,14.42284193,14.54951373,33.447486,32.26622,14.33223,18.8045,21.360465,31.7762
234,1969-07-15,325.88,14.53912347,28.55499,326.66,324,324.14,320.44,316.54,14.60474483,14.36371223,14.47177403,14.56204503,14.53640743,32.25073,33.819465,18.70686,22.837905,21.61905,33.147414
235,1969-08-15,323.66,14.40749163,30.68789,327.38,324.41,322.11,318.69,314.8,14.69958775,14.29747383,14.41295903,14.37121193,14.47214978,31.02242,32.41704,26.151725,23.05688,24.01103,31.78196
236,1969-09-15,322.38,14.48765083,31.7762,326.71,325.63,320.33,316.71,313.84,14.58852283,14.44229593,14.32325643,14.16940777,14.36145299,30.57332,33.447486,30.08539,21.13218,22.99512,30.20347
237,1969-10-15,321.78,14.45566647,33.147414,325.88,326.66,320.25,316.87,313.33,14.53912347,14.60474483,14.50292199,14.06393803,14.42763133,28.55499,32.25073,33.60364,18.31652,24.58505,30.81435
238,1969-11-15,322.85,14.58522123,31.78196,323.66,327.38,321.32,317.68,314.81,14.40749163,14.69958775,14.35252753,14.18769639,14.33028593,30.68789,31.02242,33.88608,18.82349,20.24469,32.04626
239,1969-12-15,324.11,14.71442597,30.20347,322.38,326.71,322.89,318.71,315.58,14.48765083,14.58852283,14.32691473,14.15143197,14.47510143,31.7762,30.57332,32.26622,21.93928,21.070914,31.39866
240,1970-01-15,325.06,14.56664651,30.81435,321.78,325.88,324,319.44,316.43,14.45566647,14.53912347,14.36371223,14.32725613,14.49706163,33.147414,28.55499,33.819465,26.34741,20.697555,28.54997
241,1970-02-15,325.99,14.591381,32.04626,322.85,323.66,324.41,320.44,316.98,14.58522123,14.40749163,14.29747383,14.22384923,14.58056061,31.78196,30.68789,32.41704,30.79306,24.763305,28.35625
242,1970-03-15,326.93,14.47089853,31.39866,324.11,322.38,325.63,320.89,317.58,14.71442597,14.48765083,14.44229593,14.28361313,14.1544637,30.20347,31.7762,33.447486,28.806914,24.50368,28.67789
243,1970-04-15,328.13,14.58500093,28.54997,325.06,321.78,326.66,322.14,319.03,14.56664651,14.45566647,14.60474483,14.26283733,14.32140823,30.81435,33.147414,32.25073,25.68194,26.55237,27.03471
244,1970-05-15,328.08,14.51945298,28.35625,325.99,322.85,327.38,322.17,320.03,14.591381,14.58522123,14.69958775,14.43520539,14.44731133,32.04626,31.78196,31.02242,21.99781,27.15882,27.731246
245,1970-06-15,327.67,14.56321043,28.67789,326.93,324.11,326.71,321.87,319.58,14.47089853,14.71442597,14.58852283,14.39259333,14.49732869,31.39866,30.20347,30.57332,22.887694,26.75614,27.25278
246,1970-07-15,326.34,14.54917423,27.03471,328.13,325.06,325.88,321.21,318.18,14.58500093,14.56664651,14.53912347,14.43237773,14.48825829,28.54997,30.81435,28.55499,26.12062,25.51483,30.88364
247,1970-08-15,324.68,14.38194649,27.731246,328.08,325.99,323.66,318.87,315.9,14.51945298,14.591381,14.40749163,14.39342493,14.53389447,28.35625,32.04626,30.68789,29.61251,24.728,31.07878
248,1970-09-15,323.1,14.45261283,27.25278,327.67,326.93,322.38,317.82,314.17,14.56321043,14.47089853,14.48765083,14.34341519,14.44211283,28.67789,31.39866,31.7762,33.04767,24.26647,32.49861
249,1970-10-15,323.06,14.42522613,30.88364,326.34,328.13,321.78,317.3,313.83,14.54917423,14.58500093,14.45566647,14.38548558,14.49650283,27.03471,28.54997,33.147414,31.392135,24.97047,34.7294
250,1970-11-15,324.01,14.41020193,31.07878,324.68,328.08,322.85,318.87,315,14.38194649,14.51945298,14.58522123,14.37614053,14.34820168,27.731246,28.35625,31.78196,30.95845,25.75972,37.9303
251,1970-12-15,325.13,14.36788263,32.49861,323.1,327.67,324.11,319.42,316.19,14.45261283,14.56321043,14.71442597,14.40695663,14.63146583,27.25278,28.67789,30.20347,29.35428,28.86083,38.9823
252,1971-01-15,326.17,14.4026851,34.7294,323.06,326.34,325.06,320.62,316.89,14.42522613,14.54917423,14.56664651,14.32651608,14.54763503,30.88364,27.03471,30.81435,28.71277,31.66653,38.25096
253,1971-02-15,326.69,14.21846097,37.9303,324.01,324.68,325.99,321.6,317.7,14.41020193,14.38194649,14.591381,14.39569373,14.58013433,31.07878,27.731246,32.04626,26.68851,36.41161,34.43453
254,1971-03-15,327.18,14.25451558,38.9823,325.13,323.1,326.93,322.39,318.54,14.36788263,14.45261283,14.47089853,14.43843739,14.5024566,32.49861,27.25278,31.39866,24.22727,36.79825,31.939506
255,1971-04-15,327.78,14.35665313,38.25096,326.17,323.06,328.13,323.7,319.48,14.4026851,14.42522613,14.58500093,14.36946957,14.54846183,34.7294,30.88364,28.54997,22.112754,37.24923,31.14498
256,1971-05-15,328.93,14.37403958,34.43453,326.69,324.01,328.08,324.08,320.58,14.21846097,14.41020193,14.51945298,14.4445905,14.63749306,37.9303,31.07878,28.35625,21.03873,34.786796,33.131286
257,1971-06-15,328.57,14.34351247,31.939506,327.18,325.13,327.67,323.75,319.77,14.25451558,14.36788263,14.56321043,14.55475993,14.6030206,38.9823,32.49861,28.67789,20.762694,32.70646,36.55124
258,1971-07-15,327.36,14.36199943,31.14498,327.78,326.17,326.34,322.37,318.56,14.35665313,14.4026851,14.54917423,14.65682309,14.57321065,38.25096,34.7294,27.03471,22.558654,31.881034,36.11564
259,1971-08-15,325.43,14.36144343,33.131286,328.93,326.69,324.68,320.36,316.79,14.37403958,14.21846097,14.38194649,14.48624033,14.51684468,34.43453,37.9303,27.731246,22.928794,30.8268,33.76951
260,1971-09-15,323.36,14.38591663,36.55124,328.57,327.18,323.1,318.64,314.99,14.34351247,14.25451558,14.45261283,14.46479693,14.54971688,31.939506,38.9823,27.25278,22.91983,29.633094,32.01963
261,1971-10-15,323.56,14.27363198,36.11564,327.36,327.78,323.06,318.1,315.31,14.36199943,14.35665313,14.42522613,14.28500643,14.48649399,31.14498,38.25096,30.88364,21.566886,26.57108,35.594245
262,1971-11-15,324.8,14.31245606,33.76951,325.43,328.93,324.01,319.78,316.1,14.36144343,14.37403958,14.41020193,14.36994069,14.45520583,33.131286,34.43453,31.07878,18.12345,24.55687,40.38558
263,1971-12-15,326.01,14.37978356,32.01963,323.36,328.57,325.13,321.02,317.01,14.38591663,14.34351247,14.36788263,14.40898603,14.34549229,36.55124,31.939506,32.49861,20.31013,25.39218,44.347655
264,1972-01-15,326.77,14.19546123,35.594245,323.56,327.36,326.17,322.33,317.94,14.27363198,14.36199943,14.4026851,14.33122437,14.47439187,36.11564,31.14498,34.7294,19.12568,25.353965,45.00469
265,1972-02-15,327.63,14.15743823,40.38558,324.8,325.43,326.69,322.5,318.55,14.31245606,14.36144343,14.21846097,14.16005223,14.53968803,33.76951,33.131286,37.9303,19.45278,26.80176,47.02163
266,1972-03-15,327.75,14.34917348,44.347655,326.01,323.36,327.18,323.03,319.68,14.37978356,14.38591663,14.25451558,14.42711346,14.50743478,32.01963,36.55124,38.9823,17.130996,25.502204,49.47486
267,1972-04-15,329.72,14.45174687,45.00469,326.77,323.56,327.78,324.41,320.57,14.19546123,14.27363198,14.35665313,14.41028779,14.47526066,35.594245,36.11564,38.25096,18.76129,25.0723,50.53991
268,1972-05-15,330.07,14.49416343,47.02163,327.63,324.8,328.93,325,321.02,14.15743823,14.31245606,14.37403958,14.6461057,14.43757433,40.38558,33.76951,34.43453,20.222594,24.22526,46.51744
269,1972-06-15,329.09,14.65350239,49.47486,327.75,326.01,328.57,324.09,320.62,14.34917348,14.37978356,14.34351247,14.47214313,14.41142933,44.347655,32.01963,31.939506,25.07656,24.49725,43.98272
270,1972-07-15,328.04,14.64872258,50.53991,329.72,326.77,327.36,322.54,319.61,14.45174687,14.19546123,14.36199943,14.53765767,14.52390093,45.00469,35.594245,31.14498,25.592795,22.986594,41.75164
271,1972-08-15,326.32,14.60916989,46.51744,330.07,327.63,325.43,320.92,317.4,14.49416343,14.15743823,14.36144343,14.49472039,14.4647178,47.02163,40.38558,33.131286,27.59125,25.91564,42.71764
272,1972-09-15,324.84,14.51676173,43.98272,329.09,327.75,323.36,319.25,316.24,14.65350239,14.34917348,14.38591663,14.48391049,14.41952317,49.47486,44.347655,36.55124,27.96153,27.35418,41.13522
273,1972-10-15,325.2,14.51675503,41.75164,328.04,329.72,323.56,319.39,315.42,14.64872258,14.45174687,14.27363198,14.54603663,14.45803253,50.53991,45.00469,36.11564,28.63312,30.51144,36.441474
274,1972-11-15,326.5,14.42876618,42.71764,326.32,330.07,324.8,320.73,316.69,14.60916989,14.49416343,14.31245606,14.39755433,14.46250053,46.51744,47.02163,33.76951,29.25968,29.508575,36.07104
275,1972-12-15,327.55,14.62748043,41.13522,324.84,329.09,326.01,321.96,317.7,14.51676173,14.65350239,14.37978356,14.45143023,14.44503393,43.98272,49.47486,32.01963,29.554275,27.974784,35.05912
276,1973-01-15,328.55,14.7106189,36.441474,325.2,328.04,326.77,322.57,318.74,14.51675503,14.64872258,14.19546123,14.22437947,14.41522973,41.75164,50.53991,35.594245,30.049865,29.16977,37.8982
277,1973-02-15,329.57,14.73607056,36.07104,326.5,326.32,327.63,323.15,319.07,14.42876618,14.60916989,14.15743823,14.28226273,14.53141396,42.71764,46.51744,40.38558,27.609305,28.93327,35.80443
278,1973-03-15,330.3,14.62135593,35.05912,327.55,324.84,327.75,323.89,319.86,14.62748043,14.51676173,14.34917348,14.53343098,14.21795173,41.13522,43.98272,44.347655,21.687125,28.8813,36.98074
279,1973-04-15,331.5,14.6497144,37.8982,328.55,325.2,329.72,325.02,321.38,14.7106189,14.51675503,14.45174687,14.37869063,14.33163063,36.441474,41.75164,45.00469,16.59843,26.86958,35.2114
280,1973-05-15,332.48,14.69732659,35.80443,329.57,326.5,330.07,325.57,322.24,14.73607056,14.42876618,14.49416343,14.42094893,14.44538586,36.07104,42.71764,47.02163,12.968795,25.40561,35.22276
281,1973-06-15,332.07,14.61045067,36.98074,330.3,327.55,329.09,325.36,321.49,14.62135593,14.62748043,14.65350239,14.38071913,14.54677098,35.05912,41.13522,49.47486,14.33223,23.979415,35.1838
282,1973-07-15,330.87,14.6139621,35.2114,331.5,328.55,328.04,324.14,319.74,14.6497144,14.7106189,14.64872258,14.47177403,14.63778775,37.8982,36.441474,50.53991,18.70686,22.60113,38.05125
283,1973-08-15,329.31,14.44180673,35.22276,332.48,329.57,326.32,322.11,317.77,14.69732659,14.73607056,14.60916989,14.41295903,14.71304313,35.80443,36.07104,46.51744,26.151725,21.329154,44.91875
284,1973-09-15,327.52,14.47305193,35.1838,332.07,330.3,324.84,320.33,316.21,14.61045067,14.62135593,14.51676173,14.32325643,14.61858933,36.98074,35.05912,43.98272,30.08539,23.77272,49.75767
285,1973-10-15,327.19,14.42255683,38.05125,330.87,331.5,325.2,320.25,315.99,14.6139621,14.6497144,14.51675503,14.50292199,14.56136793,35.2114,37.8982,41.75164,33.60364,22.52889,54.23898
286,1973-11-15,328.17,14.45281593,44.91875,329.31,332.48,326.5,321.32,317.07,14.44180673,14.69732659,14.42876618,14.35252753,14.55596726,35.22276,35.80443,42.71764,33.88608,24.37074,53.14784
287,1973-12-15,328.65,14.46022408,49.75767,327.52,332.07,327.55,322.89,318.35,14.47305193,14.61045067,14.62748043,14.32691473,14.48829358,35.1838,36.98074,41.13522,32.26622,18.82557,51.990165
288,1974-01-15,329.36,14.32461353,54.23898,327.19,330.87,328.55,324,319.57,14.42255683,14.6139621,14.7106189,14.36371223,14.42867749,38.05125,35.2114,36.441474,33.819465,14.68363,52.25672
289,1974-02-15,330.71,14.11332983,53.14784,328.17,329.31,329.57,324.41,320.04,14.45281593,14.44180673,14.73607056,14.29747383,14.38803473,44.91875,35.22276,36.07104,32.41704,10.29487,51.9572
290,1974-03-15,331.49,14.27170363,51.990165,328.65,327.52,330.3,325.63,320.75,14.46022408,14.47305193,14.62135593,14.44229593,14.22209828,49.75767,35.1838,35.05912,33.447486,9.44013,51.359115
291,1974-04-15,332.65,14.30661193,52.25672,329.36,327.19,331.5,326.66,321.84,14.32461353,14.42255683,14.6497144,14.60474483,14.19448178,54.23898,38.05125,37.8982,32.25073,8.933036,49.23785
292,1974-05-15,333.19,14.33148283,51.9572,330.71,328.17,332.48,327.38,322.25,14.11332983,14.45281593,14.69732659,14.69958775,14.35818379,53.14784,44.91875,35.80443,31.02242,13.42977,47.56777
293,1974-06-15,332.2,14.34643263,51.359115,331.49,328.65,332.07,326.71,321.89,14.27170363,14.46022408,14.61045067,14.58852283,14.42284193,51.990165,49.75767,36.98074,30.57332,18.8045,46.626945
294,1974-07-15,331.07,14.36546319,49.23785,332.65,329.36,330.87,325.88,320.44,14.30661193,14.32461353,14.6139621,14.53912347,14.56204503,52.25672,54.23898,35.2114,28.55499,22.837905,45.831245
295,1974-08-15,329.15,14.44467347,47.56777,333.19,330.71,329.31,323.66,318.69,14.33148283,14.11332983,14.44180673,14.40749163,14.37121193,51.9572,53.14784,35.22276,30.68789,23.05688,47.03246
296,1974-09-15,327.33,14.27177993,46.626945,332.2,331.49,327.52,322.38,316.71,14.34643263,14.27170363,14.47305193,14.48765083,14.16940777,51.359115,51.990165,35.1838,31.7762,21.13218,47.797034
297,1974-10-15,327.28,14.23360533,45.831245,331.07,332.65,327.19,321.78,316.87,14.36546319,14.30661193,14.42255683,14.45566647,14.06393803,49.23785,52.25672,38.05125,33.147414,18.31652,48.56046
298,1974-11-15,328.31,14.26569643,47.03246,329.15,333.19,328.17,322.85,317.68,14.44467347,14.33148283,14.45281593,14.58522123,14.18769639,47.56777,51.9572,44.91875,31.78196,18.82349,49.47744
299,1974-12-15,329.58,14.30304713,47.797034,327.33,332.2,328.65,324.11,318.71,14.27177993,14.34643263,14.46022408,14.71442597,14.15143197,46.626945,51.359115,49.75767,30.20347,21.93928,50.93886
300,1975-01-15,330.73,14.42413228,48.56046,327.28,331.07,329.36,325.06,319.44,14.23360533,14.36546319,14.32461353,14.56664651,14.32725613,45.831245,49.23785,54.23898,30.81435,26.34741,49.65883
301,1975-02-15,331.46,14.40616219,49.47744,328.31,329.15,330.71,325.99,320.44,14.26569643,14.44467347,14.11332983,14.591381,14.22384923,47.03246,47.56777,53.14784,32.04626,30.79306,48.36001
302,1975-03-15,331.94,14.45524876,50.93886,329.58,327.33,331.49,326.93,320.89,14.30304713,14.27177993,14.27170363,14.47089853,14.28361313,47.797034,46.626945,51.990165,31.39866,28.806914,46.27057
303,1975-04-15,333.11,14.42468063,49.65883,330.73,327.28,332.65,328.13,322.14,14.42413228,14.23360533,14.30661193,14.58500093,14.26283733,48.56046,45.831245,52.25672,28.54997,25.68194,46.19614
304,1975-05-15,333.95,14.43548003,48.36001,331.46,328.31,333.19,328.08,322.17,14.40616219,14.26569643,14.33148283,14.51945298,14.43520539,49.47744,47.03246,51.9572,28.35625,21.99781,47.60733
305,1975-06-15,333.42,14.37103837,46.27057,331.94,329.58,332.2,327.67,321.87,14.45524876,14.30304713,14.34643263,14.56321043,14.39259333,50.93886,47.797034,51.359115,28.67789,22.887694,48.35692
306,1975-07-15,331.97,14.33651533,46.19614,333.11,330.73,331.07,326.34,321.21,14.42468063,14.42413228,14.36546319,14.54917423,14.43237773,49.65883,48.56046,49.23785,27.03471,26.12062,48.89142
307,1975-08-15,329.95,14.22765629,47.60733,333.95,331.46,329.15,324.68,318.87,14.43548003,14.40616219,14.44467347,14.38194649,14.39342493,48.36001,49.47744,47.56777,27.731246,29.61251,49.134376
308,1975-09-15,328.49,14.22608943,48.35692,333.42,331.94,327.33,323.1,317.82,14.37103837,14.45524876,14.27177993,14.45261283,14.34341519,46.27057,50.93886,46.626945,27.25278,33.04767,46.98198
309,1975-10-15,328.36,14.137762,48.89142,331.97,333.11,327.28,323.06,317.3,14.33651533,14.42468063,14.23360533,14.42522613,14.38548558,46.19614,49.65883,45.831245,30.88364,31.392135,46.72877
310,1975-11-15,329.38,14.19033043,49.134376,329.95,333.95,328.31,324.01,318.87,14.22765629,14.43548003,14.26569643,14.41020193,14.37614053,47.60733,48.36001,47.03246,31.07878,30.95845,43.97838
311,1975-12-15,330.78,14.24266236,46.98198,328.49,333.42,329.58,325.13,319.42,14.22608943,14.37103837,14.30304713,14.36788263,14.40695663,48.35692,46.27057,47.797034,32.49861,29.35428,45.26131
312,1976-01-15,331.56,14.33445353,46.72877,328.36,331.97,330.73,326.17,320.62,14.137762,14.33651533,14.42413228,14.4026851,14.32651608,48.89142,46.19614,48.56046,34.7294,28.71277,46.43608
313,1976-02-15,332.74,14.16864388,43.97838,329.38,329.95,331.46,326.69,321.6,14.19033043,14.22765629,14.40616219,14.21846097,14.39569373,49.134376,47.60733,49.47744,37.9303,26.68851,47.12371
314,1976-03-15,333.36,14.05268473,45.26131,330.78,328.49,331.94,327.18,322.39,14.24266236,14.22608943,14.45524876,14.25451558,14.43843739,46.98198,48.35692,50.93886,38.9823,24.22727,49.26272
315,1976-04-15,334.74,14.24407663,46.43608,331.56,328.36,333.11,327.78,323.7,14.33445353,14.137762,14.42468063,14.35665313,14.36946957,46.72877,48.89142,49.65883,38.25096,22.112754,48.0058
316,1976-05-15,334.72,14.18952363,47.12371,332.74,329.38,333.95,328.93,324.08,14.16864388,14.19033043,14.43548003,14.37403958,14.4445905,43.97838,49.134376,48.36001,34.43453,21.03873,46.09155
317,1976-06-15,333.97,14.32254307,49.26272,333.36,330.78,333.42,328.57,323.75,14.05268473,14.24266236,14.37103837,14.34351247,14.55475993,45.26131,46.98198,46.27057,31.939506,20.762694,47.431975
318,1976-07-15,333.08,14.40882673,48.0058,334.74,331.56,331.97,327.36,322.37,14.24407663,14.33445353,14.33651533,14.36199943,14.65682309,46.43608,46.72877,46.19614,31.14498,22.558654,47.07502
319,1976-08-15,330.68,14.31239598,46.09155,334.72,332.74,329.95,325.43,320.36,14.18952363,14.16864388,14.22765629,14.36144343,14.48624033,47.12371,43.97838,47.60733,33.131286,22.928794,49.88979
320,1976-09-15,328.96,14.36865323,47.431975,333.97,333.36,328.49,323.36,318.64,14.32254307,14.05268473,14.22608943,14.38591663,14.46479693,49.26272,45.26131,48.35692,36.55124,22.91983,50.164214
321,1976-10-15,328.72,14.00584023,47.07502,333.08,334.74,328.36,323.56,318.1,14.40882673,14.24407663,14.137762,14.27363198,14.28500643,48.0058,46.43608,48.89142,36.11564,21.566886,48.75442
322,1976-11-15,330.16,14.24603837,49.88979,330.68,334.72,329.38,324.8,319.78,14.31239598,14.18952363,14.19033043,14.31245606,14.36994069,46.09155,47.12371,49.134376,33.76951,18.12345,46.04911
323,1976-12-15,331.62,14.399311,50.164214,328.96,333.97,330.78,326.01,321.02,14.36865323,14.32254307,14.24266236,14.37978356,14.40898603,47.431975,49.26272,46.98198,32.01963,20.31013,44.258605
324,1977-01-15,332.68,14.52848237,48.75442,328.72,333.08,331.56,326.77,322.33,14.00584023,14.40882673,14.33445353,14.19546123,14.33122437,47.07502,48.0058,46.72877,35.594245,19.12568,42.024985
325,1977-02-15,333.17,14.47982303,46.04911,330.16,330.68,332.74,327.63,322.5,14.24603837,14.31239598,14.16864388,14.15743823,14.16005223,49.88979,46.09155,43.97838,40.38558,19.45278,42.582946
326,1977-03-15,334.96,14.48881047,44.258605,331.62,328.96,333.36,327.75,323.03,14.399311,14.36865323,14.05268473,14.34917348,14.42711346,50.164214,47.431975,45.26131,44.347655,17.130996,43.097785
327,1977-04-15,336.14,14.55689328,42.024985,332.68,328.72,334.74,329.72,324.41,14.52848237,14.00584023,14.24407663,14.45174687,14.41028779,48.75442,47.07502,46.43608,45.00469,18.76129,44.15133
328,1977-05-15,336.93,14.65089505,42.582946,333.17,330.16,334.72,330.07,325,14.47982303,14.24603837,14.18952363,14.49416343,14.6461057,46.04911,49.88979,47.12371,47.02163,20.222594,44.79165
329,1977-06-15,336.17,14.67765038,43.097785,334.96,331.62,333.97,329.09,324.09,14.48881047,14.399311,14.32254307,14.65350239,14.47214313,44.258605,50.164214,49.26272,49.47486,25.07656,45.79617
330,1977-07-15,334.89,14.62561123,44.15133,336.14,332.68,333.08,328.04,322.54,14.55689328,14.52848237,14.40882673,14.64872258,14.53765767,42.024985,48.75442,48.0058,50.53991,25.592795,46.51791
331,1977-08-15,332.56,14.59903423,44.79165,336.93,333.17,330.68,326.32,320.92,14.65089505,14.47982303,14.31239598,14.60916989,14.49472039,42.582946,46.04911,46.09155,46.51744,27.59125,48.60857
332,1977-09-15,331.29,14.42044153,45.79617,336.17,334.96,328.96,324.84,319.25,14.67765038,14.48881047,14.36865323,14.51676173,14.48391049,43.097785,44.258605,47.431975,43.98272,27.96153,51.38144
333,1977-10-15,331.28,14.34933179,46.51791,334.89,336.14,328.72,325.2,319.39,14.62561123,14.55689328,14.00584023,14.51675503,14.54603663,44.15133,42.024985,47.07502,41.75164,28.63312,53.936126
334,1977-11-15,332.46,14.58254426,48.60857,332.56,336.93,330.16,326.5,320.73,14.59903423,14.65089505,14.24603837,14.42876618,14.39755433,44.79165,42.582946,49.88979,42.71764,29.25968,57.67787
335,1977-12-15,333.6,14.52425283,51.38144,331.29,336.17,331.62,327.55,321.96,14.42044153,14.67765038,14.399311,14.62748043,14.45143023,45.79617,43.097785,50.164214,41.13522,29.554275,56.6675
336,1978-01-15,334.94,14.51060479,53.936126,331.28,334.89,332.68,328.55,322.57,14.34933179,14.62561123,14.52848237,14.7106189,14.22437947,46.51791,44.15133,48.75442,36.441474,30.049865,56.35443
337,1978-02-15,335.26,14.48237317,57.67787,332.46,332.56,333.17,329.57,323.15,14.58254426,14.59903423,14.47982303,14.73607056,14.28226273,48.60857,44.79165,46.04911,36.07104,27.609305,52.66107
338,1978-03-15,336.66,14.49295228,56.6675,333.6,331.29,334.96,330.3,323.89,14.52425283,14.42044153,14.48881047,14.62135593,14.53343098,51.38144,45.79617,44.258605,35.05912,21.687125,51.17633
339,1978-04-15,337.69,14.51423163,56.35443,334.94,331.28,336.14,331.5,325.02,14.51060479,14.34933179,14.55689328,14.6497144,14.37869063,53.936126,46.51791,42.024985,37.8982,16.59843,49.77951
340,1978-05-15,338.02,14.57404893,52.66107,335.26,332.46,336.93,332.48,325.57,14.48237317,14.58254426,14.65089505,14.69732659,14.42094893,57.67787,48.60857,42.582946,35.80443,12.968795,51.29631
341,1978-06-15,338.01,14.44014638,51.17633,336.66,333.6,336.17,332.07,325.36,14.49295228,14.52425283,14.67765038,14.61045067,14.38071913,56.6675,51.38144,43.097785,36.98074,14.33223,51.59615
342,1978-07-15,336.5,14.57739728,49.77951,337.69,334.94,334.89,330.87,324.14,14.51423163,14.51060479,14.62561123,14.6139621,14.47177403,56.35443,53.936126,44.15133,35.2114,18.70686,51.90438
343,1978-08-15,334.42,14.34368508,51.29631,338.02,335.26,332.56,329.31,322.11,14.57404893,14.48237317,14.59903423,14.44180673,14.41295903,52.66107,57.67787,44.79165,35.22276,26.151725,47.388656
344,1978-09-15,332.36,14.38113683,51.59615,338.01,336.66,331.29,327.52,320.33,14.44014638,14.49295228,14.42044153,14.47305193,14.32325643,51.17633,56.6675,45.79617,35.1838,30.08539,44.48269
345,1978-10-15,332.45,14.37010183,51.90438,336.5,337.69,331.28,327.19,320.25,14.57739728,14.51423163,14.34933179,14.42255683,14.50292199,49.77951,56.35443,46.51791,38.05125,33.60364,41.59114
346,1978-11-15,333.76,14.53875343,47.388656,334.42,338.02,332.46,328.17,321.32,14.34368508,14.57404893,14.58254426,14.45281593,14.35252753,51.29631,52.66107,48.60857,44.91875,33.88608,42.733504
347,1978-12-15,334.91,14.55113783,44.48269,332.36,338.01,333.6,328.65,322.89,14.38113683,14.44014638,14.52425283,14.46022408,14.32691473,51.59615,51.17633,51.38144,49.75767,32.26622,43.81256
348,1979-01-15,336.56,14.64425748,41.59114,332.45,336.5,334.94,329.36,324,14.37010183,14.57739728,14.51060479,14.32461353,14.36371223,51.90438,49.77951,53.936126,54.23898,33.819465,43.5797
349,1979-02-15,337.29,14.37806793,42.733504,333.76,334.42,335.26,330.71,324.41,14.53875343,14.34368508,14.48237317,14.11332983,14.29747383,47.388656,51.29631,57.67787,53.14784,32.41704,42.09125
350,1979-03-15,337.88,14.57940095,43.81256,334.91,332.36,336.66,331.49,325.63,14.55113783,14.38113683,14.49295228,14.27170363,14.44229593,44.48269,51.59615,56.6675,51.990165,33.447486,42.56223
351,1979-04-15,338.32,14.55735583,43.5797,336.56,332.45,337.69,332.65,326.66,14.64425748,14.37010183,14.51423163,14.30661193,14.60474483,41.59114,51.90438,56.35443,52.25672,32.25073,44.91858
352,1979-05-15,338.26,14.61905091,42.09125,337.29,333.76,338.02,333.19,327.38,14.37806793,14.53875343,14.57404893,14.33148283,14.69958775,42.733504,47.388656,52.66107,51.9572,31.02242,49.693915
353,1979-06-15,337.38,14.63398831,42.56223,337.88,334.91,338.01,332.2,326.71,14.57940095,14.55113783,14.44014638,14.34643263,14.58852283,43.81256,44.48269,51.17633,51.359115,30.57332,52.34029
354,1979-07-15,335.57,14.56813901,44.91858,338.32,336.56,336.5,331.07,325.88,14.55735583,14.64425748,14.57739728,14.36546319,14.53912347,43.5797,41.59114,49.77951,49.23785,28.55499,54.75604
355,1979-08-15,334.37,14.65633481,49.693915,338.26,337.29,334.42,329.15,323.66,14.61905091,14.37806793,14.34368508,14.44467347,14.40749163,42.09125,42.733504,51.29631,47.56777,30.68789,52.463386
356,1979-09-15,335.02,14.68951503,52.34029,337.38,337.88,332.36,327.33,322.38,14.63398831,14.57940095,14.38113683,14.27177993,14.48765083,42.56223,43.81256,51.59615,46.626945,31.7762,54.582755
357,1979-10-15,336.36,14.70108979,54.75604,335.57,338.32,332.45,327.28,321.78,14.56813901,14.55735583,14.37010183,14.23360533,14.45566647,44.91858,43.5797,51.90438,45.831245,33.147414,54.4589
358,1979-11-15,337.36,14.68143743,52.463386,334.37,338.26,333.76,328.31,322.85,14.65633481,14.61905091,14.53875343,14.26569643,14.58522123,49.693915,42.09125,47.388656,47.03246,31.78196,55.523505
359,1979-12-15,337.9,14.93366425,54.582755,335.02,337.38,334.91,329.58,324.11,14.68951503,14.63398831,14.55113783,14.30304713,14.71442597,52.34029,42.56223,44.48269,47.797034,30.20347,53.509215
360,1980-01-15,338.58,14.76679223,54.4589,336.36,335.57,336.56,330.73,325.06,14.70108979,14.56813901,14.64425748,14.42413228,14.56664651,54.75604,44.91858,41.59114,48.56046,30.81435,53.85686
361,1980-02-15,339.26,14.81735413,55.523505,337.36,334.37,337.29,331.46,325.99,14.68143743,14.65633481,14.37806793,14.40616219,14.591381,52.463386,49.693915,42.733504,49.47744,32.04626,53.493255
362,1980-03-15,339.6,14.7890672,53.509215,337.9,335.02,337.88,331.94,326.93,14.93366425,14.68951503,14.57940095,14.45524876,14.47089853,54.582755,52.34029,43.81256,50.93886,31.39866,52.938346
363,1980-04-15,340,14.88180344,53.85686,338.58,336.36,338.32,333.11,328.13,14.76679223,14.70108979,14.55735583,14.42468063,14.58500093,54.4589,54.75604,43.5797,49.65883,28.54997,50.467826
364,1980-05-15,340.44,14.97452157,53.493255,339.26,337.36,338.26,333.95,328.08,14.81735413,14.68143743,14.61905091,14.43548003,14.51945298,55.523505,52.463386,42.09125,48.36001,28.35625,48.66318
365,1980-06-15,339.99,14.81199639,52.938346,339.6,337.9,337.38,333.42,327.67,14.7890672,14.93366425,14.63398831,14.37103837,14.56321043,53.509215,54.582755,42.56223,46.27057,28.67789,48.668624
366,1980-07-15,338.44,14.85633271,50.467826,340,338.58,335.57,331.97,326.34,14.88180344,14.76679223,14.56813901,14.33651533,14.54917423,53.85686,54.4589,44.91858,46.19614,27.03471,50.4742
367,1980-08-15,337.21,14.78137295,48.66318,340.44,339.26,334.37,329.95,324.68,14.97452157,14.81735413,14.65633481,14.22765629,14.38194649,53.493255,55.523505,49.693915,47.60733,27.731246,55.601585
368,1980-09-15,337.05,14.69809811,48.668624,339.99,339.6,335.02,328.49,323.1,14.81199639,14.7890672,14.68951503,14.22608943,14.45261283,52.938346,53.509215,52.34029,48.35692,27.25278,59.75701
369,1980-10-15,337.82,14.60997861,50.4742,338.44,340,336.36,328.36,323.06,14.85633271,14.88180344,14.70108979,14.137762,14.42522613,50.467826,53.85686,54.75604,48.89142,30.88364,61.78662
370,1980-11-15,338.93,14.6364116,55.601585,337.21,340.44,337.36,329.38,324.01,14.78137295,14.97452157,14.68143743,14.19033043,14.41020193,48.66318,53.493255,52.463386,49.134376,31.07878,62.87613
371,1980-12-15,339.64,14.59334176,59.75701,337.05,339.99,337.9,330.78,325.13,14.69809811,14.81199639,14.93366425,14.24266236,14.36788263,48.668624,52.938346,54.582755,46.98198,32.49861,64.641036
372,1981-01-15,340.19,14.89225571,61.78662,337.82,338.44,338.58,331.56,326.17,14.60997861,14.85633271,14.76679223,14.33445353,14.4026851,50.4742,50.467826,54.4589,46.72877,34.7294,65.62232
373,1981-02-15,340.75,14.81618016,62.87613,338.93,337.21,339.26,332.74,326.69,14.6364116,14.78137295,14.81735413,14.16864388,14.21846097,55.601585,48.66318,55.523505,43.97838,37.9303,66.952865
374,1981-03-15,341.38,14.90219968,64.641036,339.64,337.05,339.6,333.36,327.18,14.59334176,14.69809811,14.7890672,14.05268473,14.25451558,59.75701,48.668624,53.509215,45.26131,38.9823,67.43305
375,1981-04-15,341.68,14.85270398,65.62232,340.19,337.82,340,334.74,327.78,14.89225571,14.60997861,14.88180344,14.24407663,14.35665313,61.78662,50.4742,53.85686,46.43608,38.25096,65.74939
376,1981-05-15,341.43,14.83585637,66.952865,340.75,338.93,340.44,334.72,328.93,14.81618016,14.6364116,14.97452157,14.18952363,14.37403958,62.87613,55.601585,53.493255,47.12371,34.43453,66.554175
377,1981-06-15,340.63,14.81643098,67.43305,341.38,339.64,339.99,333.97,328.57,14.90219968,14.59334176,14.81199639,14.32254307,14.34351247,64.641036,59.75701,52.938346,49.26272,31.939506,65.49738
378,1981-07-15,339.22,14.82412045,65.74939,341.68,340.19,338.44,333.08,327.36,14.85270398,14.89225571,14.85633271,14.40882673,14.36199943,65.62232,61.78662,50.467826,48.0058,31.14498,67.63923
379,1981-08-15,338.08,14.82955258,66.554175,341.43,340.75,337.21,330.68,325.43,14.83585637,14.81618016,14.78137295,14.31239598,14.36144343,66.952865,62.87613,48.66318,46.09155,33.131286,66.690925
380,1981-09-15,337.97,14.72983735,65.49738,340.63,341.38,337.05,328.96,323.36,14.81643098,14.90219968,14.69809811,14.36865323,14.38591663,67.43305,64.641036,48.668624,47.431975,36.55124,65.20894
381,1981-10-15,339.07,14.6468467,67.63923,339.22,341.68,337.82,328.72,323.56,14.82412045,14.85270398,14.60997861,14.00584023,14.27363198,65.74939,65.62232,50.4742,47.07502,36.11564,61.396155
382,1981-11-15,340.18,14.64073556,66.690925,338.08,341.43,338.93,330.16,324.8,14.82955258,14.83585637,14.6364116,14.24603837,14.31245606,66.554175,66.952865,55.601585,49.88979,33.76951,60.32455
383,1981-12-15,340.75,14.83107941,65.20894,337.97,340.63,339.64,331.62,326.01,14.72983735,14.81643098,14.59334176,14.399311,14.37978356,65.49738,67.43305,59.75701,50.164214,32.01963,59.033164
384,1982-01-15,341.37,14.48910039,61.396155,339.07,339.22,340.19,332.68,326.77,14.6468467,14.82412045,14.89225571,14.52848237,14.19546123,67.63923,65.74939,61.78662,48.75442,35.594245,56.55514
385,1982-02-15,341.95,14.57771867,60.32455,340.18,338.08,340.75,333.17,327.63,14.64073556,14.82955258,14.81618016,14.47982303,14.15743823,66.690925,66.554175,62.87613,46.04911,40.38558,56.113425
386,1982-03-15,342.23,14.42861553,59.033164,340.75,337.97,341.38,334.96,327.75,14.83107941,14.72983735,14.90219968,14.48881047,14.34917348,65.20894,65.49738,64.641036,44.258605,44.347655,54.90035
387,1982-04-15,342.52,14.52813903,56.55514,341.37,339.07,341.68,336.14,329.72,14.48910039,14.6468467,14.85270398,14.55689328,14.45174687,61.396155,67.63923,65.62232,42.024985,45.00469,53.877685
388,1982-05-15,342.37,14.69379895,56.113425,341.95,340.18,341.43,336.93,330.07,14.57771867,14.64073556,14.83585637,14.65089505,14.49416343,60.32455,66.690925,66.952865,42.582946,47.02163,55.25953
389,1982-06-15,341.49,14.64566796,54.90035,342.23,340.75,340.63,336.17,329.09,14.42861553,14.83107941,14.81643098,14.67765038,14.65350239,59.033164,65.20894,67.43305,43.097785,49.47486,59.31457
390,1982-07-15,339.75,14.72767441,53.877685,342.52,341.37,339.22,334.89,328.04,14.52813903,14.48910039,14.82412045,14.62561123,14.64872258,56.55514,61.396155,65.74939,44.15133,50.53991,64.89328
391,1982-08-15,338.11,14.61193459,55.25953,342.37,341.95,338.08,332.56,326.32,14.69379895,14.57771867,14.82955258,14.59903423,14.60916989,56.113425,60.32455,66.554175,44.79165,46.51744,67.51424
392,1982-09-15,338.16,14.60029786,59.31457,341.49,342.23,337.97,331.29,324.84,14.64566796,14.42861553,14.72983735,14.42044153,14.51676173,54.90035,59.033164,65.49738,45.79617,43.98272,68.07847
393,1982-10-15,339.61,14.54567713,64.89328,339.75,342.52,339.07,331.28,325.2,14.72767441,14.52813903,14.6468467,14.34933179,14.51675503,53.877685,56.55514,67.63923,46.51791,41.75164,69.83621
394,1982-11-15,340.95,14.54500383,67.51424,338.11,342.37,340.18,332.46,326.5,14.61193459,14.69379895,14.64073556,14.58254426,14.42876618,55.25953,56.113425,66.690925,48.60857,42.71764,69.14403
395,1982-12-15,341.77,14.83272259,68.07847,338.16,341.49,340.75,333.6,327.55,14.60029786,14.64566796,14.83107941,14.52425283,14.62748043,59.31457,54.90035,65.20894,51.38144,41.13522,70.761115
396,1983-01-15,342.37,14.91479676,69.83621,339.61,339.75,341.37,334.94,328.55,14.54567713,14.72767441,14.48910039,14.51060479,14.7106189,64.89328,53.877685,61.396155,53.936126,36.441474,73.89519
397,1983-02-15,342.74,14.87265198,69.14403,340.95,338.11,341.95,335.26,329.57,14.54500383,14.61193459,14.57771867,14.48237317,14.73607056,67.51424,55.25953,60.32455,57.67787,36.07104,77.08853
398,1983-03-15,343.04,14.87764352,70.761115,341.77,338.16,342.23,336.66,330.3,14.83272259,14.60029786,14.42861553,14.49295228,14.62135593,68.07847,59.31457,59.033164,56.6675,35.05912,75.620463
399,1983-04-15,343.51,14.78915493,73.89519,342.37,339.61,342.52,337.69,331.5,14.91479676,14.54567713,14.52813903,14.51423163,14.6497144,69.83621,64.89328,56.55514,56.35443,37.8982,71.40705
400,1983-05-15,343.84,14.93251317,77.08853,342.74,340.95,342.37,338.02,332.48,14.87265198,14.54500383,14.69379895,14.57404893,14.69732659,69.14403,67.51424,56.113425,52.66107,35.80443,63.76304
401,1983-06-15,343.5,14.79994385,75.620463,343.04,341.77,341.49,338.01,332.07,14.87764352,14.83272259,14.64566796,14.44014638,14.61045067,70.761115,68.07847,54.90035,51.17633,36.98074,62.9429
402,1983-07-15,342.14,14.74918359,71.40705,343.51,342.37,339.75,336.5,330.87,14.78915493,14.91479676,14.72767441,14.57739728,14.6139621,73.89519,69.83621,53.877685,49.77951,35.2114,59.97777
403,1983-08-15,340.62,14.81604283,63.76304,343.84,342.74,338.11,334.42,329.31,14.93251317,14.87265198,14.61193459,14.34368508,14.44180673,77.08853,69.14403,55.25953,51.29631,35.22276,62.78521
404,1983-09-15,340.53,14.86890691,62.9429,343.5,343.04,338.16,332.36,327.52,14.79994385,14.87764352,14.60029786,14.38113683,14.47305193,75.620463,70.761115,59.31457,51.59615,35.1838,60.74435
405,1983-10-15,341.75,14.59032529,59.97777,342.14,343.51,339.61,332.45,327.19,14.74918359,14.78915493,14.54567713,14.37010183,14.42255683,71.40705,73.89519,64.89328,51.90438,38.05125,62.16959
406,1983-11-15,342.83,14.7117204,62.78521,340.62,343.84,340.95,333.76,328.17,14.81604283,14.93251317,14.54500383,14.53875343,14.45281593,63.76304,77.08853,67.51424,47.388656,44.91875,63.31174
407,1983-12-15,343.49,14.64184087,60.74435,340.53,343.5,341.77,334.91,328.65,14.86890691,14.79994385,14.83272259,14.55113783,14.46022408,62.9429,75.620463,68.07847,44.48269,49.75767,66.59885
408,1984-01-15,344.32,14.66405099,62.16959,341.75,342.14,342.37,336.56,329.36,14.59032529,14.74918359,14.91479676,14.64425748,14.32461353,59.97777,71.40705,69.83621,41.59114,54.23898,67.47002
409,1984-02-15,344.82,14.50812237,63.31174,342.83,340.62,342.74,337.29,330.71,14.7117204,14.81604283,14.87265198,14.37806793,14.11332983,62.78521,63.76304,69.14403,42.733504,53.14784,68.46626
410,1984-03-15,344.96,14.6731252,66.59885,343.49,340.53,343.04,337.88,331.49,14.64184087,14.86890691,14.87764352,14.57940095,14.27170363,60.74435,62.9429,70.761115,43.81256,51.990165,70.635665
411,1984-04-15,345.19,14.59682076,67.47002,344.32,341.75,343.51,338.32,332.65,14.66405099,14.59032529,14.78915493,14.55735583,14.30661193,62.16959,59.97777,73.89519,43.5797,52.25672,70.198585
412,1984-05-15,345.33,14.85093396,68.46626,344.82,342.83,343.84,338.26,333.19,14.50812237,14.7117204,14.93251317,14.61905091,14.33148283,63.31174,62.78521,77.08853,42.09125,51.9572,71.585494
413,1984-06-15,344.57,14.55990117,70.635665,344.96,343.49,343.5,337.38,332.2,14.6731252,14.64184087,14.79994385,14.63398831,14.34643263,66.59885,60.74435,75.620463,42.56223,51.359115,69.43963
414,1984-07-15,343.2,14.53385918,70.198585,345.19,344.32,342.14,335.57,331.07,14.59682076,14.66405099,14.74918359,14.56813901,14.36546319,67.47002,62.16959,71.40705,44.91858,49.23785,68.532455
415,1984-08-15,342.21,14.62724773,71.585494,345.33,344.82,340.62,334.37,329.15,14.85093396,14.50812237,14.81604283,14.65633481,14.44467347,68.46626,63.31174,63.76304,49.693915,47.56777,65.214965
416,1984-09-15,342.13,14.57978051,69.43963,344.57,344.96,340.53,335.02,327.33,14.55990117,14.6731252,14.86890691,14.68951503,14.27177993,70.635665,66.59885,62.9429,52.34029,46.626945,63.24494
417,1984-10-15,342.99,14.54368963,68.532455,343.2,345.19,341.75,336.36,327.28,14.53385918,14.59682076,14.59032529,14.70108979,14.23360533,70.198585,67.47002,59.97777,54.75604,45.831245,59.26037
418,1984-11-15,344.16,14.41312783,65.214965,342.21,345.33,342.83,337.36,328.31,14.62724773,14.85093396,14.7117204,14.68143743,14.26569643,71.585494,68.46626,62.78521,52.463386,47.03246,60.097495
419,1984-12-15,345,14.46251576,63.24494,342.13,344.57,343.49,337.9,329.58,14.57978051,14.55990117,14.64184087,14.93366425,14.30304713,69.43963,70.635665,60.74435,54.582755,47.797034,57.93407
420,1985-01-15,345.35,14.64364808,59.26037,342.99,343.2,344.32,338.58,330.73,14.54368963,14.53385918,14.66405099,14.76679223,14.42413228,68.532455,70.198585,62.16959,54.4589,48.56046,57.88811
421,1985-02-15,345.8,14.37103646,60.097495,344.16,342.21,344.82,339.26,331.46,14.41312783,14.62724773,14.50812237,14.81735413,14.40616219,65.214965,71.585494,63.31174,55.523505,49.47744,56.09697
422,1985-03-15,346.64,14.53516667,57.93407,345,342.13,344.96,339.6,331.94,14.46251576,14.57978051,14.6731252,14.7890672,14.45524876,63.24494,69.43963,66.59885,53.509215,50.93886,56.50897
423,1985-04-15,346.94,14.59321015,57.88811,345.35,342.99,345.19,340,333.11,14.64364808,14.54368963,14.59682076,14.88180344,14.42468063,59.26037,68.532455,67.47002,53.85686,49.65883,55.93048
424,1985-05-15,346.78,14.6288852,56.09697,345.8,344.16,345.33,340.44,333.95,14.37103646,14.41312783,14.85093396,14.97452157,14.43548003,60.097495,65.214965,68.46626,53.493255,48.36001,54.23731
425,1985-06-15,346.26,14.59937279,56.50897,346.64,345,344.57,339.99,333.42,14.53516667,14.46251576,14.55990117,14.81199639,14.37103837,57.93407,63.24494,70.635665,52.938346,46.27057,54.99428
426,1985-07-15,344.92,14.53006928,55.93048,346.94,345.35,343.2,338.44,331.97,14.59321015,14.64364808,14.53385918,14.85633271,14.33651533,57.88811,59.26037,70.198585,50.467826,46.19614,55.76441
427,1985-08-15,343.41,14.6715812,54.23731,346.78,345.8,342.21,337.21,329.95,14.6288852,14.37103646,14.62724773,14.78137295,14.22765629,56.09697,60.097495,71.585494,48.66318,47.60733,57.13389
428,1985-09-15,343.37,14.54500383,54.99428,346.26,346.64,342.13,337.05,328.49,14.59937279,14.53516667,14.57978051,14.69809811,14.22608943,56.50897,57.93407,69.43963,48.668624,48.35692,57.439536
429,1985-10-15,344.64,14.41887563,55.76441,344.92,346.94,342.99,337.82,328.36,14.53006928,14.59321015,14.54368963,14.60997861,14.137762,55.93048,57.88811,68.532455,50.4742,48.89142,58.825576
430,1985-11-15,345.79,14.47190278,57.13389,343.41,346.78,344.16,338.93,329.38,14.6715812,14.6288852,14.41312783,14.6364116,14.19033043,54.23731,56.09697,65.214965,55.601585,49.134376,59.97297
431,1985-12-15,346.55,14.51992886,57.439536,343.37,346.26,345,339.64,330.78,14.54500383,14.59937279,14.46251576,14.59334176,14.24266236,54.99428,56.50897,63.24494,59.75701,46.98198,59.34746
432,1986-01-15,347.11,14.63353055,58.825576,344.64,344.92,345.35,340.19,331.56,14.41887563,14.53006928,14.64364808,14.89225571,14.33445353,55.76441,55.93048,59.26037,61.78662,46.72877,59.101455
433,1986-02-15,347.34,14.6874532,59.97297,345.79,343.41,345.8,340.75,332.74,14.47190278,14.6715812,14.37103646,14.81618016,14.16864388,57.13389,54.23731,60.097495,62.87613,43.97838,57.81842
434,1986-03-15,347.71,14.65307515,59.34746,346.55,343.37,346.64,341.38,333.36,14.51992886,14.54500383,14.53516667,14.90219968,14.05268473,57.439536,54.99428,57.93407,64.641036,45.26131,58.598495
435,1986-04-15,348.22,14.76596253,59.101455,347.11,344.64,346.94,341.68,334.74,14.63353055,14.41887563,14.59321015,14.85270398,14.24407663,58.825576,55.76441,57.88811,65.62232,46.43608,56.29286
436,1986-05-15,348.32,14.79647916,57.81842,347.34,345.79,346.78,341.43,334.72,14.6874532,14.47190278,14.6288852,14.83585637,14.18952363,59.97297,57.13389,56.09697,66.952865,47.12371,57.104384
437,1986-06-15,347.76,14.61777489,58.598495,347.71,346.55,346.26,340.63,333.97,14.65307515,14.51992886,14.59937279,14.81643098,14.32254307,59.34746,57.439536,56.50897,67.43305,49.26272,56.156585
438,1986-07-15,346.29,14.61721699,56.29286,348.22,347.11,344.92,339.22,333.08,14.76596253,14.63353055,14.53006928,14.82412045,14.40882673,59.101455,58.825576,55.93048,65.74939,48.0058,55.741256
439,1986-08-15,344.92,14.62853043,57.104384,348.32,347.34,343.41,338.08,330.68,14.79647916,14.6874532,14.6715812,14.82955258,14.31239598,57.81842,59.97297,54.23731,66.554175,46.09155,55.370734
440,1986-09-15,344.86,14.53892319,56.156585,347.76,347.71,343.37,337.97,328.96,14.61777489,14.65307515,14.54500383,14.72983735,14.36865323,58.598495,59.34746,54.99428,65.49738,47.431975,56.57123
441,1986-10-15,346.03,14.47180169,55.741256,346.29,348.22,344.64,339.07,328.72,14.61721699,14.76596253,14.41887563,14.6468467,14.00584023,56.29286,59.101455,55.76441,67.63923,47.07502,58.41835
442,1986-11-15,347.3,14.56446259,55.370734,344.92,348.32,345.79,340.18,330.16,14.62853043,14.79647916,14.47190278,14.64073556,14.24603837,57.104384,57.81842,57.13389,66.690925,49.88979,61.11474
443,1986-12-15,347.76,14.61865418,56.57123,344.86,347.76,346.55,340.75,331.62,14.53892319,14.61777489,14.51992886,14.83107941,14.399311,56.156585,58.598495,57.439536,65.20894,50.164214,58.87801
444,1987-01-15,348.01,14.73305028,58.41835,346.03,346.29,347.11,341.37,332.68,14.47180169,14.61721699,14.63353055,14.48910039,14.52848237,55.741256,56.29286,58.825576,61.396155,48.75442,57.26378
445,1987-02-15,348.56,14.77655499,61.11474,347.3,344.92,347.34,341.95,333.17,14.56446259,14.62853043,14.6874532,14.57771867,14.47982303,55.370734,57.104384,59.97297,60.32455,46.04911,58.72255
446,1987-03-15,349.28,14.58453743,58.87801,347.76,344.86,347.71,342.23,334.96,14.61865418,14.53892319,14.65307515,14.42861553,14.48881047,56.57123,56.156585,59.34746,59.033164,44.258605,60.296966
447,1987-04-15,349.98,14.73166745,57.26378,348.01,346.03,348.22,342.52,336.14,14.73305028,14.47180169,14.76596253,14.52813903,14.55689328,58.41835,55.741256,59.101455,56.55514,42.024985,61.45121
448,1987-05-15,350.26,14.79305737,58.72255,348.56,347.3,348.32,342.37,336.93,14.77655499,14.56446259,14.79647916,14.69379895,14.65089505,61.11474,55.370734,57.81842,56.113425,42.582946,56.156585
449,1987-06-15,349.46,14.87453835,60.296966,349.28,347.76,347.76,341.49,336.17,14.58453743,14.61865418,14.61777489,14.64566796,14.67765038,58.87801,56.57123,58.598495,54.90035,43.097785,54.30982
450,1987-07-15,347.84,14.97658913,61.45121,349.98,348.01,346.29,339.75,334.89,14.73166745,14.73305028,14.61721699,14.72767441,14.62561123,57.26378,58.41835,56.29286,53.877685,44.15133,52.8972
451,1987-08-15,346.61,14.79494088,56.156585,350.26,348.56,344.92,338.11,332.56,14.79305737,14.77655499,14.62853043,14.61193459,14.59903423,58.72255,61.11474,57.104384,55.25953,44.79165,57.55024
452,1987-09-15,346.7,14.84177678,54.30982,349.46,349.28,344.86,338.16,331.29,14.87453835,14.58453743,14.53892319,14.60029786,14.42044153,60.296966,58.87801,56.156585,59.31457,45.79617,61.06116
453,1987-10-15,347.97,14.71944897,52.8972,347.84,349.98,346.03,339.61,331.28,14.97658913,14.73166745,14.47180169,14.54567713,14.34933179,61.45121,57.26378,55.741256,64.89328,46.51791,60.507964
454,1987-11-15,349.25,14.69259637,57.55024,346.61,350.26,347.3,340.95,332.46,14.79494088,14.79305737,14.56446259,14.54500383,14.58254426,56.156585,58.72255,55.370734,67.51424,48.60857,61.78639
455,1987-12-15,350.21,14.93986218,61.06116,346.7,349.46,347.76,341.77,333.6,14.84177678,14.87453835,14.61865418,14.83272259,14.52425283,54.30982,60.296966,56.57123,68.07847,51.38144,59.76762
456,1988-01-15,350.91,14.93508141,60.507964,347.97,347.84,348.01,342.37,334.94,14.71944897,14.97658913,14.73305028,14.91479676,14.51060479,52.8972,61.45121,58.41835,69.83621,53.936126,61.3991
457,1988-02-15,351.47,14.73262113,61.78639,349.25,346.61,348.56,342.74,335.26,14.69259637,14.79494088,14.77655499,14.87265198,14.48237317,57.55024,56.156585,61.11474,69.14403,57.67787,61.51658
458,1988-03-15,351.85,14.87388699,59.76762,350.21,346.7,349.28,343.04,336.66,14.93986218,14.84177678,14.58453743,14.87764352,14.49295228,61.06116,54.30982,58.87801,70.761115,56.6675,63.07029
459,1988-04-15,352.3,14.87692349,61.3991,350.91,347.97,349.98,343.51,337.69,14.93508141,14.71944897,14.73166745,14.78915493,14.51423163,60.507964,52.8972,57.26378,73.89519,56.35443,63.264304
460,1988-05-15,352.46,14.96336549,61.51658,351.47,349.25,350.26,343.84,338.02,14.73262113,14.69259637,14.79305737,14.93251317,14.57404893,61.78639,57.55024,58.72255,77.08853,52.66107,64.79428
461,1988-06-15,351.76,14.90896886,63.07029,351.85,350.21,349.46,343.5,338.01,14.87388699,14.93986218,14.87453835,14.79994385,14.44014638,59.76762,61.06116,60.296966,75.620463,51.17633,66.36252
462,1988-07-15,350.28,14.8685035,63.264304,352.3,350.91,347.84,342.14,336.5,14.87692349,14.93508141,14.97658913,14.74918359,14.57739728,61.3991,60.507964,61.45121,71.40705,49.77951,67.03448
463,1988-08-15,349.1,14.89924233,64.79428,352.46,351.47,346.61,340.62,334.42,14.96336549,14.73262113,14.79494088,14.81604283,14.34368508,61.51658,61.78639,56.156585,63.76304,51.29631,64.68857
464,1988-09-15,349.27,14.87856763,66.36252,351.76,351.85,346.7,340.53,332.36,14.90896886,14.87388699,14.84177678,14.86890691,14.38113683,63.07029,59.76762,54.30982,62.9429,51.59615,60.23281
465,1988-10-15,350.44,14.71413129,67.03448,350.28,352.3,347.97,341.75,332.45,14.8685035,14.87692349,14.71944897,14.59032529,14.37010183,63.264304,61.3991,52.8972,59.97777,51.90438,60.27551
466,1988-11-15,351.61,14.49687093,64.68857,349.1,352.46,349.25,342.83,333.76,14.89924233,14.96336549,14.69259637,14.7117204,14.53875343,64.79428,61.51658,57.55024,62.78521,47.388656,61.624885
467,1988-12-15,352.46,14.69619076,60.23281,349.27,351.76,350.21,343.49,334.91,14.87856763,14.90896886,14.93986218,14.64184087,14.55113783,66.36252,63.07029,61.06116,60.74435,44.48269,67.23353
468,1989-01-15,353.01,14.47002023,60.27551,350.44,350.28,350.91,344.32,336.56,14.71413129,14.8685035,14.93508141,14.66405099,14.64425748,67.03448,63.264304,60.507964,62.16959,41.59114,68.03284
469,1989-02-15,353.46,14.729021,61.624885,351.61,349.1,351.47,344.82,337.29,14.49687093,14.89924233,14.73262113,14.50812237,14.37806793,64.68857,64.79428,61.78639,63.31174,42.733504,68.506705
470,1989-03-15,354.01,14.70856755,67.23353,352.46,349.27,351.85,344.96,337.88,14.69619076,14.87856763,14.87388699,14.6731252,14.57940095,60.23281,66.36252,59.76762,66.59885,43.81256,66.60134
471,1989-04-15,354.38,14.75093263,68.03284,353.01,350.44,352.3,345.19,338.32,14.47002023,14.71413129,14.87692349,14.59682076,14.55735583,60.27551,67.03448,61.3991,67.47002,43.5797,66.90668
472,1989-05-15,354.19,14.65850251,68.506705,353.46,351.61,352.46,345.33,338.26,14.729021,14.49687093,14.96336549,14.85093396,14.61905091,61.624885,64.68857,61.51658,68.46626,42.09125,68.63033
473,1989-06-15,353.27,14.65953343,66.60134,354.01,352.46,351.76,344.57,337.38,14.70856755,14.69619076,14.90896886,14.55990117,14.63398831,67.23353,60.23281,63.07029,70.635665,42.56223,69.96967
474,1989-07-15,351.56,14.82807248,66.90668,354.38,353.01,350.28,343.2,335.57,14.75093263,14.47002023,14.8685035,14.53385918,14.56813901,68.03284,60.27551,63.264304,70.198585,44.91858,70.26473
475,1989-08-15,350.21,14.74416058,68.63033,354.19,353.46,349.1,342.21,334.37,14.65850251,14.729021,14.89924233,14.62724773,14.65633481,68.506705,61.624885,64.79428,71.585494,49.693915,70.75679
476,1989-09-15,350.56,14.78293698,69.96967,353.27,354.01,349.27,342.13,335.02,14.65953343,14.70856755,14.87856763,14.57978051,14.68951503,66.60134,67.23353,66.36252,69.43963,52.34029,69.04472
477,1989-10-15,351.85,14.69082349,70.26473,351.56,354.38,350.44,342.99,336.36,14.82807248,14.75093263,14.71413129,14.54368963,14.70108979,66.90668,68.03284,67.03448,68.532455,54.75604,67.93939
478,1989-11-15,353.04,14.57580463,70.75679,350.21,354.19,351.61,344.16,337.36,14.74416058,14.65850251,14.49687093,14.41312783,14.68143743,68.63033,68.506705,64.68857,65.214965,52.463386,64.93515
479,1989-12-15,353.91,14.82591813,69.04472,350.56,353.27,352.46,345,337.9,14.78293698,14.65953343,14.69619076,14.46251576,14.93366425,69.96967,66.60134,60.23281,63.24494,54.582755,63.83339
480,1990-01-15,354.48,14.83604233,67.93939,351.85,351.56,353.01,345.35,338.58,14.69082349,14.82807248,14.47002023,14.64364808,14.76679223,70.26473,66.90668,60.27551,59.26037,54.4589,64.436706
481,1990-02-15,354.87,14.79086487,64.93515,353.04,350.21,353.46,345.8,339.26,14.57580463,14.74416058,14.729021,14.37103646,14.81735413,70.75679,68.63033,61.624885,60.097495,55.523505,64.38622
482,1990-03-15,355.2,15.13869088,63.83339,353.91,350.56,354.01,346.64,339.6,14.82591813,14.78293698,14.70856755,14.53516667,14.7890672,69.04472,69.96967,67.23353,57.93407,53.509215,68.55674
483,1990-04-15,355.51,15.01340382,64.436706,354.48,351.85,354.38,346.94,340,14.83604233,14.69082349,14.75093263,14.59321015,14.88180344,67.93939,70.26473,68.03284,57.88811,53.85686,68.461104
484,1990-05-15,355.41,15.04921048,64.38622,354.87,353.04,354.19,346.78,340.44,14.79086487,14.57580463,14.65850251,14.6288852,14.97452157,64.93515,70.75679,68.506705,56.09697,53.493255,72.086036
485,1990-06-15,354.32,14.88138097,68.55674,355.2,353.91,353.27,346.26,339.99,15.13869088,14.82591813,14.65953343,14.59937279,14.81199639,63.83339,69.04472,66.60134,56.50897,52.938346,72.16387
486,1990-07-15,352.7,14.98770898,68.461104,355.51,354.48,351.56,344.92,338.44,15.01340382,14.83604233,14.82807248,14.53006928,14.85633271,64.436706,67.93939,66.90668,55.93048,50.467826,73.200107
487,1990-08-15,351.58,14.89965337,72.086036,355.41,354.87,350.21,343.41,337.21,15.04921048,14.79086487,14.74416058,14.6715812,14.78137295,64.38622,64.93515,68.63033,54.23731,48.66318,73.84164
488,1990-09-15,351.79,14.83529942,72.16387,354.32,355.2,350.56,343.37,337.05,14.88138097,15.13869088,14.78293698,14.54500383,14.69809811,68.55674,63.83339,69.96967,54.99428,48.668624,71.150146
489,1990-10-15,353.19,14.90740197,73.200107,352.7,355.51,351.85,344.64,337.82,14.98770898,15.01340382,14.69082349,14.41887563,14.60997861,68.461104,64.436706,70.26473,55.76441,50.4742,72.63738
490,1990-11-15,354.45,14.94534962,73.84164,351.58,355.41,353.04,345.79,338.93,14.89965337,15.04921048,14.57580463,14.47190278,14.6364116,72.086036,64.38622,70.75679,57.13389,55.601585,72.88263
491,1990-12-15,355.19,14.91627209,71.150146,351.79,354.32,353.91,346.55,339.64,14.83529942,14.88138097,14.82591813,14.51992886,14.59334176,72.16387,68.55674,69.04472,57.439536,59.75701,73.76143
492,1991-01-15,355.76,14.90032189,72.63738,353.19,352.7,354.48,347.11,340.19,14.90740197,14.98770898,14.83604233,14.63353055,14.89225571,73.200107,68.461104,67.93939,58.825576,61.78662,70.33324
493,1991-02-15,356.19,14.94318383,72.88263,354.45,351.58,354.87,347.34,340.75,14.94534962,14.89965337,14.79086487,14.6874532,14.81618016,73.84164,72.086036,64.93515,59.97297,62.87613,68.148
494,1991-03-15,356.69,14.81302159,73.76143,355.19,351.79,355.2,347.71,341.38,14.91627209,14.83529942,15.13869088,14.65307515,14.90219968,71.150146,72.16387,63.83339,59.34746,64.641036,67.704185
495,1991-04-15,357.2,14.94311135,70.33324,355.76,353.19,355.51,348.22,341.68,14.90032189,14.90740197,15.01340382,14.76596253,14.85270398,72.63738,73.200107,64.436706,59.101455,65.62232,69.536956
496,1991-05-15,357.11,14.88907521,68.148,356.19,354.45,355.41,348.32,341.43,14.94318383,14.94534962,15.04921048,14.79647916,14.83585637,72.88263,73.84164,64.38622,57.81842,66.952865,71.97729
497,1991-06-15,356.18,15.09365552,67.704185,356.69,355.19,354.32,347.76,340.63,14.81302159,14.91627209,14.88138097,14.61777489,14.81643098,73.76143,71.150146,68.55674,58.598495,67.43305,72.828166
498,1991-07-15,354.53,15.01793664,69.536956,357.2,355.76,352.7,346.29,339.22,14.94311135,14.90032189,14.98770898,14.61721699,14.82412045,70.33324,72.63738,68.461104,56.29286,65.74939,73.734405
499,1991-08-15,353.06,14.92604344,71.97729,357.11,356.19,351.58,344.92,338.08,14.88907521,14.94318383,14.89965337,14.62853043,14.82955258,68.148,72.88263,72.086036,57.104384,66.554175,74.268306
500,1991-09-15,352.93,14.86400502,72.828166,356.18,356.69,351.79,344.86,337.97,15.09365552,14.81302159,14.83529942,14.53892319,14.72983735,67.704185,73.76143,72.16387,56.156585,65.49738,73.81456
501,1991-10-15,354.01,14.71734517,73.734405,354.53,357.2,353.19,346.03,339.07,15.01793664,14.94311135,14.90740197,14.47180169,14.6468467,69.536956,70.33324,73.200107,55.741256,67.63923,76.370864
502,1991-11-15,355.16,14.7075681,74.268306,353.06,357.11,354.45,347.3,340.18,14.92604344,14.88907521,14.94534962,14.56446259,14.64073556,71.97729,68.148,73.84164,55.370734,66.690925,78.360644
503,1991-12-15,355.95,14.72886651,73.81456,352.93,356.18,355.19,347.76,340.75,14.86400502,15.09365552,14.91627209,14.61865418,14.83107941,72.828166,67.704185,71.150146,56.57123,65.20894,76.893012
504,1992-01-15,356.54,14.85586064,76.370864,354.01,354.53,355.76,348.01,341.37,14.71734517,15.01793664,14.90032189,14.73305028,14.48910039,73.734405,69.536956,72.63738,58.41835,61.396155,75.75164
505,1992-02-15,356.89,14.81510633,78.360644,355.16,353.06,356.19,348.56,341.95,14.7075681,14.92604344,14.94318383,14.77655499,14.57771867,74.268306,71.97729,72.88263,61.11474,60.32455,72.754306
506,1992-03-15,357.26,14.81876462,76.893012,355.95,352.93,356.69,349.28,342.23,14.72886651,14.86400502,14.81302159,14.58453743,14.42861553,73.81456,72.828166,73.76143,58.87801,59.033164,73.39997
507,1992-04-15,357.76,14.64630693,75.75164,356.54,354.01,357.2,349.98,342.52,14.85586064,14.71734517,14.94311135,14.73166745,14.52813903,76.370864,73.734405,70.33324,57.26378,56.55514,71.717155
508,1992-05-15,357.83,14.72716038,72.754306,356.89,355.16,357.11,350.26,342.37,14.81510633,14.7075681,14.88907521,14.79305737,14.69379895,78.360644,74.268306,68.148,58.72255,56.113425,71.76862
509,1992-06-15,356.87,14.74309723,73.39997,357.26,355.95,356.18,349.46,341.49,14.81876462,14.72886651,15.09365552,14.87453835,14.64566796,76.893012,73.81456,67.704185,60.296966,54.90035,72.82561
510,1992-07-15,355.19,14.60397809,71.717155,357.76,356.54,354.53,347.84,339.75,14.64630693,14.85586064,15.01793664,14.97658913,14.72767441,75.75164,76.370864,69.536956,61.45121,53.877685,76.151027
511,1992-08-15,353.66,14.57749551,71.76862,357.83,356.89,353.06,346.61,338.11,14.72716038,14.81510633,14.92604344,14.79494088,14.61193459,72.754306,78.360644,71.97729,56.156585,55.25953,75.21204
512,1992-09-15,353.58,14.45674223,72.82561,356.87,357.26,352.93,346.7,338.16,14.74309723,14.81876462,14.86400502,14.84177678,14.60029786,73.39997,76.893012,72.828166,54.30982,59.31457,73.953952
513,1992-10-15,354.81,14.46420473,76.151027,355.19,357.76,354.01,347.97,339.61,14.60397809,14.64630693,14.71734517,14.71944897,14.54567713,71.717155,75.75164,73.734405,52.8972,64.89328,71.95581
514,1992-11-15,355.99,14.44800563,75.21204,353.66,357.83,355.16,349.25,340.95,14.57749551,14.72716038,14.7075681,14.69259637,14.54500383,71.76862,72.754306,74.268306,57.55024,67.51424,73.001712
515,1992-12-15,356.74,14.60251897,73.953952,353.58,356.87,355.95,350.21,341.77,14.45674223,14.74309723,14.72886651,14.93986218,14.83272259,72.82561,73.39997,73.81456,61.06116,68.07847,74.681464
516,1993-01-15,357.2,14.75849049,71.95581,354.81,355.19,356.54,350.91,342.37,14.46420473,14.60397809,14.85586064,14.93508141,14.91479676,76.151027,71.717155,76.370864,60.507964,69.83621,76.809302
517,1993-02-15,357.54,14.75733559,73.001712,355.99,353.66,356.89,351.47,342.74,14.44800563,14.57749551,14.81510633,14.73262113,14.87265198,75.21204,71.76862,78.360644,61.78639,69.14403,77.188678
518,1993-03-15,357.94,14.70220653,74.681464,356.74,353.58,357.26,351.85,343.04,14.60251897,14.45674223,14.81876462,14.87388699,14.87764352,73.953952,72.82561,76.893012,59.76762,70.761115,73.097037
519,1993-04-15,358.41,14.73989575,76.809302,357.2,354.81,357.76,352.3,343.51,14.75849049,14.46420473,14.64630693,14.87692349,14.78915493,71.95581,76.151027,75.75164,61.3991,73.89519,69.60416
520,1993-05-15,358.38,14.77053635,77.188678,357.54,355.99,357.83,352.46,343.84,14.75733559,14.44800563,14.72716038,14.96336549,14.93251317,73.001712,75.21204,72.754306,61.51658,77.08853,66.50781
521,1993-06-15,357.34,14.76315301,73.097037,357.94,356.74,356.87,351.76,343.5,14.70220653,14.60251897,14.74309723,14.90896886,14.79994385,74.681464,73.953952,73.39997,63.07029,75.620463,63.39115
522,1993-07-15,355.7,14.71521943,69.60416,358.41,357.2,355.19,350.28,342.14,14.73989575,14.75849049,14.60397809,14.8685035,14.74918359,76.809302,71.95581,71.717155,63.264304,71.40705,64.65116
523,1993-08-15,354.41,14.68119805,66.50781,358.38,357.54,353.66,349.1,340.62,14.77053635,14.75733559,14.57749551,14.89924233,14.81604283,77.188678,73.001712,71.76862,64.79428,63.76304,63.42213
524,1993-09-15,354.47,14.54922478,63.39115,357.34,357.94,353.58,349.27,340.53,14.76315301,14.70220653,14.45674223,14.87856763,14.86890691,73.097037,74.681464,72.82561,66.36252,62.9429,67.89537
525,1993-10-15,355.72,14.63538735,64.65116,355.7,358.41,354.81,350.44,341.75,14.71521943,14.73989575,14.46420473,14.71413129,14.59032529,69.60416,76.809302,76.151027,67.03448,59.97777,71.39577
526,1993-11-15,356.96,14.52332299,63.42213,354.41,358.38,355.99,351.61,342.83,14.68119805,14.77053635,14.44800563,14.49687093,14.7117204,66.50781,77.188678,75.21204,64.68857,62.78521,71.18595
527,1993-12-15,357.87,14.71297066,67.89537,354.47,357.34,356.74,352.46,343.49,14.54922478,14.76315301,14.60251897,14.69619076,14.64184087,63.39115,73.097037,73.953952,60.23281,60.74435,72.669723
528,1994-01-15,358.48,14.67052548,71.39577,355.72,355.7,357.2,353.01,344.32,14.63538735,14.71521943,14.75849049,14.47002023,14.66405099,64.65116,69.60416,71.95581,60.27551,62.16959,71.17806
529,1994-02-15,359,14.42956633,71.18595,356.96,354.41,357.54,353.46,344.82,14.52332299,14.68119805,14.75733559,14.729021,14.50812237,63.42213,66.50781,73.001712,61.624885,63.31174,73.611095
530,1994-03-15,359.36,14.64746278,72.669723,357.87,354.47,357.94,354.01,344.96,14.71297066,14.54922478,14.70220653,14.70856755,14.6731252,67.89537,63.39115,74.681464,67.23353,66.59885,72.871677
531,1994-04-15,359.71,14.78532975,71.17806,358.48,355.72,358.41,354.38,345.19,14.67052548,14.63538735,14.73989575,14.75093263,14.59682076,71.39577,64.65116,76.809302,68.03284,67.47002,75.74867
532,1994-05-15,359.74,14.71733658,73.611095,359,356.96,358.38,354.19,345.33,14.42956633,14.52332299,14.77053635,14.65850251,14.85093396,71.18595,63.42213,77.188678,68.506705,68.46626,75.1356
533,1994-06-15,358.8,14.81177037,72.871677,359.36,357.87,357.34,353.27,344.57,14.64746278,14.71297066,14.76315301,14.65953343,14.55990117,72.669723,67.89537,73.097037,66.60134,70.635665,75.10243
534,1994-07-15,357.27,14.79051678,75.74867,359.71,358.48,355.7,351.56,343.2,14.78532975,14.67052548,14.71521943,14.82807248,14.53385918,71.17806,71.39577,69.60416,66.90668,70.198585,74.826602
535,1994-08-15,356.06,14.68130868,75.1356,359.74,359,354.41,350.21,342.21,14.71733658,14.42956633,14.68119805,14.74416058,14.62724773,73.611095,71.18595,66.50781,68.63033,71.585494,72.983504
536,1994-09-15,356.02,14.82715218,75.10243,358.8,359.36,354.47,350.56,342.13,14.81177037,14.64746278,14.54922478,14.78293698,14.57978051,72.871677,72.669723,63.39115,69.96967,69.43963,75.14402
537,1994-10-15,357.27,14.77362913,74.826602,357.27,359.71,355.72,351.85,342.99,14.79051678,14.78532975,14.63538735,14.69082349,14.54368963,75.74867,71.17806,64.65116,70.26473,68.532455,76.120044
538,1994-11-15,358.69,14.8163976,72.983504,356.06,359.74,356.96,353.04,344.16,14.68130868,14.71733658,14.52332299,14.57580463,14.41312783,75.1356,73.611095,63.42213,70.75679,65.214965,77.287356
539,1994-12-15,359.55,14.7938184,75.14402,356.02,358.8,357.87,353.91,345,14.82715218,14.81177037,14.71297066,14.82591813,14.46251576,75.10243,72.871677,67.89537,69.04472,63.24494,78.57149
540,1995-01-15,360.13,14.93702595,76.120044,357.27,357.27,358.48,354.48,345.35,14.77362913,14.79051678,14.67052548,14.83604233,14.64364808,74.826602,75.74867,71.39577,67.93939,59.26037,76.82014
541,1995-02-15,360.62,15.13120263,77.287356,358.69,356.06,359,354.87,345.8,14.8163976,14.68130868,14.42956633,14.79086487,14.37103646,72.983504,75.1356,71.18595,64.93515,60.097495,76.444575
542,1995-03-15,361.08,14.83012383,78.57149,359.55,356.02,359.36,355.2,346.64,14.7938184,14.82715218,14.64746278,15.13869088,14.53516667,75.14402,75.10243,72.669723,63.83339,57.93407,75.662543
543,1995-04-15,361.55,14.94652264,76.82014,360.13,357.27,359.71,355.51,346.94,14.93702595,14.77362913,14.78532975,15.01340382,14.59321015,76.120044,74.826602,71.17806,64.436706,57.88811,77.571033
544,1995-05-15,361.47,14.83063309,76.444575,360.62,358.69,359.74,355.41,346.78,15.13120263,14.8163976,14.71733658,15.04921048,14.6288852,77.287356,72.983504,73.611095,64.38622,56.09697,77.693145
545,1995-06-15,360.62,14.97967713,75.662543,361.08,359.55,358.8,354.32,346.26,14.83012383,14.7938184,14.81177037,14.88138097,14.59937279,78.57149,75.14402,72.871677,68.55674,56.50897,79.488048
546,1995-07-15,359,14.96123688,77.571033,361.55,360.13,357.27,352.7,344.92,14.94652264,14.93702595,14.79051678,14.98770898,14.53006928,76.82014,76.120044,75.74867,68.461104,55.93048,80.735263
547,1995-08-15,357.74,14.95872681,77.693145,361.47,360.62,356.06,351.58,343.41,14.83063309,15.13120263,14.68130868,14.89965337,14.6715812,76.444575,77.287356,75.1356,72.086036,54.23731,82.691672
548,1995-09-15,358.06,14.86524098,79.488048,360.62,361.08,356.02,351.79,343.37,14.97967713,14.83012383,14.82715218,14.83529942,14.54500383,75.662543,78.57149,75.10243,72.16387,54.99428,85.963904
549,1995-10-15,359.43,14.87071889,80.735263,359,361.55,357.27,353.19,344.64,14.96123688,14.94652264,14.77362913,14.90740197,14.41887563,77.571033,76.82014,74.826602,73.200107,55.76441,85.085475
550,1995-11-15,360.77,14.84160798,82.691672,357.74,361.47,358.69,354.45,345.79,14.95872681,14.83063309,14.8163976,14.94534962,14.47190278,77.693145,76.444575,72.983504,73.84164,57.13389,84.843814
551,1995-12-15,361.65,14.72534553,85.963904,358.06,360.62,359.55,355.19,346.55,14.86524098,14.97967713,14.7938184,14.91627209,14.51992886,79.488048,75.662543,75.14402,71.150146,57.439536,79.30748
552,1996-01-15,362.14,14.70661823,85.085475,359.43,359,360.13,355.76,347.11,14.87071889,14.96123688,14.93702595,14.90032189,14.63353055,80.735263,77.571033,76.120044,72.63738,58.825576,76.77639
553,1996-02-15,362.5,14.84378331,84.843814,360.77,357.74,360.62,356.19,347.34,14.84160798,14.95872681,15.13120263,14.94318383,14.6874532,82.691672,77.693145,77.287356,72.88263,59.97297,76.06384
554,1996-03-15,362.82,14.75550168,79.30748,361.65,358.06,361.08,356.69,347.71,14.72534553,14.86524098,14.83012383,14.81302159,14.65307515,85.963904,79.488048,78.57149,73.76143,59.34746,75.812842
555,1996-04-15,363.14,14.72138113,76.77639,362.14,359.43,361.55,357.2,348.22,14.70661823,14.87071889,14.94652264,14.94311135,14.76596253,85.085475,80.735263,76.82014,70.33324,59.101455,81.81847
556,1996-05-15,363.29,14.69859021,76.06384,362.5,360.77,361.47,357.11,348.32,14.84378331,14.84160798,14.83063309,14.88907521,14.79647916,84.843814,82.691672,76.444575,68.148,57.81842,84.17636
557,1996-06-15,362.88,14.74997609,75.812842,362.82,361.65,360.62,356.18,347.76,14.75550168,14.72534553,14.97967713,15.09365552,14.61777489,79.30748,85.963904,75.662543,67.704185,58.598495,89.741374
558,1996-07-15,361.57,14.85872262,81.81847,363.14,362.14,359,354.53,346.29,14.72138113,14.70661823,14.96123688,15.01793664,14.61721699,76.77639,85.085475,77.571033,69.536956,56.29286,87.06576
559,1996-08-15,360.07,14.95408433,84.17636,363.29,362.5,357.74,353.06,344.92,14.69859021,14.84378331,14.95872681,14.92604344,14.62853043,76.06384,84.843814,77.693145,71.97729,57.104384,85.39107
560,1996-09-15,359.7,14.73831837,89.741374,362.88,362.82,358.06,352.93,344.86,14.74997609,14.75550168,14.86524098,14.86400502,14.53892319,75.812842,79.30748,79.488048,72.828166,56.156585,83.561004
561,1996-10-15,360.67,14.62530893,87.06576,361.57,363.14,359.43,354.01,346.03,14.85872262,14.72138113,14.87071889,14.71734517,14.47180169,81.81847,76.77639,80.735263,73.734405,55.741256,86.07995
562,1996-11-15,361.78,14.84633439,85.39107,360.07,363.29,360.77,355.16,347.3,14.95408433,14.69859021,14.84160798,14.7075681,14.56446259,84.17636,76.06384,82.691672,74.268306,55.370734,88.647506
563,1996-12-15,362.63,14.81988328,83.561004,359.7,362.88,361.65,355.95,347.76,14.73831837,14.74997609,14.72534553,14.72886651,14.61865418,89.741374,75.812842,85.963904,73.81456,56.57123,92.171924
564,1997-01-15,363.27,14.69682783,86.07995,360.67,361.57,362.14,356.54,348.01,14.62530893,14.85872262,14.70661823,14.85586064,14.73305028,87.06576,81.81847,85.085475,76.370864,58.41835,92.659392
565,1997-02-15,363.63,14.7514581,88.647506,361.78,360.07,362.5,356.89,348.56,14.84633439,14.95408433,14.84378331,14.81510633,14.77655499,85.39107,84.17636,84.843814,78.360644,61.11474,93.25212
566,1997-03-15,364.02,14.89566701,92.171924,362.63,359.7,362.82,357.26,349.28,14.81988328,14.73831837,14.75550168,14.81876462,14.58453743,83.561004,89.741374,79.30748,76.893012,58.87801,93.00883
567,1997-04-15,364.5,14.73790163,92.659392,363.27,360.67,363.14,357.76,349.98,14.69682783,14.62530893,14.72138113,14.64630693,14.73166745,86.07995,87.06576,76.77639,75.75164,57.26378,88.46817
568,1997-05-15,364.5,14.81338399,93.25212,363.63,361.78,363.29,357.83,350.26,14.7514581,14.84633439,14.69859021,14.72716038,14.79305737,88.647506,85.39107,76.06384,72.754306,58.72255,88.248702
569,1997-06-15,363.58,14.98571961,93.00883,364.02,362.63,362.88,356.87,349.46,14.89566701,14.81988328,14.74997609,14.74309723,14.87453835,92.171924,83.561004,75.812842,73.39997,60.296966,87.150493
570,1997-07-15,361.93,14.8930835,88.46817,364.5,363.27,361.57,355.19,347.84,14.73790163,14.69682783,14.85872262,14.60397809,14.97658913,92.659392,86.07995,81.81847,71.717155,61.45121,92.1909
571,1997-08-15,360.4,14.9316129,88.248702,364.5,363.63,360.07,353.66,346.61,14.81338399,14.7514581,14.95408433,14.57749551,14.79494088,93.25212,88.647506,84.17636,71.76862,56.156585,91.922233
572,1997-09-15,360.4,15.00119584,87.150493,363.58,364.02,359.7,353.58,346.7,14.98571961,14.89566701,14.73831837,14.45674223,14.84177678,93.00883,92.171924,89.741374,72.82561,54.30982,94.09293
573,1997-10-15,361.94,15.01276009,92.1909,361.93,364.5,360.67,354.81,347.97,14.8930835,14.73790163,14.62530893,14.46420473,14.71944897,88.46817,92.659392,87.06576,76.151027,52.8972,90.751132
574,1997-11-15,363.61,15.04753392,91.922233,360.4,364.5,361.78,355.99,349.25,14.9316129,14.81338399,14.84633439,14.44800563,14.69259637,88.248702,93.25212,85.39107,75.21204,57.55024,87.260078
575,1997-12-15,364.68,15.01794141,94.09293,360.4,363.58,362.63,356.74,350.21,15.00119584,14.98571961,14.81988328,14.60251897,14.93986218,87.150493,93.00883,83.561004,73.953952,61.06116,83.37303
576,1998-01-15,365.19,15.01816743,90.751132,361.94,361.93,363.27,357.2,350.91,15.01276009,14.8930835,14.69682783,14.75849049,14.93508141,92.1909,88.46817,86.07995,71.95581,60.507964,79.74895
577,1998-02-15,365.46,15.2200517,87.260078,363.61,360.4,363.63,357.54,351.47,15.04753392,14.9316129,14.7514581,14.75733559,14.73262113,91.922233,88.248702,88.647506,73.001712,61.78639,79.63827
578,1998-03-15,365.93,15.03052895,83.37303,364.68,360.4,364.02,357.94,351.85,15.01794141,15.00119584,14.89566701,14.70220653,14.87388699,94.09293,87.150493,92.171924,74.681464,59.76762,79.91009
579,1998-04-15,366.58,15.18669217,79.74895,365.19,361.94,364.5,358.41,352.3,15.01816743,15.01276009,14.73790163,14.73989575,14.87692349,90.751132,92.1909,92.659392,76.809302,61.3991,82.108893
580,1998-05-15,366.86,15.24399846,79.63827,365.46,363.61,364.5,358.38,352.46,15.2200517,15.04753392,14.81338399,14.77053635,14.96336549,87.260078,91.922233,93.25212,77.188678,61.51658,83.14758
581,1998-06-15,366.26,15.24896901,79.91009,365.93,364.68,363.58,357.34,351.76,15.03052895,15.01794141,14.98571961,14.76315301,14.90896886,83.37303,94.09293,93.00883,73.097037,63.07029,85.31116
582,1998-07-15,364.83,15.18690102,82.108893,366.58,365.19,361.93,355.7,350.28,15.18669217,15.01816743,14.8930835,14.71521943,14.8685035,79.74895,90.751132,88.46817,69.60416,63.264304,83.427577
583,1998-08-15,363.79,15.20706933,83.14758,366.86,365.46,360.4,354.41,349.1,15.24399846,15.2200517,14.9316129,14.68119805,14.89924233,79.63827,87.260078,88.248702,66.50781,64.79428,81.540187
584,1998-09-15,364.03,15.01308148,85.31116,366.26,365.93,360.4,354.47,349.27,15.24896901,15.03052895,15.00119584,14.54922478,14.87856763,79.91009,83.37303,87.150493,63.39115,66.36252,80.58693
585,1998-10-15,365.34,14.88796036,83.427577,364.83,366.58,361.94,355.72,350.44,15.18690102,15.18669217,15.01276009,14.63538735,14.71413129,82.108893,79.74895,92.1909,64.65116,67.03448,83.91869
586,1998-11-15,366.6,14.8267669,81.540187,363.79,366.86,363.61,356.96,351.61,15.20706933,15.24399846,15.04753392,14.52332299,14.49687093,83.14758,79.63827,91.922233,63.42213,64.68857,87.613643
587,1998-12-15,367.47,14.97844117,80.58693,364.03,366.26,364.68,357.87,352.46,15.01308148,15.24896901,15.01794141,14.71297066,14.69619076,85.31116,79.91009,94.09293,67.89537,60.23281,92.02342
588,1999-01-15,368.11,14.83916562,83.91869,365.34,364.83,365.19,358.48,353.01,14.88796036,15.18690102,15.01816743,14.67052548,14.47002023,83.427577,82.108893,90.751132,71.39577,60.27551,91.30896
589,1999-02-15,368.51,15.01788895,87.613643,366.6,363.79,365.46,359,353.46,14.8267669,15.20706933,15.2200517,14.42956633,14.729021,81.540187,83.14758,87.260078,71.18595,61.624885,92.35656
590,1999-03-15,368.91,14.67512314,92.02342,367.47,364.03,365.93,359.36,354.01,14.97844117,15.01308148,15.03052895,14.64746278,14.70856755,80.58693,85.31116,83.37303,72.669723,67.23353,91.615375
591,1999-04-15,369.29,14.76235287,91.30896,368.11,365.34,366.58,359.71,354.38,14.83916562,14.88796036,15.18669217,14.78532975,14.75093263,83.91869,83.427577,79.74895,71.17806,68.03284,93.146495
592,1999-05-15,369.21,14.76846497,92.35656,368.51,366.6,366.86,359.74,354.19,15.01788895,14.8267669,15.24399846,14.71733658,14.65850251,87.613643,81.540187,79.63827,73.611095,68.506705,92.096805
593,1999-06-15,368.36,14.83355611,91.615375,368.91,367.47,366.26,358.8,353.27,14.67512314,14.97844117,15.24896901,14.81177037,14.65953343,92.02342,80.58693,79.91009,72.871677,66.60134,91.604396
594,1999-07-15,366.69,14.86318391,93.146495,369.29,368.11,364.83,357.27,351.56,14.76235287,14.83916562,15.18690102,14.79051678,14.82807248,91.30896,83.91869,82.108893,75.74867,66.90668,90.04663
595,1999-08-15,365.33,14.82805054,92.096805,369.21,368.51,363.79,356.06,350.21,14.76846497,15.01788895,15.20706933,14.68130868,14.74416058,92.35656,87.613643,83.14758,75.1356,68.63033,86.730235
596,1999-09-15,365.45,14.86517995,91.604396,368.36,368.91,364.03,356.02,350.56,14.83355611,14.67512314,15.01308148,14.82715218,14.78293698,91.615375,92.02342,85.31116,75.10243,69.96967,84.61819
597,1999-10-15,366.75,14.76424306,90.04663,366.69,369.29,365.34,357.27,351.85,14.86318391,14.76235287,14.88796036,14.77362913,14.69082349,93.146495,91.30896,83.427577,74.826602,70.26473,82.669643
598,1999-11-15,368.04,14.76277249,86.730235,365.33,369.21,366.6,358.69,353.04,14.82805054,14.76846497,14.8267669,14.8163976,14.57580463,92.096805,92.35656,81.540187,72.983504,70.75679,85.360652
599,1999-12-15,368.88,14.84224122,84.61819,365.45,368.36,367.47,359.55,353.91,14.86517995,14.83355611,14.97844117,14.7938184,14.82591813,91.604396,91.615375,80.58693,75.14402,69.04472,89.667342
600,2000-01-15,369.39,14.67656701,82.669643,366.75,366.69,368.11,360.13,354.48,14.76424306,14.86318391,14.83916562,14.93702595,14.83604233,90.04663,93.146495,83.91869,76.120044,67.93939,93.05543
601,2000-02-15,369.65,14.9293937,85.360652,368.04,365.33,368.51,360.62,354.87,14.76277249,14.82805054,15.01788895,15.13120263,14.79086487,86.730235,92.096805,87.613643,77.287356,64.93515,97.30015
602,2000-03-15,369.97,14.84737103,89.667342,368.88,365.45,368.91,361.08,355.2,14.84224122,14.86517995,14.67512314,14.83012383,15.13869088,84.61819,91.604396,92.02342,78.57149,63.83339,96.55958
603,2000-04-15,370.35,14.98314374,93.05543,369.39,366.75,369.29,361.55,355.51,14.67656701,14.76424306,14.76235287,14.94652264,15.01340382,82.669643,90.04663,91.30896,76.82014,64.436706,97.605575
604,2000-05-15,370.24,14.84514993,97.30015,369.65,368.04,369.21,361.47,355.41,14.9293937,14.76277249,14.76846497,14.83063309,15.04921048,85.360652,86.730235,92.35656,76.444575,64.38622,92.29697
605,2000-06-15,369.31,14.82182687,96.55958,369.97,368.88,368.36,360.62,354.32,14.84737103,14.84224122,14.83355611,14.97967713,14.88138097,89.667342,84.61819,91.615375,75.662543,68.55674,89.892505
606,2000-07-15,367.91,14.82737916,97.605575,370.35,369.39,366.69,359,352.7,14.98314374,14.67656701,14.86318391,14.96123688,14.98770898,93.05543,82.669643,93.146495,77.571033,68.461104,86.45
607,2000-08-15,366.76,14.89057343,92.29697,370.24,369.65,365.33,357.74,351.58,14.84514993,14.9293937,14.82805054,14.95872681,14.89965337,97.30015,85.360652,92.096805,77.693145,72.086036,87.469695
608,2000-09-15,366.71,14.82714074,89.892505,369.31,369.97,365.45,358.06,351.79,14.82182687,14.84737103,14.86517995,14.86524098,14.83529942,96.55958,89.667342,91.604396,79.488048,72.16387,88.83938
609,2000-10-15,367.91,14.66993706,86.45,367.91,370.35,366.75,359.43,353.19,14.82737916,14.98314374,14.76424306,14.87071889,14.90740197,97.605575,93.05543,90.04663,80.735263,73.200107,92.95798
610,2000-11-15,369.28,14.71932403,87.469695,366.76,370.24,368.04,360.77,354.45,14.89057343,14.84514993,14.76277249,14.84160798,14.94534962,92.29697,97.30015,86.730235,82.691672,73.84164,93.39769
611,2000-12-15,370.1,14.72358506,88.83938,366.71,369.31,368.88,361.65,355.19,14.82714074,14.82182687,14.84224122,14.72534553,14.91627209,89.892505,96.55958,84.61819,85.963904,71.150146,96.322543
612,2001-01-15,370.69,14.83636849,92.95798,367.91,367.91,369.39,362.14,355.76,14.66993706,14.82737916,14.67656701,14.70661823,14.90032189,86.45,97.605575,82.669643,85.085475,72.63738,94.293708
613,2001-02-15,371.18,14.78312771,93.39769,369.28,366.76,369.65,362.5,356.19,14.71932403,14.89057343,14.9293937,14.84378331,14.94318383,87.469695,92.29697,85.360652,84.843814,72.88263,95.214683
614,2001-03-15,371.58,14.90677827,96.322543,370.1,366.71,369.97,362.82,356.69,14.72358506,14.82714074,14.84737103,14.75550168,14.81302159,88.83938,89.892505,89.667342,79.30748,73.76143,95.565112
615,2001-04-15,371.9,14.91245549,94.293708,370.69,367.91,370.35,363.14,357.2,14.83636849,14.66993706,14.98314374,14.72138113,14.94311135,92.95798,86.45,93.05543,76.77639,70.33324,97.23964
616,2001-05-15,371.76,15.0199899,95.214683,371.18,369.28,370.24,363.29,357.11,14.78312771,14.71932403,14.84514993,14.69859021,14.88907521,93.39769,87.469695,97.30015,76.06384,68.148,99.03658
617,2001-06-15,370.83,14.954791,95.565112,371.58,370.1,369.31,362.88,356.18,14.90677827,14.72358506,14.82182687,14.74997609,15.09365552,96.322543,88.83938,96.55958,75.812842,67.704185,99.03509
618,2001-07-15,369.45,15.04464905,97.23964,371.9,370.69,367.91,361.57,354.53,14.91245549,14.83636849,14.82737916,14.85872262,15.01793664,94.293708,92.95798,97.605575,81.81847,69.536956,96.170436
619,2001-08-15,368.31,15.01466553,99.03658,371.76,371.18,366.76,360.07,353.06,15.0199899,14.78312771,14.89057343,14.95408433,14.92604344,95.214683,93.39769,92.29697,84.17636,71.97729,92.395328
620,2001-09-15,368.36,14.98771088,99.03509,370.83,371.58,366.71,359.7,352.93,14.954791,14.90677827,14.82714074,14.73831837,14.86400502,95.565112,96.322543,89.892505,89.741374,72.828166,89.43264
621,2001-10-15,369.71,14.95957463,96.170436,369.45,371.9,367.91,360.67,354.01,15.04464905,14.91245549,14.66993706,14.62530893,14.71734517,97.23964,94.293708,86.45,87.06576,73.734405,89.415282
622,2001-11-15,371.06,15.16546624,92.395328,368.31,371.76,369.28,361.78,355.16,15.01466553,15.0199899,14.71932403,14.84633439,14.7075681,99.03658,95.214683,87.469695,85.39107,74.268306,90.46307
623,2001-12-15,371.98,15.0959224,89.43264,368.36,370.83,370.1,362.63,355.95,14.98771088,14.954791,14.72358506,14.81988328,14.72886651,99.03509,95.565112,88.83938,83.561004,73.81456,91.296695
624,2002-01-15,372.51,15.16137879,89.415282,369.71,369.45,370.69,363.27,356.54,14.95957463,15.04464905,14.83636849,14.69682783,14.85586064,96.170436,97.23964,92.95798,86.07995,76.370864,90.75178
625,2002-02-15,372.91,15.05776303,90.46307,371.06,368.31,371.18,363.63,356.89,15.16546624,15.01466553,14.78312771,14.7514581,14.81510633,92.395328,99.03658,93.39769,88.647506,78.360644,92.437774
626,2002-03-15,373.38,15.25693314,91.296695,371.98,368.36,371.58,364.02,357.26,15.0959224,14.98771088,14.90677827,14.89566701,14.81876462,89.43264,99.03509,96.322543,92.171924,76.893012,94.946445
627,2002-04-15,373.73,15.00224393,90.75178,372.51,369.71,371.9,364.5,357.76,15.16137879,14.95957463,14.91245549,14.73790163,14.64630693,89.415282,96.170436,94.293708,92.659392,75.75164,95.026774
628,2002-05-15,373.71,15.14574044,92.437774,372.91,371.06,371.76,364.5,357.83,15.05776303,15.16546624,15.0199899,14.81338399,14.72716038,90.46307,92.395328,95.214683,93.25212,72.754306,94.138305
629,2002-06-15,372.84,15.08895009,94.946445,373.38,371.98,370.83,363.58,356.87,15.25693314,15.0959224,14.954791,14.98571961,14.74309723,91.296695,89.43264,95.565112,93.00883,73.39997,96.087897
630,2002-07-15,371.41,15.09909051,95.026774,373.73,372.51,369.45,361.93,355.19,15.00224393,15.16137879,15.04464905,14.8930835,14.60397809,90.75178,89.415282,97.23964,88.46817,71.717155,97.435126
631,2002-08-15,370.35,15.01901429,94.138305,373.71,372.91,368.31,360.4,353.66,15.14574044,15.05776303,15.01466553,14.9316129,14.57749551,92.437774,90.46307,99.03658,88.248702,71.76862,99.772857
632,2002-09-15,370.67,15.0710954,96.087897,372.84,373.38,368.36,360.4,353.58,15.08895009,15.25693314,14.98771088,15.00119584,14.45674223,94.946445,91.296695,99.03509,87.150493,72.82561,98.249274
633,2002-10-15,371.95,14.98469632,97.435126,371.41,373.73,369.71,361.94,354.81,15.09909051,15.00224393,14.95957463,15.01276009,14.46420473,95.026774,90.75178,96.170436,92.1909,76.151027,97.028148
634,2002-11-15,373.28,15.01114362,99.772857,370.35,373.71,371.06,363.61,355.99,15.01901429,15.14574044,15.16546624,15.04753392,14.44800563,94.138305,92.437774,92.395328,91.922233,75.21204,95.54124
635,2002-12-15,374.26,14.94362824,98.249274,370.67,372.84,371.98,364.68,356.74,15.0710954,15.08895009,15.0959224,15.01794141,14.60251897,96.087897,94.946445,89.43264,94.09293,73.953952,94.80369
636,2003-01-15,374.94,15.17265122,97.028148,371.95,371.41,372.51,365.19,357.2,14.98469632,15.09909051,15.16137879,15.01816743,14.75849049,97.435126,95.026774,89.415282,90.751132,71.95581,98.95608
637,2003-02-15,375.47,14.97837632,95.54124,373.28,370.35,372.91,365.46,357.54,15.01114362,15.01901429,15.05776303,15.2200517,14.75733559,99.772857,94.138305,90.46307,87.260078,73.001712,101.68249
638,2003-03-15,375.91,14.89992803,94.80369,374.26,370.67,373.38,365.93,357.94,14.94362824,15.0710954,15.25693314,15.03052895,14.70220653,98.249274,96.087897,91.296695,83.37303,74.681464,105.99074
639,2003-04-15,376.39,14.94577687,98.95608,374.94,371.95,373.73,366.58,358.41,15.17265122,14.98469632,15.00224393,15.18669217,14.73989575,97.028148,97.435126,90.75178,79.74895,76.809302,106.475934
640,2003-05-15,376.54,15.05208009,101.68249,375.47,373.28,373.71,366.86,358.38,14.97837632,15.01114362,15.14574044,15.24399846,14.77053635,95.54124,99.772857,92.437774,79.63827,77.188678,109.001613
641,2003-06-15,375.71,14.92695134,105.99074,375.91,374.26,372.84,366.26,357.34,14.89992803,14.94362824,15.08895009,15.24896901,14.76315301,94.80369,98.249274,94.946445,79.91009,73.097037,109.883725
642,2003-07-15,374.16,15.01790231,106.475934,376.39,374.94,371.41,364.83,355.7,14.94577687,15.17265122,15.09909051,15.18690102,14.71521943,98.95608,97.028148,95.026774,82.108893,69.60416,109.640412
643,2003-08-15,372.93,15.11152642,109.001613,376.54,375.47,370.35,363.79,354.41,15.05208009,14.97837632,15.01901429,15.20706933,14.68119805,101.68249,95.54124,94.138305,83.14758,66.50781,105.374314
644,2003-09-15,373.09,15.13968842,109.883725,375.71,375.91,370.67,364.03,354.47,14.92695134,14.89992803,15.0710954,15.01308148,14.54922478,105.99074,94.80369,96.087897,85.31116,63.39115,103.750743
645,2003-10-15,374.36,15.16966622,109.640412,374.16,376.39,371.95,365.34,355.72,15.01790231,14.94577687,14.98469632,14.88796036,14.63538735,106.475934,98.95608,97.435126,83.427577,64.65116,100.505244
646,2003-11-15,375.65,15.02842515,105.374314,372.93,376.54,373.28,366.6,356.96,15.11152642,15.05208009,15.01114362,14.8267669,14.52332299,109.001613,101.68249,99.772857,81.540187,63.42213,98.09774
647,2003-12-15,376.52,15.24313348,103.750743,373.09,375.71,374.26,367.47,357.87,15.13968842,14.92695134,14.94362824,14.97844117,14.71297066,109.883725,105.99074,98.249274,80.58693,67.89537,99.00361
648,2004-01-15,377.21,15.02434438,100.505244,374.36,374.16,374.94,368.11,358.48,15.16966622,15.01790231,15.17265122,14.83916562,14.67052548,109.640412,106.475934,97.028148,83.91869,71.39577,100.477504
649,2004-02-15,377.72,15.09291833,98.09774,375.65,372.93,375.47,368.51,359,15.02842515,15.11152642,14.97837632,15.01788895,14.42956633,105.374314,109.001613,95.54124,87.613643,71.18595,105.605582
650,2004-03-15,378.15,15.05475133,99.00361,376.52,373.09,375.91,368.91,359.36,15.24313348,15.13968842,14.89992803,14.67512314,14.64746278,103.750743,109.883725,94.80369,92.02342,72.669723,107.18522
651,2004-04-15,378.48,15.05147355,100.477504,377.21,374.36,376.39,369.29,359.71,15.02434438,15.16966622,14.94577687,14.76235287,14.78532975,100.505244,109.640412,98.95608,91.30896,71.17806,105.445306
652,2004-05-15,378.41,14.85547345,105.605582,377.72,375.65,376.54,369.21,359.74,15.09291833,15.02842515,15.05208009,14.76846497,14.71733658,98.09774,105.374314,101.68249,92.35656,73.611095,106.045016
653,2004-06-15,377.51,14.97237103,107.18522,378.15,376.52,375.71,368.36,358.8,15.05475133,15.24313348,14.92695134,14.83355611,14.81177037,99.00361,103.750743,105.99074,91.615375,72.871677,103.529002
654,2004-07-15,375.94,14.78929417,105.445306,378.48,377.21,374.16,366.69,357.27,15.05147355,15.02434438,15.01790231,14.86318391,14.79051678,100.477504,100.505244,106.475934,93.146495,75.74867,103.01754
655,2004-08-15,374.47,14.90403073,106.045016,378.41,377.72,372.93,365.33,356.06,14.85547345,15.09291833,15.11152642,14.82805054,14.68130868,105.605582,98.09774,109.001613,92.096805,75.1356,101.024642
656,2004-09-15,374.38,15.0258035,103.529002,377.51,378.15,373.09,365.45,356.02,14.97237103,15.05475133,15.13968842,14.86517995,14.82715218,107.18522,99.00361,109.883725,91.604396,75.10243,101.08552
657,2004-10-15,375.72,15.07233136,103.01754,375.94,378.48,374.36,366.75,357.27,14.78929417,15.05147355,15.16966622,14.76424306,14.77362913,105.445306,100.477504,109.640412,90.04663,74.826602,104.26583
658,2004-11-15,377.2,15.13698762,101.024642,374.47,378.41,375.65,368.04,358.69,14.90403073,14.85547345,15.02842515,14.76277249,14.8163976,106.045016,105.605582,105.374314,86.730235,72.983504,104.25885
659,2004-12-15,378.17,14.97008126,101.08552,374.38,377.51,376.52,368.88,359.55,15.0258035,14.97237103,15.24313348,14.84224122,14.7938184,103.529002,107.18522,103.750743,84.61819,75.14402,102.55215
660,2005-01-15,378.73,15.21366589,104.26583,375.72,375.94,377.21,369.39,360.13,15.07233136,14.78929417,15.02434438,14.67656701,14.93702595,103.01754,105.445306,100.505244,82.669643,76.120044,102.229167
661,2005-02-15,379.27,15.0718736,104.25885,377.2,374.47,377.72,369.65,360.62,15.13698762,14.90403073,15.09291833,14.9293937,15.13120263,101.024642,106.045016,98.09774,85.360652,77.287356,103.050033
662,2005-03-15,379.87,15.15442078,102.55215,378.17,374.38,378.15,369.97,361.08,14.97008126,15.0258035,15.05475133,14.84737103,14.83012383,101.08552,103.529002,99.00361,89.667342,78.57149,105.072084
663,2005-04-15,380.32,15.13630574,102.229167,378.73,375.72,378.48,370.35,361.55,15.21366589,15.07233136,15.05147355,14.98314374,14.94652264,104.26583,103.01754,100.477504,93.05543,76.82014,105.27429
664,2005-05-15,380.42,15.13534634,103.050033,379.27,377.2,378.41,370.24,361.47,15.0718736,15.13698762,14.85547345,14.84514993,14.83063309,104.25885,101.024642,105.605582,97.30015,76.444575,103.780856
665,2005-06-15,379.6,15.14225285,105.072084,379.87,378.17,377.51,369.31,360.62,15.15442078,14.97008126,14.97237103,14.82182687,14.97967713,102.55215,101.08552,107.18522,96.55958,75.662543,100.13004
666,2005-07-15,377.94,15.15046113,105.27429,380.32,378.73,375.94,367.91,359,15.13630574,15.21366589,14.78929417,14.82737916,14.96123688,102.229167,104.26583,105.445306,97.605575,77.571033,99.070823
667,2005-08-15,376.73,15.09521096,103.780856,380.42,379.27,374.47,366.76,357.74,15.13534634,15.0718736,14.90403073,14.89057343,14.95872681,103.050033,104.25885,106.045016,92.29697,77.693145,97.500796
668,2005-09-15,376.76,15.1955375,100.13004,379.6,379.87,374.38,366.71,358.06,15.14225285,15.15442078,15.0258035,14.82714074,14.86524098,105.072084,102.55215,103.529002,89.892505,79.488048,98.52967
669,2005-10-15,378.07,15.23747342,99.070823,377.94,380.32,375.72,367.91,359.43,15.15046113,15.13630574,15.07233136,14.66993706,14.87071889,105.27429,102.229167,103.01754,86.45,80.735263,98.016795
670,2005-11-15,379.53,15.19727795,97.500796,376.73,380.42,377.2,369.28,360.77,15.09521096,15.13534634,15.13698762,14.71932403,14.84160798,103.780856,103.050033,101.024642,87.469695,82.691672,100.988364
671,2005-12-15,380.53,15.16687958,98.52967,376.76,379.6,378.17,370.1,361.65,15.1955375,15.14225285,14.97008126,14.72358506,14.72534553,100.13004,105.072084,101.08552,88.83938,85.963904,105.88532
672,2006-01-15,381.34,15.02233308,98.016795,378.07,377.94,378.73,370.69,362.14,15.23747342,15.15046113,15.21366589,14.83636849,14.70661823,99.070823,105.27429,104.26583,92.95798,85.085475,107.819026
673,2006-02-15,381.96,15.15526192,100.988364,379.53,376.73,379.27,371.18,362.5,15.19727795,15.09521096,15.0718736,14.78312771,14.84378331,97.500796,103.780856,104.25885,93.39769,84.843814,106.232904
674,2006-03-15,382.35,15.054511,105.88532,380.53,376.76,379.87,371.58,362.82,15.16687958,15.1955375,15.15442078,14.90677827,14.75550168,98.52967,100.13004,102.55215,96.322543,79.30748,102.28242
675,2006-04-15,382.67,14.99594681,107.819026,381.34,378.07,380.32,371.9,363.14,15.02233308,15.23747342,15.13630574,14.91245549,14.72138113,98.016795,99.070823,102.229167,94.293708,76.77639,100.88523
676,2006-05-15,382.62,14.99404996,106.232904,381.96,379.53,380.42,371.76,363.29,15.15526192,15.19727795,15.13534634,15.0199899,14.69859021,100.988364,97.500796,103.050033,95.214683,76.06384,103.005805
677,2006-06-15,381.76,15.14697545,102.28242,382.35,380.53,379.6,370.83,362.88,15.054511,15.16687958,15.14225285,14.954791,14.74997609,105.88532,98.52967,105.072084,95.565112,75.812842,105.486829
678,2006-07-15,380.06,15.06843941,100.88523,382.67,381.34,377.94,369.45,361.57,14.99594681,15.02233308,15.15046113,15.04464905,14.85872262,107.819026,98.016795,105.27429,97.23964,81.81847,106.744353
679,2006-08-15,378.47,15.13658135,103.005805,382.62,381.96,376.73,368.31,360.07,14.99404996,15.15526192,15.09521096,15.01466553,14.95408433,106.232904,100.988364,103.780856,99.03658,84.17636,106.361507
680,2006-09-15,378.63,15.11396401,105.486829,381.76,382.35,376.76,368.36,359.7,15.14697545,15.054511,15.1955375,14.98771088,14.73831837,102.28242,105.88532,100.13004,99.03509,89.741374,100.382484
681,2006-10-15,380.09,15.2035455,106.744353,380.06,382.67,378.07,369.71,360.67,15.06843941,14.99594681,15.23747342,14.95957463,14.62530893,100.88523,107.819026,99.070823,96.170436,87.06576,97.752284
682,2006-11-15,381.45,15.16690057,106.361507,378.47,382.62,379.53,371.06,361.78,15.13658135,14.99404996,15.19727795,15.16546624,14.84633439,103.005805,106.232904,97.500796,92.395328,85.39107,92.69157
683,2006-12-15,382.4,15.2610759,100.382484,378.63,381.76,380.53,371.98,362.63,15.11396401,15.14697545,15.16687958,15.0959224,14.81988328,105.486829,102.28242,98.52967,89.43264,83.561004,97.025012
684,2007-01-15,383.03,15.42936033,97.752284,380.09,380.06,381.34,372.51,363.27,15.2035455,15.06843941,15.02233308,15.16137879,14.69682783,106.744353,100.88523,98.016795,89.415282,86.07995,101.49299
685,2007-02-15,383.54,15.15385525,92.69157,381.45,378.47,381.96,372.91,363.63,15.16690057,15.13658135,15.15526192,15.05776303,14.7514581,106.361507,103.005805,100.988364,90.46307,88.647506,110.189853
686,2007-03-15,384.01,15.06664937,97.025012,382.4,378.63,382.35,373.38,364.02,15.2610759,15.11396401,15.054511,15.25693314,14.89566701,100.382484,105.486829,105.88532,91.296695,92.171924,114.521054
687,2007-04-15,384.27,15.23957627,101.49299,383.03,380.09,382.67,373.73,364.5,15.42936033,15.2035455,14.99594681,15.00224393,14.73790163,97.752284,106.744353,107.819026,90.75178,92.659392,116.533359
688,2007-05-15,384.12,15.14963238,110.189853,383.54,381.45,382.62,373.71,364.5,15.15385525,15.16690057,14.99404996,15.14574044,14.81338399,92.69157,106.361507,106.232904,92.437774,93.25212,114.977527
689,2007-06-15,383.26,15.04199403,114.521054,384.01,382.4,381.76,372.84,363.58,15.06664937,15.2610759,15.14697545,15.08895009,14.98571961,97.025012,100.382484,102.28242,94.946445,93.00883,111.244088
690,2007-07-15,381.55,15.07145875,116.533359,384.27,383.03,380.06,371.41,361.93,15.23957627,15.42936033,15.06843941,15.09909051,14.8930835,101.49299,97.752284,100.88523,95.026774,88.46817,109.34754
691,2007-08-15,380.3,15.04687112,114.977527,384.12,383.54,378.47,370.35,360.4,15.14963238,15.15385525,15.13658135,15.01901429,14.9316129,110.189853,92.69157,103.005805,94.138305,88.248702,109.664828
692,2007-09-15,380.69,14.97605222,111.244088,383.26,384.01,378.63,370.67,360.4,15.04199403,15.06664937,15.11396401,15.0710954,15.00119584,114.521054,97.025012,105.486829,96.087897,87.150493,109.86447
693,2007-10-15,382.1,15.05158131,109.34754,381.55,384.27,380.09,371.95,361.94,15.07145875,15.23957627,15.2035455,14.98469632,15.01276009,116.533359,101.49299,106.744353,97.435126,92.1909,110.818452
694,2007-11-15,383.45,15.02711957,109.664828,380.3,384.12,381.45,373.28,363.61,15.04687112,15.14963238,15.16690057,15.01114362,15.04753392,114.977527,110.189853,106.361507,99.772857,91.922233,109.677949
695,2007-12-15,384.46,14.97654526,109.86447,380.69,383.26,382.4,374.26,364.68,14.97605222,15.04199403,15.2610759,14.94362824,15.01794141,111.244088,114.521054,100.382484,98.249274,94.09293,114.222827
696,2008-01-15,385.23,14.7380914,110.818452,382.1,381.55,383.03,374.94,365.19,15.05158131,15.07145875,15.42936033,15.17265122,15.01816743,109.34754,116.533359,97.752284,97.028148,90.751132,116.992549
697,2008-02-15,385.74,14.74510663,109.677949,383.45,380.3,383.54,375.47,365.46,15.02711957,15.04687112,15.15385525,14.97837632,15.2200517,109.664828,114.977527,92.69157,95.54124,87.260078,122.40421
698,2008-03-15,386.15,15.08472531,114.222827,384.46,380.69,384.01,375.91,365.93,14.97654526,14.97605222,15.06664937,14.89992803,15.03052895,109.86447,111.244088,97.025012,94.80369,83.37303,122.713751
699,2008-04-15,386.53,14.93918603,116.992549,385.23,382.1,384.27,376.39,366.58,14.7380914,15.05158131,15.23957627,14.94577687,15.18669217,110.818452,109.34754,101.49299,98.95608,79.74895,124.562659
700,2008-05-15,386.49,14.96058362,122.40421,385.74,383.45,384.12,376.54,366.86,14.74510663,15.02711957,15.14963238,15.05208009,15.24399846,109.677949,109.664828,110.189853,101.68249,79.63827,121.730661
701,2008-06-15,385.58,14.86739819,122.713751,386.15,384.46,383.26,375.71,366.26,15.08472531,14.97654526,15.04199403,14.92695134,15.24896901,114.222827,109.86447,114.521054,105.99074,79.91009,119.49672
702,2008-07-15,384.1,15.04166405,124.562659,386.53,385.23,381.55,374.16,364.83,14.93918603,14.7380914,15.07145875,15.01790231,15.18690102,116.992549,110.818452,116.533359,106.475934,82.108893,115.184411
703,2008-08-15,382.77,14.98658936,121.730661,386.49,385.74,380.3,372.93,363.79,14.96058362,14.74510663,15.04687112,15.11152642,15.20706933,122.40421,109.677949,114.977527,109.001613,83.14758,114.417739
704,2008-09-15,382.54,15.03575413,119.49672,385.58,386.15,380.69,373.09,364.03,14.86739819,15.08472531,14.97605222,15.13968842,15.01308148,122.713751,114.222827,111.244088,109.883725,85.31116,111.855569
705,2008-10-15,383.67,15.10273926,115.184411,384.1,386.53,382.1,374.36,365.34,15.04166405,14.93918603,15.05158131,15.16966622,14.88796036,124.562659,116.992549,109.34754,109.640412,83.427577,112.74595
706,2008-11-15,385.18,15.11732667,114.417739,382.77,386.49,383.45,375.65,366.6,14.98658936,14.96058362,15.02711957,15.02842515,14.8267669,121.730661,122.40421,109.664828,105.374314,81.540187,111.069293
707,2008-12-15,386.27,15.02185815,111.855569,382.54,385.58,384.46,376.52,367.47,15.03575413,14.86739819,14.97654526,15.24313348,14.97844117,119.49672,122.713751,109.86447,103.750743,80.58693,114.468741
708,2009-01-15,387.03,15.12588303,112.74595,383.67,384.1,385.23,377.21,368.11,15.10273926,15.04166405,14.7380914,15.02434438,14.83916562,115.184411,124.562659,110.818452,100.505244,83.91869,115.743638
709,2009-02-15,387.48,15.03115361,111.069293,385.18,382.77,385.74,377.72,368.51,15.11732667,14.98658936,14.74510663,15.09291833,15.01788895,114.417739,121.730661,109.677949,98.09774,87.613643,121.4406
710,2009-03-15,387.71,14.94473927,114.468741,386.27,382.54,386.15,378.15,368.91,15.02185815,15.03575413,15.08472531,15.05475133,14.67512314,111.855569,119.49672,114.222827,99.00361,92.02342,125.024746
711,2009-04-15,387.99,15.00578587,115.743638,387.03,383.67,386.53,378.48,369.29,15.12588303,15.10273926,14.93918603,15.05147355,14.76235287,112.74595,115.184411,116.992549,100.477504,91.30896,126.448132
712,2009-05-15,387.95,15.06172364,121.4406,387.48,385.18,386.49,378.41,369.21,15.03115361,15.11732667,14.96058362,14.85547345,14.76846497,111.069293,114.417739,122.40421,105.605582,92.35656,127.112152
713,2009-06-15,386.96,15.0701999,125.024746,387.71,386.27,385.58,377.51,368.36,14.94473927,15.02185815,14.86739819,14.97237103,14.83355611,114.468741,111.855569,122.713751,107.18522,91.615375,128.9029294
714,2009-07-15,385.01,15.20279496,126.448132,387.99,387.03,384.1,375.94,366.69,15.00578587,15.12588303,15.04166405,14.78929417,14.86318391,115.743638,112.74595,124.562659,105.445306,93.146495,130.302181
715,2009-08-15,383.63,15.11080735,127.112152,387.95,387.48,382.77,374.47,365.33,15.06172364,15.03115361,14.98658936,14.90403073,14.82805054,121.4406,111.069293,121.730661,106.045016,92.096805,132.6256345
716,2009-09-15,383.93,15.16958421,128.9029294,386.96,387.71,382.54,374.38,365.45,15.0701999,14.94473927,15.03575413,15.0258035,14.86517995,125.024746,114.468741,119.49672,103.529002,91.604396,136.3596503
717,2009-10-15,385.49,15.1456012,130.302181,385.01,387.99,383.67,375.72,366.75,15.20279496,15.00578587,15.10273926,15.07233136,14.76424306,126.448132,115.743638,115.184411,103.01754,90.04663,136.0076002
718,2009-11-15,386.94,15.20674413,132.6256345,383.63,387.95,385.18,377.2,368.04,15.11080735,15.06172364,15.11732667,15.13698762,14.76277249,127.112152,121.4406,114.417739,101.024642,86.730235,138.4876002
719,2009-12-15,387.84,15.13387864,136.3596503,383.93,386.96,386.27,378.17,368.88,15.16958421,15.0701999,15.02185815,14.97008126,14.84224122,128.9029294,125.024746,111.855569,101.08552,84.61819,135.2076002
720,2010-01-15,388.62,15.25987237,136.0076002,385.49,385.01,387.03,378.73,369.39,15.1456012,15.20279496,15.12588303,15.21366589,14.67656701,130.302181,126.448132,112.74595,104.26583,82.669643,138.1976002
721,2010-02-15,389.33,15.28808873,138.4876002,386.94,383.63,387.48,379.27,369.65,15.20674413,15.11080735,15.03115361,15.0718736,14.9293937,132.6256345,127.112152,111.069293,104.25885,85.360652,138.6776002
722,2010-03-15,389.68,15.33490746,135.2076002,387.84,383.93,387.71,379.87,369.97,15.13387864,15.16958421,14.94473927,15.15442078,14.84737103,136.3596503,128.9029294,114.468741,102.55215,89.667342,139.8676002
723,2010-04-15,389.98,15.3182792,138.1976002,388.62,385.49,387.99,380.32,370.35,15.25987237,15.1456012,15.00578587,15.13630574,14.98314374,136.0076002,130.302181,115.743638,102.229167,93.05543,138.3976002
724,2010-05-15,389.95,15.26413148,138.6776002,389.33,386.94,387.95,380.42,370.24,15.28808873,15.20674413,15.06172364,15.13534634,14.84514993,138.4876002,132.6256345,121.4406,103.050033,97.30015,141.0176002
725,2010-06-15,389.01,15.15237324,139.8676002,389.68,387.84,386.96,379.6,369.31,15.33490746,15.13387864,15.0701999,15.14225285,14.82182687,135.2076002,136.3596503,125.024746,105.072084,96.55958,135.5176002
726,2010-07-15,387.35,15.11706727,138.3976002,389.98,388.62,385.01,377.94,367.91,15.3182792,15.25987237,15.20279496,15.15046113,14.82737916,138.1976002,136.0076002,126.448132,105.27429,97.605575,135.7476002
727,2010-08-15,386.23,15.11172478,141.0176002,389.95,389.33,383.63,376.73,366.76,15.26413148,15.28808873,15.11080735,15.09521096,14.89057343,138.6776002,138.4876002,127.112152,103.780856,92.29697,136.7676002
728,2010-09-15,386.7,15.16490453,135.5176002,389.01,389.68,383.93,376.76,366.71,15.15237324,15.33490746,15.16958421,15.1955375,14.82714074,139.8676002,135.2076002,128.9029294,100.13004,89.892505,133.5476002
729,2010-10-15,388.25,15.18196957,135.7476002,387.35,389.98,385.49,378.07,367.91,15.11706727,15.3182792,15.1456012,15.23747342,14.66993706,138.3976002,138.1976002,130.302181,99.070823,86.45,133.1876002
730,2010-11-15,389.62,15.19965165,136.7676002,386.23,389.95,386.94,379.53,369.28,15.11172478,15.26413148,15.20674413,15.19727795,14.71932403,141.0176002,138.6776002,132.6256345,97.500796,87.469695,132.1576002
731,2010-12-15,390.34,14.96411412,133.5476002,386.7,389.01,387.84,380.53,370.1,15.16490453,15.15237324,15.13387864,15.16687958,14.72358506,135.5176002,139.8676002,136.3596503,98.52967,88.83938,133.7676002
732,2011-01-15,390.85,14.97575276,133.1876002,388.25,387.35,388.62,381.34,370.69,15.18196957,15.11706727,15.25987237,15.02233308,14.83636849,135.7476002,138.3976002,136.0076002,98.016795,92.95798,133.6376002
733,2011-02-15,391.29,14.88992207,132.1576002,389.62,386.23,389.33,381.96,371.18,15.19965165,15.11172478,15.28808873,15.15526192,14.78312771,136.7676002,141.0176002,138.4876002,100.988364,93.39769,133.9176002
734,2011-03-15,391.66,15.00736706,133.7676002,390.34,386.7,389.68,382.35,371.58,14.96411412,15.16490453,15.33490746,15.054511,14.90677827,133.5476002,135.5176002,135.2076002,105.88532,96.322543,135.6376002
735,2011-04-15,392.05,15.07948296,133.6376002,390.85,388.25,389.98,382.67,371.9,14.97575276,15.18196957,15.3182792,14.99594681,14.91245549,133.1876002,135.7476002,138.1976002,107.819026,94.293708,131.9476002
736,2011-05-15,392.08,15.02400868,133.9176002,391.29,389.62,389.95,382.62,371.76,14.88992207,15.19965165,15.26413148,14.99404996,15.0199899,132.1576002,136.7676002,138.6776002,106.232904,95.214683,134.8776002
737,2011-06-15,391.14,15.08623975,135.6376002,391.66,390.34,389.01,381.76,370.83,15.00736706,14.96411412,15.15237324,15.14697545,14.954791,133.7676002,133.5476002,139.8676002,102.28242,95.565112,132.6876002
738,2011-07-15,389.2,15.20817368,131.9476002,392.05,390.85,387.35,380.06,369.45,15.07948296,14.97575276,15.11706727,15.06843941,15.04464905,133.6376002,133.1876002,138.3976002,100.88523,97.23964,139.4476002
739,2011-08-15,387.87,15.17635148,134.8776002,392.08,391.29,386.23,378.47,368.31,15.02400868,14.88992207,15.11172478,15.13658135,15.01466553,133.9176002,132.1576002,141.0176002,103.005805,99.03658,131.7676002
740,2011-09-15,388.27,15.11322587,132.6876002,391.14,391.66,386.7,378.63,368.36,15.08623975,15.00736706,15.16490453,15.11396401,14.98771088,135.6376002,133.7676002,135.5176002,105.486829,99.03509,138.4976002
741,2011-10-15,389.83,15.09518426,139.4476002,389.2,392.05,388.25,380.09,369.71,15.20817368,15.07948296,15.18196957,15.2035455,14.95957463,131.9476002,133.6376002,135.7476002,106.744353,96.170436,142.4576002
742,2011-11-15,391.19,14.9712476,131.7676002,387.87,392.08,389.62,381.45,371.06,15.17635148,15.02400868,15.19965165,15.16690057,15.16546624,134.8776002,133.9176002,136.7676002,106.361507,92.395328,143.7576002
743,2011-12-15,392.02,15.02782052,138.4976002,388.27,391.14,390.34,382.4,371.98,15.11322587,15.08623975,14.96411412,15.2610759,15.0959224,132.6876002,135.6376002,133.5476002,100.382484,89.43264,142.5276002
744,2012-01-15,392.61,14.900649,142.4576002,389.83,389.2,390.85,383.03,372.51,15.09518426,15.20817368,14.97575276,15.42936033,15.16137879,139.4476002,131.9476002,133.1876002,97.752284,89.415282,142.1876002
745,2012-02-15,393.2,14.88691228,143.7576002,391.19,387.87,391.29,383.54,372.91,14.9712476,15.17635148,14.88992207,15.15385525,15.05776303,131.7676002,134.8776002,132.1576002,92.69157,90.46307,145.3476002
746,2012-03-15,393.72,14.92973607,142.5276002,392.02,388.27,391.66,384.01,373.38,15.02782052,15.11322587,15.00736706,15.06664937,15.25693314,138.4976002,132.6876002,133.7676002,97.025012,91.296695,148.1876002
747,2012-04-15,393.99,15.12017911,142.1876002,392.61,389.83,392.05,384.27,373.73,14.900649,15.09518426,15.07948296,15.23957627,15.00224393,142.4576002,139.4476002,133.6376002,101.49299,90.75178,148.7776002
748,2012-05-15,393.88,15.23926919,145.3476002,393.2,391.19,392.08,384.12,373.71,14.88691228,14.9712476,15.02400868,15.14963238,15.14574044,143.7576002,131.7676002,133.9176002,110.189853,92.437774,145.8876002
749,2012-06-15,392.84,15.18523114,148.1876002,393.72,392.02,391.14,383.26,372.84,14.92973607,15.02782052,15.08623975,15.04199403,15.08895009,142.5276002,138.4976002,135.6376002,114.521054,94.946445,147.3976002
750,2012-07-15,391,15.10537713,148.7776002,393.99,392.61,389.2,381.55,371.41,15.12017911,14.900649,15.20817368,15.07145875,15.09909051,142.1876002,142.4576002,131.9476002,116.533359,95.026774,147.6776002
751,2012-08-15,389.89,15.14196389,145.8876002,393.88,393.2,387.87,380.3,370.35,15.23926919,14.88691228,15.17635148,15.04687112,15.01901429,145.3476002,143.7576002,134.8776002,114.977527,94.138305,148.3276002
752,2012-09-15,390.55,15.1787719,147.3976002,392.84,393.72,388.27,380.69,370.67,15.18523114,14.92973607,15.11322587,14.97605222,15.0710954,148.1876002,142.5276002,132.6876002,111.244088,96.087897,147.4976002
753,2012-10-15,392.16,15.28476708,147.6776002,391,393.99,389.83,382.1,371.95,15.10537713,15.12017911,15.09518426,15.05158131,14.98469632,148.7776002,142.1876002,139.4476002,109.34754,97.435126,147.6276002
754,2012-11-15,393.56,15.26181977,148.3276002,389.89,393.88,391.19,383.45,373.28,15.14196389,15.23926919,14.9712476,15.02711957,15.01114362,145.8876002,145.3476002,131.7676002,109.664828,99.772857,147.5576002
755,2012-12-15,394.39,15.03374951,147.4976002,390.55,392.84,392.02,384.46,374.26,15.1787719,15.18523114,15.02782052,14.97654526,14.94362824,147.3976002,148.1876002,138.4976002,109.86447,98.249274,149.8776002
756,2013-01-15,395.07,15.21294873,147.6276002,392.16,391,392.61,385.23,374.94,15.28476708,15.10537713,14.900649,14.7380914,15.17265122,147.6776002,148.7776002,142.4576002,110.818452,97.028148,147.6276002
757,2013-02-15,395.69,15.08155816,147.5576002,393.56,389.89,393.2,385.74,375.47,15.26181977,15.14196389,14.88691228,14.74510663,14.97837632,148.3276002,145.8876002,143.7576002,109.677949,95.54124,148.7676002
758,2013-03-15,396.28,15.08987134,149.8776002,394.39,390.55,393.72,386.15,375.91,15.03374951,15.1787719,14.92973607,15.08472531,14.89992803,147.4976002,147.3976002,142.5276002,114.222827,94.80369,146.4376002
759,2013-04-15,396.74,15.02946751,147.6276002,395.07,392.16,393.99,386.53,376.39,15.21294873,15.28476708,15.12017911,14.93918603,14.94577687,147.6276002,147.6776002,142.1876002,116.992549,98.95608,146.6176002
760,2013-05-15,396.75,15.08720772,148.7676002,395.69,393.56,393.88,386.49,376.54,15.08155816,15.26181977,15.23926919,14.96058362,15.05208009,147.5576002,148.3276002,145.3476002,122.40421,101.68249,143.4776002
761,2013-06-15,395.96,15.17324155,146.4376002,396.28,394.39,392.84,385.58,375.71,15.08987134,15.03374951,15.18523114,14.86739819,14.92695134,149.8776002,147.4976002,148.1876002,122.713751,105.99074,142.9476002
762,2013-07-15,394.48,15.04006951,146.6176002,396.74,395.07,391,384.1,374.16,15.02946751,15.21294873,15.10537713,15.04166405,15.01790231,147.6276002,147.6276002,148.7776002,124.562659,106.475934,146.5776002
763,2013-08-15,393.24,15.12020676,143.4776002,396.75,395.69,389.89,382.77,372.93,15.08720772,15.08155816,15.14196389,14.98658936,15.11152642,148.7676002,147.5576002,145.8876002,121.730661,109.001613,149.0276002
764,2013-09-15,393.21,15.23555367,142.9476002,395.96,396.28,390.55,382.54,373.09,15.17324155,15.08987134,15.1787719,15.03575413,15.13968842,146.4376002,149.8776002,147.3976002,119.49672,109.883725,144.8476002
765,2013-10-15,394.5,15.11700433,146.5776002,394.48,396.74,392.16,383.67,374.36,15.04006951,15.02946751,15.28476708,15.10273926,15.16966622,146.6176002,147.6276002,147.6776002,115.184411,109.640412,148.2276002
766,2013-11-15,395.96,15.2155637,149.0276002,393.24,396.75,393.56,385.18,375.65,15.12020676,15.08720772,15.26181977,15.11732667,15.02842515,143.4776002,148.7676002,148.3276002,114.417739,105.374314,151.2576002
767,2013-12-15,396.87,15.19239133,144.8476002,393.21,395.96,394.39,386.27,376.52,15.23555367,15.17324155,15.03374951,15.02185815,15.24313348,142.9476002,146.4376002,147.4976002,111.855569,103.750743,151.2876002
768,2014-01-15,397.51,15.19315236,148.2276002,394.5,394.48,395.07,387.03,377.21,15.11700433,15.04006951,15.21294873,15.12588303,15.02434438,146.5776002,146.6176002,147.6276002,112.74595,100.505244,150.5676002
769,2014-02-15,397.97,14.97013371,151.2576002,395.96,393.24,395.69,387.48,377.72,15.2155637,15.12020676,15.08155816,15.03115361,15.09291833,149.0276002,143.4776002,147.5576002,111.069293,98.09774,147.9876002
770,2014-03-15,398.27,15.15658849,151.2876002,396.87,393.21,396.28,387.71,378.15,15.19239133,15.23555367,15.08987134,14.94473927,15.05475133,144.8476002,142.9476002,149.8776002,114.468741,99.00361,150.3776002
771,2014-04-15,398.63,15.17536824,150.5676002,397.51,394.5,396.74,387.99,378.48,15.19315236,15.11700433,15.02946751,15.00578587,15.05147355,148.2276002,146.5776002,147.6276002,115.743638,100.477504,152.0476002
772,2014-05-15,398.69,15.24910062,147.9876002,397.97,395.96,396.75,387.95,378.41,14.97013371,15.2155637,15.08720772,15.06172364,14.85547345,151.2576002,149.0276002,148.7676002,121.4406,105.605582,152.6376002
773,2014-06-15,397.72,15.13792126,150.3776002,398.27,396.87,395.96,386.96,377.51,15.15658849,15.19239133,15.17324155,15.0701999,14.97237103,151.2876002,144.8476002,146.4376002,125.024746,107.18522,152.1376002
774,2014-07-15,396.13,15.13083451,152.0476002,398.63,397.51,394.48,385.01,375.94,15.17536824,15.19315236,15.04006951,15.20279496,14.78929417,150.5676002,148.2276002,146.6176002,126.448132,105.445306,154.5176002
775,2014-08-15,395.02,15.20141976,152.6376002,398.69,397.97,393.24,383.63,374.47,15.24910062,14.97013371,15.12020676,15.11080735,14.90403073,147.9876002,151.2576002,143.4776002,127.112152,106.045016,151.5276002
776,2014-09-15,395.12,15.25030511,152.1376002,397.72,398.27,393.21,383.93,374.38,15.13792126,15.15658849,15.23555367,15.16958421,15.0258035,150.3776002,151.2876002,142.9476002,128.9029294,103.529002,157.7376002
777,2014-10-15,396.38,15.22916882,154.5176002,396.13,398.63,394.5,385.49,375.72,15.13083451,15.17536824,15.11700433,15.1456012,15.07233136,152.0476002,150.5676002,146.5776002,130.302181,103.01754,154.8176002
778,2014-11-15,397.86,15.11702721,151.5276002,395.02,398.69,395.96,386.94,377.2,15.20141976,15.24910062,15.2155637,15.20674413,15.13698762,152.6376002,147.9876002,149.0276002,132.6256345,101.024642,157.1276002
779,2014-12-15,398.83,15.25396913,157.7376002,395.12,397.72,396.87,387.84,378.17,15.25030511,15.13792126,15.19239133,15.13387864,14.97008126,152.1376002,150.3776002,144.8476002,136.3596503,101.08552,157.0476002
780,2015-01-15,399.56,15.25869076,154.8176002,396.38,396.13,397.51,388.62,378.73,15.22916882,15.13083451,15.19315236,15.25987237,15.21366589,154.5176002,152.0476002,148.2276002,136.0076002,104.26583,159.1476002
781,2015-02-15,400.12,15.26466363,157.1276002,397.86,395.02,397.97,389.33,379.27,15.11702721,15.20141976,14.97013371,15.28808873,15.0718736,151.5276002,152.6376002,151.2576002,138.4876002,104.25885,156.7676002
782,2015-03-15,400.57,15.29459469,157.0476002,398.83,395.12,398.27,389.68,379.87,15.25396913,15.25030511,15.15658849,15.33490746,15.15442078,157.7376002,152.1376002,151.2876002,135.2076002,102.55215,159.1176002
783,2015-04-15,400.96,15.12236111,159.1476002,399.56,396.38,398.63,389.98,380.32,15.25869076,15.22916882,15.17536824,15.3182792,15.13630574,154.8176002,154.5176002,150.5676002,138.1976002,102.229167,158.9676002
784,2015-05-15,400.91,15.24234955,156.7676002,400.12,397.86,398.69,389.95,380.42,15.26466363,15.11702721,15.24910062,15.26413148,15.13534634,157.1276002,151.5276002,147.9876002,138.6776002,103.050033,159.2976002
785,2015-06-15,400.06,15.25204175,159.1176002,400.57,398.83,397.72,389.01,379.6,15.29459469,15.25396913,15.13792126,15.15237324,15.14225285,157.0476002,157.7376002,150.3776002,139.8676002,105.072084,161.5476002
786,2015-07-15,398.38,15.21876519,158.9676002,400.96,399.56,396.13,387.35,377.94,15.12236111,15.25869076,15.13083451,15.11706727,15.15046113,159.1476002,154.8176002,152.0476002,138.3976002,105.27429,164.2676002
787,2015-08-15,397.07,15.30767815,159.2976002,400.91,400.12,395.02,386.23,376.73,15.24234955,15.26466363,15.20141976,15.11172478,15.09521096,156.7676002,157.1276002,152.6376002,141.0176002,103.780856,159.3376002
788,2015-09-15,397.34,15.33273595,161.5476002,400.06,400.57,395.12,386.7,376.76,15.25204175,15.29459469,15.25030511,15.16490453,15.1955375,159.1176002,157.0476002,152.1376002,135.5176002,100.13004,162.0376002
789,2015-10-15,398.8,15.50684445,164.2676002,398.38,400.96,396.38,388.25,378.07,15.21876519,15.12236111,15.22916882,15.18196957,15.23747342,158.9676002,159.1476002,154.5176002,135.7476002,99.070823,161.1976002
790,2015-11-15,400.36,15.45170013,159.3376002,397.07,400.91,397.86,389.62,379.53,15.30767815,15.24234955,15.11702721,15.19965165,15.19727795,159.2976002,156.7676002,151.5276002,136.7676002,97.500796,164.0776002
791,2015-12-15,401.66,15.60498423,162.0376002,397.34,400.06,398.83,390.34,380.53,15.33273595,15.25204175,15.25396913,14.96411412,15.16687958,161.5476002,159.1176002,157.7376002,133.5476002,98.52967,162.3076002
792,2016-01-15,402.62,15.61722273,161.1976002,398.8,398.38,399.56,390.85,381.34,15.50684445,15.21876519,15.25869076,14.97575276,15.02233308,164.2676002,158.9676002,154.8176002,133.1876002,98.016795,162.8976002
793,2016-02-15,403.26,15.75360103,164.0776002,400.36,397.07,400.12,391.29,381.96,15.45170013,15.30767815,15.26466363,14.88992207,15.15526192,159.3376002,159.2976002,157.1276002,132.1576002,100.988364,161.6876002
794,2016-03-15,403.85,15.69174853,162.3076002,401.66,397.34,400.57,391.66,382.35,15.60498423,15.33273595,15.29459469,15.00736706,15.054511,162.0376002,161.5476002,157.0476002,133.7676002,105.88532,163.0776002
795,2016-04-15,404.36,15.59541793,162.8976002,402.62,398.8,400.96,392.05,382.67,15.61722273,15.50684445,15.12236111,15.07948296,14.99594681,161.1976002,164.2676002,159.1476002,133.6376002,107.819026,162.1076002
796,2016-05-15,404.4,15.48107426,161.6876002,403.26,400.36,400.91,392.08,382.62,15.75360103,15.45170013,15.24234955,15.02400868,14.99404996,164.0776002,159.3376002,156.7676002,133.9176002,106.232904,158.4476002
797,2016-06-15,403.62,15.32701199,163.0776002,403.85,401.66,400.06,391.14,381.76,15.69174853,15.60498423,15.25204175,15.08623975,15.14697545,162.3076002,162.0376002,159.1176002,135.6376002,102.28242,161.5576002
798,2016-07-15,402.1,15.42561143,162.1076002,404.36,402.62,398.38,389.2,380.06,15.59541793,15.61722273,15.21876519,15.20817368,15.06843941,162.8976002,161.1976002,158.9676002,131.9476002,100.88523,158.3676002
799,2016-08-15,400.78,15.46664423,158.4476002,404.4,403.26,397.07,387.87,378.47,15.48107426,15.75360103,15.30767815,15.17635148,15.13658135,161.6876002,164.0776002,159.2976002,134.8776002,103.005805,165.2076002
800,2016-09-15,400.96,15.42360585,161.5576002,403.62,403.85,397.34,388.27,378.63,15.32701199,15.69174853,15.33273595,15.11322587,15.11396401,163.0776002,162.3076002,161.5476002,132.6876002,105.486829,163.0976002
801,2016-10-15,402.41,15.40717786,158.3676002,402.1,404.36,398.8,389.83,380.09,15.42561143,15.59541793,15.50684445,15.09518426,15.2035455,162.1076002,162.8976002,164.2676002,139.4476002,106.744353,163.4476002
802,2016-11-15,403.76,15.47066109,165.2076002,400.78,404.4,400.36,391.19,381.45,15.46664423,15.48107426,15.45170013,14.9712476,15.16690057,158.4476002,161.6876002,159.3376002,131.7676002,106.361507,160.7276002
803,2016-12-15,404.67,15.40104573,163.0976002,400.96,403.62,401.66,392.02,382.4,15.42360585,15.32701199,15.60498423,15.02782052,15.2610759,161.5576002,163.0776002,162.0376002,138.4976002,100.382484,163.1776002
804,2017-01-15,405.33,15.46963685,163.4476002,402.41,402.1,402.62,392.61,383.03,15.40717786,15.42561143,15.61722273,14.900649,15.42936033,158.3676002,162.1076002,161.1976002,142.4576002,97.752284,163.2076002
805,2017-02-15,405.91,15.56533616,160.7276002,403.76,400.78,403.26,393.2,383.54,15.47066109,15.46664423,15.75360103,14.88691228,15.15385525,165.2076002,158.4476002,164.0776002,143.7576002,92.69157,162.8776002
806,2017-03-15,406.32,15.56554597,163.1776002,404.67,400.96,403.85,393.72,384.01,15.40104573,15.42360585,15.69174853,14.92973607,15.06664937,163.0976002,161.5576002,162.3076002,142.5276002,97.025012,162.3776002
807,2017-04-15,406.6,15.39408009,163.2076002,405.33,402.41,404.36,393.99,384.27,15.46963685,15.40717786,15.59541793,15.12017911,15.23957627,163.4476002,158.3676002,162.8976002,142.1876002,101.49299,163.5376002
808,2017-05-15,406.64,15.43829816,162.8776002,405.91,403.76,404.4,393.88,384.12,15.56533616,15.47066109,15.48107426,15.23926919,15.14963238,160.7276002,165.2076002,161.6876002,145.3476002,110.189853,163.8076002
809,2017-06-15,405.85,15.26768963,162.3776002,406.32,404.67,403.62,392.84,383.26,15.56554597,15.40104573,15.32701199,15.18523114,15.04199403,163.1776002,163.0976002,163.0776002,148.1876002,114.521054,165.4876002
810,2017-07-15,404.11,15.33069413,163.5376002,406.6,405.33,402.1,391,381.55,15.39408009,15.46963685,15.42561143,15.10537713,15.07145875,163.2076002,163.4476002,162.1076002,148.7776002,116.533359,164.4176002
811,2017-08-15,402.57,15.36134903,163.8076002,406.64,405.91,400.78,389.89,380.3,15.43829816,15.56533616,15.46664423,15.14196389,15.04687112,162.8776002,160.7276002,158.4476002,145.8876002,114.977527,167.0176002
812,2017-09-15,402.66,15.34541313,165.4876002,405.85,406.32,400.96,390.55,380.69,15.26768963,15.56554597,15.42360585,15.1787719,14.97605222,162.3776002,163.1776002,161.5576002,147.3976002,111.244088,166.9276002
813,2017-10-15,404.16,15.42494481,164.4176002,404.11,406.6,402.41,392.16,382.1,15.33069413,15.39408009,15.40717786,15.28476708,15.05158131,163.5376002,163.2076002,158.3676002,147.6776002,109.34754,165.5676002
814,2017-11-15,405.7,15.31378453,167.0176002,402.57,406.64,403.76,393.56,383.45,15.36134903,15.43829816,15.47066109,15.26181977,15.02711957,163.8076002,162.8776002,165.2076002,148.3276002,109.664828,163.0676002
815,2017-12-15,406.75,15.43740647,166.9276002,402.66,405.85,404.67,394.39,384.46,15.34541313,15.26768963,15.40104573,15.03374951,14.97654526,165.4876002,162.3776002,163.0976002,147.4976002,109.86447,165.9476002
816,2018-01-15,407.53,15.30684655,165.5676002,404.16,404.11,405.33,395.07,385.23,15.42494481,15.33069413,15.46963685,15.21294873,14.7380914,164.4176002,163.5376002,163.4476002,147.6276002,110.818452,164.3576002
817,2018-02-15,408.23,15.32842725,163.0676002,405.7,402.57,405.91,395.69,385.74,15.31378453,15.36134903,15.56533616,15.08155816,14.74510663,167.0176002,163.8076002,160.7276002,147.5576002,109.677949,165.3076002
818,2018-03-15,408.77,15.33907788,165.9476002,406.75,402.66,406.32,396.28,386.15,15.43740647,15.34541313,15.56554597,15.08987134,15.08472531,166.9276002,165.4876002,163.1776002,149.8776002,114.222827,165.1476002
819,2018-04-15,409.07,15.37097923,164.3576002,407.53,404.16,406.6,396.74,386.53,15.30684655,15.42494481,15.39408009,15.02946751,14.93918603,165.5676002,164.4176002,163.2076002,147.6276002,116.992549,167.3876002
820,2018-05-15,408.93,15.31758778,165.3076002,408.23,405.7,406.64,396.75,386.49,15.32842725,15.31378453,15.43829816,15.08720772,14.96058362,163.0676002,167.0176002,162.8776002,148.7676002,122.40421,166.2476002
821,2018-06-15,408.06,15.29082577,165.1476002,408.77,406.75,405.85,395.96,385.58,15.33907788,15.43740647,15.26768963,15.17324155,14.86739819,165.9476002,166.9276002,162.3776002,146.4376002,122.713751,168.6276002
822,2018-07-15,406.49,15.34341233,167.3876002,409.07,407.53,404.11,394.48,384.1,15.37097923,15.30684655,15.33069413,15.04006951,15.04166405,164.3576002,165.5676002,163.5376002,146.6176002,124.562659,168.5276002
823,2018-08-15,405.11,15.27386277,166.2476002,408.93,408.23,402.57,393.24,382.77,15.31758778,15.32842725,15.36134903,15.12020676,14.98658936,165.3076002,163.0676002,163.8076002,143.4776002,121.730661,168.5576002
824,2018-09-15,405.18,15.26527493,168.6276002,408.06,408.77,402.66,393.21,382.54,15.29082577,15.33907788,15.34541313,15.23555367,15.03575413,165.1476002,165.9476002,165.4876002,142.9476002,119.49672,167.3176002
825,2018-10-15,406.65,15.42020123,168.5276002,406.49,409.07,404.16,394.5,383.67,15.34341233,15.37097923,15.42494481,15.11700433,15.10273926,167.3876002,164.3576002,164.4176002,146.5776002,115.184411,171.8876002
826,2018-11-15,408.12,15.30406468,168.5576002,405.11,408.93,405.7,395.96,385.18,15.27386277,15.31758778,15.31378453,15.2155637,15.11732667,166.2476002,165.3076002,167.0176002,149.0276002,114.417739,170.4976002
827,2018-12-15,409.19,15.39654916,167.3176002,405.18,408.06,406.75,396.87,386.27,15.26527493,15.29082577,15.43740647,15.19239133,15.02185815,168.6276002,165.1476002,166.9276002,144.8476002,111.855569,173.2076002
828,2019-01-15,409.93,15.35048478,171.8876002,406.65,406.49,407.53,397.51,387.03,15.42020123,15.34341233,15.30684655,15.19315236,15.12588303,168.5276002,167.3876002,165.5676002,148.2276002,112.74595,170.7976002
829,2019-02-15,410.35,15.37420553,170.4976002,408.12,405.11,408.23,397.97,387.48,15.30406468,15.27386277,15.32842725,14.97013371,15.03115361,168.5576002,166.2476002,163.0676002,151.2576002,111.069293,172.0376002
830,2019-03-15,410.9,15.57404797,173.2076002,409.19,405.18,408.77,398.27,387.71,15.39654916,15.26527493,15.33907788,15.15658849,14.94473927,167.3176002,168.6276002,165.9476002,151.2876002,114.468741,174.4076002
831,2019-04-15,411.35,15.50307458,170.7976002,409.93,406.65,409.07,398.63,387.99,15.35048478,15.42020123,15.37097923,15.17536824,15.00578587,171.8876002,168.5276002,164.3576002,150.5676002,115.743638,172.9276002
832,2019-05-15,411.36,15.42254633,172.0376002,410.35,408.12,408.93,398.69,387.95,15.37420553,15.30406468,15.31758778,15.24910062,15.06172364,170.4976002,168.5576002,165.3076002,147.9876002,121.4406,175.4876002
833,2019-06-15,410.54,15.43440907,174.4076002,410.9,409.19,408.06,397.72,386.96,15.57404797,15.39654916,15.29082577,15.13792126,15.0701999,173.2076002,167.3176002,165.1476002,150.3776002,125.024746,174.5776002
834,2019-07-15,408.88,15.46196931,172.9276002,411.35,409.93,406.49,396.13,385.01,15.50307458,15.35048478,15.34341233,15.13083451,15.20279496,170.7976002,171.8876002,167.3876002,152.0476002,126.448132,173.9076002
835,2019-08-15,407.64,15.4214267,175.4876002,411.36,410.35,405.11,395.02,383.63,15.42254633,15.37420553,15.27386277,15.20141976,15.11080735,172.0376002,170.4976002,166.2476002,152.6376002,127.112152,175.1276002
836,2019-09-15,407.93,15.44459813,174.5776002,410.54,410.9,405.18,395.12,383.93,15.43440907,15.57404797,15.26527493,15.25030511,15.16958421,174.4076002,173.2076002,168.6276002,152.1376002,128.9029294,174.3276002
837,2019-10-15,409.44,15.51872913,173.9076002,408.88,411.35,406.65,396.38,385.49,15.46196931,15.50307458,15.42020123,15.22916882,15.1456012,172.9276002,170.7976002,168.5276002,154.5176002,130.302181,170.8576002
838,2019-11-15,410.87,15.47071641,175.1276002,407.64,411.36,408.12,397.86,386.94,15.4214267,15.42254633,15.30406468,15.11702721,15.20674413,175.4876002,172.0376002,168.5576002,151.5276002,132.6256345,176.1276002
839,2019-12-15,411.76,15.60501663,174.3276002,407.93,410.54,409.19,398.83,387.84,15.44459813,15.43440907,15.39654916,15.25396913,15.13387864,174.5776002,174.4076002,167.3176002,157.7376002,136.3596503,174.4576002
840,2020-01-15,412.43,15.64730253,170.8576002,409.44,408.88,409.93,399.56,388.62,15.51872913,15.46196931,15.35048478,15.25869076,15.25987237,173.9076002,172.9276002,171.8876002,154.8176002,136.0076002,173.9376002
841,2020-02-15,412.95,15.66495698,176.1276002,410.87,407.64,410.35,400.12,389.33,15.47071641,15.4214267,15.37420553,15.26466363,15.28808873,175.1276002,175.4876002,170.4976002,157.1276002,138.4876002,175.9576002
842,2020-03-15,413.44,15.55351346,174.4576002,411.76,407.93,410.9,400.57,389.68,15.60501663,15.44459813,15.57404797,15.29459469,15.33490746,174.3276002,174.5776002,173.2076002,157.0476002,135.2076002,174.1776002
843,2020-04-15,413.86,15.58614438,173.9376002,412.43,409.44,411.35,400.96,389.98,15.64730253,15.51872913,15.50307458,15.12236111,15.3182792,170.8576002,173.9076002,170.7976002,159.1476002,138.1976002,176.3676002
844,2020-05-15,413.81,15.53170197,175.9576002,412.95,410.87,411.36,400.91,389.95,15.66495698,15.47071641,15.42254633,15.24234955,15.26413148,176.1276002,175.1276002,172.0376002,156.7676002,138.6776002,173.7176002
845,2020-06-15,412.88,15.42594617,174.1776002,413.44,411.76,410.54,400.06,389.01,15.55351346,15.60501663,15.43440907,15.25204175,15.15237324,174.4576002,174.3276002,174.4076002,159.1176002,139.8676002,175.5176002
846,2020-07-15,411.17,15.3903579,176.3676002,413.86,412.43,408.88,398.38,387.35,15.58614438,15.64730253,15.46196931,15.21876519,15.11706727,173.9376002,170.8576002,172.9276002,158.9676002,138.3976002,177.9976002
847,2020-08-15,409.73,15.33213036,173.7176002,413.81,412.95,407.64,397.07,386.23,15.53170197,15.66495698,15.4214267,15.30767815,15.11172478,175.9576002,176.1276002,175.4876002,159.2976002,141.0176002,177.1076002
848,2020-09-15,410,15.49936383,175.5176002,412.88,413.44,407.93,397.34,386.7,15.42594617,15.55351346,15.44459813,15.33273595,15.16490453,174.1776002,174.4576002,174.5776002,161.5476002,135.5176002,175.8376002
849,2020-10-15,411.66,15.44153779,177.9976002,411.17,413.86,409.44,398.8,388.25,15.3903579,15.58614438,15.51872913,15.50684445,15.18196957,176.3676002,173.9376002,173.9076002,164.2676002,135.7476002,177.8476002
850,2020-11-15,413.25,15.60293477,177.1076002,409.73,413.81,410.87,400.36,389.62,15.33213036,15.53170197,15.47071641,15.45170013,15.19965165,173.7176002,175.9576002,175.1276002,159.3376002,136.7676002,177.8176002
851,2020-12-15,414.14,15.30055516,175.8376002,410,412.88,411.76,401.66,390.34,15.49936383,15.42594617,15.60501663,15.60498423,14.96411412,175.5176002,174.1776002,174.3276002,162.0376002,133.5476002,174.5576002
852,2021-01-15,414.73,15.30937283,177.8476002,411.66,411.17,412.43,402.62,390.85,15.44153779,15.3903579,15.64730253,15.61722273,14.97575276,177.9976002,176.3676002,170.8576002,161.1976002,133.1876002,181.8276002
853,2021-02-15,415.2,15.12603085,177.8176002,413.25,409.73,412.95,403.26,391.29,15.60293477,15.33213036,15.66495698,15.75360103,14.88992207,177.1076002,173.7176002,176.1276002,164.0776002,132.1576002,179.5876002
854,2021-03-15,415.49,15.25538819,174.5576002,414.14,410,413.44,403.85,391.66,15.30055516,15.49936383,15.55351346,15.69174853,15.00736706,175.8376002,175.5176002,174.4576002,162.3076002,133.7676002,180.7176002
855,2021-04-15,415.81,15.25640958,181.8276002,414.73,411.66,413.86,404.36,392.05,15.30937283,15.44153779,15.58614438,15.59541793,15.07948296,177.8476002,177.9976002,173.9376002,162.8976002,133.6376002,180.2976002
856,2021-05-15,416.01,15.32313531,179.5876002,415.2,413.25,413.81,404.4,392.08,15.12603085,15.60293477,15.53170197,15.48107426,15.02400868,177.8176002,177.1076002,175.9576002,161.6876002,133.9176002,182.8476002
857,2021-06-15,415.2,15.27829259,180.7176002,415.49,414.14,412.88,403.62,391.14,15.25538819,15.30055516,15.42594617,15.32701199,15.08623975,174.5576002,175.8376002,174.1776002,163.0776002,135.6376002,181.5676002
858,2021-07-15,413.45,15.39588158,180.2976002,415.81,414.73,411.17,402.1,389.2,15.25640958,15.30937283,15.3903579,15.42561143,15.20817368,181.8276002,177.8476002,176.3676002,162.1076002,131.9476002,181.9976002
859,2021-08-15,412.15,15.37649529,182.8476002,416.01,415.2,409.73,400.78,387.87,15.32313531,15.12603085,15.33213036,15.46664423,15.17635148,179.5876002,177.8176002,173.7176002,158.4476002,134.8776002,179.8076002
860,2021-09-15,412.38,15.46723931,181.5676002,415.2,415.49,410,400.96,388.27,15.27829259,15.25538819,15.49936383,15.42360585,15.11322587,180.7176002,174.5576002,175.5176002,161.5576002,132.6876002,180.2576002
861,2021-10-15,413.83,15.48688977,181.9976002,413.45,415.81,411.66,402.41,389.83,15.39588158,15.25640958,15.44153779,15.40717786,15.09518426,180.2976002,181.8276002,177.9976002,158.3676002,139.4476002,183.3176002
862,2021-11-15,415.58,15.41183465,179.8076002,412.15,416.01,413.25,403.76,391.19,15.37649529,15.32313531,15.60293477,15.47066109,14.9712476,182.8476002,179.5876002,177.1076002,165.2076002,131.7676002,183.4676002
863,2021-12-15,416.6,15.38780873,180.2576002,412.38,415.2,414.14,404.67,392.02,15.46723931,15.27829259,15.30055516,15.40104573,15.02782052,181.5676002,180.7176002,175.8376002,163.0976002,138.4976002,182.1076002
864,2022-01-15,417.18,15.34341423,183.3176002,413.83,413.45,414.73,405.33,392.61,15.48688977,15.39588158,15.30937283,15.46963685,14.900649,181.9976002,180.2976002,177.8476002,163.4476002,142.4576002,183.5176002
865,2022-02-15,417.64,15.29552071,183.4676002,415.58,412.15,415.2,405.91,393.2,15.41183465,15.37649529,15.12603085,15.56533616,14.88691228,179.8076002,182.8476002,177.8176002,160.7276002,143.7576002,180.1876002
866,2022-03-15,418.16,15.45983783,182.1076002,416.6,412.38,415.49,406.32,393.72,15.38780873,15.46723931,15.25538819,15.56554597,14.92973607,180.2576002,181.5676002,174.5576002,163.1776002,142.5276002,181.4776002
867,2022-04-15,418.58,15.34914583,183.5176002,417.18,413.83,415.81,406.6,393.99,15.34341423,15.48688977,15.25640958,15.39408009,15.12017911,183.3176002,181.9976002,181.8276002,163.2076002,142.1876002,184.3076002
868,2022-05-15,418.45,15.32158845,180.1876002,417.64,415.58,416.01,406.64,393.88,15.29552071,15.41183465,15.32313531,15.43829816,15.23926919,183.4676002,179.8076002,179.5876002,162.8776002,145.3476002,179.5676002
869,2022-06-15,417.43,15.37371343,181.4776002,418.16,416.6,415.2,405.85,392.84,15.45983783,15.38780873,15.27829259,15.26768963,15.18523114,182.1076002,180.2576002,180.7176002,162.3776002,148.1876002,185.2376002
870,2022-07-15,415.67,15.44245331,184.3076002,418.58,417.18,413.45,404.11,391,15.34914583,15.34341423,15.39588158,15.33069413,15.10537713,183.5176002,183.3176002,180.2976002,163.5376002,148.7776002,183.4576002
871,2022-08-15,414.4,15.36108773,179.5676002,418.45,417.64,412.15,402.57,389.89,15.32158845,15.29552071,15.37649529,15.36134903,15.14196389,180.1876002,183.4676002,182.8476002,163.8076002,145.8876002,182.4376002
872,2022-09-15,414.62,15.41526883,185.2376002,417.43,418.16,412.38,402.66,390.55,15.37371343,15.45983783,15.46723931,15.34541313,15.1787719,181.4776002,182.1076002,181.5676002,165.4876002,147.3976002,184.7276002
873,2022-10-15,416.13,15.47451966,183.4576002,415.67,418.58,413.83,404.16,392.16,15.44245331,15.34914583,15.48688977,15.42494481,15.28476708,184.3076002,183.5176002,181.9976002,164.4176002,147.6776002,187.9976002
874,2022-11-15,417.84,15.22802918,182.4376002,414.4,418.45,415.58,405.7,393.56,15.36108773,15.32158845,15.41183465,15.31378453,15.26181977,179.5676002,180.1876002,179.8076002,167.0176002,148.3276002,183.2176002
875,2022-12-15,418.93,15.33628553,184.7276002,414.62,417.43,416.6,406.75,394.39,15.41526883,15.37371343,15.38780873,15.43740647,15.03374951,185.2376002,181.4776002,180.2576002,166.9276002,147.4976002,188.6376002
876,2023-01-15,419.38,15.31269448,187.9976002,416.13,415.67,417.18,407.53,395.07,15.47451966,15.44245331,15.34341423,15.30684655,15.21294873,183.4576002,184.3076002,183.3176002,165.5676002,147.6276002,180.5676002
877,2023-02-15,419.65,15.35841649,183.2176002,417.84,414.4,417.64,408.23,395.69,15.22802918,15.36108773,15.29552071,15.32842725,15.08155816,182.4376002,179.5676002,183.4676002,163.0676002,147.5576002,189.6076002
878,2023-03-15,419.98,15.57738013,188.6376002,418.93,414.62,418.16,408.77,396.28,15.33628553,15.41526883,15.45983783,15.33907788,15.08987134,184.7276002,185.2376002,182.1076002,165.9476002,149.8776002,186.1376002
879,2023-04-15,420.51,15.38640683,180.5676002,419.38,416.13,418.58,409.07,396.74,15.31269448,15.47451966,15.34914583,15.37097923,15.02946751,187.9976002,183.4576002,183.5176002,164.3576002,147.6276002,190.2676002
880,2023-05-15,420.6,15.4610862,189.6076002,419.65,417.84,418.45,408.93,396.75,15.35841649,15.22802918,15.32158845,15.31758778,15.08720772,183.2176002,182.4376002,180.1876002,165.3076002,148.7676002,189.0076002
881,2023-06-15,419.6,15.59698003,186.1376002,419.98,418.93,417.43,408.06,395.96,15.57738013,15.33628553,15.37371343,15.29082577,15.17324155,188.6376002,184.7276002,181.4776002,165.1476002,146.4376002,189.5876002
882,2023-07-15,417.93,15.78930466,190.2676002,420.51,419.38,415.67,406.49,394.48,15.38640683,15.31269448,15.44245331,15.34341233,15.04006951,180.5676002,187.9976002,184.3076002,167.3876002,146.6176002,194.2076002
883,2023-08-15,416.78,15.77493663,189.0076002,420.6,419.65,414.4,405.11,393.24,15.4610862,15.35841649,15.36108773,15.27386277,15.12020676,189.6076002,183.2176002,179.5676002,166.2476002,143.4776002,190.0376002
884,2023-09-15,417.18,15.99647993,189.5876002,419.6,419.98,414.62,405.18,393.21,15.59698003,15.57738013,15.41526883,15.26527493,15.23555367,186.1376002,188.6376002,185.2376002,168.6276002,142.9476002,189.3476002
885,2023-10-15,418.85,15.91539373,194.2076002,417.93,420.51,416.13,406.65,394.5,15.78930466,15.38640683,15.47451966,15.42020123,15.11700433,190.2676002,180.5676002,183.4576002,168.5276002,146.5776002,193.2176002
886,2023-11-15,420.4,15.91961853,190.0376002,416.78,420.6,417.84,408.12,395.96,15.77493663,15.4610862,15.22802918,15.30406468,15.2155637,189.0076002,189.6076002,182.4376002,168.5576002,149.0276002,192.6776002
887,2023-12-15,421.5,15.91058533,189.3476002,417.18,419.6,418.93,409.19,396.87,15.99647993,15.59698003,15.33628553,15.39654916,15.19239133,189.5876002,186.1376002,184.7276002,167.3176002,144.8476002,195.4176002
888,2024-01-15,422.21,15.76430503,193.2176002,418.85,417.93,419.38,409.93,397.51,15.91539373,15.78930466,15.31269448,15.35048478,15.19315236,194.2076002,190.2676002,187.9976002,171.8876002,148.2276002,191.3076002
889,2024-02-15,422.81,15.87608903,192.6776002,420.4,416.78,419.65,410.35,397.97,15.91961853,15.77493663,15.35841649,15.37420553,14.97013371,190.0376002,189.0076002,183.2176002,170.4976002,151.2576002,193.1076002
890,2024-03-15,423.41,15.79389373,195.4176002,421.5,417.18,419.98,410.9,398.27,15.91058533,15.99647993,15.57738013,15.57404797,15.15658849,189.3476002,189.5876002,188.6376002,173.2076002,151.2876002,192.8276002
891,2024-04-15,423.89,15.73606198,191.3076002,422.21,418.85,420.51,411.35,398.63,15.76430503,15.91539373,15.38640683,15.50307458,15.17536824,193.2176002,194.2076002,180.5676002,170.7976002,150.5676002,192.4076002
892,2024-05-15,423.94,15.71762173,193.1076002,422.81,420.4,420.6,411.36,398.69,15.87608903,15.91961853,15.4610862,15.42254633,15.24910062,192.6776002,190.0376002,189.6076002,172.0376002,147.9876002,188.5476002
893,2024-06-15,423.22,15.74003883,192.8276002,423.41,421.5,419.6,410.54,397.72,15.79389373,15.91058533,15.59698003,15.43440907,15.13792126,195.4176002,189.3476002,186.1376002,174.4076002,150.3776002,191.1376002
894,2024-07-15,421.61,15.74394603,192.4076002,423.89,422.21,417.93,408.88,396.13,15.73606198,15.76430503,15.78930466,15.46196931,15.13083451,191.3076002,193.2176002,190.2676002,172.9276002,152.0476002,192.8876002
895,2024-08-15,420.26,15.77644913,188.5476002,423.94,422.81,416.78,407.64,395.02,15.71762173,15.87608903,15.77493663,15.4214267,15.20141976,193.1076002,192.6776002,189.0076002,175.4876002,152.6376002,190.8376002
896,2024-09-15,420.58,15.79378023,191.1376002,423.22,423.41,417.18,407.93,395.12,15.74003883,15.79389373,15.99647993,15.44459813,15.25030511,192.8276002,195.4176002,189.5876002,174.5776002,152.1376002,192.1576002
897,2024-10-15,422.35,15.86448183,192.8876002,421.61,423.89,418.85,409.44,396.38,15.74394603,15.73606198,15.91539373,15.51872913,15.22916882,192.4076002,191.3076002,194.2076002,173.9076002,154.5176002,192.3276002
898,2024-11-15,424.07,15.79385753,190.8376002,420.26,423.94,420.4,410.87,397.86,15.77644913,15.71762173,15.91961853,15.47071641,15.11702721,188.5476002,193.1076002,190.0376002,175.1276002,151.5276002,193.3276002
