ROW_ID,Year,CO2 (ppm),TEMP (deg C),Absolute GMSL (mm) baseline Mar 1958,CO2 Radiative Forcing (W/m^2) baseline Mar 1958,TEMP_3m_ago,TEMP_6m_ago,TEMP_12m_ago,TEMP_5y_ago,TEMP_10y_ago,Change_in_TEMP_from_12m_ago,Change_in_TEMP_from_10y_ago,GMSL_3m_ago,GMSL_6m_ago,GMSL_12m_ago,GMSL_5y_ago,GMSL_10y_ago,Change_in_GMSL_from_12m_ago,Change_in_GMSL_from_10y_ago,Change_in_TEMP_after_3m_TO_PREDICT,Change_in_GMSL_after_3m_TO_PREDICT
0,1950-01-15,309.41,14.15561478,0,0,14.39789479,14.50786298,14.52375786,14.32178683,14.12083333,-0.36814308,0.03478145,-1.14326,-4.74326,4.55674,-15.74326,-19.74326,-4.55674,19.74326,0.07361125,0.85695
1,1950-02-15,312.6,14.12923423,-1.15053,0.054875805,14.4117698,14.39975159,14.31706043,14.14571943,14.20850556,-0.1878262,-0.07927133,-0.64326,-3.44326,4.95674,-16.04326,-20.94326,-6.10727,19.79273,0.23495676,2.48372
2,1950-03-15,316.04,14.29203217,-1.3122,0.113428183,14.39520638,14.43254463,14.36671727,14.25638287,14.18079369,-0.0746851,0.11123848,0.85674,-4.84326,1.35674,-16.84326,-22.64326,-2.66894,21.33106,0.13363362,3.03754
3,1950-04-15,318.66,14.22922603,0.85695,0.157597333,14.15561478,14.39789479,14.33282178,14.4015178,14.46109573,-0.10359575,-0.2318697,0,-1.14326,-1.24326,-15.54326,-27.34326,2.10021,28.20021,0.1235361,0.23218
4,1950-05-15,318.93,14.36419099,1.33319,0.162128458,14.12923423,14.4117698,14.45719807,14.33248227,14.54969113,-0.09300708,-0.18550014,-1.15053,-0.64326,-3.34326,-14.24326,-28.04326,4.67645,29.37645,-0.11492156,-0.92752
5,1950-06-15,318.66,14.42566579,1.72534,0.157597333,14.29203217,14.39520638,14.38219923,14.53285593,14.39769833,0.04346656,0.02796746,-1.3122,0.85674,-3.64326,-10.24326,-32.44326,5.3686,34.1686,-0.0246172,0.40767
6,1950-07-15,316.87,14.35276213,1.08913,0.127460202,14.22922603,14.15561478,14.50786298,14.41746893,14.61558049,-0.15510085,-0.26281836,0.85695,0,-4.74326,-14.24326,-30.54326,5.83239,31.63239,0.0662575,3.87521
7,1950-08-15,312.87,14.24926943,0.40567,0.059494732,14.36419099,14.12923423,14.39975159,14.73053925,14.56675046,-0.15048216,-0.31748103,1.33319,-1.15053,-3.44326,-14.44326,-27.64326,3.84893,28.04893,-0.08448507,7.32149
8,1950-09-15,309.99,14.40104859,2.13301,0.010019377,14.42566579,14.29203217,14.43254463,14.54015343,14.43109983,-0.03149604,-0.03005124,1.72534,-1.3122,-4.84326,-18.74326,-23.64326,6.97627,25.77627,0.00257969,8.00114
9,1950-10-15,306.97,14.41901963,4.96434,-0.042357209,14.35276213,14.22922603,14.39789479,14.50766747,14.25239556,0.02112484,0.16662407,1.08913,0.85695,-1.14326,-16.24326,-19.34326,6.1076,24.3076,-0.2710533,3.78575
10,1950-11-15,306.15,14.16478436,7.72716,-0.05666763,14.24926943,14.36419099,14.4117698,14.30907243,14.30645553,-0.24698544,-0.14167117,0.40567,1.33319,-0.64326,-15.94326,-16.14326,8.37042,23.87042,-0.14480213,5.025425
11,1950-12-15,307.44,14.40362828,10.13415,-0.034172119,14.40104859,14.42566579,14.39520638,14.19838993,14.46596423,0.0084219,-0.06233595,2.13301,1.72534,0.85674,-12.64326,-15.14326,9.27741,25.27741,-0.18298721,7.903004
12,1951-01-15,309.67,14.14796633,8.75009,0.004493765,14.41901963,14.35276213,14.15561478,14.44568343,14.38506503,-0.00764845,-0.2370987,4.96434,1.08913,0,-13.74326,-15.84326,8.75009,24.59335,0.19907855,9.92049
13,1951-02-15,313.55,14.01998223,12.752585,0.071109946,14.16478436,14.24926943,14.12923423,14.33951183,14.52278703,-0.109252,-0.5028048,7.72716,0.40567,-1.15053,-9.84326,-12.64326,13.903115,25.395845,0.63402847,6.1465
14,1951-03-15,316.26,14.22064107,18.037154,0.1171511,14.40362828,14.40104859,14.29203217,14.4138078,14.35222333,-0.0713911,-0.13158226,10.13415,2.13301,-1.3122,-10.64326,-12.24326,19.349354,30.280414,0.34510421,-4.172074
15,1951-04-15,318.6,14.34704488,18.67058,0.156589895,14.14796633,14.41901963,14.22922603,14.44219013,14.25911703,0.11781885,0.08792785,8.75009,4.96434,0.85695,-6.74326,-10.84326,17.81363,29.51384,0.05102062,-8.44174
16,1951-05-15,319.75,14.6540107,18.899085,0.175866175,14.01998223,14.16478436,14.36419099,14.51189606,14.45857899,0.28981971,0.19543171,12.752585,7.72716,1.33319,-4.24326,-12.74326,17.565895,31.642345,-0.07633781,-12.289075
17,1951-06-15,319.03,14.56574528,13.86508,0.163805679,14.22064107,14.40362828,14.42566579,14.42771237,14.57308285,0.14007949,-0.00733757,18.037154,10.13415,1.72534,-1.24326,-12.74326,12.13974,26.60834,0.007267,-5.93996
18,1951-07-15,316.72,14.3980655,10.22884,0.124927018,14.34704488,14.14796633,14.35276213,14.48762983,14.52234643,0.04530337,-0.12428093,18.67058,8.75009,1.08913,0.05674,-9.74326,9.13971,19.9721,0.18565559,-2.15979
19,1951-08-15,312.93,14.57767289,6.61001,0.060520618,14.6540107,14.01998223,14.24926943,14.39606278,14.59103387,0.32840346,-0.01336098,18.899085,12.752585,0.40567,-2.44326,-5.34326,6.20434,11.95327,-0.09179402,3.262365
20,1951-09-15,309.69,14.57301228,7.92512,0.004839283,14.56574528,14.22064107,14.40104859,14.4120292,14.21175283,0.17196369,0.36125945,13.86508,18.037154,2.13301,-6.34326,-5.84326,5.79211,13.76838,0.02848435,0.07303
21,1951-10-15,307.7,14.58372109,8.06905,-0.029649571,14.3980655,14.34704488,14.41901963,14.28779213,14.55745213,0.16470146,0.02626896,10.22884,18.67058,4.96434,-9.84326,-9.24326,3.10471,17.31231,-0.02739236,-0.62565
22,1951-11-15,307.37,14.48587887,9.872375,-0.035390382,14.57767289,14.6540107,14.16478436,14.34115973,14.28115073,0.32109451,0.20472814,6.61001,18.899085,7.72716,-12.44326,-14.94326,2.145215,24.815635,-0.01122284,-2.909655
23,1951-12-15,307.81,14.60149663,7.99815,-0.027737336,14.57301228,14.56574528,14.40362828,14.22547813,14.37460703,0.19786835,0.2268896,7.92512,13.86508,10.13415,-13.14326,-15.04326,-2.136,23.04141,-0.27848435,-2.73298
24,1952-01-15,310.41,14.55632873,7.4434,0.017263091,14.58372109,14.3980655,14.14796633,14.43281643,14.50461763,0.4083624,0.0517111,8.06905,10.22884,8.75009,-13.74326,-16.64326,-1.30669,24.08666,-0.196414,-2.03118
25,1952-02-15,313.85,14.47465603,6.96272,0.0762263,14.48587887,14.57767289,14.01998223,14.33979218,14.26915639,0.4546738,0.20549964,9.872375,6.61001,12.752585,-11.54326,-15.64326,-5.789865,22.60598,0.02695084,-0.90965
26,1952-03-15,316.48,14.32301228,5.26517,0.120871428,14.60149663,14.57301228,14.22064107,14.48694413,14.35732167,0.10237121,-0.03430939,7.99815,7.92512,18.037154,-8.94326,-16.94326,-12.771984,22.20843,0.19887735,3.24146
27,1952-04-15,319.25,14.35991473,5.41222,0.167493716,14.55632873,14.58372109,14.34704488,14.55195323,14.26248067,0.01286985,0.09743406,7.4434,8.06905,18.67058,-11.24326,-17.44326,-13.25836,22.85548,0.1644735,2.00305
28,1952-05-15,320.17,14.50160687,6.05307,0.182888929,14.47465603,14.48587887,14.6540107,14.49650183,14.45724099,-0.15240383,0.04436588,6.96272,9.872375,18.899085,-10.64326,-16.24326,-12.846015,22.29633,-0.12266444,2.18838
29,1952-06-15,319.5,14.52188963,8.50663,0.171681583,14.32301228,14.60149663,14.56574528,14.54682533,14.38621133,-0.04385565,0.1356783,5.26517,7.99815,13.86508,-8.64326,-13.24326,-5.35845,21.74989,-0.068635,1.99964
30,1952-07-15,316.69,14.52438823,7.41527,0.124420238,14.35991473,14.55632873,14.3980655,14.52319613,14.34065523,0.12632273,0.183733,5.41222,7.4434,10.22884,-5.94326,-9.84326,-2.81357,17.25853,-0.15073584,4.4212
31,1952-08-15,313.92,14.37894243,8.24145,0.077419412,14.50160687,14.47465603,14.57767289,14.40191739,14.31739803,-0.19873046,0.0615444,6.05307,6.96272,6.61001,-3.34326,-6.84326,1.63144,15.08471,-0.22454454,8.16666
32,1952-09-15,310.14,14.45325463,10.50627,0.012607544,14.52188963,14.32301228,14.57301228,14.37415403,14.32461923,-0.11975765,0.1286354,8.50663,5.26517,7.92512,0.05674,-4.94326,2.58115,15.44953,-0.08945656,6.440835
33,1952-10-15,307.86,14.37365239,11.83647,-0.026868364,14.52438823,14.35991473,14.58372109,14.48592753,14.34413808,-0.2100687,0.02951431,7.41527,5.41222,8.06905,4.55674,-5.84326,3.76742,17.67973,0.04028704,4.70218
34,1952-11-15,307.35,14.15439789,16.40811,-0.035738508,14.37894243,14.50160687,14.48587887,14.37468043,14.19125263,-0.33148098,-0.03685474,8.24145,6.05307,9.872375,9.25674,-5.94326,6.535735,22.35137,0.30383587,-2.76256
35,1952-12-15,307.94,14.36379807,16.947105,-0.025478302,14.45325463,14.52188963,14.60149663,14.25022403,14.24623293,-0.23769856,0.11756514,10.50627,8.50663,7.99815,7.55674,-8.34326,8.948955,25.290365,0.04965401,-5.073635
36,1953-01-15,310.35,14.41393943,16.53865,0.016228875,14.37365239,14.52438823,14.55632873,14.41572563,14.24857133,-0.1423893,0.1653681,11.83647,7.41527,7.4434,4.65674,-5.84326,9.09525,22.38191,0.14973257,-2.749794
37,1953-02-15,313.95,14.45823376,13.64555,0.077930664,14.15439789,14.37894243,14.47465603,14.22599309,14.38185399,-0.01642227,0.07637977,16.40811,8.24145,6.96272,0.15674,-5.04326,6.68283,18.68881,0.21789457,3.477885
38,1953-03-15,317.07,14.41345208,11.87347,0.130835916,14.36379807,14.45325463,14.32301228,14.17366973,14.18043223,0.0904398,0.23301985,16.947105,10.50627,5.26517,-1.94326,-5.54326,6.6083,17.41673,0.1280117,7.898975
39,1953-04-15,319.46,14.563672,13.788856,0.171011745,14.41393943,14.37365239,14.35991473,14.32380383,14.29370203,0.20375727,0.26996997,16.53865,11.83647,5.41222,-1.94326,-5.74326,8.376636,19.532116,0.0002861,3.465104
40,1953-05-15,320.27,14.67612833,17.123435,0.184559655,14.45823376,14.15439789,14.50160687,14.52034657,14.43625157,0.17452146,0.23987676,13.64555,16.40811,6.05307,-0.64326,-9.84326,11.070365,26.966695,-0.14001085,-2.469435
41,1953-06-15,319.52,14.54146378,19.772445,0.172016471,14.41345208,14.36379807,14.52188963,14.46368403,14.30327983,0.01957415,0.23818395,11.87347,16.947105,8.50663,-0.74326,-9.64326,11.265815,29.415705,-0.10763265,-7.778485
42,1953-07-15,317.49,14.5639581,17.25396,0.13791799,14.563672,14.41393943,14.52438823,14.47052376,14.32330506,0.03956987,0.24065304,13.788856,16.53865,7.41527,0.85674,-13.74326,9.83869,30.99722,-0.09619427,-7.452905
43,1953-08-15,314.19,14.53611748,14.654,0.082018925,14.67612833,14.45823376,14.37894243,14.49537843,14.28931039,0.15717505,0.24680709,17.123435,13.64555,8.24145,-1.14326,-14.24326,6.41255,28.89726,-0.16400909,-5.50409
44,1953-09-15,310.98,14.43383113,11.99396,0.027078186,14.54146378,14.41345208,14.45325463,14.34997173,14.35614293,-0.0194235,0.0776882,19.772445,11.87347,10.50627,0.25674,-15.64326,1.48769,27.63722,0.03666784,-3.53055
45,1953-10-15,308.83,14.46776383,9.801055,-0.010038176,14.5639581,14.563672,14.37365239,14.48185628,14.41591828,0.09411144,0.05184555,17.25396,13.788856,11.83647,-0.14326,-16.34326,-2.035415,26.144315,-0.27689266,0.881865
46,1953-11-15,307.74,14.37210839,9.14991,-0.028954134,14.53611748,14.67612833,14.15439789,14.44542593,14.38950533,0.2177105,-0.01739694,14.654,17.123435,16.40811,1.75674,-17.54326,-7.2582,26.69317,-0.1016655,2.85546
47,1953-12-15,308.58,14.47049897,8.46341,-0.014370791,14.43383113,14.54146378,14.36379807,14.16905493,14.45567029,0.1067009,0.01482868,11.99396,19.772445,16.947105,2.95674,-18.14326,-8.483695,26.60667,-0.15234854,4.284
48,1954-01-15,310.7,14.19087117,10.68292,0.022258986,14.46776383,14.5639581,14.41393943,14.52375786,14.67632477,-0.22306826,-0.4854536,9.801055,17.25396,16.53865,4.55674,-14.64326,-5.85573,25.32618,0.10212612,-0.243864
49,1954-02-15,314.87,14.27044289,12.00537,0.093585394,14.37210839,14.53611748,14.45823376,14.31706043,14.56660359,-0.18779087,-0.2961607,9.14991,14.654,13.64555,4.95674,-8.54326,-1.64018,20.54863,0.15130044,-1.31072
50,1954-03-15,318.25,14.31815043,12.74741,0.150709389,14.47049897,14.43383113,14.41345208,14.36671727,14.60734743,-0.09530165,-0.289197,8.46341,11.99396,11.87347,1.35674,-5.84326,0.87394,18.59067,0.01815226,-4.87534
51,1954-04-15,320.23,14.29299729,10.439056,0.183891427,14.19087117,14.46776383,14.563672,14.33282178,14.43543713,-0.27067471,-0.14243984,10.68292,9.801055,13.788856,-1.24326,-10.44326,-3.3498,20.882316,0.04092314,-5.193606
52,1954-05-15,321.06,14.42174333,10.69465,0.197740084,14.27044289,14.37210839,14.67612833,14.45719807,14.46778577,-0.254385,-0.04604244,12.00537,9.14991,17.123435,-3.34326,-17.74326,-6.428785,28.43791,-0.15814687,-6.2909
53,1954-06-15,320.02,14.33630269,7.87207,0.18038186,14.31815043,14.47049897,14.54146378,14.38219923,14.54908363,-0.20516109,-0.21278094,12.74741,8.46341,19.772445,-3.64326,-23.54326,-11.900375,31.41533,-0.14558602,-1.09437
54,1954-07-15,317.72,14.33392043,5.24545,0.141792299,14.29299729,14.19087117,14.5639581,14.50786298,14.53314488,-0.23003767,-0.19922445,10.439056,10.68292,17.25396,-4.74326,-26.34326,-12.00851,31.58871,-0.0399256,6.362925
55,1954-08-15,314.55,14.26359646,4.40375,0.088145465,14.42174333,14.27044289,14.53611748,14.39975159,14.59731953,-0.27252102,-0.33372307,10.69465,12.00537,14.654,-3.44326,-26.54326,-10.25025,30.94701,0.11902617,12.41656
56,1954-09-15,311.54,14.19071667,6.7777,0.036703582,14.33630269,14.31815043,14.43383113,14.43254463,14.65346329,-0.24311446,-0.46274662,7.87207,12.74741,11.99396,-4.84326,-24.64326,-5.21626,31.42096,0.06247521,12.35663
57,1954-10-15,309.06,14.29399483,11.608375,-0.006055266,14.33392043,14.29299729,14.46776383,14.39789479,14.60617058,-0.173769,-0.31217575,5.24545,10.439056,9.801055,-1.14326,-21.64326,1.80732,33.251635,0.19141674,9.229375
58,1954-11-15,307.9,14.38262263,16.82031,-0.026173288,14.26359646,14.42174333,14.37210839,14.4117698,14.37386503,0.01051424,0.0087576,4.40375,10.69465,9.14991,-0.64326,-17.94326,7.6704,34.76357,-0.23314283,3.6819
59,1954-12-15,309.01,14.25319188,19.13433,-0.006920864,14.19071667,14.33630269,14.47049897,14.39520638,14.30398363,-0.21730709,-0.05079175,6.7777,7.87207,8.46341,0.85674,-16.74326,10.67092,35.87759,-0.21214775,-1.90449
60,1955-01-15,311.52,14.48541157,20.83775,0.036360116,14.29399483,14.33392043,14.19087117,14.15561478,14.32178683,0.2945404,0.16362474,11.608375,5.24545,10.68292,0,-15.74326,10.15483,36.58101,-0.26407527,-7.74864
61,1955-02-15,314.4,14.1494798,20.50221,0.085593592,14.38262263,14.26359646,14.27044289,14.12923423,14.14571943,-0.12096309,0.00376037,16.82031,4.40375,12.00537,-1.15053,-16.04326,8.49684,36.54547,0.19684028,-12.02257
62,1955-03-15,317.66,14.04104413,17.22984,0.14078188,14.25319188,14.19071667,14.31815043,14.29203217,14.25638287,-0.2771063,-0.21533874,19.13433,6.7777,12.74741,-1.3122,-16.84326,4.48243,34.0731,0.3051644,-11.81715
63,1955-04-15,320.43,14.2213363,13.08911,0.187231733,14.48541157,14.29399483,14.29299729,14.22922603,14.4015178,-0.07166099,-0.1801815,20.83775,11.608375,10.439056,0.85695,-15.54326,2.650054,28.63237,0.08133697,-9.77931
64,1955-05-15,321.13,14.34632008,8.47964,0.198906405,14.1494798,14.38262263,14.42174333,14.36419099,14.33248227,-0.07542325,0.01383781,20.50221,16.82031,10.69465,1.33319,-14.24326,-2.21501,22.7229,0.11967755,-1.96328
65,1955-06-15,320.69,14.34620853,5.41269,0.191571014,14.04104413,14.25319188,14.33630269,14.42566579,14.53285593,0.00990584,-0.1866474,17.22984,19.13433,7.87207,1.72534,-10.24326,-2.45938,15.65595,0.0361957,2.26219
66,1955-07-15,318.42,14.30267327,3.3098,0.153566442,14.2213363,14.48541157,14.33392043,14.35276213,14.41746893,-0.03124716,-0.11479566,13.08911,20.83775,5.24545,1.08913,-14.24326,-1.93565,17.55306,0.02511883,8.84192
67,1955-08-15,315.08,14.46599763,6.51636,0.097152344,14.34632008,14.1494798,14.26359646,14.24926943,14.73053925,0.20240117,-0.26454162,8.47964,20.50221,4.40375,0.40567,-14.44326,2.11261,20.95962,-0.32037163,6.12967
68,1955-09-15,310.96,14.38240423,7.67488,0.026734101,14.34620853,14.04104413,14.19071667,14.40104859,14.54015343,0.19168756,-0.1577492,5.41269,17.22984,6.7777,2.13301,-18.74326,0.89718,26.41814,-0.2626991,4.32942
69,1955-10-15,309.05,14.3277921,12.15172,-0.006228374,14.30267327,14.2213363,14.29399483,14.41901963,14.50766747,0.03379727,-0.17987537,3.3098,13.08911,11.608375,4.96434,-16.24326,0.543345,28.39498,-0.01807213,-1.11414
70,1955-11-15,308.74,14.145626,12.64603,-0.011597513,14.46599763,14.34632008,14.38262263,14.16478436,14.30907243,-0.23699663,-0.16344643,6.51636,8.47964,16.82031,7.72716,-15.94326,-4.17428,28.58929,0.03861999,-5.16582
71,1955-12-15,308.98,14.11970513,12.0043,-0.00744029,14.38240423,14.34620853,14.25319188,14.40362828,14.19838993,-0.13348675,-0.0786848,7.67488,5.41269,19.13433,10.13415,-12.64326,-7.13003,24.64756,0.1031389,-3.73227
72,1956-01-15,311.94,14.30971997,11.03758,0.043568278,14.3277921,14.30267327,14.48541157,14.14796633,14.44568343,-0.1756916,-0.13596346,12.15172,3.3098,20.83775,8.75009,-13.74326,-9.80017,24.78084,-0.12348554,0.13427
73,1956-02-15,315.44,14.18424599,7.48021,0.103261588,14.145626,14.46599763,14.1494798,14.01998223,14.33951183,0.03476619,-0.15526584,12.64603,6.51636,20.50221,12.752585,-9.84326,-13.022,17.32347,0.04499434,3.6446
74,1956-03-15,318.42,14.22284403,8.27203,0.153566442,14.11970513,14.38240423,14.04104413,14.22064107,14.4138078,0.1817999,-0.19096377,12.0043,7.67488,17.22984,18.037154,-10.64326,-8.95781,18.91529,0.04345515,1.314204
75,1956-04-15,320.36,14.18623443,11.17185,0.186062863,14.30971997,14.3277921,14.2213363,14.34704488,14.44219013,-0.03510187,-0.2559557,11.03758,12.15172,13.08911,18.67058,-6.74326,-1.91726,17.91511,0.09909913,-6.41615
76,1956-05-15,321.62,14.22924033,11.12481,0.207063544,14.18424599,14.145626,14.34632008,14.6540107,14.51189606,-0.11707975,-0.28265573,7.48021,12.64603,8.47964,18.899085,-4.24326,2.64517,15.36807,-0.04707144,-7.56306
77,1956-06-15,321.05,14.26629918,9.586234,0.197573446,14.22284403,14.11970513,14.34620853,14.56574528,14.42771237,-0.07990935,-0.16141319,8.27203,12.0043,5.41269,13.86508,-1.24326,4.173544,10.829494,-0.12206459,-6.749274
78,1956-07-15,318.8,14.28533356,4.7557,0.159947284,14.18623443,14.30971997,14.30267327,14.3980655,14.48762983,-0.01733971,-0.20229627,11.17185,11.03758,3.3098,10.22884,0.05674,1.4459,4.69896,-0.2060709,-2.31022
79,1956-08-15,315.12,14.18216889,3.56175,0.097831493,14.22924033,14.18424599,14.46599763,14.57767289,14.39606278,-0.28382874,-0.21389389,11.12481,7.48021,6.51636,6.61001,-2.44326,-2.95461,6.00501,0.02995014,-1.21142
80,1956-09-15,312.04,14.14423459,2.83696,0.045283077,14.26629918,14.22284403,14.38240423,14.57301228,14.4120292,-0.23816964,-0.26779461,9.586234,8.27203,7.67488,7.92512,-6.34326,-4.83792,9.18022,0.17458534,0.92627
81,1956-10-15,308.91,14.07926266,2.44548,-0.00865248,14.28533356,14.18623443,14.3277921,14.58372109,14.28779213,-0.24852944,-0.20852947,4.7557,11.17185,12.15172,8.06905,-9.84326,-9.70624,12.28874,0.19937227,5.93081
82,1956-11-15,309.18,14.21211903,2.35033,-0.003978403,14.18216889,14.22924033,14.145626,14.48587887,14.34115973,0.06649303,-0.1290407,3.56175,11.12481,12.64603,9.872375,-12.44326,-10.2957,14.79359,0.0573082,14.17871
83,1956-12-15,310.01,14.31881993,3.76323,0.010364538,14.14423459,14.26629918,14.11970513,14.60149663,14.22547813,0.1991148,0.0933418,2.83696,9.586234,12.0043,7.99815,-13.14326,-8.24107,16.90649,-0.05694675,16.923636
84,1957-01-15,312.24,14.27863493,8.37629,0.048711026,14.07926266,14.28533356,14.30971997,14.55632873,14.43281643,-0.03108504,-0.1541815,2.44548,4.7557,11.03758,7.4434,-13.74326,-2.66129,22.11955,0.12714293,14.07574
85,1957-02-15,316.22,14.26942723,16.52904,0.116474399,14.21211903,14.18216889,14.18424599,14.47465603,14.33979218,0.08518124,-0.07036495,2.35033,3.56175,7.48021,6.96272,-11.54326,9.04883,28.0723,0.25396824,7.65072
86,1957-03-15,319.64,14.26187318,20.686866,0.174025358,14.31881993,14.14423459,14.22284403,14.32301228,14.48694413,0.03902915,-0.22507095,3.76323,2.83696,8.27203,5.26517,-8.94326,12.414836,29.630126,0.33253383,3.586314
87,1957-04-15,321.07,14.40577786,22.45203,0.197906717,14.27863493,14.07926266,14.18623443,14.35991473,14.55195323,0.21954343,-0.14617537,8.37629,2.44548,11.17185,5.41222,-11.24326,11.28018,33.69529,0.08297347,1.449756
88,1957-05-15,321.91,14.52339547,24.17976,0.211885386,14.26942723,14.21211903,14.22924033,14.50160687,14.49650183,0.29415514,0.02689364,16.52904,2.35033,11.12481,6.05307,-10.64326,13.05495,34.82302,0.01489446,-3.39417
89,1957-06-15,321.57,14.59440701,24.27318,0.206231753,14.26187318,14.31881993,14.26629918,14.52188963,14.54682533,0.32810783,0.04758168,20.686866,3.76323,9.586234,8.50663,-8.64326,14.686946,32.91644,-0.06237984,-4.224505
90,1957-07-15,318.64,14.48875133,23.901786,0.157261541,14.40577786,14.27863493,14.28533356,14.52438823,14.52319613,0.20341777,-0.0344448,22.45203,8.37629,4.7557,7.41527,-5.94326,19.146086,29.845046,0.05544854,-4.969811
91,1957-08-15,315.55,14.53828993,20.78559,0.10512691,14.52339547,14.26942723,14.18216889,14.37894243,14.40191739,0.35612104,0.13637254,24.17976,16.52904,3.56175,8.24145,-3.34326,17.22384,24.12885,0.0172167,-0.683784
92,1957-09-15,312.84,14.53202717,20.048675,0.058981714,14.59440701,14.26187318,14.14423459,14.45325463,14.37415403,0.38779258,0.15787314,24.27318,20.686866,2.83696,10.50627,0.05674,17.211715,19.991935,0.0746317,-0.901845
93,1957-10-15,309.87,14.54419987,18.931975,0.007947941,14.48875133,14.40577786,14.07926266,14.37365239,14.48592753,0.46493721,0.05827234,23.901786,22.45203,2.44548,11.83647,4.55674,16.486495,14.375235,0.22643756,2.183065
94,1957-11-15,309.12,14.55550663,20.101806,-0.005016734,14.53828993,14.52339547,14.21211903,14.15439789,14.37468043,0.3433876,0.1808262,20.78559,24.17976,2.35033,16.40811,9.25674,17.751476,10.845066,0.04147053,0.571344
95,1957-12-15,310.01,14.60665887,19.14683,0.010364538,14.53202717,14.59440701,14.31881993,14.36379807,14.25022403,0.28783894,0.35643484,20.048675,24.27318,3.76323,16.947105,7.55674,15.3836,11.59009,-0.07529259,1.62385
96,1958-01-15,312.39,14.77063743,21.11504,0.051280547,14.54419987,14.48875133,14.27863493,14.41393943,14.41572563,0.4920025,0.3549118,18.931975,23.901786,8.37629,16.53865,4.65674,12.73875,16.4583,-0.24395083,-2.8362
97,1958-02-15,316.01,14.59697716,20.67315,0.112920312,14.55550663,14.53828993,14.26942723,14.45823376,14.22599309,0.32754993,0.37098407,20.101806,20.78559,16.52904,13.64555,0.15674,4.14411,20.51641,0.04222297,-1.92643
98,1958-03-15,315.71,14.53136628,20.77068,0.107838947,14.60665887,14.53202717,14.26187318,14.41345208,14.17366973,0.2694931,0.35769655,19.14683,20.048675,20.686866,11.87347,-1.94326,0.083814,22.71394,-0.00602532,-2.11519
99,1958-04-15,317.45,14.5266866,18.27884,0.13724391,14.77063743,14.54419987,14.40577786,14.563672,14.32380383,0.12090874,0.20288277,21.11504,18.931975,22.45203,13.788856,-1.94326,-4.17319,20.2221,0.0533123,1.60649
100,1958-05-15,317.51,14.63920013,18.74672,0.138254998,14.59697716,14.55550663,14.52339547,14.67612833,14.52034657,0.11580466,0.11885356,20.67315,20.101806,24.17976,17.123435,-0.64326,-5.43304,19.38998,-0.15089225,1.70333
101,1958-06-15,317.27,14.52534096,18.65549,0.134209502,14.53136628,14.60665887,14.59440701,14.54146378,14.46368403,-0.06906605,0.06165693,20.77068,19.14683,24.27318,19.772445,-0.74326,-5.61769,19.39875,-0.11522963,3.115376
102,1958-07-15,315.87,14.5799989,19.88533,0.110549609,14.5266866,14.77063743,14.48875133,14.5639581,14.47052376,0.09124757,0.10947514,18.27884,21.11504,23.901786,17.25396,0.85674,-4.016456,19.02859,-0.13786317,4.138625
103,1958-08-15,314.93,14.48830788,20.45005,0.094604765,14.63920013,14.59697716,14.53828993,14.53611748,14.49537843,-0.04998205,-0.00707055,18.74672,20.67315,20.78559,14.654,-1.14326,-0.33554,21.59331,-0.0549345,4.97142
104,1958-09-15,313.21,14.41011133,21.770866,0.065305491,14.52534096,14.53136628,14.53202717,14.43383113,14.34997173,-0.12191584,0.0601396,18.65549,20.77068,20.048675,11.99396,0.25674,1.722191,21.514126,0.04715827,4.548404
105,1958-10-15,312.42,14.44213573,24.023955,0.051794303,14.5799989,14.5266866,14.54419987,14.46776383,14.48185628,-0.10206414,-0.03972055,19.88533,18.27884,18.931975,9.801055,-0.14326,5.09198,24.167215,0.11516095,0.236055
106,1958-11-15,313.33,14.43337338,25.42147,0.067354842,14.48830788,14.63920013,14.55550663,14.37210839,14.44542593,-0.12213325,-0.01205255,20.45005,18.74672,20.101806,9.14991,1.75674,5.319664,23.66473,0.06953049,-4.48847
107,1958-12-15,314.67,14.4572696,26.31927,0.090186086,14.41011133,14.52534096,14.60665887,14.47049897,14.16905493,-0.14938927,0.28821467,21.770866,18.65549,19.14683,8.46341,2.95674,7.17244,23.36253,0.1758995,-7.477726
108,1959-01-15,315.58,14.55729668,24.26001,0.105635522,14.44213573,14.5799989,14.77063743,14.19087117,14.52375786,-0.21334075,0.03353882,24.023955,19.88533,21.11504,10.68292,4.55674,3.14497,19.70327,0.04102898,-4.7133
109,1959-02-15,316.49,14.50290387,20.933,0.121040472,14.43337338,14.48830788,14.59697716,14.27044289,14.31706043,-0.09407329,0.18584344,25.42147,20.45005,20.67315,12.00537,4.95674,0.25985,15.97626,0.03275966,-1.000834
110,1959-03-15,316.65,14.6331691,18.841544,0.123744455,14.4572696,14.41011133,14.53136628,14.31815043,14.36671727,0.10180282,0.26645183,26.31927,21.770866,20.77068,12.74741,1.35674,-1.929136,17.484804,-0.08365537,2.518921
111,1959-04-15,317.72,14.59832566,19.54671,0.141792299,14.55729668,14.44213573,14.5266866,14.29299729,14.33282178,0.07163906,0.26550388,24.26001,24.023955,18.27884,10.439056,-1.24326,1.26787,20.78997,-0.06191823,2.07234
112,1959-05-15,318.29,14.53566353,19.932166,0.151381774,14.50290387,14.43337338,14.63920013,14.42174333,14.45719807,-0.1035366,0.07846546,20.933,25.42147,18.74672,10.69465,-3.34326,1.185446,23.275426,-0.06351375,4.078864
113,1959-06-15,318.15,14.54951373,21.360465,0.149028056,14.6331691,14.4572696,14.52534096,14.33630269,14.38219923,0.02417277,0.1673145,18.841544,26.31927,18.65549,7.87207,-3.64326,2.704975,25.003725,-0.18806074,1.634655
114,1959-07-15,316.54,14.53640743,21.61905,0.121885614,14.59832566,14.55729668,14.5799989,14.33392043,14.50786298,-0.04359147,0.02854445,19.54671,24.26001,19.88533,5.24545,-4.74326,1.73372,26.36231,-0.1087761,2.966
115,1959-08-15,314.8,14.47214978,24.01103,0.092395882,14.53566353,14.50290387,14.48830788,14.26359646,14.39975159,-0.0161581,0.07239819,19.932166,20.933,20.45005,4.40375,-3.44326,3.56098,27.45429,-0.14186385,-3.76634
116,1959-09-15,313.84,14.36145299,22.99512,0.076055834,14.54951373,14.6331691,14.41011133,14.19071667,14.43254463,-0.04865834,-0.07109164,21.360465,18.841544,21.770866,6.7777,-4.84326,1.224254,27.83838,0.11364844,-1.924206
117,1959-10-15,313.33,14.42763133,24.58505,0.067354842,14.53640743,14.59832566,14.44213573,14.29399483,14.39789479,-0.0145044,0.02973654,21.61905,19.54671,24.023955,11.608375,-1.14326,0.561095,25.72831,0.0694303,-3.887495
118,1959-11-15,314.81,14.33028593,20.24469,0.092565828,14.47214978,14.53566353,14.43337338,14.38262263,14.4117698,-0.10308745,-0.08148387,24.01103,19.932166,25.42147,16.82031,-0.64326,-5.17678,20.88795,0.25027468,4.518615
119,1959-12-15,315.58,14.47510143,21.070914,0.105635522,14.36145299,14.54951373,14.4572696,14.25319188,14.39520638,0.01783183,0.07989505,22.99512,21.360465,26.31927,19.13433,0.85674,-5.248356,20.214174,-0.32063773,3.432766
120,1960-01-15,316.43,14.49706163,20.697555,0.120026126,14.42763133,14.53640743,14.55729668,14.48541157,14.15561478,-0.06023505,0.34144685,24.58505,21.61905,24.26001,20.83775,0,-3.562455,20.697555,-0.1756534,5.854815
121,1960-02-15,316.98,14.58056061,24.763305,0.129317109,14.33028593,14.47214978,14.50290387,14.1494798,14.12923423,0.07765674,0.45132638,20.24469,24.01103,20.933,20.50221,-1.15053,3.830305,25.913835,-0.13324928,2.395515
122,1960-03-15,317.58,14.1544637,24.50368,0.139434358,14.47510143,14.36145299,14.6331691,14.04104413,14.29203217,-0.4787054,-0.13756847,21.070914,22.99512,18.841544,17.22984,-1.3122,5.662136,25.81588,0.34286499,2.25246
123,1960-04-15,319.03,14.32140823,26.55237,0.163805679,14.49706163,14.42763133,14.59832566,14.2213363,14.22922603,-0.27691743,0.0921822,20.697555,24.58505,19.54671,13.08911,0.85695,7.00566,25.69542,0.16685006,-1.03754
124,1960-05-15,320.03,14.44731133,27.15882,0.180549035,14.58056061,14.33028593,14.53566353,14.34632008,14.36419099,-0.0883522,0.08312034,24.763305,20.24469,19.932166,8.47964,1.33319,7.226654,25.82563,0.08658314,-2.43082
125,1960-06-15,319.58,14.49732869,26.75614,0.173021009,14.1544637,14.47510143,14.54951373,14.34620853,14.42566579,-0.05218504,0.0716629,24.50368,21.070914,21.360465,5.41269,1.72534,5.395675,25.0308,-0.05521586,-2.48967
126,1960-07-15,318.18,14.48825829,25.51483,0.149532511,14.32140823,14.49706163,14.53640743,14.30267327,14.35276213,-0.04814914,0.13549616,26.55237,20.697555,21.61905,3.3098,1.08913,3.89578,24.4257,0.00824454,-0.54436
127,1960-08-15,315.9,14.53389447,24.728,0.111057705,14.44731133,14.58056061,14.47214978,14.46599763,14.24926943,0.06174469,0.28462504,27.15882,24.763305,24.01103,6.51636,0.40567,0.71697,24.32233,-0.18569279,1.03172
128,1960-09-15,314.17,14.44211283,24.26647,0.081678356,14.49732869,14.1544637,14.36145299,14.38240423,14.40104859,0.08065984,0.04106424,26.75614,24.50368,22.99512,7.67488,2.13301,1.27135,22.13346,0.189353,4.59436
129,1960-10-15,313.83,14.49650283,24.97047,0.075885362,14.48825829,14.32140823,14.42763133,14.3277921,14.41901963,0.0688715,0.0774832,25.51483,26.55237,24.58505,12.15172,4.96434,0.38542,20.00613,0.0511322,6.69606
130,1960-11-15,315,14.34820168,25.75972,0.095793786,14.53389447,14.44731133,14.33028593,14.145626,14.16478436,0.01791575,0.18341732,24.728,27.15882,20.24469,12.64603,7.72716,5.51503,18.03256,0.23193265,10.65189
131,1960-12-15,316.19,14.63146583,28.86083,0.115966817,14.44211283,14.49732869,14.47510143,14.11970513,14.40362828,0.1563644,0.22783755,24.26647,26.75614,21.070914,12.0043,10.13415,7.789916,18.72668,-0.12900923,7.93742
132,1961-01-15,316.89,14.54763503,31.66653,0.12779787,14.49650283,14.48825829,14.49706163,14.30971997,14.14796633,0.0505734,0.3996687,24.97047,25.51483,20.697555,11.03758,8.75009,10.968975,22.91644,0.0008268,5.5827
133,1961-02-15,317.7,14.58013433,36.41161,0.141455514,14.34820168,14.53389447,14.58056061,14.18424599,14.01998223,-0.00042628,0.5601521,25.75972,24.728,24.763305,7.48021,12.752585,11.648305,23.659025,0.05735873,-1.624814
134,1961-03-15,318.54,14.5024566,36.79825,0.155582267,14.63146583,14.44211283,14.1544637,14.22284403,14.22064107,0.3479929,0.28181553,28.86083,24.26647,24.50368,8.27203,18.037154,12.29457,18.761096,0.100564,-4.09179
135,1961-04-15,319.48,14.54846183,37.24923,0.171346675,14.54763503,14.49650283,14.32140823,14.18623443,14.34704488,0.2270536,0.20141695,31.66653,24.97047,26.55237,11.17185,18.67058,10.69686,18.57865,0.02474882,-5.368196
136,1961-05-15,320.58,14.63749306,34.786796,0.189735594,14.58013433,14.34820168,14.44731133,14.22924033,14.6540107,0.19018173,-0.01651764,36.41161,25.75972,27.15882,11.12481,18.899085,7.627976,15.887711,-0.12064838,-3.959996
137,1961-06-15,319.77,14.6030206,32.70646,0.176200801,14.5024566,14.63146583,14.49732869,14.26629918,14.56574528,0.10569191,0.03727532,36.79825,28.86083,26.75614,9.586234,13.86508,5.95032,18.84138,-0.05330372,-3.073366
138,1961-07-15,318.56,14.57321065,31.881034,0.155918164,14.54846183,14.54763503,14.48825829,14.28533356,14.3980655,0.08495236,0.17514515,37.24923,31.66653,25.51483,4.7557,10.22884,6.366204,21.652194,-0.08671666,-5.309954
139,1961-08-15,316.79,14.51684468,30.8268,0.12610932,14.63749306,14.58013433,14.53389447,14.18216889,14.57767289,-0.01704979,-0.06082821,34.786796,36.41161,24.728,3.56175,6.61001,6.0988,24.21679,-0.06163885,-6.26993
140,1961-09-15,314.99,14.54971688,29.633094,0.095623942,14.6030206,14.5024566,14.44211283,14.14423459,14.57301228,0.10760405,-0.0232954,32.70646,36.79825,24.26647,2.83696,7.92512,5.366624,21.707974,-0.20422459,-4.240914
141,1961-10-15,315.31,14.48649399,26.57108,0.101056276,14.57321065,14.54846183,14.49650283,14.07926266,14.58372109,-0.01000884,-0.0972271,31.881034,37.24923,24.97047,2.44548,8.06905,1.60061,18.50203,-0.01210212,-1.217115
142,1961-11-15,316.1,14.45520583,24.55687,0.114443781,14.51684468,14.63749306,14.34820168,14.21211903,14.48587887,0.10700415,-0.03067304,30.8268,34.786796,25.75972,2.35033,9.872375,-1.20285,14.684495,0.0844822,2.24489
143,1961-12-15,317.01,14.34549229,25.39218,0.129823426,14.54971688,14.6030206,14.63146583,14.31881993,14.60149663,-0.28597354,-0.25600434,29.633094,32.70646,28.86083,3.76323,7.99815,-3.46865,17.39403,0.16194249,0.110024
144,1962-01-15,317.94,14.47439187,25.353965,0.145495537,14.48649399,14.57321065,14.54763503,14.27863493,14.55632873,-0.07324316,-0.08193686,26.57108,31.881034,31.66653,8.37629,7.4434,-6.312565,17.910565,0.00086879,-0.281665
145,1962-02-15,318.55,14.53968803,26.80176,0.155750218,14.45520583,14.51684468,14.58013433,14.26942723,14.47465603,-0.0404463,0.065032,24.55687,30.8268,36.41161,16.52904,6.96272,-9.60985,19.83904,-0.1021137,-2.5765
146,1962-03-15,319.68,14.50743478,25.502204,0.174694819,14.34549229,14.54971688,14.5024566,14.26187318,14.32301228,0.00497818,0.1844225,25.39218,29.633094,36.79825,20.686866,5.26517,-11.296046,20.237034,-0.09600545,-1.004954
147,1962-04-15,320.57,14.47526066,25.0723,0.189568706,14.47439187,14.48649399,14.54846183,14.40577786,14.35991473,-0.07320117,0.11534593,25.353965,26.57108,37.24923,22.45203,5.41222,-12.17693,19.66008,0.04864027,-2.085706
148,1962-05-15,321.02,14.43757433,24.22526,0.1970735,14.53968803,14.45520583,14.63749306,14.52339547,14.50160687,-0.19991873,-0.06403254,26.80176,24.55687,34.786796,24.17976,6.05307,-10.561536,18.17219,0.02714347,1.69038
149,1962-06-15,320.62,14.41142933,24.49725,0.190403092,14.50743478,14.34549229,14.6030206,14.59440701,14.52188963,-0.19159127,-0.1104603,25.502204,25.39218,32.70646,24.27318,8.50663,-8.20921,15.99062,0.00809384,2.85693
150,1962-07-15,319.61,14.52390093,22.986594,0.173523207,14.47526066,14.47439187,14.57321065,14.48875133,14.52438823,-0.04930972,-0.0004873,25.0723,25.353965,31.881034,23.901786,7.41527,-8.89444,15.571324,-0.0658684,7.524846
151,1962-08-15,317.4,14.4647178,25.91564,0.136401192,14.43757433,14.53968803,14.51684468,14.53828993,14.37894243,-0.05212688,0.08577537,24.22526,26.80176,30.8268,20.78559,8.24145,-4.91116,17.67419,-0.00221727,3.592935
152,1962-09-15,316.24,14.41952317,27.35418,0.11681276,14.41142933,14.50743478,14.54971688,14.53202717,14.45325463,-0.13019371,-0.03373146,24.49725,25.502204,29.633094,20.048675,10.50627,-2.278914,16.84791,0.02551076,0.620604
153,1962-10-15,315.42,14.45803253,30.51144,0.102922368,14.52390093,14.47526066,14.48649399,14.54419987,14.37365239,-0.02846146,0.08438014,22.986594,25.0723,26.57108,18.931975,11.83647,3.94036,18.67497,-0.0428028,-1.34167
154,1962-11-15,316.69,14.46250053,29.508575,0.124420238,14.4647178,14.43757433,14.45520583,14.55550663,14.15439789,0.0072947,0.30810264,25.91564,24.22526,24.55687,20.101806,16.40811,4.951705,13.100465,0.06891343,-0.575305
155,1962-12-15,317.7,14.44503393,27.974784,0.141455514,14.41952317,14.41142933,14.34549229,14.60665887,14.36379807,0.09954164,0.08123586,27.35418,24.49725,25.39218,19.14683,16.947105,2.582604,11.027679,-0.2270822,0.906516
156,1963-01-15,318.74,14.41522973,29.16977,0.158940289,14.45803253,14.52390093,14.47439187,14.77063743,14.41393943,-0.05916214,0.0012903,30.51144,22.986594,25.353965,21.11504,16.53865,3.815805,12.63112,-0.0835991,-2.30019
157,1963-02-15,319.07,14.53141396,28.93327,0.164476421,14.46250053,14.4647178,14.53968803,14.59697716,14.45823376,-0.00827407,0.0731802,29.508575,25.91564,26.80176,20.67315,13.64555,2.13151,15.28772,-0.0860281,-3.52766
158,1963-03-15,319.86,14.21795173,28.8813,0.177706359,14.44503393,14.41952317,14.50743478,14.53136628,14.41345208,-0.28948305,-0.19550035,27.974784,27.35418,25.502204,20.77068,11.87347,3.379096,17.00783,0.32881925,-4.901885
159,1963-04-15,321.38,14.33163063,26.86958,0.203069765,14.41522973,14.45803253,14.47526066,14.5266866,14.563672,-0.14363003,-0.23204137,29.16977,30.51144,25.0723,18.27884,13.788856,1.79728,13.080724,0.30615712,-4.26845
160,1963-05-15,322.24,14.44538586,25.40561,0.217367029,14.53141396,14.46250053,14.43757433,14.63920013,14.67612833,0.00781153,-0.23074247,28.93327,29.508575,24.22526,18.74672,17.123435,1.18035,8.282175,0.26765727,-4.076456
161,1963-06-15,321.49,14.54677098,23.979415,0.204900617,14.21795173,14.44503393,14.41142933,14.52534096,14.54146378,0.13534165,0.0053072,28.8813,27.974784,24.49725,18.65549,19.772445,-0.517835,4.20697,0.07181835,-0.206695
162,1963-07-15,319.74,14.63778775,22.60113,0.175698854,14.33163063,14.41522973,14.52390093,14.5799989,14.5639581,0.11388682,0.07382965,26.86958,29.16977,22.986594,19.88533,17.25396,-0.385464,5.34717,-0.07641982,-0.07224
163,1963-08-15,317.77,14.71304313,21.329154,0.142634169,14.44538586,14.53141396,14.4647178,14.48830788,14.53611748,0.24832533,0.17692565,25.40561,28.93327,25.91564,20.45005,14.654,-4.586486,6.675154,-0.15707587,3.041586
164,1963-09-15,316.21,14.61858933,23.77272,0.11630521,14.54677098,14.21795173,14.41952317,14.41011133,14.43383113,0.19906616,0.1847582,23.979415,28.8813,27.35418,21.770866,11.99396,-3.58146,11.77876,-0.13029575,-4.94715
165,1963-10-15,315.99,14.56136793,22.52889,0.112581705,14.63778775,14.33163063,14.45803253,14.44213573,14.46776383,0.1033354,0.0936041,22.60113,26.86958,30.51144,24.023955,9.801055,-7.98255,12.727835,-0.13269044,-7.84526
166,1963-11-15,317.07,14.55596726,24.37074,0.130835916,14.71304313,14.44538586,14.46250053,14.43337338,14.37210839,0.09346673,0.18385887,21.329154,25.40561,29.508575,25.42147,9.14991,-5.137835,15.22083,-0.16793253,-14.07587
167,1963-12-15,318.35,14.48829358,18.82557,0.152390193,14.61858933,14.54677098,14.44503393,14.4572696,14.47049897,0.04325965,0.01779461,23.77272,23.979415,27.974784,26.31927,8.46341,-9.149214,10.36216,-0.2661953,-9.38544
168,1964-01-15,319.57,14.42867749,14.68363,0.172853599,14.56136793,14.63778775,14.41522973,14.55729668,14.19087117,0.01344776,0.23780632,22.52889,22.60113,29.16977,24.26001,10.68292,-14.48614,4.00071,-0.23419571,-5.750594
169,1964-02-15,320.04,14.38803473,10.29487,0.180716204,14.55596726,14.71304313,14.53141396,14.50290387,14.27044289,-0.14337923,0.11759184,24.37074,21.329154,28.93327,20.933,12.00537,-18.6384,-1.7105,-0.02985094,3.1349
170,1964-03-15,320.75,14.22209828,9.44013,0.192571887,14.48829358,14.61858933,14.21795173,14.6331691,14.31815043,0.00414655,-0.09605215,18.82557,23.77272,28.8813,18.841544,12.74741,-19.44117,-3.30728,0.20074365,9.36437
171,1964-04-15,321.84,14.19448178,8.933036,0.210721891,14.42867749,14.56136793,14.33163063,14.59832566,14.29299729,-0.13714885,-0.09851551,14.68363,22.52889,26.86958,19.54671,10.439056,-17.936544,-1.50602,0.36756325,13.904869
172,1964-05-15,322.25,14.35818379,13.42977,0.217533052,14.38803473,14.55596726,14.44538586,14.53566353,14.42174333,-0.08720207,-0.06355954,10.29487,24.37074,25.40561,19.932166,10.69465,-11.97584,2.73512,0.01302814,9.62711
173,1964-06-15,321.89,14.42284193,18.8045,0.211552985,14.22209828,14.48829358,14.54677098,14.54951373,14.33630269,-0.12392905,0.08653924,9.44013,18.82557,23.979415,21.360465,7.87207,-5.174915,10.93243,-0.25343416,2.32768
174,1964-07-15,320.44,14.56204503,22.837905,0.187398693,14.19448178,14.42867749,14.63778775,14.53640743,14.33392043,-0.07574272,0.2281246,8.933036,14.68363,22.60113,21.61905,5.24545,0.236775,17.592455,-0.498107,-4.521385
175,1964-08-15,318.69,14.37121193,23.05688,0.158100981,14.35818379,14.38803473,14.71304313,14.47214978,14.26359646,-0.3418312,0.10761547,13.42977,10.29487,21.329154,24.01103,4.40375,1.727726,18.65313,-0.18351554,-4.23339
176,1964-09-15,316.71,14.16940777,21.13218,0.124758097,14.42284193,14.22209828,14.61858933,14.36145299,14.19071667,-0.44918156,-0.0213089,18.8045,9.44013,23.77272,22.99512,6.7777,-2.64054,14.35448,-0.0179758,0.8071
177,1964-10-15,316.87,14.06393803,18.31652,0.127460202,14.56204503,14.19448178,14.56136793,14.42763133,14.29399483,-0.4974299,-0.2300568,22.837905,8.933036,22.52889,24.58505,11.608375,-4.21237,6.708145,0.2633181,8.03089
178,1964-11-15,317.68,14.18769639,18.82349,0.141118708,14.37121193,14.35818379,14.55596726,14.33028593,14.38262263,-0.36827087,-0.19492624,23.05688,13.42977,24.37074,20.24469,16.82031,-5.54725,2.00318,0.03615284,11.96957
179,1964-12-15,318.71,14.15143197,21.93928,0.15843672,14.16940777,14.42284193,14.48829358,14.47510143,14.25319188,-0.33686161,-0.10175991,21.13218,18.8045,18.82557,21.070914,19.13433,3.11371,2.80495,0.13218116,6.867634
180,1965-01-15,319.44,14.32725613,26.34741,0.170676794,14.06393803,14.56204503,14.42867749,14.49706163,14.48541157,-0.10142136,-0.15815544,18.31652,22.837905,14.68363,20.697555,20.83775,11.66378,5.50966,-0.0644188,-0.66547
181,1965-02-15,320.44,14.22384923,30.79306,0.187398693,14.18769639,14.37121193,14.38803473,14.58056061,14.1494798,-0.1641855,0.07436943,18.82349,23.05688,10.29487,24.763305,20.50221,20.49819,10.29085,0.21135616,-8.79525
182,1965-03-15,320.89,14.28361313,28.806914,0.19490653,14.15143197,14.16940777,14.22209828,14.1544637,14.04104413,0.06151485,0.242569,21.93928,21.13218,9.44013,24.50368,17.22984,19.366784,11.577074,0.1089802,-5.91922
183,1965-04-15,322.14,14.26283733,25.68194,0.215706519,14.32725613,14.06393803,14.19448178,14.32140823,14.2213363,0.06835555,0.04150103,26.34741,18.31652,8.933036,26.55237,13.08911,16.748904,12.59283,0.1695404,0.43868
184,1965-05-15,322.17,14.43520539,21.99781,0.216204726,14.22384923,14.18769639,14.35818379,14.44731133,14.34632008,0.0770216,0.08888531,30.79306,18.82349,13.42977,27.15882,8.47964,8.56804,13.51817,-0.04178046,7.6147
185,1965-06-15,321.87,14.39259333,22.887694,0.211220563,14.28361313,14.15143197,14.42284193,14.49732869,14.34620853,-0.0302486,0.0463848,28.806914,21.93928,18.8045,26.75614,5.41269,4.083194,17.475004,-0.04917814,10.159976
186,1965-07-15,321.21,14.43237773,26.12062,0.200239033,14.26283733,14.32725613,14.56204503,14.48825829,14.30267327,-0.1296673,0.12970446,25.68194,26.34741,22.837905,25.51483,3.3098,3.282715,22.81082,-0.04689215,5.271515
187,1965-08-15,318.87,14.39342493,29.61251,0.161121873,14.43520539,14.22384923,14.37121193,14.53389447,14.46599763,0.022213,-0.0725727,21.99781,30.79306,23.05688,24.728,6.51636,6.55563,23.09615,-0.0172844,1.34594
188,1965-09-15,317.82,14.34341519,33.04767,0.143475907,14.39259333,14.28361313,14.16940777,14.44211283,14.38240423,0.17400742,-0.03898904,22.887694,28.806914,21.13218,24.26647,7.67488,11.91549,25.37279,0.06354144,-3.69339
189,1965-10-15,317.3,14.38548558,31.392135,0.134715356,14.43237773,14.26283733,14.06393803,14.49650283,14.3277921,0.32154755,0.05769348,26.12062,25.68194,18.31652,24.97047,12.15172,13.075615,19.240415,-0.0589695,-2.679365
190,1965-11-15,318.87,14.37614053,30.95845,0.161121873,14.39342493,14.43520539,14.18769639,14.34820168,14.145626,0.18844414,0.23051453,29.61251,21.99781,18.82349,25.75972,12.64603,12.13496,18.31242,0.0195532,-4.26994
191,1965-12-15,319.42,14.40695663,29.35428,0.170341823,14.34341519,14.39259333,14.15143197,14.63146583,14.11970513,0.25552466,0.2872515,33.04767,22.887694,21.93928,28.86083,12.0043,7.415,17.34998,0.03148076,-5.12701
192,1966-01-15,320.62,14.32651608,28.71277,0.190403092,14.38548558,14.43237773,14.32725613,14.54763503,14.30971997,-0.00074005,0.01679611,31.392135,26.12062,26.34741,31.66653,11.03758,2.36536,17.67519,0.04295349,-6.600016
193,1966-02-15,321.6,14.39569373,26.68851,0.206730843,14.37614053,14.39342493,14.22384923,14.58013433,14.18424599,0.1718445,0.21144774,30.95845,29.61251,30.79306,36.41161,7.48021,-4.10455,19.2083,0.04889677,-5.64978
194,1966-03-15,322.39,14.43843739,24.22727,0.21985683,14.40695663,14.34341519,14.28361313,14.5024566,14.22284403,0.15482426,0.21559336,29.35428,33.04767,28.806914,36.79825,8.27203,-4.579644,15.95524,0.11632254,-3.464576
195,1966-04-15,323.7,14.36946957,22.112754,0.241551979,14.32651608,14.38548558,14.26283733,14.54846183,14.18623443,0.10663224,0.18323514,28.71277,31.392135,25.68194,37.24923,11.17185,-3.569186,10.940904,0.28735352,0.4459
196,1966-05-15,324.08,14.4445905,21.03873,0.247828803,14.39569373,14.37614053,14.43520539,14.63749306,14.22924033,0.00938511,0.21535017,26.68851,30.95845,21.99781,34.786796,11.12481,-0.95908,9.91392,0.04164983,1.890064
197,1966-06-15,323.75,14.55475993,20.762694,0.242378298,14.43843739,14.40695663,14.39259333,14.6030206,14.26629918,0.1621666,0.28846075,24.22727,29.35428,22.887694,32.70646,9.586234,-2.125,11.17646,-0.089963,2.157136
198,1966-07-15,322.37,14.65682309,22.558654,0.219524923,14.36946957,14.32651608,14.43237773,14.57321065,14.28533356,0.22444536,0.37148953,22.112754,28.71277,26.12062,31.881034,4.7557,-3.561966,17.802954,-0.37181666,-0.991768
199,1966-08-15,320.36,14.48624033,22.928794,0.186062863,14.4445905,14.39569373,14.39342493,14.51684468,14.18216889,0.0928154,0.30407144,21.03873,26.68851,29.61251,30.8268,3.56175,-6.683716,19.367044,-0.11629964,-4.805344
200,1966-09-15,318.64,14.46479693,22.91983,0.157261541,14.55475993,14.43843739,14.34341519,14.54971688,14.14423459,0.12138174,0.32056234,20.762694,24.22727,33.04767,29.633094,2.83696,-10.12784,20.08287,-0.0558109,-2.6097
201,1966-10-15,318.1,14.28500643,21.566886,0.148187192,14.65682309,14.36946957,14.38548558,14.48649399,14.07926266,-0.10047915,0.20574377,22.558654,22.112754,31.392135,26.57108,2.44548,-9.825249,19.121406,0.04621794,-2.441206
202,1966-11-15,319.78,14.36994069,18.12345,0.176368106,14.48624033,14.4445905,14.37614053,14.45520583,14.21211903,-0.00619984,0.15782166,22.928794,21.03873,30.95845,24.55687,2.35033,-12.835,15.77312,-0.20988846,1.32933
203,1966-12-15,321.02,14.40898603,20.31013,0.1970735,14.46479693,14.55475993,14.40695663,14.34549229,14.31881993,0.0020294,0.0901661,22.91983,20.762694,29.35428,25.39218,3.76323,-9.04415,16.5469,0.01812743,-3.179134
204,1967-01-15,322.33,14.33122437,19.12568,0.218861049,14.28500643,14.65682309,14.32651608,14.47439187,14.27863493,0.00470829,0.05258944,21.566886,22.558654,28.71277,25.353965,8.37629,-9.58709,10.74939,0.07906342,-0.36439
205,1967-02-15,322.5,14.16005223,19.45278,0.221681947,14.36994069,14.48624033,14.39569373,14.53968803,14.26942723,-0.2356415,-0.109375,18.12345,22.928794,26.68851,26.80176,16.52904,-7.23573,2.92374,0.48605347,0.769814
206,1967-03-15,323.03,14.42711346,17.130996,0.230466979,14.40898603,14.46479693,14.43843739,14.50743478,14.26187318,-0.01132393,0.16524028,20.31013,22.91983,24.22727,25.502204,20.686866,-7.096274,-3.55587,0.04502967,7.945564
207,1967-04-15,324.41,14.41028779,18.76129,0.25327376,14.33122437,14.28500643,14.36946957,14.47526066,14.40577786,0.04081822,0.00450993,19.12568,21.566886,22.112754,25.0723,22.45203,-3.351464,-3.69074,0.12736988,6.831505
208,1967-05-15,325,14.6461057,20.222594,0.262994894,14.16005223,14.36994069,14.4445905,14.43757433,14.52339547,0.2015152,0.12271023,19.45278,18.12345,21.03873,24.22526,24.17976,-0.816136,-3.957166,-0.15138531,7.368656
209,1967-06-15,324.09,14.47214313,25.07656,0.247993883,14.42711346,14.40898603,14.55475993,14.41142933,14.59440701,-0.0826168,-0.12226388,17.130996,20.31013,20.762694,24.49725,24.27318,4.313866,0.80338,0.01176736,2.88497
210,1967-07-15,322.54,14.53765767,25.592795,0.222345472,14.41028779,14.33122437,14.65682309,14.52390093,14.48875133,-0.11916542,0.04890634,18.76129,19.12568,22.558654,22.986594,23.901786,3.034141,1.691009,0.00837896,3.040325
211,1967-08-15,320.92,14.49472039,27.59125,0.195406678,14.6461057,14.16005223,14.48624033,14.4647178,14.53828993,0.00848006,-0.04356954,20.222594,19.45278,22.928794,25.91564,20.78559,4.662456,6.80566,-0.09716606,1.66843
212,1967-09-15,319.25,14.48391049,27.96153,0.167493716,14.47214313,14.42711346,14.46479693,14.41952317,14.53202717,0.01911356,-0.04811668,25.07656,17.130996,22.91983,27.35418,20.048675,5.0417,7.912855,-0.03248026,1.592745
213,1967-10-15,319.39,14.54603663,28.63312,0.169839326,14.53765767,14.41028779,14.28500643,14.45803253,14.54419987,0.2610302,0.00183676,25.592795,18.76129,21.566886,30.51144,18.931975,7.066234,9.701145,-0.32165716,1.416745
214,1967-11-15,320.73,14.39755433,29.25968,0.192238284,14.49472039,14.6461057,14.36994069,14.46250053,14.55550663,0.02761364,-0.1579523,27.59125,20.222594,18.12345,29.508575,20.101806,11.13623,9.157874,-0.1152916,-1.650375
215,1967-12-15,321.96,14.45143023,29.554275,0.2127163,14.48391049,14.47214313,14.40898603,14.44503393,14.60665887,0.0424442,-0.15522864,27.96153,25.07656,20.31013,27.974784,19.14683,9.244145,10.407445,0.08200075,-7.86715
216,1968-01-15,322.57,14.22437947,30.049865,0.222843062,14.54603663,14.53765767,14.33122437,14.41522973,14.77063743,-0.1068449,-0.54625796,28.63312,25.592795,19.12568,29.16977,21.11504,10.924185,8.934825,0.15431116,-13.451435
217,1968-02-15,323.15,14.28226273,27.609305,0.232454041,14.39755433,14.49472039,14.16005223,14.53141396,14.59697716,0.1222105,-0.31471443,29.25968,27.59125,19.45278,28.93327,20.67315,8.156525,6.936155,0.1386862,-14.64051
218,1968-03-15,323.89,14.53343098,21.687125,0.244691311,14.45143023,14.48391049,14.42711346,14.21795173,14.53136628,0.10631752,0.0020647,29.554275,27.96153,17.130996,28.8813,20.77068,4.556129,0.916445,-0.15271185,-7.354895
219,1968-04-15,325.02,14.37869063,16.59843,0.263324115,14.22437947,14.54603663,14.41028779,14.33163063,14.5266866,-0.03159716,-0.14799597,30.049865,28.63312,18.76129,26.86958,18.27884,-2.16286,-1.68041,0.0930834,2.10843
220,1968-05-15,325.57,14.42094893,12.968795,0.272369752,14.28226273,14.39755433,14.6461057,14.44538586,14.63920013,-0.22515677,-0.2182512,27.609305,29.25968,20.222594,25.40561,18.74672,-7.253799,-5.777925,-0.0079899,13.18293
221,1968-06-15,325.36,14.38071913,14.33223,0.268917768,14.53343098,14.45143023,14.47214313,14.54677098,14.52534096,-0.091424,-0.14462183,21.687125,29.554275,25.07656,23.979415,18.65549,-10.74433,-4.32326,-0.0574627,15.75316
222,1968-07-15,324.14,14.47177403,18.70686,0.248819207,14.37869063,14.22437947,14.53765767,14.63778775,14.5799989,-0.06588364,-0.10822487,16.59843,30.049865,25.592795,22.60113,19.88533,-6.885935,-1.17847,0.03114796,14.89678
223,1968-08-15,322.11,14.41295903,26.151725,0.215208265,14.42094893,14.28226273,14.49472039,14.71304313,14.48830788,-0.08176136,-0.07534885,12.968795,27.609305,27.59125,21.329154,20.45005,-1.439525,5.701675,-0.0604315,7.734355
224,1968-09-15,320.33,14.32325643,30.08539,0.185561841,14.38071913,14.53343098,14.48391049,14.61858933,14.41011133,-0.16065406,-0.0868549,14.33223,21.687125,27.96153,23.77272,21.770866,2.12386,8.314524,0.0036583,2.18083
225,1968-10-15,320.25,14.50292199,33.60364,0.184225552,14.47177403,14.37869063,14.54603663,14.56136793,14.44213573,-0.04311464,0.06078626,18.70686,16.59843,28.63312,22.52889,24.023955,4.97052,9.579685,-0.13920976,0.215825
226,1968-11-15,321.32,14.35252753,33.88608,0.202070854,14.41295903,14.42094893,14.39755433,14.55596726,14.43337338,-0.0450268,-0.08084585,26.151725,12.968795,29.25968,24.37074,25.42147,4.6264,8.46461,-0.0550537,-1.46904
227,1968-12-15,322.89,14.32691473,32.26622,0.228147806,14.32325643,14.38071913,14.45143023,14.48829358,14.4572696,-0.1245155,-0.13035487,30.08539,14.33223,29.554275,18.82557,26.31927,2.711945,5.94695,0.1153812,1.181266
228,1969-01-15,324,14.36371223,33.819465,0.246507978,14.50292199,14.47177403,14.22437947,14.42867749,14.55729668,0.13933276,-0.19358445,33.60364,18.70686,30.049865,14.68363,24.26001,3.7696,9.559455,0.2410326,-1.568735
229,1969-02-15,324.41,14.29747383,32.41704,0.25327376,14.35252753,14.41295903,14.28226273,14.38803473,14.50290387,0.0152111,-0.20543004,33.88608,26.151725,27.609305,10.29487,20.933,4.807735,11.48404,0.40211392,-1.39462
230,1969-03-15,325.63,14.44229593,33.447486,0.273355624,14.32691473,14.32325643,14.53343098,14.22209828,14.6331691,-0.09113505,-0.19087317,32.26622,30.08539,21.687125,9.44013,18.841544,11.760361,14.605942,0.1462269,-2.874166
231,1969-04-15,326.66,14.60474483,32.25073,0.290251498,14.36371223,14.50292199,14.37869063,14.19448178,14.59832566,0.2260542,0.00641917,33.819465,33.60364,16.59843,8.933036,19.54671,15.6523,12.70402,-0.06562136,-3.69574
232,1969-05-15,327.38,14.69958775,31.02242,0.302030599,14.29747383,14.35252753,14.42094893,14.35818379,14.53566353,0.27863882,0.16392422,32.41704,33.88608,12.968795,13.42977,19.932166,18.053625,11.090254,-0.29209612,-0.33453
233,1969-06-15,326.71,14.58852283,30.57332,0.291070329,14.44229593,14.32691473,14.38071913,14.42284193,14.54951373,0.2078037,0.0390091,33.447486,32.26622,14.33223,18.8045,21.360465,16.24109,9.212855,-0.100872,1.20288
234,1969-07-15,325.88,14.53912347,28.55499,0.277461471,14.60474483,14.36371223,14.47177403,14.56204503,14.53640743,0.06734944,0.00271604,32.25073,33.819465,18.70686,22.837905,21.61905,9.84813,6.93594,-0.083457,4.592424
235,1969-08-15,323.66,14.40749163,30.68789,0.240890833,14.69958775,14.29747383,14.41295903,14.37121193,14.47214978,-0.0054674,-0.06465815,31.02242,32.41704,26.151725,23.05688,24.01103,4.536165,6.67686,0.1777296,1.09407
236,1969-09-15,322.38,14.48765083,31.7762,0.219690879,14.58852283,14.44229593,14.32325643,14.16940777,14.36145299,0.1643944,0.12619784,30.57332,33.447486,30.08539,21.13218,22.99512,1.69081,8.78108,0.22677514,-1.57273
237,1969-10-15,321.78,14.45566647,33.147414,0.209724408,14.53912347,14.60474483,14.50292199,14.06393803,14.42763133,-0.04725552,0.02803514,28.55499,32.25073,33.60364,18.31652,24.58505,-0.456226,8.562364,0.11098004,-2.333064
238,1969-11-15,322.85,14.58522123,31.78196,0.227485,14.40749163,14.69958775,14.35252753,14.18769639,14.33028593,0.2326937,0.2549353,30.68789,31.02242,33.88608,18.82349,20.24469,-2.10412,11.53727,0.00615977,0.2643
239,1969-12-15,324.11,14.71442597,30.20347,0.248324028,14.48765083,14.58852283,14.32691473,14.15143197,14.47510143,0.38751124,0.23932454,31.7762,30.57332,32.26622,21.93928,21.070914,-2.06275,9.132556,-0.24352744,1.19519
240,1970-01-15,325.06,14.56664651,30.81435,0.263982495,14.45566647,14.53912347,14.36371223,14.32725613,14.49706163,0.20293428,0.06958488,33.147414,28.55499,33.819465,26.34741,20.697555,-3.005115,10.116795,0.01835442,-2.26438
241,1970-02-15,325.99,14.591381,32.04626,0.279267046,14.58522123,14.40749163,14.29747383,14.22384923,14.58056061,0.29390717,0.01082039,31.78196,30.68789,32.41704,30.79306,24.763305,-0.37078,7.282955,-0.07192802,-3.69001
242,1970-03-15,326.93,14.47089853,31.39866,0.2946717,14.71442597,14.48765083,14.44229593,14.28361313,14.1544637,0.0286026,0.31643483,30.20347,31.7762,33.447486,28.806914,24.50368,-2.048826,6.89498,0.0923119,-2.72077
243,1970-04-15,328.13,14.58500093,28.54997,0.31427298,14.56664651,14.45566647,14.60474483,14.26283733,14.32140823,-0.0197439,0.2635927,30.81435,33.147414,32.25073,25.68194,26.55237,-3.70076,1.9976,-0.0358267,-1.51526
244,1970-05-15,328.08,14.51945298,28.35625,0.313457692,14.591381,14.58522123,14.69958775,14.43520539,14.44731133,-0.18013477,0.07214165,32.04626,31.78196,31.02242,21.99781,27.15882,-2.66617,1.19743,-0.13750649,-0.625004
245,1970-06-15,327.67,14.56321043,28.67789,0.306767642,14.47089853,14.71442597,14.58852283,14.39259333,14.49732869,-0.0253124,0.06588174,31.39866,30.20347,30.57332,22.887694,26.75614,-1.89543,1.92175,-0.1105976,-1.42511
246,1970-07-15,326.34,14.54917423,27.03471,0.285008006,14.58500093,14.56664651,14.53912347,14.43237773,14.48825829,0.01005076,0.06091594,28.54997,30.81435,28.55499,26.12062,25.51483,-1.52028,1.51988,-0.1239481,3.84893
247,1970-08-15,324.68,14.38194649,27.731246,0.257724607,14.51945298,14.591381,14.40749163,14.39342493,14.53389447,-0.02554514,-0.15194798,28.35625,32.04626,30.68789,29.61251,24.728,-2.956644,3.003246,0.02825544,3.347534
248,1970-09-15,323.1,14.45261283,27.25278,0.231626188,14.56321043,14.47089853,14.48765083,14.34341519,14.44211283,-0.035038,0.0105,28.67789,31.39866,31.7762,33.04767,24.26647,-4.52342,2.98631,-0.0847302,5.24583
249,1970-10-15,323.06,14.42522613,30.88364,0.230963813,14.54917423,14.58500093,14.45566647,14.38548558,14.49650283,-0.03044034,-0.0712767,27.03471,28.54997,33.147414,31.392135,24.97047,-2.263774,5.91317,-0.02254103,3.84576
250,1970-11-15,324.01,14.41020193,31.07878,0.246673099,14.38194649,14.51945298,14.58522123,14.37614053,14.34820168,-0.1750193,0.06200025,27.731246,28.35625,31.78196,30.95845,25.75972,-0.70318,5.31906,-0.19174096,6.85152
251,1970-12-15,325.13,14.36788263,32.49861,0.265134466,14.45261283,14.56321043,14.71442597,14.40695663,14.63146583,-0.34654334,-0.2635832,27.25278,28.67789,30.20347,29.35428,28.86083,2.29514,3.63778,-0.11336705,6.48369
252,1971-01-15,326.17,14.4026851,34.7294,0.282220309,14.42522613,14.54917423,14.56664651,14.32651608,14.54763503,-0.16396141,-0.14494993,30.88364,27.03471,30.81435,28.71277,31.66653,3.91505,3.06287,-0.04603197,3.52156
253,1971-02-15,326.69,14.21846097,37.9303,0.290742812,14.41020193,14.38194649,14.591381,14.39569373,14.58013433,-0.37292003,-0.36167336,31.07878,27.731246,32.04626,26.68851,36.41161,5.88404,1.51869,0.15557861,-3.49577
254,1971-03-15,327.18,14.25451558,38.9823,0.298761227,14.36788263,14.45261283,14.47089853,14.43843739,14.5024566,-0.21638295,-0.24794102,32.49861,27.25278,31.39866,24.22727,36.79825,7.58364,2.18405,0.08899689,-7.042794
255,1971-04-15,327.78,14.35665313,38.25096,0.308563355,14.4026851,14.42522613,14.58500093,14.36946957,14.54846183,-0.2283478,-0.1918087,34.7294,30.88364,28.54997,22.112754,37.24923,9.70099,1.00173,0.0053463,-7.10598
256,1971-05-15,328.93,14.37403958,34.43453,0.327300716,14.21846097,14.41020193,14.51945298,14.4445905,14.63749306,-0.1454134,-0.26345348,37.9303,31.07878,28.35625,21.03873,34.786796,6.07828,-0.352266,-0.01259615,-1.303244
257,1971-06-15,328.57,14.34351247,31.939506,0.32144216,14.25451558,14.36788263,14.56321043,14.55475993,14.6030206,-0.21969796,-0.25950813,38.9823,32.49861,28.67789,20.762694,32.70646,3.261616,-0.766954,0.04240416,4.611734
258,1971-07-15,327.36,14.36199943,31.14498,0.301703751,14.35665313,14.4026851,14.54917423,14.65682309,14.57321065,-0.1871748,-0.21121122,38.25096,34.7294,27.03471,22.558654,31.881034,4.11027,-0.736054,-0.08836745,4.97066
259,1971-08-15,325.43,14.36144343,33.131286,0.270068677,14.37403958,14.21846097,14.38194649,14.48624033,14.51684468,-0.02050306,-0.15540125,34.43453,37.9303,27.731246,22.928794,30.8268,5.40004,2.304486,-0.04898737,0.638224
260,1971-09-15,323.36,14.38591663,36.55124,0.235929625,14.34351247,14.25451558,14.45261283,14.46479693,14.54971688,-0.0666962,-0.16380025,31.939506,38.9823,27.25278,22.91983,29.633094,9.29846,6.918146,-0.00613307,-4.53161
261,1971-10-15,323.56,14.27363198,36.11564,0.239237608,14.36199943,14.35665313,14.42522613,14.28500643,14.48649399,-0.15159415,-0.21286201,31.14498,38.25096,30.88364,21.566886,26.57108,5.232,9.54456,-0.07817075,-0.521395
262,1971-11-15,324.8,14.31245606,33.76951,0.259701573,14.36144343,14.37403958,14.41020193,14.36994069,14.45520583,-0.09774587,-0.14274977,33.131286,34.43453,31.07878,18.12345,24.55687,2.69073,9.21264,-0.15501783,6.61607
263,1971-12-15,326.01,14.37978356,32.01963,0.279595267,14.38591663,14.34351247,14.36788263,14.40898603,14.34549229,0.01190093,0.03429127,36.55124,31.939506,32.49861,20.31013,25.39218,-0.47898,6.62745,-0.03061008,12.328025
264,1972-01-15,326.77,14.19546123,35.594245,0.292052762,14.27363198,14.36199943,14.4026851,14.33122437,14.47439187,-0.20722387,-0.27893064,36.11564,31.14498,34.7294,19.12568,25.353965,0.864845,10.24028,0.25628564,9.410445
265,1972-02-15,327.63,14.15743823,40.38558,0.306114506,14.31245606,14.36144343,14.21846097,14.16005223,14.53968803,-0.06102274,-0.3822498,33.76951,33.131286,37.9303,19.45278,26.80176,2.45528,13.58382,0.3367252,6.63605
266,1972-03-15,327.75,14.34917348,44.347655,0.308073675,14.37978356,14.38591663,14.25451558,14.42711346,14.50743478,0.0946579,-0.1582613,32.01963,36.55124,38.9823,17.130996,25.502204,5.365355,18.845451,0.30432891,5.127205
267,1972-04-15,329.72,14.45174687,45.00469,0.340134549,14.19546123,14.27363198,14.35665313,14.41028779,14.47526066,0.09509374,-0.02351379,35.594245,36.11564,38.25096,18.76129,25.0723,6.75373,19.93239,0.19697571,5.53522
268,1972-05-15,330.07,14.49416343,47.02163,0.345810598,14.15743823,14.31245606,14.37403958,14.6461057,14.43757433,0.12012385,0.0565891,40.38558,33.76951,34.43453,20.222594,24.22526,12.5871,22.79637,0.11500646,-0.50419
269,1972-06-15,329.09,14.65350239,49.47486,0.329902461,14.34917348,14.37978356,14.34351247,14.47214313,14.41142933,0.30998992,0.24207306,44.347655,32.01963,31.939506,25.07656,24.49725,17.535354,24.97761,-0.13674066,-5.49214
270,1972-07-15,328.04,14.64872258,50.53991,0.312805373,14.45174687,14.19546123,14.36199943,14.53765767,14.52390093,0.28672315,0.12482165,45.00469,35.594245,31.14498,25.592795,22.986594,19.39493,27.553316,-0.13196755,-8.78827
271,1972-08-15,326.32,14.60916989,46.51744,0.284680117,14.49416343,14.15743823,14.36144343,14.49472039,14.4647178,0.24772646,0.14445209,47.02163,40.38558,33.131286,27.59125,25.91564,13.386154,20.6018,-0.18040371,-3.7998
272,1972-09-15,324.84,14.51676173,43.98272,0.260360399,14.65350239,14.34917348,14.38591663,14.48391049,14.41952317,0.1308451,0.09723856,49.47486,44.347655,36.55124,27.96153,27.35418,7.43148,16.62854,0.1107187,-2.8475
273,1972-10-15,325.2,14.51675503,41.75164,0.266286189,14.64872258,14.45174687,14.27363198,14.54603663,14.45803253,0.24312305,0.0587225,50.53991,45.00469,36.11564,28.63312,30.51144,5.636,11.2402,0.19386387,-5.310166
274,1972-11-15,326.5,14.42876618,42.71764,0.287630394,14.60916989,14.49416343,14.31245606,14.39755433,14.46250053,0.11631012,-0.03373435,46.51744,47.02163,33.76951,29.25968,29.508575,8.94813,13.209065,0.30730438,-6.6466
275,1972-12-15,327.55,14.62748043,41.13522,0.304807995,14.51676173,14.65350239,14.37978356,14.45143023,14.44503393,0.24769687,0.1824465,43.98272,49.47486,32.01963,29.554275,27.974784,9.11559,13.160436,-0.0061245,-6.0761
276,1973-01-15,328.55,14.7106189,36.441474,0.321116497,14.51675503,14.64872258,14.19546123,14.22437947,14.41522973,0.51515767,0.29538917,41.75164,50.53991,35.594245,30.049865,29.16977,0.847229,7.271704,-0.0609045,1.456726
277,1973-02-15,329.57,14.73607056,36.07104,0.337700112,14.42876618,14.60916989,14.15743823,14.28226273,14.53141396,0.57863233,0.2046566,42.71764,46.51744,40.38558,27.609305,28.93327,-4.31454,7.13777,-0.03874397,-0.26661
278,1973-03-15,330.3,14.62135593,35.05912,0.349537297,14.62748043,14.51676173,14.34917348,14.53343098,14.21795173,0.27218245,0.4034042,41.13522,43.98272,44.347655,21.687125,28.8813,-9.288535,6.17782,-0.01090526,1.92162
279,1973-04-15,331.5,14.6497144,37.8982,0.36893895,14.7106189,14.51675503,14.45174687,14.37869063,14.33163063,0.19796753,0.31808377,36.441474,41.75164,45.00469,16.59843,26.86958,-7.10649,11.02862,-0.0357523,-2.6868
280,1973-05-15,332.48,14.69732659,35.80443,0.384731606,14.73607056,14.42876618,14.49416343,14.42094893,14.44538586,0.20316316,0.25194073,36.07104,42.71764,47.02163,12.968795,25.40561,-11.2172,10.39882,-0.25551986,-0.58167
281,1973-06-15,332.07,14.61045067,36.98074,0.378130145,14.62135593,14.62748043,14.65350239,14.38071913,14.54677098,-0.04305172,0.06367969,35.05912,41.13522,49.47486,14.33223,23.979415,-12.49412,13.001325,-0.13739874,-1.79694
282,1973-07-15,330.87,14.6139621,35.2114,0.358761856,14.6497144,14.7106189,14.64872258,14.47177403,14.63778775,-0.03476048,-0.02382565,37.8982,36.441474,50.53991,18.70686,22.60113,-15.32851,12.61027,-0.19140527,2.83985
283,1973-08-15,329.31,14.44180673,35.22276,0.333477795,14.69732659,14.73607056,14.60916989,14.41295903,14.71304313,-0.16736316,-0.2712364,35.80443,36.07104,46.51744,26.151725,21.329154,-11.29468,13.893606,0.0110092,9.69599
284,1973-09-15,327.52,14.47305193,35.1838,0.304317971,14.61045067,14.62135593,14.51676173,14.32325643,14.61858933,-0.0437098,-0.1455374,36.98074,35.05912,43.98272,30.08539,23.77272,-8.79892,11.41108,-0.01282785,14.57387
285,1973-10-15,327.19,14.42255683,38.05125,0.298924743,14.6139621,14.6497144,14.51675503,14.50292199,14.56136793,-0.0941982,-0.1388111,35.2114,37.8982,41.75164,33.60364,22.52889,-3.70039,15.52236,-0.0979433,16.18773
286,1973-11-15,328.17,14.45281593,44.91875,0.314925121,14.44180673,14.69732659,14.42876618,14.35252753,14.55596726,0.02404975,-0.10315133,35.22276,35.80443,42.71764,33.88608,24.37074,2.20111,20.54801,-0.3394861,8.22909
287,1973-12-15,328.65,14.46022408,49.75767,0.322744616,14.47305193,14.61045067,14.62748043,14.32691473,14.48829358,-0.16725635,-0.0280695,35.1838,36.98074,41.13522,32.26622,18.82557,8.62245,30.9321,-0.18852045,2.232495
288,1974-01-15,329.36,14.32461353,54.23898,0.334290038,14.42255683,14.6139621,14.7106189,14.36371223,14.42867749,-0.38600537,-0.10406396,38.05125,35.2114,36.441474,33.819465,14.68363,17.797506,39.55535,-0.0180016,-1.98226
289,1974-02-15,330.71,14.11332983,53.14784,0.356174111,14.45281593,14.44180673,14.73607056,14.29747383,14.38803473,-0.62274073,-0.2747049,44.91875,35.22276,36.07104,32.41704,10.29487,17.0768,42.85297,0.218153,-1.19064
290,1974-03-15,331.49,14.27170363,51.990165,0.36877756,14.46022408,14.47305193,14.62135593,14.44229593,14.22209828,-0.3496523,0.04960535,49.75767,35.1838,35.05912,33.447486,9.44013,16.931045,42.550035,0.074729,-0.63105
291,1974-04-15,332.65,14.30661193,52.25672,0.38746641,14.32461353,14.42255683,14.6497144,14.60474483,14.19448178,-0.34310247,0.11213015,54.23898,38.05125,37.8982,32.25073,8.933036,14.35852,43.323684,0.05885126,-3.01887
292,1974-05-15,333.19,14.33148283,51.9572,0.396144172,14.11332983,14.45281593,14.69732659,14.69958775,14.35818379,-0.36584376,-0.02670096,53.14784,44.91875,35.80443,31.02242,13.42977,16.15277,38.52743,0.11319064,-4.38943
293,1974-06-15,332.2,14.34643263,51.359115,0.380224173,14.27170363,14.46022408,14.61045067,14.58852283,14.42284193,-0.26401804,-0.0764093,51.990165,49.75767,36.98074,30.57332,18.8045,14.378375,32.554615,-0.0746527,-4.73217
294,1974-07-15,331.07,14.36546319,49.23785,0.361994777,14.30661193,14.32461353,14.6139621,14.53912347,14.56204503,-0.24849891,-0.19658184,52.25672,54.23898,35.2114,28.55499,22.837905,14.02645,26.399945,-0.13185786,-3.406605
295,1974-08-15,329.15,14.44467347,47.56777,0.330877789,14.33148283,14.11332983,14.44180673,14.40749163,14.37121193,0.00286674,0.07346154,51.9572,53.14784,35.22276,30.68789,23.05688,12.34501,24.51089,-0.17897704,-0.53531
296,1974-09-15,327.33,14.27177993,46.626945,0.301213443,14.34643263,14.27170363,14.47305193,14.48765083,14.16940777,-0.201272,0.10237216,51.359115,51.990165,35.1838,31.7762,21.13218,11.443145,25.494765,0.0312672,1.170089
297,1974-10-15,327.28,14.23360533,45.831245,0.300396162,14.36546319,14.30661193,14.42255683,14.45566647,14.06393803,-0.1889515,0.1696673,49.23785,52.25672,38.05125,33.147414,18.31652,7.779995,27.514725,0.19052695,2.729215
298,1974-11-15,328.31,14.26569643,47.03246,0.317206988,14.44467347,14.33148283,14.45281593,14.58522123,14.18769639,-0.1871195,0.07800004,47.56777,51.9572,44.91875,31.78196,18.82349,2.11371,28.20897,0.14046576,2.44498
299,1974-12-15,329.58,14.30304713,47.797034,0.337862442,14.27177993,14.34643263,14.46022408,14.71442597,14.15143197,-0.15717695,0.15161516,46.626945,51.359115,49.75767,30.20347,21.93928,-1.960636,25.857754,0.15220163,3.141826
300,1975-01-15,330.73,14.42413228,48.56046,0.356497647,14.23360533,14.36546319,14.32461353,14.56664651,14.32725613,0.09951875,0.09687615,45.831245,49.23785,54.23898,30.81435,26.34741,-5.67852,22.21305,0.00054835,1.09837
301,1975-02-15,331.46,14.40616219,49.47744,0.36829336,14.26569643,14.44467347,14.11332983,14.591381,14.22384923,0.29283236,0.18231296,47.03246,47.56777,53.14784,32.04626,30.79306,-3.6704,18.68438,0.02931784,-1.11743
302,1975-03-15,331.94,14.45524876,50.93886,0.376035297,14.30304713,14.27177993,14.27170363,14.47089853,14.28361313,0.18354513,0.17163563,47.797034,46.626945,51.990165,31.39866,28.806914,-1.051305,22.131946,-0.08421039,-4.66829
303,1975-04-15,333.11,14.42468063,49.65883,0.394859465,14.42413228,14.23360533,14.30661193,14.58500093,14.26283733,0.1180687,0.1618433,48.56046,45.831245,52.25672,28.54997,25.68194,-2.59789,23.97689,-0.0881653,-3.46269
304,1975-05-15,333.95,14.43548003,48.36001,0.408333523,14.40616219,14.26569643,14.33148283,14.51945298,14.43520539,0.1039972,0.00027464,49.47744,47.03246,51.9572,28.35625,21.99781,-3.59719,26.3622,-0.20782374,-0.75268
305,1975-06-15,333.42,14.37103837,46.27057,0.399835986,14.45524876,14.30304713,14.34643263,14.56321043,14.39259333,0.02460574,-0.02155496,50.93886,47.797034,51.359115,28.67789,22.887694,-5.088545,23.382876,-0.14494894,2.08635
306,1975-07-15,331.97,14.33651533,46.19614,0.376518797,14.42468063,14.42413228,14.36546319,14.54917423,14.43237773,-0.02894786,-0.0958624,49.65883,48.56046,49.23785,27.03471,26.12062,-3.04171,20.07552,-0.19875333,2.69528
307,1975-08-15,329.95,14.22765629,47.60733,0.343865202,14.43548003,14.40616219,14.44467347,14.38194649,14.39342493,-0.21701718,-0.16576864,48.36001,49.47744,47.56777,27.731246,29.61251,0.03956,17.99482,-0.03732586,1.527046
308,1975-09-15,328.49,14.22608943,48.35692,0.320139387,14.37103837,14.45524876,14.27177993,14.45261283,14.34341519,-0.0456905,-0.11732576,46.27057,50.93886,46.626945,27.25278,33.04767,1.729975,15.30925,0.01657293,-1.37494
309,1975-10-15,328.36,14.137762,48.89142,0.318021704,14.33651533,14.42468063,14.23360533,14.42522613,14.38548558,-0.09584333,-0.24772358,46.19614,49.65883,45.831245,30.88364,31.392135,3.060175,17.499285,0.19669153,-2.16265
310,1975-11-15,329.38,14.19033043,49.134376,0.3346149,14.22765629,14.43548003,14.26569643,14.41020193,14.37614053,-0.075366,-0.1858101,47.60733,48.36001,47.03246,31.07878,30.95845,2.101916,18.175926,-0.02168655,-5.155996
311,1975-12-15,330.78,14.24266236,46.98198,0.357306403,14.22608943,14.37103837,14.30304713,14.36788263,14.40695663,-0.06038477,-0.16429427,48.35692,46.27057,47.797034,32.49861,29.35428,-0.815054,17.6277,-0.18997763,-1.72067
312,1976-01-15,331.56,14.33445353,46.72877,0.369907188,14.137762,14.33651533,14.42413228,14.4026851,14.32651608,-0.08967875,0.00793745,48.89142,46.19614,48.56046,34.7294,28.71277,-1.83169,18.016,-0.0903769,-0.29269
313,1976-02-15,332.74,14.16864388,43.97838,0.388913681,14.19033043,14.22765629,14.40616219,14.21846097,14.39569373,-0.23751831,-0.22704985,49.134376,47.60733,49.47744,37.9303,26.68851,-5.49906,17.28987,0.02087975,3.14533
314,1976-03-15,333.36,14.05268473,45.26131,0.398873149,14.24266236,14.22608943,14.45524876,14.25451558,14.43843739,-0.40256403,-0.38575266,46.98198,48.35692,50.93886,38.9823,24.22727,-5.67755,21.03404,0.26985834,4.00141
315,1976-04-15,334.74,14.24407663,46.43608,0.420974663,14.33445353,14.137762,14.42468063,14.35665313,14.36946957,-0.180604,-0.12539294,46.72877,48.89142,49.65883,38.25096,22.112754,-3.22275,24.323326,0.1647501,1.56972
316,1976-05-15,334.72,14.18952363,47.12371,0.420655002,14.16864388,14.19033043,14.43548003,14.37403958,14.4445905,-0.2459564,-0.25506687,43.97838,49.134376,48.36001,34.43453,21.03873,-1.2363,26.08498,0.12287235,-1.03216
317,1976-06-15,333.97,14.32254307,49.26272,0.40865392,14.05268473,14.24266236,14.37103837,14.34351247,14.55475993,-0.0484953,-0.23221686,45.26131,46.98198,46.27057,31.939506,20.762694,2.99215,28.500026,0.04611016,-1.830745
318,1976-07-15,333.08,14.40882673,48.0058,0.394377621,14.24407663,14.33445353,14.33651533,14.36199943,14.65682309,0.0723114,-0.24799636,46.43608,46.72877,46.19614,31.14498,22.558654,1.80966,25.447146,-0.4029865,-0.93078
319,1976-08-15,330.68,14.31239598,46.09155,0.355688769,14.18952363,14.16864388,14.22765629,14.36144343,14.48624033,0.08473969,-0.17384435,47.12371,43.97838,47.60733,33.131286,22.928794,-1.51578,23.162756,-0.06635761,3.79824
320,1976-09-15,328.96,14.36865323,47.431975,0.32778864,14.32254307,14.05268473,14.22608943,14.38591663,14.46479693,0.1425638,-0.0961437,49.26272,45.26131,48.35692,36.55124,22.91983,-0.924945,24.512145,0.03065777,2.732239
321,1976-10-15,328.72,14.00584023,47.07502,0.323884005,14.40882673,14.24407663,14.137762,14.27363198,14.28500643,-0.13192177,-0.2791662,48.0058,46.43608,48.89142,36.11564,21.566886,-1.8164,25.508134,0.52264214,1.6794
322,1976-11-15,330.16,14.24603837,49.88979,0.347269181,14.31239598,14.18952363,14.19033043,14.31245606,14.36994069,0.05570794,-0.12390232,46.09155,47.12371,49.134376,33.76951,18.12345,0.755414,31.76634,0.23378466,-3.84068
323,1976-12-15,331.62,14.399311,50.164214,0.370875251,14.36865323,14.32254307,14.24266236,14.37978356,14.40898603,0.15664864,-0.00967503,47.431975,49.26272,46.98198,32.01963,20.31013,3.182234,29.854084,0.08949947,-5.905609
324,1977-01-15,332.68,14.52848237,48.75442,0.387948877,14.00584023,14.40882673,14.33445353,14.19546123,14.33122437,0.19402884,0.197258,47.07502,48.0058,46.72877,35.594245,19.12568,2.02565,29.62874,0.02841091,-6.729435
325,1977-02-15,333.17,14.47982303,46.04911,0.395823024,14.24603837,14.31239598,14.16864388,14.15743823,14.16005223,0.31117915,0.3197708,49.88979,46.09155,43.97838,40.38558,19.45278,2.07073,26.59633,0.17107202,-3.466164
326,1977-03-15,334.96,14.48881047,44.258605,0.42448967,14.399311,14.36865323,14.05268473,14.34917348,14.42711346,0.43612574,0.06169701,50.164214,47.431975,45.26131,44.347655,17.130996,-1.002705,27.127609,0.18883991,-1.16082
327,1977-04-15,336.14,14.55689328,42.024985,0.443303577,14.52848237,14.00584023,14.24407663,14.45174687,14.41028779,0.31281665,0.14660549,48.75442,47.07502,46.43608,45.00469,18.76129,-4.411095,23.263695,0.06871795,2.126345
328,1977-05-15,336.93,14.65089505,42.582946,0.455862454,14.47982303,14.24603837,14.18952363,14.49416343,14.6461057,0.46137142,0.00478935,46.04911,49.88979,47.12371,47.02163,20.222594,-4.540764,22.360352,-0.05186082,2.208704
329,1977-06-15,336.17,14.67765038,43.097785,0.443781035,14.48881047,14.399311,14.32254307,14.65350239,14.47214313,0.35510731,0.20550725,44.258605,50.164214,49.26272,49.47486,25.07656,-6.164935,18.021225,-0.25720885,2.698385
330,1977-07-15,334.89,14.62561123,44.15133,0.423371509,14.55689328,14.52848237,14.40882673,14.64872258,14.53765767,0.2167845,0.08795356,42.024985,48.75442,48.0058,50.53991,25.592795,-3.85447,18.558535,-0.27627944,2.36658
331,1977-08-15,332.56,14.59903423,44.79165,0.386018746,14.65089505,14.47982303,14.31239598,14.60916989,14.49472039,0.28663825,0.10431384,42.582946,46.04911,46.09155,46.51744,27.59125,-1.2999,17.2004,-0.01648997,3.81692
332,1977-09-15,331.29,14.42044153,45.79617,0.365548736,14.67765038,14.48881047,14.36865323,14.51676173,14.48391049,0.0517883,-0.06346896,43.097785,44.258605,47.431975,43.98272,27.96153,-1.635805,17.83464,0.1038113,5.58527
333,1977-10-15,331.28,14.34933179,46.51791,0.365387243,14.62561123,14.55689328,14.00584023,14.51675503,14.54603663,0.34349156,-0.19670484,44.15133,42.024985,47.07502,41.75164,28.63312,-0.55711,17.88479,0.161273,7.418216
334,1977-11-15,332.46,14.58254426,48.60857,0.384409772,14.59903423,14.65089505,14.24603837,14.42876618,14.39755433,0.33650589,0.18498993,44.79165,42.582946,49.88979,42.71764,29.25968,-1.28122,19.34889,-0.10017109,9.0693
335,1977-12-15,333.6,14.52425283,51.38144,0.402723456,14.42044153,14.67765038,14.399311,14.62748043,14.45143023,0.12494183,0.0728226,45.79617,43.097785,50.164214,41.13522,29.554275,1.217226,21.827165,-0.03130055,5.28606
336,1978-01-15,334.94,14.51060479,53.936126,0.424170219,14.34933179,14.62561123,14.52848237,14.7106189,14.22437947,-0.01787758,0.28622532,46.51791,44.15133,48.75442,36.441474,30.049865,5.181706,23.886261,0.00362684,2.418304
337,1978-02-15,335.26,14.48237317,57.67787,0.429279142,14.58254426,14.59903423,14.47982303,14.73607056,14.28226273,0.00255014,0.20011044,48.60857,44.79165,46.04911,36.07104,27.609305,11.62876,30.068565,0.09167576,-5.0168
338,1978-03-15,336.66,14.49295228,56.6675,0.451573495,14.52425283,14.42044153,14.48881047,14.62135593,14.53343098,0.00414181,-0.0404787,51.38144,45.79617,44.258605,35.05912,21.687125,12.408895,34.980375,-0.0528059,-5.49117
339,1978-04-15,337.69,14.51423163,56.35443,0.467916653,14.51060479,14.34933179,14.55689328,14.6497144,14.37869063,-0.04266165,0.135541,53.936126,46.51791,42.024985,37.8982,16.59843,14.329445,39.756,0.06316565,-6.57492
340,1978-05-15,338.02,14.57404893,52.66107,0.473142268,14.48237317,14.58254426,14.65089505,14.69732659,14.42094893,-0.07684612,0.1531,57.67787,48.60857,42.582946,35.80443,12.968795,10.078124,39.692275,-0.23036385,-1.36476
341,1978-06-15,338.01,14.44014638,51.17633,0.472983991,14.49295228,14.52425283,14.67765038,14.61045067,14.38071913,-0.237504,0.05942725,56.6675,51.38144,43.097785,36.98074,14.33223,8.078545,36.8441,-0.05900955,0.41982
342,1978-07-15,336.5,14.57739728,49.77951,0.449030266,14.51423163,14.51060479,14.62561123,14.6139621,14.47177403,-0.04821395,0.10562325,56.35443,53.936126,44.15133,35.2114,18.70686,5.62818,31.07265,-0.20729545,2.12487
343,1978-08-15,334.42,14.34368508,51.29631,0.415857799,14.57404893,14.48237317,14.59903423,14.44180673,14.41295903,-0.25534915,-0.06927395,52.66107,57.67787,44.79165,35.22276,26.151725,6.50466,25.144585,0.19506835,-3.907654
344,1978-09-15,332.36,14.38113683,51.59615,0.382800314,14.44014638,14.49295228,14.42044153,14.47305193,14.32325643,-0.0393047,0.0578804,51.17633,56.6675,45.79617,35.1838,30.08539,5.79998,21.51076,0.170001,-7.11346
345,1978-10-15,332.45,14.37010183,51.90438,0.384248848,14.57739728,14.51423163,14.34933179,14.42255683,14.50292199,0.02077004,-0.13282016,49.77951,56.35443,46.51791,38.05125,33.60364,5.38647,18.30074,0.27415565,-10.31324
346,1978-11-15,333.76,14.53875343,47.388656,0.405288788,14.34368508,14.57404893,14.58254426,14.45281593,14.35252753,-0.04379083,0.1862259,51.29631,52.66107,48.60857,44.91875,33.88608,-1.219914,13.502576,-0.1606855,-4.655152
347,1978-12-15,334.91,14.55113783,44.48269,0.423691007,14.38113683,14.44014638,14.52425283,14.46022408,14.32691473,0.026885,0.2242231,51.59615,51.17633,51.38144,49.75767,32.26622,-6.89875,12.21647,0.02826312,-0.67013
348,1979-01-15,336.56,14.64425748,41.59114,0.449984119,14.37010183,14.57739728,14.51060479,14.32461353,14.36371223,0.13365269,0.28054525,51.90438,49.77951,53.936126,54.23898,33.819465,-12.344986,7.771675,-0.08690165,1.98856
349,1979-02-15,337.29,14.37806793,42.733504,0.461575724,14.53875343,14.34368508,14.48237317,14.11332983,14.29747383,-0.10430524,0.0805941,47.388656,51.29631,57.67787,53.14784,32.41704,-14.944366,10.316464,0.24098298,-0.642254
350,1979-03-15,337.88,14.57940095,43.81256,0.470925964,14.55113783,14.38113683,14.49295228,14.27170363,14.44229593,0.08644867,0.13710502,44.48269,51.59615,56.6675,51.990165,33.447486,-12.85494,10.365074,0.05458736,-1.25033
351,1979-04-15,338.32,14.55735583,43.5797,0.477888402,14.64425748,14.37010183,14.51423163,14.30661193,14.60474483,0.0431242,-0.047389,41.59114,51.90438,56.35443,52.25672,32.25073,-12.77473,11.32897,0.01078318,1.33888
352,1979-05-15,338.26,14.61905091,42.09125,0.476939512,14.37806793,14.53875343,14.57404893,14.33148283,14.69958775,0.04500198,-0.08053684,42.733504,47.388656,52.66107,51.9572,31.02242,-10.56982,11.06883,0.0372839,7.602665
353,1979-06-15,337.38,14.63398831,42.56223,0.463003088,14.57940095,14.55113783,14.44014638,14.34643263,14.58852283,0.19384193,0.04546548,43.81256,44.48269,51.17633,51.359115,30.57332,-8.6141,11.98891,0.05552672,9.77806
354,1979-07-15,335.57,14.56813901,44.91858,0.434223763,14.55735583,14.64425748,14.57739728,14.36546319,14.53912347,-0.00925827,0.02901554,43.5797,41.59114,49.77951,49.23785,28.55499,-4.86093,16.36359,0.13295078,9.83746
355,1979-08-15,334.37,14.65633481,49.693915,0.415057847,14.61905091,14.37806793,14.34368508,14.44467347,14.40749163,0.31264973,0.24884318,42.09125,42.733504,51.29631,47.56777,30.68789,-1.602395,19.006025,0.02510262,2.769471
356,1979-09-15,335.02,14.68951503,52.34029,0.425447907,14.63398831,14.57940095,14.38113683,14.27177993,14.48765083,0.3083782,0.2018642,42.56223,43.81256,51.59615,46.626945,31.7762,0.74414,20.56409,0.24414922,2.242465
357,1979-10-15,336.36,14.70108979,54.75604,0.446803948,14.56813901,14.55735583,14.37010183,14.23360533,14.45566647,0.33098796,0.24542332,44.91858,43.5797,51.90438,45.831245,33.147414,2.85166,21.608626,0.06570244,-0.29714
358,1979-11-15,337.36,14.68143743,52.463386,0.462685929,14.65633481,14.61905091,14.53875343,14.26569643,14.58522123,0.142684,0.0962162,49.693915,42.09125,47.388656,47.03246,31.78196,5.07473,20.681426,0.1359167,3.060119
359,1979-12-15,337.9,14.93366425,54.582755,0.471242635,14.68951503,14.63398831,14.55113783,14.30304713,14.71442597,0.38252642,0.21923828,52.34029,42.56223,44.48269,47.797034,30.20347,10.100065,24.379285,-0.14459705,-1.07354
360,1980-01-15,338.58,14.76679223,54.4589,0.481998315,14.70108979,14.56813901,14.64425748,14.42413228,14.56664651,0.12253475,0.20014572,54.75604,44.91858,41.59114,48.56046,30.81435,12.86776,23.64455,0.11501121,-0.60204
361,1980-02-15,339.26,14.81735413,55.523505,0.492732415,14.68143743,14.65633481,14.37806793,14.40616219,14.591381,0.4392862,0.22597313,52.463386,49.693915,42.733504,49.47744,32.04626,12.790001,23.477245,0.15716744,-2.03025
362,1980-03-15,339.6,14.7890672,53.509215,0.4980914,14.93366425,14.68951503,14.57940095,14.45524876,14.47089853,0.20966625,0.31816867,54.582755,52.34029,43.81256,50.93886,31.39866,9.696655,22.110555,0.02292919,-0.570869
363,1980-04-15,340,14.88180344,53.85686,0.504389223,14.76679223,14.70108979,14.55735583,14.42468063,14.58500093,0.32444761,0.29680251,54.4589,54.75604,43.5797,49.65883,28.54997,10.27716,25.30689,-0.02547073,-3.389034
364,1980-05-15,340.44,14.97452157,53.493255,0.511308276,14.81735413,14.68143743,14.61905091,14.43548003,14.51945298,0.35547066,0.45506859,55.523505,52.463386,42.09125,48.36001,28.35625,11.402005,25.137005,-0.19314862,-4.830075
365,1980-06-15,339.99,14.81199639,52.938346,0.504231867,14.7890672,14.93366425,14.63398831,14.37103837,14.56321043,0.17800808,0.24878596,53.509215,54.582755,42.56223,46.27057,28.67789,10.376116,24.260456,-0.11389828,-4.269722
366,1980-07-15,338.44,14.85633271,50.467826,0.479785677,14.88180344,14.76679223,14.56813901,14.33651533,14.54917423,0.2881937,0.30715848,53.85686,54.4589,44.91858,46.19614,27.03471,5.549246,23.433116,-0.2463541,0.006374
367,1980-08-15,337.21,14.78137295,48.66318,0.460306635,14.97452157,14.81735413,14.65633481,14.22765629,14.38194649,0.12503814,0.39942646,53.493255,55.523505,49.693915,47.60733,27.731246,-1.030735,20.931934,-0.14496135,6.938405
368,1980-09-15,337.05,14.69809811,48.668624,0.457767555,14.81199639,14.7890672,14.68951503,14.22608943,14.45261283,0.00858308,0.24548528,52.938346,53.509215,52.34029,48.35692,27.25278,-3.671666,21.415844,-0.10475635,11.088386
369,1980-10-15,337.82,14.60997861,50.4742,0.469975838,14.85633271,14.88180344,14.70108979,14.137762,14.42522613,-0.09111118,0.18475248,50.467826,53.85686,54.75604,48.89142,30.88364,-4.28184,19.59056,0.2822771,11.31242
370,1980-11-15,338.93,14.6364116,55.601585,0.487525909,14.78137295,14.97452157,14.68143743,14.19033043,14.41020193,-0.04502583,0.22620967,48.66318,53.493255,52.463386,49.134376,31.07878,3.138199,24.522805,0.17976856,7.274545
371,1980-12-15,339.64,14.59334176,59.75701,0.498721516,14.69809811,14.81199639,14.93366425,14.24266236,14.36788263,-0.34032249,0.22545913,48.668624,52.938346,54.582755,46.98198,32.49861,5.174255,27.2584,0.30885792,4.884026
372,1981-01-15,340.19,14.89225571,61.78662,0.507378093,14.60997861,14.85633271,14.76679223,14.33445353,14.4026851,0.12546348,0.48957061,50.4742,50.467826,54.4589,46.72877,34.7294,7.32772,27.05722,-0.03955173,3.8357
373,1981-02-15,340.75,14.81618016,62.87613,0.516177696,14.6364116,14.78137295,14.81735413,14.16864388,14.21846097,-0.00117397,0.59771919,55.601585,48.66318,55.523505,43.97838,37.9303,7.352625,24.94583,0.01967621,4.076735
374,1981-03-15,341.38,14.90219968,64.641036,0.526059979,14.59334176,14.69809811,14.7890672,14.05268473,14.25451558,0.11313248,0.6476841,59.75701,48.668624,53.509215,45.26131,38.9823,11.131821,25.658736,-0.0857687,2.792014
375,1981-04-15,341.68,14.85270398,65.62232,0.53075942,14.89225571,14.60997861,14.88180344,14.24407663,14.35665313,-0.02909946,0.49605085,61.78662,50.4742,53.85686,46.43608,38.25096,11.76546,27.37136,-0.02858353,0.12707
376,1981-05-15,341.43,14.83585637,66.952865,0.526843506,14.81618016,14.6364116,14.97452157,14.18952363,14.37403958,-0.1386652,0.46181679,62.87613,55.601585,53.493255,47.12371,34.43453,13.45961,32.518335,-0.00630379,-0.39869
377,1981-06-15,340.63,14.81643098,67.43305,0.514293285,14.90219968,14.59334176,14.81199639,14.32254307,14.34351247,0.00443459,0.47291851,64.641036,59.75701,52.938346,49.26272,31.939506,14.494704,35.493544,-0.08659363,-1.93567
378,1981-07-15,339.22,14.82412045,65.74939,0.492101593,14.85270398,14.89225571,14.85633271,14.40882673,14.36199943,-0.03221226,0.46212102,65.62232,61.78662,50.467826,48.0058,31.14498,15.281564,34.60441,-0.17727375,1.88984
379,1981-08-15,338.08,14.82955258,66.554175,0.474091832,14.83585637,14.81618016,14.78137295,14.31239598,14.36144343,0.04817963,0.46810915,66.952865,62.87613,48.66318,46.09155,33.131286,17.890995,33.422889,-0.18881702,0.13675
380,1981-09-15,337.97,14.72983735,65.49738,0.472350836,14.81643098,14.90219968,14.69809811,14.36865323,14.38591663,0.03173924,0.34392072,67.43305,64.641036,48.668624,47.431975,36.55124,16.828756,28.94614,0.10124206,-0.28844
381,1981-10-15,339.07,14.6468467,67.63923,0.489735349,14.82412045,14.85270398,14.60997861,14.00584023,14.27363198,0.03686809,0.37321472,65.74939,65.62232,50.4742,47.07502,36.11564,17.16503,31.52359,-0.15774631,-6.243075
382,1981-11-15,340.18,14.64073556,66.690925,0.507220826,14.82955258,14.83585637,14.6364116,14.24603837,14.31245606,0.00432396,0.3282795,66.554175,66.952865,55.601585,49.88979,33.76951,11.08934,32.921415,-0.06301689,-6.366375
383,1981-12-15,340.75,14.83107941,65.20894,0.516177696,14.72983735,14.81643098,14.59334176,14.399311,14.37978356,0.23773765,0.45129585,65.49738,67.43305,59.75701,50.164214,32.01963,5.45193,33.18931,-0.40246388,-6.175776
384,1982-01-15,341.37,14.48910039,61.396155,0.52590326,14.6468467,14.82412045,14.89225571,14.52848237,14.19546123,-0.40315532,0.29363916,67.63923,65.74939,61.78662,48.75442,35.594245,-0.390465,25.80191,0.03903864,-4.841015
385,1982-02-15,341.95,14.57771867,60.32455,0.534985391,14.64073556,14.82955258,14.81618016,14.47982303,14.15743823,-0.23846149,0.42028044,66.690925,66.554175,62.87613,46.04911,40.38558,-2.55158,19.93897,0.11608028,-4.211125
386,1982-03-15,342.23,14.42861553,59.033164,0.539364356,14.83107941,14.72983735,14.90219968,14.48881047,14.34917348,-0.47358415,0.07944205,65.20894,65.49738,64.641036,44.258605,44.347655,-5.607872,14.685509,0.21705243,-4.132814
387,1982-04-15,342.52,14.52813903,56.55514,0.543895937,14.48910039,14.6468467,14.85270398,14.55689328,14.45174687,-0.32456495,0.07639216,61.396155,67.63923,65.62232,42.024985,45.00469,-9.06718,11.55045,0.19953538,-2.677455
388,1982-05-15,342.37,14.69379895,56.113425,0.541552495,14.57771867,14.64073556,14.83585637,14.65089505,14.49416343,-0.14205742,0.19963552,60.32455,66.690925,66.952865,42.582946,47.02163,-10.83944,9.091795,-0.08186436,-0.853895
389,1982-06-15,341.49,14.64566796,54.90035,0.527783587,14.42861553,14.83107941,14.81643098,14.67765038,14.65350239,-0.17076302,-0.00783443,59.033164,65.20894,67.43305,43.097785,49.47486,-12.5327,5.42549,-0.0453701,4.41422
390,1982-07-15,339.75,14.72767441,53.877685,0.500453952,14.52813903,14.48910039,14.82412045,14.62561123,14.64872258,-0.09644604,0.07895183,56.55514,61.396155,65.74939,44.15133,50.53991,-11.871705,3.337775,-0.18199728,11.015595
391,1982-08-15,338.11,14.61193459,55.25953,0.47456655,14.69379895,14.57771867,14.82955258,14.59903423,14.60916989,-0.21761799,0.0027647,56.113425,60.32455,66.554175,44.79165,46.51744,-11.294645,8.74209,-0.06693076,12.25471
392,1982-09-15,338.16,14.60029786,59.31457,0.475357654,14.64566796,14.42861553,14.72983735,14.42044153,14.51676173,-0.12953949,0.08353613,54.90035,59.033164,65.49738,45.79617,43.98272,-6.18281,15.33185,0.23242473,8.7639
393,1982-10-15,339.61,14.54567713,64.89328,0.498248936,14.72767441,14.52813903,14.6468467,14.34933179,14.51675503,-0.10116957,0.0289221,53.877685,56.55514,67.63923,46.51791,41.75164,-2.74595,23.14164,0.36911963,4.94293
394,1982-11-15,340.95,14.54500383,67.51424,0.519316907,14.61193459,14.69379895,14.64073556,14.58254426,14.42876618,-0.09573173,0.11623765,55.25953,56.113425,66.690925,48.60857,42.71764,0.823315,24.7966,0.32764815,1.62979
395,1982-12-15,341.77,14.83272259,68.07847,0.532168448,14.60029786,14.64566796,14.83107941,14.52425283,14.62748043,0.00164318,0.20524216,59.31457,54.90035,65.20894,51.38144,41.13522,2.86953,26.94325,0.04492093,2.682645
396,1983-01-15,342.37,14.91479676,69.83621,0.541552495,14.54567713,14.72767441,14.48910039,14.51060479,14.7106189,0.42569637,0.20417786,64.89328,53.877685,61.396155,53.936126,36.441474,8.440055,33.394736,-0.12564183,4.05898
397,1983-02-15,342.74,14.87265198,69.14403,0.547331129,14.54500383,14.61193459,14.57771867,14.48237317,14.73607056,0.29493331,0.13658142,67.51424,55.25953,60.32455,57.67787,36.07104,8.81948,33.07299,0.05986119,7.9445
398,1983-03-15,343.04,14.87764352,70.761115,0.552011931,14.83272259,14.60029786,14.42861553,14.49295228,14.62135593,0.44902799,0.25628759,68.07847,59.31457,59.033164,56.6675,35.05912,11.727951,35.701995,-0.07769967,4.859348
399,1983-04-15,343.51,14.78915493,73.89519,0.559336963,14.91479676,14.54567713,14.52813903,14.51423163,14.6497144,0.2610159,0.13944053,69.83621,64.89328,56.55514,56.35443,37.8982,17.34005,35.99699,-0.03997134,-2.48814
400,1983-05-15,343.84,14.93251317,77.08853,0.564474084,14.87265198,14.54500383,14.69379895,14.57404893,14.69732659,0.23871422,0.23518658,69.14403,67.51424,56.113425,52.66107,35.80443,20.975105,41.2841,-0.11647034,-13.32549
401,1983-06-15,343.5,14.79994385,75.620463,0.559181216,14.87764352,14.83272259,14.64566796,14.44014638,14.61045067,0.15427589,0.18949318,70.761115,68.07847,54.90035,51.17633,36.98074,20.720113,38.639723,0.06896306,-12.677563
402,1983-07-15,342.14,14.74918359,71.40705,0.537957222,14.78915493,14.91479676,14.72767441,14.57739728,14.6139621,0.02150918,0.13522149,73.89519,69.83621,53.877685,49.77951,35.2114,17.529365,36.19565,-0.1588583,-11.42928
403,1983-08-15,340.62,14.81604283,63.76304,0.514136221,14.93251317,14.87265198,14.61193459,14.34368508,14.44180673,0.20410824,0.3742361,77.08853,69.14403,55.25953,51.29631,35.22276,8.50351,28.54028,-0.10432243,-0.97783
404,1983-09-15,340.53,14.86890691,62.9429,0.512722435,14.79994385,14.87764352,14.60029786,14.38113683,14.47305193,0.26860905,0.39585498,75.620463,70.761115,59.31457,51.59615,35.1838,3.62833,27.7591,-0.22706604,-2.19855
405,1983-10-15,341.75,14.59032529,59.97777,0.531855363,14.74918359,14.78915493,14.54567713,14.37010183,14.42255683,0.04464816,0.16776846,71.40705,73.89519,64.89328,51.90438,38.05125,-4.91551,21.92652,0.0737257,2.19182
406,1983-11-15,342.83,14.7117204,62.78521,0.5487358,14.81604283,14.93251317,14.54500383,14.53875343,14.45281593,0.16671657,0.25890447,63.76304,77.08853,67.51424,47.388656,44.91875,-4.72903,17.86646,-0.20359803,0.52653
407,1983-12-15,343.49,14.64184087,60.74435,0.559025464,14.86890691,14.79994385,14.83272259,14.55113783,14.46022408,-0.19088172,0.18161679,62.9429,75.620463,68.07847,44.48269,49.75767,-7.33412,10.98668,0.03128433,5.8545
408,1984-01-15,344.32,14.66405099,62.16959,0.571937466,14.59032529,14.74918359,14.91479676,14.64425748,14.32461353,-0.25074577,0.33943746,59.97777,71.40705,69.83621,41.59114,54.23898,-7.66662,7.93061,-0.06723023,5.30043
409,1984-02-15,344.82,14.50812237,63.31174,0.579700767,14.7117204,14.81604283,14.87265198,14.37806793,14.11332983,-0.36452961,0.39479254,62.78521,63.76304,69.14403,42.733504,53.14784,-5.83229,10.1639,0.34281159,5.15452
410,1984-03-15,344.96,14.6731252,66.59885,0.581872474,14.64184087,14.86890691,14.87764352,14.57940095,14.27170363,-0.20451832,0.40142157,60.74435,62.9429,70.761115,43.81256,51.990165,-4.162265,14.608685,-0.11322403,4.036815
411,1984-04-15,345.19,14.59682076,67.47002,0.585438365,14.66405099,14.59032529,14.78915493,14.55735583,14.30661193,-0.19233417,0.29020883,62.16959,59.97777,73.89519,43.5797,52.25672,-6.42517,15.2133,-0.06296158,2.728565
412,1984-05-15,345.33,14.85093396,68.46626,0.587607745,14.50812237,14.7117204,14.93251317,14.61905091,14.33148283,-0.08157921,0.51945113,63.31174,62.78521,77.08853,42.09125,51.9572,-8.62227,16.50906,-0.22368623,3.119234
413,1984-06-15,344.57,14.55990117,70.635665,0.575820525,14.6731252,14.64184087,14.79994385,14.63398831,14.34643263,-0.24004268,0.21346854,66.59885,60.74435,75.620463,42.56223,51.359115,-4.984798,19.27655,0.01987934,-1.196035
414,1984-07-15,343.2,14.53385918,70.198585,0.554506685,14.59682076,14.66405099,14.74918359,14.56813901,14.36546319,-0.21532441,0.16839599,67.47002,62.16959,71.40705,44.91858,49.23785,-1.208465,20.960735,0.00983045,-1.66613
415,1984-08-15,342.21,14.62724773,71.585494,0.539051691,14.85093396,14.50812237,14.81604283,14.65633481,14.44467347,-0.1887951,0.18257426,68.46626,63.31174,63.76304,49.693915,47.56777,7.822454,24.017724,-0.2141199,-6.370529
416,1984-09-15,342.13,14.57978051,69.43963,0.537800851,14.55990117,14.6731252,14.86890691,14.68951503,14.27177993,-0.2891264,0.30800058,70.635665,66.59885,62.9429,52.34029,46.626945,6.49673,22.812685,-0.11726475,-6.19469
417,1984-10-15,342.99,14.54368963,68.532455,0.551232082,14.53385918,14.59682076,14.59032529,14.70108979,14.23360533,-0.04663566,0.3100843,70.198585,67.47002,59.97777,54.75604,45.831245,8.554685,22.70121,0.09995845,-9.272085
418,1984-11-15,344.16,14.41312783,65.214965,0.569450829,14.62724773,14.85093396,14.7117204,14.68143743,14.26569643,-0.29859257,0.1474314,71.585494,68.46626,62.78521,52.463386,47.03246,2.429755,18.182505,-0.04209137,-5.11747
419,1984-12-15,345,14.46251576,63.24494,0.5824928,14.57978051,14.55990117,14.64184087,14.93366425,14.30304713,-0.17932511,0.15946863,69.43963,70.635665,60.74435,54.582755,47.797034,2.50059,15.447906,0.07265091,-5.31087
420,1985-01-15,345.35,14.64364808,59.26037,0.587917585,14.54368963,14.53385918,14.66405099,14.76679223,14.42413228,-0.02040291,0.2195158,68.532455,70.198585,62.16959,54.4589,48.56046,-2.90922,10.69991,-0.05043793,-1.37226
421,1985-02-15,345.8,14.37103646,60.097495,0.594884235,14.41312783,14.62724773,14.50812237,14.81735413,14.40616219,-0.13708591,-0.03512573,65.214965,71.585494,63.31174,55.523505,49.47744,-3.214245,10.620055,0.25784874,-4.000525
422,1985-03-15,346.64,14.53516667,57.93407,0.607864428,14.46251576,14.57978051,14.6731252,14.7890672,14.45524876,-0.13795853,0.07991791,63.24494,69.43963,66.59885,53.509215,50.93886,-8.66478,6.99521,0.06420612,-1.4251
423,1985-04-15,346.94,14.59321015,57.88811,0.612492589,14.64364808,14.54368963,14.59682076,14.88180344,14.42468063,-0.00361061,0.16852952,59.26037,68.532455,67.47002,53.85686,49.65883,-9.58191,8.22928,-0.06314087,-1.95763
424,1985-05-15,346.78,14.6288852,56.09697,0.610024735,14.37103646,14.41312783,14.85093396,14.97452157,14.43548003,-0.22204876,0.19340517,60.097495,65.214965,68.46626,53.493255,48.36001,-12.36929,7.73696,0.042696,-1.85966
425,1985-06-15,346.26,14.59937279,56.50897,0.601996336,14.53516667,14.46251576,14.55990117,14.81199639,14.37103837,0.03947162,0.22833442,57.93407,63.24494,70.635665,52.938346,46.27057,-14.126695,10.2384,-0.05436896,-1.51469
426,1985-07-15,344.92,14.53006928,55.93048,0.581252076,14.59321015,14.64364808,14.53385918,14.85633271,14.33651533,-0.0037899,0.19355395,57.88811,59.26037,70.198585,50.467826,46.19614,-14.268105,9.73434,-0.11119365,-0.16607
427,1985-08-15,343.41,14.6715812,54.23731,0.557779285,14.6288852,14.37103646,14.62724773,14.78137295,14.22765629,0.04433347,0.44392491,56.09697,60.097495,71.585494,48.66318,47.60733,-17.348184,6.62998,-0.19967842,2.89658
428,1985-09-15,343.37,14.54500383,54.99428,0.557156087,14.59937279,14.53516667,14.57978051,14.69809811,14.22608943,-0.03477668,0.3189144,56.50897,57.93407,69.43963,48.668624,48.35692,-14.44535,6.63736,-0.02507497,2.445256
429,1985-10-15,344.64,14.41887563,55.76441,0.576907276,14.53006928,14.59321015,14.54368963,14.60997861,14.137762,-0.124814,0.28111363,55.93048,57.88811,68.532455,50.4742,48.89142,-12.768045,6.87299,0.21465492,3.061166
430,1985-11-15,345.79,14.47190278,57.13389,0.594729519,14.6715812,14.6288852,14.41312783,14.6364116,14.19033043,0.05877495,0.28157235,54.23731,56.09697,65.214965,55.601585,49.134376,-8.081075,7.999514,0.21555042,2.83908
431,1985-12-15,346.55,14.51992886,57.439536,0.606475198,14.54500383,14.59937279,14.46251576,14.59334176,14.24266236,0.0574131,0.2772665,54.99428,56.50897,63.24494,59.75701,46.98198,-5.805404,10.457556,0.13314629,1.907924
432,1986-01-15,347.11,14.63353055,58.825576,0.615113438,14.41887563,14.53006928,14.64364808,14.89225571,14.33445353,-0.01011753,0.29907702,55.76441,55.93048,59.26037,61.78662,46.72877,-0.434794,12.096806,0.13243198,0.275879
433,1986-02-15,347.34,14.6874532,59.97297,0.61865725,14.47190278,14.6715812,14.37103646,14.81618016,14.16864388,0.31641674,0.51880932,57.13389,54.23731,60.097495,62.87613,43.97838,-0.124525,15.99459,0.10902596,-2.15455
434,1986-03-15,347.71,14.65307515,59.34746,0.624353243,14.51992886,14.54500383,14.53516667,14.90219968,14.05268473,0.11790848,0.60039042,57.439536,54.99428,57.93407,64.641036,45.26131,1.41339,14.08615,-0.03530026,-0.748965
435,1986-04-15,348.22,14.76596253,59.101455,0.632194551,14.63353055,14.41887563,14.59321015,14.85270398,14.24407663,0.17275238,0.5218859,58.825576,55.76441,57.88811,65.62232,46.43608,1.213345,12.665375,-0.14874554,-2.808595
436,1986-05-15,348.32,14.79647916,57.81842,0.633730715,14.6874532,14.47190278,14.6288852,14.83585637,14.18952363,0.16759396,0.60695553,59.97297,57.13389,56.09697,66.952865,47.12371,1.72145,10.69471,-0.16794873,-0.714036
437,1986-06-15,347.76,14.61777489,58.598495,0.625122507,14.65307515,14.51992886,14.59937279,14.81643098,14.32254307,0.0184021,0.29523182,59.34746,57.439536,56.50897,67.43305,49.26272,2.089525,9.335775,-0.0788517,-2.44191
438,1986-07-15,346.29,14.61721699,56.29286,0.602459841,14.76596253,14.63353055,14.53006928,14.82412045,14.40882673,0.08714771,0.20839026,59.101455,58.825576,55.93048,65.74939,48.0058,0.36238,8.28706,-0.1454153,-0.551604
439,1986-08-15,344.92,14.62853043,57.104384,0.581252076,14.79647916,14.6874532,14.6715812,14.82955258,14.31239598,-0.04305077,0.31613445,57.81842,59.97297,54.23731,66.554175,46.09155,2.867074,11.012834,-0.06406784,-1.73365
440,1986-09-15,344.86,14.53892319,56.156585,0.580321344,14.61777489,14.65307515,14.54500383,14.72983735,14.36865323,-0.00608064,0.17026996,58.598495,59.34746,54.99428,65.49738,47.431975,1.162305,8.72461,0.07973099,0.414645
441,1986-10-15,346.03,14.47180169,55.741256,0.598441468,14.61721699,14.76596253,14.41887563,14.6468467,14.00584023,0.05292606,0.46596146,56.29286,59.101455,55.76441,67.63923,47.07502,-0.023154,8.666236,0.26124859,2.677094
442,1986-11-15,347.3,14.56446259,55.370734,0.618041103,14.62853043,14.79647916,14.47190278,14.64073556,14.24603837,0.09255981,0.31842422,57.104384,57.81842,57.13389,66.690925,49.88979,-1.763156,5.480944,0.2120924,5.744006
443,1986-12-15,347.76,14.61865418,56.57123,0.625122507,14.53892319,14.61777489,14.51992886,14.83107941,14.399311,0.09872532,0.21934318,56.156585,58.598495,57.439536,65.20894,50.164214,-0.868306,6.407016,-0.03411675,2.30678
444,1987-01-15,348.01,14.73305028,58.41835,0.628967169,14.47180169,14.61721699,14.63353055,14.48910039,14.52848237,0.09951973,0.20456791,55.741256,56.29286,58.825576,61.396155,48.75442,-0.407226,9.66393,-0.00138283,-1.15457
445,1987-02-15,348.56,14.77655499,61.11474,0.637415711,14.56446259,14.62853043,14.6874532,14.57771867,14.47982303,0.08910179,0.29673196,55.370734,57.104384,59.97297,60.32455,46.04911,1.14177,15.06563,0.01650238,-2.39219
446,1987-03-15,349.28,14.58453743,58.87801,0.648455495,14.61865418,14.53892319,14.65307515,14.42861553,14.48881047,-0.06853772,0.09572696,56.57123,56.156585,59.34746,59.033164,44.258605,-0.46945,14.619405,0.29000092,1.418956
447,1987-04-15,349.98,14.73166745,57.26378,0.659166822,14.73305028,14.47180169,14.76596253,14.52813903,14.55689328,-0.03429508,0.17477417,58.41835,55.741256,59.101455,56.55514,42.024985,-1.837675,15.238795,0.24492168,4.18743
448,1987-05-15,350.26,14.79305737,58.72255,0.663445355,14.77655499,14.56446259,14.79647916,14.69379895,14.65089505,-0.00342179,0.14216232,61.11474,55.370734,57.81842,56.113425,42.582946,0.90413,16.139604,0.00188351,-2.565965
449,1987-06-15,349.46,14.87453835,60.296966,0.651211885,14.58453743,14.61865418,14.61777489,14.64566796,14.67765038,0.25676346,0.19688797,58.87801,56.57123,58.598495,54.90035,43.097785,1.698471,17.199181,-0.03276157,-5.987146
450,1987-07-15,347.84,14.97658913,61.45121,0.626353099,14.73166745,14.73305028,14.61721699,14.72767441,14.62561123,0.35937214,0.3509779,57.26378,58.41835,56.29286,53.877685,44.15133,5.15835,17.29988,-0.25714016,-8.55401
451,1987-08-15,346.61,14.79494088,56.156585,0.607401391,14.79305737,14.77655499,14.62853043,14.61193459,14.59903423,0.16641045,0.19590665,58.72255,61.11474,57.104384,55.25953,44.79165,-0.947799,11.364935,-0.10234451,1.393655
452,1987-09-15,346.7,14.84177678,54.30982,0.60879038,14.87453835,14.58453743,14.53892319,14.60029786,14.42044153,0.30285359,0.42133525,60.296966,58.87801,56.156585,59.31457,45.79617,-1.846765,8.51365,0.0980854,6.75134
453,1987-10-15,347.97,14.71944897,52.8972,0.628352208,14.97658913,14.73166745,14.47180169,14.54567713,14.34933179,0.24764728,0.37011718,61.45121,57.26378,55.741256,64.89328,46.51791,-2.844056,6.37929,0.21563244,7.610764
454,1987-11-15,349.25,14.69259637,57.55024,0.647995958,14.79494088,14.79305737,14.56446259,14.54500383,14.58254426,0.12813378,0.11005211,56.156585,58.72255,55.370734,67.51424,48.60857,2.179506,8.94167,0.04002476,4.23615
455,1987-12-15,350.21,14.93986218,61.06116,0.662681582,14.84177678,14.87453835,14.61865418,14.83272259,14.52425283,0.321208,0.41560935,54.30982,60.296966,56.57123,68.07847,51.38144,4.48993,9.67972,-0.06597519,-1.29354
456,1988-01-15,350.91,14.93508141,60.507964,0.673364493,14.71944897,14.97658913,14.73305028,14.91479676,14.51060479,0.20203113,0.42447662,52.8972,61.45121,58.41835,69.83621,53.936126,2.089614,6.571838,-0.05815792,0.891136
457,1988-02-15,351.47,14.73262113,61.78639,0.68189549,14.69259637,14.79494088,14.77655499,14.87265198,14.48237317,-0.04393386,0.25024796,57.55024,56.156585,61.11474,69.14403,57.67787,0.67165,4.10852,0.23074436,-0.26981
458,1988-03-15,351.85,14.87388699,59.76762,0.687676642,14.93986218,14.84177678,14.58453743,14.87764352,14.49295228,0.28934956,0.38093471,61.06116,54.30982,58.87801,70.761115,56.6675,0.88961,3.10012,0.03508187,3.30267
459,1988-04-15,352.3,14.87692349,61.3991,0.694514675,14.93508141,14.71944897,14.73166745,14.78915493,14.51423163,0.14525604,0.36269186,60.507964,52.8972,57.26378,73.89519,56.35443,4.13532,5.04467,-0.00841999,1.865204
460,1988-05-15,352.46,14.96336549,61.51658,0.696943871,14.73262113,14.69259637,14.79305737,14.93251317,14.57404893,0.17030812,0.38931656,61.78639,57.55024,58.72255,77.08853,52.66107,2.79403,8.85551,-0.06412316,3.2777
461,1988-06-15,351.76,14.90896886,63.07029,0.686307986,14.87388699,14.93986218,14.87453835,14.79994385,14.44014638,0.03443051,0.46882248,59.76762,61.06116,60.296966,75.620463,51.17633,2.773324,11.89396,-0.03040123,3.29223
462,1988-07-15,350.28,14.8685035,63.264304,0.663750834,14.87692349,14.93508141,14.97658913,14.74918359,14.57739728,-0.10808563,0.29110622,61.3991,60.507964,61.45121,71.40705,49.77951,1.813094,13.484794,-0.15437221,3.770176
463,1988-08-15,349.1,14.89924233,64.79428,0.645697684,14.96336549,14.73262113,14.79494088,14.81604283,14.34368508,0.10430145,0.55555725,61.51658,61.78639,56.156585,63.76304,51.29631,8.637695,13.49797,-0.4023714,-0.10571
464,1988-09-15,349.27,14.87856763,66.36252,0.64830232,14.90896886,14.87388699,14.84177678,14.86890691,14.38113683,0.03679085,0.4974308,63.07029,59.76762,54.30982,62.9429,51.59615,12.0527,14.76637,-0.18237687,-6.12971
465,1988-10-15,350.44,14.71413129,67.03448,0.666194035,14.8685035,14.87692349,14.71944897,14.59032529,14.37010183,-0.00531768,0.34402946,63.264304,61.3991,52.8972,59.97777,51.90438,14.13728,15.1301,-0.24411106,-6.75897
466,1988-11-15,351.61,14.49687093,64.68857,0.684026115,14.89924233,14.96336549,14.69259637,14.7117204,14.53875343,-0.19572544,-0.0418825,64.79428,61.51658,57.55024,62.78521,47.388656,7.13833,17.299914,0.23215007,-3.063685
467,1988-12-15,352.46,14.69619076,60.23281,0.696943871,14.87856763,14.90896886,14.93986218,14.64184087,14.55113783,-0.24367142,0.14505293,66.36252,63.07029,61.06116,60.74435,44.48269,-0.82835,15.75012,0.01237679,7.00072
468,1989-01-15,353.01,14.47002023,60.27551,0.705285829,14.71413129,14.8685035,14.93508141,14.66405099,14.64425748,-0.46506118,-0.17423725,67.03448,63.264304,60.507964,62.16959,41.59114,-0.232454,18.68437,0.2809124,7.75733
469,1989-02-15,353.46,14.729021,61.624885,0.712101406,14.49687093,14.89924233,14.73262113,14.50812237,14.37806793,-0.00360013,0.35095307,64.68857,64.79428,61.78639,63.31174,42.733504,-0.161505,18.891381,-0.07051849,6.88182
470,1989-03-15,354.01,14.70856755,67.23353,0.720419782,14.69619076,14.87856763,14.87388699,14.6731252,14.57940095,-0.16531944,0.1291666,60.23281,66.36252,59.76762,66.59885,43.81256,7.46591,23.42097,-0.04903412,-0.63219
471,1989-04-15,354.38,14.75093263,68.03284,0.726008511,14.47002023,14.71413129,14.87692349,14.59682076,14.55735583,-0.12599086,0.1935768,60.27551,67.03448,61.3991,67.47002,43.5797,6.63374,24.45314,0.07713985,-1.12616
472,1989-05-15,354.19,14.65850251,68.506705,0.723139352,14.729021,14.49687093,14.96336549,14.85093396,14.61905091,-0.30486298,0.0394516,61.624885,64.68857,61.51658,68.46626,42.09125,6.990125,26.415455,0.08565807,0.123625
473,1989-06-15,353.27,14.65953343,66.60134,0.709224777,14.70856755,14.69619076,14.90896886,14.55990117,14.63398831,-0.24943543,0.02554512,67.23353,60.23281,63.07029,70.635665,42.56223,3.53105,24.03911,0.12340355,3.36833
474,1989-07-15,351.56,14.82807248,66.90668,0.683265275,14.75093263,14.47002023,14.8685035,14.53385918,14.56813901,-0.04043102,0.25993347,68.03284,60.27551,63.264304,70.198585,44.91858,3.642376,21.9881,-0.13724899,3.35805
475,1989-08-15,350.21,14.74416058,68.63033,0.662681582,14.65850251,14.729021,14.89924233,14.62724773,14.65633481,-0.15508175,0.08782577,68.506705,61.624885,64.79428,71.585494,49.693915,3.83605,18.936415,-0.16835595,2.12646
476,1989-09-15,350.56,14.78293698,69.96967,0.668025704,14.65953343,14.70856755,14.87856763,14.57978051,14.68951503,-0.09563065,0.09342195,66.60134,67.23353,66.36252,69.43963,52.34029,3.60715,17.62938,0.04298115,-0.92495
477,1989-10-15,351.85,14.69082349,70.26473,0.687676642,14.82807248,14.75093263,14.71413129,14.54368963,14.70108979,-0.0233078,-0.0102663,66.90668,68.03284,67.03448,68.532455,54.75604,3.23025,15.50869,0.14521884,-2.32534
478,1989-11-15,353.04,14.57580463,70.75679,0.705740471,14.74416058,14.65850251,14.49687093,14.41312783,14.68143743,0.0789337,-0.1056328,68.63033,68.506705,64.68857,65.214965,52.463386,6.06822,18.293404,0.21506024,-5.82164
479,1989-12-15,353.91,14.82591813,69.04472,0.718908311,14.78293698,14.65953343,14.69619076,14.46251576,14.93366425,0.12972737,-0.10774612,69.96967,66.60134,60.23281,63.24494,54.582755,8.81191,14.461965,0.31277275,-5.21133
480,1990-01-15,354.48,14.83604233,67.93939,0.727517977,14.69082349,14.82807248,14.47002023,14.64364808,14.76679223,0.3660221,0.0692501,70.26473,66.90668,60.27551,59.26037,54.4589,7.66388,13.48049,0.17736149,-3.502684
481,1990-02-15,354.87,14.79086487,64.93515,0.733400828,14.57580463,14.74416058,14.729021,14.37103646,14.81735413,0.06184387,-0.02648926,70.75679,68.63033,61.624885,60.097495,55.523505,3.310265,9.411645,0.25834561,-0.54893
482,1990-03-15,355.2,15.13869088,63.83339,0.738373578,14.82591813,14.78293698,14.70856755,14.53516667,14.7890672,0.43012333,0.34962368,69.04472,69.96967,67.23353,57.93407,53.509215,-3.40014,10.324175,-0.25730991,4.72335
483,1990-04-15,355.51,15.01340382,64.436706,0.743040742,14.83604233,14.69082349,14.75093263,14.59321015,14.88180344,0.26247119,0.13160038,67.93939,70.26473,68.03284,57.88811,53.85686,-3.596134,10.579846,-0.02569484,4.024398
484,1990-05-15,355.41,15.04921048,64.38622,0.74153565,14.79086487,14.57580463,14.65850251,14.6288852,14.97452157,0.39070797,0.07468891,64.93515,70.75679,68.506705,56.09697,53.493255,-4.120485,10.892965,-0.14955711,7.699816
485,1990-06-15,354.32,14.88138097,68.55674,0.725102627,15.13869088,14.82591813,14.65953343,14.59937279,14.81199639,0.22184754,0.06938458,63.83339,69.04472,66.60134,56.50897,52.938346,1.9554,15.618394,-0.04608155,3.60713
486,1990-07-15,352.7,14.98770898,68.461104,0.700585598,15.01340382,14.83604233,14.82807248,14.53006928,14.85633271,0.1596365,0.13137627,64.436706,67.93939,66.90668,55.93048,50.467826,1.554424,17.993278,-0.08030701,4.739003
487,1990-08-15,351.58,14.89965337,72.086036,0.683569624,15.04921048,14.79086487,14.74416058,14.6715812,14.78137295,0.15549279,0.11828042,64.38622,64.93515,68.63033,54.23731,48.66318,3.455706,23.422856,0.04569625,1.755604
488,1990-09-15,351.79,14.83529942,72.16387,0.686764244,14.88138097,15.13869088,14.78293698,14.54500383,14.69809811,0.05236244,0.13720131,68.55674,63.83339,69.96967,54.99428,48.668624,2.1942,23.495246,0.08097267,-1.013724
489,1990-10-15,353.19,14.90740197,73.200107,0.708013102,14.98770898,15.01340382,14.69082349,14.41887563,14.60997861,0.21657848,0.29742336,68.461104,64.436706,70.26473,55.76441,50.4742,2.935377,22.725907,-0.00708008,-0.562727
490,1990-11-15,354.45,14.94534962,73.84164,0.727065182,14.89965337,15.04921048,14.57580463,14.47190278,14.6364116,0.36954499,0.30893802,72.086036,64.38622,70.75679,57.13389,55.601585,3.08485,18.240055,-0.00216579,-0.95901
491,1990-12-15,355.19,14.91627209,71.150146,0.738222956,14.83529942,14.88138097,14.82591813,14.51992886,14.59334176,0.09035396,0.32293033,72.16387,68.55674,69.04472,57.439536,59.75701,2.105426,11.393136,-0.1032505,2.611284
492,1991-01-15,355.76,14.90032189,72.63738,0.746801621,14.90740197,14.98770898,14.83604233,14.63353055,14.89225571,0.06427956,0.00806618,73.200107,68.461104,67.93939,58.825576,61.78662,4.69799,10.85076,0.04278946,-2.30414
493,1991-02-15,356.19,14.94318383,72.88263,0.753264154,14.94534962,14.89965337,14.79086487,14.6874532,14.81618016,0.15231896,0.12700367,73.84164,72.086036,64.93515,59.97297,62.87613,7.94748,10.0065,-0.05410862,-4.73463
494,1991-03-15,356.69,14.81302159,73.76143,0.760768924,14.91627209,14.83529942,15.13869088,14.65307515,14.90219968,-0.32566929,-0.08917809,71.150146,72.16387,63.83339,59.34746,64.641036,9.92804,9.120394,0.28063393,-6.057245
495,1991-04-15,357.2,14.94311135,70.33324,0.768412961,14.90032189,14.90740197,15.01340382,14.76596253,14.85270398,-0.07029247,0.09040737,72.63738,73.200107,64.436706,59.101455,65.62232,5.896534,4.71092,0.07482529,-0.796284
496,1991-05-15,357.11,14.88907521,68.148,0.767064806,14.94318383,14.94534962,15.04921048,14.79647916,14.83585637,-0.16013527,0.05321884,72.88263,73.84164,64.38622,57.81842,66.952865,3.76178,1.195135,0.03696823,3.82929
497,1991-06-15,356.18,15.09365552,67.704185,0.753113951,14.81302159,14.91627209,14.88138097,14.61777489,14.81643098,0.21227455,0.27722454,73.76143,71.150146,68.55674,58.598495,67.43305,-0.852555,0.271135,-0.2296505,5.123981
498,1991-07-15,354.53,15.01793664,69.536956,0.728272551,14.94311135,14.90032189,14.98770898,14.61721699,14.82412045,0.03022766,0.19381619,70.33324,72.63738,68.461104,56.29286,65.74939,1.075852,3.787566,-0.30059147,4.197449
499,1991-08-15,353.06,14.92604344,71.97729,0.706043544,14.88907521,14.94318383,14.89965337,14.62853043,14.82955258,0.02639007,0.09649086,68.148,72.88263,72.086036,57.104384,66.554175,-0.108746,5.423115,-0.21847534,2.291016
500,1991-09-15,352.93,14.86400502,72.828166,0.704073261,15.09365552,14.81302159,14.83529942,14.53892319,14.72983735,0.0287056,0.13416767,67.704185,73.76143,72.16387,56.156585,65.49738,0.664296,7.330786,-0.13513851,0.986394
501,1991-10-15,354.01,14.71734517,73.734405,0.720419782,15.01793664,14.94311135,14.90740197,14.47180169,14.6468467,-0.1900568,0.07049847,69.536956,70.33324,73.200107,55.741256,67.63923,0.534298,6.095175,0.13851547,2.636459
502,1991-11-15,355.16,14.7075681,74.268306,0.737771067,14.92604344,14.88907521,14.94534962,14.56446259,14.64073556,-0.23778152,0.06683254,71.97729,68.148,73.84164,55.370734,66.690925,0.426666,7.577381,0.10753823,4.092338
503,1991-12-15,355.95,14.72886651,73.81456,0.749658121,14.86400502,15.09365552,14.91627209,14.61865418,14.83107941,-0.18740558,-0.1022129,72.828166,67.704185,71.150146,56.57123,65.20894,2.664414,8.60562,0.08989811,3.078452
504,1992-01-15,356.54,14.85586064,76.370864,0.758518598,14.71734517,15.01793664,14.90032189,14.73305028,14.48910039,-0.04446125,0.36676025,73.734405,69.536956,72.63738,58.41835,61.396155,3.733484,14.974709,-0.20955371,-0.619224
505,1992-02-15,356.89,14.81510633,78.360644,0.763767888,14.7075681,14.92604344,14.94318383,14.77655499,14.57771867,-0.1280775,0.23738766,74.268306,71.97729,72.88263,61.11474,60.32455,5.478014,18.036094,-0.08794595,-5.606338
506,1992-03-15,357.26,14.81876462,76.893012,0.769311541,14.72886651,14.86400502,14.81302159,14.58453743,14.42861553,0.00574303,0.39014909,73.81456,72.828166,73.76143,58.87801,59.033164,3.131582,17.859848,-0.07566739,-3.493042
507,1992-04-15,357.76,14.64630693,75.75164,0.776793851,14.85586064,14.71734517,14.94311135,14.73166745,14.52813903,-0.29680442,0.1181679,76.370864,73.734405,70.33324,57.26378,56.55514,5.4184,19.1965,-0.04232884,-4.034485
508,1992-05-15,357.83,14.72716038,72.754306,0.777840539,14.81510633,14.7075681,14.88907521,14.79305737,14.69379895,-0.16191483,0.03336143,78.360644,74.268306,68.148,58.72255,56.113425,4.606306,16.640881,-0.14966487,-0.985686
509,1992-06-15,356.87,14.74309723,73.39997,0.763468067,14.81876462,14.72886651,15.09365552,14.87453835,14.64566796,-0.35055829,0.09742927,76.893012,73.81456,67.704185,60.296966,54.90035,5.695785,18.49962,-0.286355,-0.57436
510,1992-07-15,355.19,14.60397809,71.717155,0.738222956,14.64630693,14.85586064,15.01793664,14.97658913,14.72767441,-0.41395855,-0.12369632,75.75164,76.370864,69.536956,61.45121,53.877685,2.180199,17.83947,-0.13977336,4.433872
511,1992-08-15,353.66,14.57749551,71.76862,0.715127766,14.72716038,14.81510633,14.92604344,14.79494088,14.61193459,-0.34854793,-0.03443908,72.754306,78.360644,71.97729,56.156585,55.25953,-0.20867,16.50909,-0.12948988,3.44342
512,1992-09-15,353.58,14.45674223,72.82561,0.713917428,14.74309723,14.81876462,14.86400502,14.84177678,14.60029786,-0.40726279,-0.14355563,73.39997,76.893012,72.828166,54.30982,59.31457,-0.002556,13.51104,0.14577674,1.128342
513,1992-10-15,354.81,14.46420473,76.151027,0.732496195,14.60397809,14.64630693,14.71734517,14.71944897,14.54567713,-0.25314044,-0.0814724,71.717155,75.75164,73.734405,52.8972,64.89328,2.416622,11.257747,0.29428576,-4.195217
514,1992-11-15,355.99,14.44800563,75.21204,0.750259295,14.57749551,14.72716038,14.7075681,14.69259637,14.54500383,-0.25956247,-0.0969982,71.76862,72.754306,74.268306,57.55024,67.51424,0.943734,7.6978,0.30932996,-2.210328
515,1992-12-15,356.74,14.60251897,73.953952,0.761518823,14.45674223,14.74309723,14.72886651,14.93986218,14.83272259,-0.12634754,-0.23020362,72.82561,73.39997,73.81456,61.06116,68.07847,0.139392,5.875482,0.09968756,0.727512
516,1993-01-15,357.2,14.75849049,71.95581,0.768412961,14.46420473,14.60397809,14.85586064,14.93508141,14.91479676,-0.09737015,-0.15630627,76.151027,71.717155,76.370864,60.507964,69.83621,-4.415054,2.1196,-0.01859474,4.853492
517,1993-02-15,357.54,14.75733559,73.001712,0.773502924,14.44800563,14.57749551,14.81510633,14.73262113,14.87265198,-0.05777074,-0.11531639,75.21204,71.76862,78.360644,61.78639,69.14403,-5.358932,3.857682,0.01320076,4.186966
518,1993-03-15,357.94,14.70220653,74.681464,0.779484922,14.60251897,14.45674223,14.81876462,14.87388699,14.87764352,-0.11655809,-0.17543699,73.953952,72.82561,76.893012,59.76762,70.761115,-2.211548,3.920349,0.06094648,-1.584427
519,1993-04-15,358.41,14.73989575,76.809302,0.786505235,14.75849049,14.46420473,14.64630693,14.87692349,14.78915493,0.09358882,-0.04925918,71.95581,76.151027,75.75164,61.3991,73.89519,1.057662,2.914112,-0.02467632,-7.205142
520,1993-05-15,358.38,14.77053635,77.188678,0.786057405,14.75733559,14.44800563,14.72716038,14.96336549,14.93251317,0.04337597,-0.16197682,73.001712,75.21204,72.754306,61.51658,77.08853,4.434372,0.100148,-0.0893383,-10.680868
521,1993-06-15,357.34,14.76315301,73.097037,0.770509414,14.70220653,14.60251897,14.74309723,14.90896886,14.79994385,0.02005578,-0.03679084,74.681464,73.953952,73.39997,63.07029,75.620463,-0.302933,-2.523426,-0.21392823,-9.705887
522,1993-07-15,355.7,14.71521943,69.60416,0.745899251,14.73989575,14.75849049,14.60397809,14.8685035,14.74918359,0.11124134,-0.03396416,76.809302,71.95581,71.717155,63.264304,71.40705,-2.112995,-1.80289,-0.07983208,-4.953
523,1993-08-15,354.41,14.68119805,66.50781,0.726461396,14.77053635,14.75733559,14.57749551,14.89924233,14.81604283,0.10370254,-0.13484478,77.188678,73.001712,71.76862,64.79428,63.76304,-5.26081,2.74477,-0.15787506,-3.08568
524,1993-09-15,354.47,14.54922478,63.39115,0.72736705,14.76315301,14.70220653,14.45674223,14.87856763,14.86890691,0.09248255,-0.31968213,73.097037,74.681464,72.82561,66.36252,62.9429,-9.43446,0.44825,0.16374588,4.50422
525,1993-10-15,355.72,14.63538735,64.65116,0.746200058,14.71521943,14.73989575,14.46420473,14.71413129,14.59032529,0.17118262,0.04506206,69.60416,76.809302,76.151027,67.03448,59.97777,-11.499867,4.67339,0.03513813,6.74461
526,1993-11-15,356.96,14.52332299,63.42213,0.764817128,14.68119805,14.77053635,14.44800563,14.49687093,14.7117204,0.07531736,-0.18839741,66.50781,77.188678,75.21204,64.68857,62.78521,-11.78991,0.63692,-0.09375666,7.76382
527,1993-12-15,357.87,14.71297066,67.89537,0.778438555,14.54922478,14.76315301,14.60251897,14.69619076,14.64184087,0.11045169,0.07112979,63.39115,73.097037,73.953952,60.23281,60.74435,-6.058582,7.15102,-0.06550788,4.774353
528,1994-01-15,358.48,14.67052548,71.39577,0.787550025,14.63538735,14.71521943,14.75849049,14.47002023,14.66405099,-0.08796501,0.00647449,64.65116,69.60416,71.95581,60.27551,62.16959,-0.56004,9.22618,0.11480427,-0.21771
529,1994-02-15,359,14.42956633,71.18595,0.795304947,14.52332299,14.68119805,14.75733559,14.729021,14.50812237,-0.32776926,-0.07855604,63.42213,66.50781,73.001712,61.624885,63.31174,-1.815762,7.87421,0.28777025,2.425145
530,1994-03-15,359.36,14.64746278,72.669723,0.800667161,14.71297066,14.54922478,14.70220653,14.70856755,14.6731252,-0.05474375,-0.02566242,67.89537,63.39115,74.681464,67.23353,66.59885,-2.011741,6.070873,0.16430759,0.201954
531,1994-04-15,359.71,14.78532975,71.17806,0.805875278,14.67052548,14.63538735,14.73989575,14.75093263,14.59682076,0.045434,0.18850899,71.39577,64.65116,76.809302,68.03284,67.47002,-5.631242,3.70804,0.00518703,4.57061
532,1994-05-15,359.74,14.71733658,73.611095,0.806321452,14.42956633,14.52332299,14.77053635,14.65850251,14.85093396,-0.05319977,-0.13359738,71.18595,63.42213,77.188678,68.506705,68.46626,-3.577583,5.144835,-0.0360279,1.524505
533,1994-06-15,358.8,14.81177037,72.871677,0.792323615,14.64746278,14.71297066,14.76315301,14.65953343,14.55990117,0.04861736,0.2518692,72.669723,67.89537,73.097037,66.60134,70.635665,-0.22536,2.236012,0.01538181,2.230753
534,1994-07-15,357.27,14.79051678,75.74867,0.76946129,14.78532975,14.67052548,14.71521943,14.82807248,14.53385918,0.07529735,0.2566576,71.17806,71.39577,69.60416,66.90668,70.198585,6.14451,5.550085,-0.01688765,-0.922068
535,1994-08-15,356.06,14.68130868,75.1356,0.751311188,14.71733658,14.42956633,14.68119805,14.74416058,14.62724773,0.00011063,0.05406095,73.611095,71.18595,66.50781,68.63033,71.585494,8.62779,3.550106,0.13508892,-2.152096
536,1994-09-15,356.02,14.82715218,75.10243,0.750710132,14.81177037,14.64746278,14.54922478,14.78293698,14.57978051,0.2779274,0.24737167,72.871677,72.669723,63.39115,69.96967,69.43963,11.71128,5.6628,-0.03333378,0.04159
537,1994-10-15,357.27,14.77362913,74.826602,0.76946129,14.79051678,14.78532975,14.63538735,14.69082349,14.54368963,0.13824178,0.2299395,75.74867,71.17806,64.65116,70.26473,68.532455,10.175442,6.294147,0.16339682,1.293442
538,1994-11-15,358.69,14.8163976,72.983504,0.790683174,14.68130868,14.71733658,14.52332299,14.57580463,14.41312783,0.29307461,0.40326977,75.1356,73.611095,63.42213,70.75679,65.214965,9.561374,7.768539,0.31480503,4.303852
539,1994-12-15,359.55,14.7938184,75.14402,0.803495054,14.82715218,14.81177037,14.71297066,14.82591813,14.46251576,0.08084774,0.33130264,75.10243,72.871677,67.89537,69.04472,63.24494,7.24865,11.89908,0.03630543,3.42747
540,1995-01-15,360.13,14.93702595,76.120044,0.812118332,14.77362913,14.79051678,14.67052548,14.83604233,14.64364808,0.26650047,0.29337787,74.826602,75.74867,71.39577,67.93939,59.26037,4.724274,16.859674,0.00949669,0.700096
541,1995-02-15,360.62,15.13120263,77.287356,0.8193927,14.8163976,14.68130868,14.42956633,14.79086487,14.37103646,0.7016363,0.76016617,72.983504,75.1356,71.18595,64.93515,60.097495,6.101406,17.189861,-0.30056954,-0.842781
542,1995-03-15,361.08,14.83012383,78.57149,0.82621271,14.7938184,14.82715218,14.64746278,15.13869088,14.53516667,0.18266105,0.29495716,75.14402,75.10243,72.669723,63.83339,57.93407,5.901767,20.63742,0.1495533,-2.908947
543,1995-04-15,361.55,14.94652264,76.82014,0.833172012,14.93702595,14.77362913,14.78532975,15.01340382,14.59321015,0.16119289,0.35331249,76.120044,74.826602,71.17806,64.436706,57.88811,5.64208,18.93203,0.01471424,0.750893
544,1995-05-15,361.47,14.83063309,76.444575,0.831988089,15.13120263,14.8163976,14.71733658,15.04921048,14.6288852,0.11329651,0.20174789,77.287356,72.983504,73.611095,64.38622,56.09697,2.83348,20.347605,0.12809372,1.24857
545,1995-06-15,360.62,14.97967713,75.662543,0.8193927,14.83012383,14.7938184,14.81177037,14.88138097,14.59937279,0.16790676,0.38030434,78.57149,75.14402,72.871677,68.55674,56.50897,2.790866,19.153573,-0.11443615,3.825505
546,1995-07-15,359,14.96123688,77.571033,0.795304947,14.94652264,14.93702595,14.79051678,14.98770898,14.53006928,0.1707201,0.4311676,76.82014,76.120044,75.74867,68.461104,55.93048,1.822363,21.640553,-0.09051799,3.16423
547,1995-08-15,357.74,14.95872681,77.693145,0.776494759,14.83063309,15.13120263,14.68130868,14.89965337,14.6715812,0.27741813,0.28714561,76.444575,77.287356,75.1356,72.086036,54.23731,2.557545,23.455835,-0.11711883,4.998527
548,1995-09-15,358.06,14.86524098,79.488048,0.781278219,14.97967713,14.83012383,14.82715218,14.83529942,14.54500383,0.0380888,0.32023715,75.662543,78.57149,75.10243,72.16387,54.99428,4.385618,24.493768,-0.13989545,6.475856
549,1995-10-15,359.43,14.87071889,80.735263,0.80170919,14.96123688,14.94652264,14.77362913,14.90740197,14.41887563,0.09708976,0.45184326,77.571033,76.82014,74.826602,73.200107,55.76441,5.908661,24.970853,-0.16410066,4.350212
550,1995-11-15,360.77,14.84160798,82.691672,0.821617572,14.95872681,14.83063309,14.8163976,14.94534962,14.47190278,0.02521038,0.3697052,77.693145,76.444575,72.983504,73.84164,57.13389,9.708168,25.557782,0.00217533,2.152142
551,1995-12-15,361.65,14.72534553,85.963904,0.834651548,14.86524098,14.97967713,14.7938184,14.91627209,14.51992886,-0.06847287,0.20541667,79.488048,75.662543,75.14402,71.150146,57.439536,10.819884,28.524368,0.03015615,-6.656424
552,1996-01-15,362.14,14.70661823,85.085475,0.841895362,14.87071889,14.96123688,14.93702595,14.90032189,14.63353055,-0.23040772,0.07308768,80.735263,77.571033,76.120044,72.63738,58.825576,8.965431,26.259899,0.0147629,-8.309085
553,1996-02-15,362.5,14.84378331,84.843814,0.847211106,14.84160798,14.95872681,15.13120263,14.94318383,14.6874532,-0.28741932,0.15633011,82.691672,77.693145,77.287356,72.88263,59.97297,7.556458,24.870844,-0.1451931,-8.779974
554,1996-03-15,362.82,14.75550168,79.30748,0.851931781,14.72534553,14.86524098,14.83012383,14.81302159,14.65307515,-0.07462215,0.10242653,85.963904,79.488048,78.57149,73.76143,59.34746,0.73599,19.96002,-0.00552559,-3.494638
555,1996-04-15,363.14,14.72138113,76.77639,0.856648295,14.70661823,14.87071889,14.94652264,14.94311135,14.76596253,-0.22514151,-0.0445814,85.085475,80.735263,76.82014,70.33324,59.101455,-0.04375,17.674935,0.13734149,5.04208
556,1996-05-15,363.29,14.69859021,76.06384,0.85885773,14.84378331,14.84160798,14.83063309,14.88907521,14.79647916,-0.13204288,-0.09788895,84.843814,82.691672,76.444575,68.148,57.81842,-0.380735,18.24542,0.25549412,8.11252
557,1996-06-15,362.88,14.74997609,75.812842,0.852816444,14.75550168,14.72534553,14.97967713,15.09365552,14.61777489,-0.22970104,0.1322012,79.30748,85.963904,75.662543,67.704185,58.598495,0.150299,17.214347,-0.01165772,13.928532
558,1996-07-15,361.57,14.85872262,81.81847,0.833467952,14.72138113,14.70661823,14.96123688,15.01793664,14.61721699,-0.10251426,0.24150563,76.77639,85.085475,77.571033,69.536956,56.29286,4.247437,25.52561,-0.23341369,5.24729
559,1996-08-15,360.07,14.95408433,84.17636,0.811226913,14.69859021,14.84378331,14.95872681,14.92604344,14.62853043,-0.00464248,0.3255539,76.06384,84.843814,77.693145,71.97729,57.104384,6.483215,27.071976,-0.10774994,1.21471
560,1996-09-15,359.7,14.73831837,89.741374,0.805726545,14.74997609,14.75550168,14.86524098,14.86400502,14.53892319,-0.12692261,0.19939518,75.812842,79.30748,79.488048,72.828166,56.156585,10.253326,33.584789,0.08156491,-6.18037
561,1996-10-15,360.67,14.62530893,87.06576,0.820134427,14.85872262,14.72138113,14.87071889,14.71734517,14.47180169,-0.24540996,0.15350724,81.81847,76.77639,80.735263,73.734405,55.741256,6.330497,31.324504,0.0715189,-0.98581
562,1996-11-15,361.78,14.84633439,85.39107,0.836574332,14.95408433,14.69859021,14.84160798,14.7075681,14.56446259,0.00472641,0.2818718,84.17636,76.06384,82.691672,74.268306,55.370734,2.699398,30.020336,-0.09487629,3.256436
563,1996-12-15,362.63,14.81988328,83.561004,0.849129383,14.73831837,14.74997609,14.72534553,14.72886651,14.61865418,0.09453775,0.2012291,89.741374,75.812842,85.963904,73.81456,56.57123,-2.4029,26.989774,0.07578373,8.61092
564,1997-01-15,363.27,14.69682783,86.07995,0.858563191,14.62530893,14.85872262,14.70661823,14.85586064,14.73305028,-0.0097904,-0.03622245,87.06576,81.81847,85.085475,76.370864,58.41835,0.994475,27.6616,0.0410738,6.579442
565,1997-02-15,363.63,14.7514581,88.647506,0.863862408,14.84633439,14.95408433,14.84378331,14.81510633,14.77655499,-0.09232521,-0.02509689,85.39107,84.17636,84.843814,78.360644,61.11474,3.803692,27.532766,0.06192589,4.604614
566,1997-03-15,364.02,14.89566701,92.171924,0.869597308,14.81988328,14.73831837,14.75550168,14.81876462,14.58453743,0.14016533,0.31112958,83.561004,89.741374,79.30748,76.893012,58.87801,12.864444,33.293914,0.0900526,0.836906
567,1997-04-15,364.5,14.73790163,92.659392,0.876647219,14.69682783,14.62530893,14.72138113,14.64630693,14.73166745,0.0165205,0.00623418,86.07995,87.06576,76.77639,75.75164,57.26378,15.883002,35.395612,0.15518187,-4.191222
568,1997-05-15,364.5,14.81338399,93.25212,0.876647219,14.7514581,14.84633439,14.69859021,14.72716038,14.79305737,0.11479378,0.02032662,88.647506,85.39107,76.06384,72.754306,58.72255,17.18828,34.52957,0.11822891,-5.003418
569,1997-06-15,363.58,14.98571961,93.00883,0.863126719,14.89566701,14.81988328,14.74997609,14.74309723,14.87453835,0.23574352,0.11118126,92.171924,83.561004,75.812842,73.39997,60.296966,17.195988,32.711864,0.01547623,-5.858337
570,1997-07-15,361.93,14.8930835,88.46817,0.838792071,14.73790163,14.69682783,14.85872262,14.60397809,14.97658913,0.03436088,-0.08350563,92.659392,86.07995,81.81847,71.717155,61.45121,6.6497,27.01696,0.11967659,3.72273
571,1997-08-15,360.4,14.9316129,88.248702,0.816127881,14.81338399,14.7514581,14.95408433,14.57749551,14.79494088,-0.02247143,0.13667202,93.25212,88.647506,84.17636,71.76862,56.156585,4.072342,32.092117,0.11592102,3.673531
572,1997-09-15,360.4,15.00119584,87.150493,0.816127881,14.98571961,14.89566701,14.73831837,14.45674223,14.84177678,0.26287747,0.15941906,93.00883,92.171924,89.741374,72.82561,54.30982,-2.590881,32.840673,0.01674557,6.942437
573,1997-10-15,361.94,15.01276009,92.1909,0.838939888,14.8930835,14.73790163,14.62530893,14.46420473,14.71944897,0.38745116,0.29331112,88.46817,92.659392,87.06576,76.151027,52.8972,5.12514,39.2937,0.00540734,-1.439768
574,1997-11-15,363.61,15.04753392,91.922233,0.863568144,14.9316129,14.81338399,14.84633439,14.44800563,14.69259637,0.20119953,0.35493755,88.248702,93.25212,85.39107,75.21204,57.55024,6.531163,34.371993,0.17251778,-4.662155
575,1997-12-15,364.68,15.01794141,94.09293,0.879288542,15.00119584,14.98571961,14.81988328,14.60251897,14.93986218,0.19805813,0.07807923,87.150493,93.00883,83.561004,73.953952,61.06116,10.531926,33.03177,0.01258754,-10.7199
576,1998-01-15,365.19,15.01816743,90.751132,0.886765217,15.01276009,14.8930835,14.69682783,14.75849049,14.93508141,0.3213396,0.08308602,92.1909,88.46817,86.07995,71.95581,60.507964,4.671182,30.243168,0.16852474,-11.002182
577,1998-02-15,365.46,15.2200517,87.260078,0.890719231,15.04753392,14.9316129,14.7514581,14.75733559,14.73262113,0.4685936,0.48743057,91.922233,88.248702,88.647506,73.001712,61.78639,-1.387428,25.473688,0.02394676,-7.621808
578,1998-03-15,365.93,15.03052895,83.37303,0.89759518,15.01794141,15.00119584,14.89566701,14.70220653,14.87388699,0.13486194,0.15664196,94.09293,87.150493,92.171924,74.681464,59.76762,-8.798894,23.60541,0.21844006,-3.46294
579,1998-04-15,366.58,15.18669217,79.74895,0.907089934,15.01816743,15.01276009,14.73790163,14.73989575,14.87692349,0.44879054,0.30976868,90.751132,92.1909,92.659392,76.809302,61.3991,-12.910442,18.34985,0.00020885,2.359943
580,1998-05-15,366.86,15.24399846,79.63827,0.911174794,15.2200517,15.04753392,14.81338399,14.77053635,14.96336549,0.43061447,0.28063297,87.260078,91.922233,93.25212,77.188678,61.51658,-13.61385,18.12169,-0.03692913,3.50931
581,1998-06-15,366.26,15.24896901,79.91009,0.902417699,15.03052895,15.01794141,14.98571961,14.76315301,14.90896886,0.2632494,0.34000015,83.37303,94.09293,93.00883,73.097037,63.07029,-13.09874,16.8398,-0.23588753,5.40107
582,1998-07-15,364.83,15.18690102,82.108893,0.881488649,15.18669217,15.01816743,14.8930835,14.71521943,14.8685035,0.29381752,0.31839752,79.74895,90.751132,88.46817,69.60416,63.264304,-6.359277,18.844589,-0.29894066,1.318684
583,1998-08-15,363.79,15.20706933,83.14758,0.866215931,15.24399846,15.2200517,14.9316129,14.68119805,14.89924233,0.27545643,0.307827,79.63827,87.260078,88.248702,66.50781,64.79428,-5.101122,18.3533,-0.38030243,-1.607393
584,1998-09-15,364.03,15.01308148,85.31116,0.869744276,15.24896901,15.03052895,15.00119584,14.54922478,14.87856763,0.01188564,0.13451385,79.91009,83.37303,87.150493,63.39115,66.36252,-1.839333,18.94864,-0.03464031,-4.72423
585,1998-10-15,365.34,14.88796036,83.427577,0.888962252,15.18690102,15.18669217,15.01276009,14.63538735,14.71413129,-0.12479973,0.17382907,82.108893,79.74895,92.1909,64.65116,67.03448,-8.763323,16.393097,-0.04879474,0.491113
586,1998-11-15,366.6,14.8267669,81.540187,0.907381813,15.20706933,15.24399846,15.04753392,14.52332299,14.49687093,-0.22076702,0.32989597,83.14758,79.63827,91.922233,63.42213,64.68857,-10.382046,16.851617,0.19112205,6.073456
587,1998-12-15,367.47,14.97844117,80.58693,0.920063171,15.01308148,15.24896901,15.01794141,14.71297066,14.69619076,-0.03950024,0.28225041,85.31116,79.91009,94.09293,67.89537,60.23281,-13.506,20.35412,-0.30331803,11.43649
588,1999-01-15,368.11,14.83916562,83.91869,0.929372833,14.88796036,15.18690102,15.01816743,14.67052548,14.47002023,-0.17900181,0.36914539,83.427577,82.108893,90.751132,71.39577,60.27551,-6.832442,23.64318,-0.07681275,7.39027
589,1999-02-15,368.51,15.01788895,87.613643,0.935183157,14.8267669,15.20706933,15.2200517,14.42956633,14.729021,-0.20216275,0.28886795,81.540187,83.14758,87.260078,71.18595,61.624885,0.353565,25.988758,-0.24942398,4.742917
590,1999-03-15,368.91,14.67512314,92.02342,0.940987177,14.97844117,15.01308148,15.03052895,14.64746278,14.70856755,-0.35540581,-0.03344441,80.58693,85.31116,83.37303,72.669723,67.23353,8.65039,24.78989,0.15843297,-0.408045
591,1999-04-15,369.29,14.76235287,91.30896,0.94649517,14.83916562,14.88796036,15.18669217,14.78532975,14.75093263,-0.4243393,0.01142024,83.91869,83.427577,79.74895,71.17806,68.03284,11.56001,23.27612,0.10083104,1.837535
592,1999-05-15,369.21,14.76846497,92.35656,0.945336063,15.01788895,14.8267669,15.24399846,14.71733658,14.65850251,-0.47553349,0.10996246,87.613643,81.540187,79.63827,73.611095,68.506705,12.71829,23.849855,0.05958557,-0.259755
593,1999-06-15,368.36,14.83355611,91.615375,0.933005025,14.67512314,14.97844117,15.24896901,14.81177037,14.65953343,-0.4154129,0.17402268,92.02342,80.58693,79.91009,72.871677,66.60134,11.705285,25.014035,0.03162384,-0.010979
594,1999-07-15,366.69,14.86318391,93.146495,0.908695072,14.76235287,14.83916562,15.18690102,14.79051678,14.82807248,-0.32371711,0.03511143,91.30896,83.91869,82.108893,75.74867,66.90668,11.037602,26.239815,-0.09894085,-3.099865
595,1999-08-15,365.33,14.82805054,92.096805,0.888815811,14.76846497,15.01788895,15.20706933,14.68130868,14.74416058,-0.37901879,0.08388996,92.35656,87.613643,83.14758,75.1356,68.63033,8.949225,23.466475,-0.06527805,-5.36657
596,1999-09-15,365.45,14.86517995,91.604396,0.890572838,14.83355611,14.67512314,15.01308148,14.82715218,14.78293698,-0.14790153,0.08224297,91.615375,92.02342,85.31116,75.10243,69.96967,6.293236,21.634726,-0.02293873,-6.986206
597,1999-10-15,366.75,14.76424306,90.04663,0.9095704,14.86318391,14.76235287,14.88796036,14.77362913,14.69082349,-0.1237173,0.07341957,93.146495,91.30896,83.427577,74.826602,70.26473,6.619053,19.7819,-0.08767605,-7.376987
598,1999-11-15,368.04,14.76277249,86.730235,0.928355378,14.82805054,14.76846497,14.8267669,14.8163976,14.57580463,-0.06399441,0.18696786,92.096805,92.35656,81.540187,72.983504,70.75679,5.190048,15.973445,0.16662121,-1.369583
599,1999-12-15,368.88,14.84224122,84.61819,0.940552094,14.86517995,14.83355611,14.97844117,14.7938184,14.82591813,-0.13619995,0.01632309,91.604396,91.615375,80.58693,75.14402,69.04472,4.03126,15.57347,0.00512981,5.049152
600,2000-01-15,369.39,14.67656701,82.669643,0.9479437,14.76424306,14.86318391,14.83916562,14.93702595,14.83604233,-0.16259861,-0.15947532,90.04663,93.146495,83.91869,76.120044,67.93939,-1.249047,14.730253,0.30657673,10.385787
601,2000-02-15,369.65,14.9293937,85.360652,0.951708043,14.76277249,14.82805054,15.01788895,15.13120263,14.79086487,-0.08849525,0.13852883,86.730235,92.096805,87.613643,77.287356,64.93515,-2.252991,20.425502,-0.08424377,11.939498
602,2000-03-15,369.97,14.84737103,89.667342,0.956337447,14.84224122,14.86517995,14.67512314,14.83012383,15.13869088,0.17224789,-0.29131985,84.61819,91.604396,92.02342,78.57149,63.83339,-2.356078,25.833952,-0.02554416,6.892238
603,2000-04-15,370.35,14.98314374,93.05543,0.961829667,14.67656701,14.76424306,14.76235287,14.94652264,15.01340382,0.22079087,-0.03026008,82.669643,90.04663,91.30896,76.82014,64.436706,1.74647,28.618724,-0.15576458,4.550145
604,2000-05-15,370.24,14.84514993,97.30015,0.960240394,14.9293937,14.76277249,14.76846497,14.83063309,15.04921048,0.07668496,-0.20406055,85.360652,86.730235,92.35656,76.444575,64.38622,4.94359,32.91393,0.0454235,-5.00318
605,2000-06-15,369.31,14.82182687,96.55958,0.946784907,14.84737103,14.84224122,14.83355611,14.97967713,14.88138097,-0.01172924,-0.0595541,89.667342,84.61819,91.615375,75.662543,68.55674,4.944205,28.00284,0.00531387,-6.667075
606,2000-07-15,367.91,14.82737916,97.605575,0.926465304,14.98314374,14.67656701,14.86318391,14.96123688,14.98770898,-0.03580475,-0.16032982,93.05543,82.669643,93.146495,77.571033,68.461104,4.45908,29.144471,-0.1574421,-11.155575
607,2000-08-15,366.76,14.89057343,92.29697,0.909716273,14.84514993,14.9293937,14.82805054,14.95872681,14.89965337,0.06252289,-0.00907994,97.30015,85.360652,92.096805,77.693145,72.086036,0.200165,20.210934,-0.1712494,-4.827275
608,2000-09-15,366.71,14.82714074,89.892505,0.908986864,14.82182687,14.84737103,14.86517995,14.86524098,14.83529942,-0.03803921,-0.00815868,96.55958,89.667342,91.604396,79.488048,72.16387,-1.711891,17.728635,-0.10355568,-1.053125
609,2000-10-15,367.91,14.66993706,86.45,0.926465304,14.82737916,14.98314374,14.76424306,14.87071889,14.90740197,-0.094306,-0.23746491,97.605575,93.05543,90.04663,80.735263,73.200107,-3.59663,13.249893,0.16643143,6.50798
610,2000-11-15,369.28,14.71932403,87.469695,0.946350295,14.89057343,14.84514993,14.76277249,14.84160798,14.94534962,-0.04344846,-0.22602559,92.29697,97.30015,86.730235,82.691672,73.84164,0.73946,13.628055,0.06380368,5.927995
611,2000-12-15,370.1,14.72358506,88.83938,0.958216999,14.82714074,14.82182687,14.84224122,14.72534553,14.91627209,-0.11865616,-0.19268703,89.892505,96.55958,84.61819,85.963904,71.150146,4.22119,17.689234,0.18319321,7.483163
612,2001-01-15,370.69,14.83636849,92.95798,0.966738984,14.66993706,14.82737916,14.67656701,14.70661823,14.90032189,0.15980148,-0.0639534,86.45,97.605575,82.669643,85.085475,72.63738,10.288337,20.3206,0.076087,1.335728
613,2001-02-15,371.18,14.78312771,93.39769,0.973806261,14.71932403,14.89057343,14.9293937,14.84378331,14.94318383,-0.14626599,-0.16005612,87.469695,92.29697,85.360652,84.843814,72.88263,8.037038,20.51506,0.23686219,1.816993
614,2001-03-15,371.58,14.90677827,96.322543,0.979568554,14.72358506,14.82714074,14.84737103,14.75550168,14.81302159,0.05940724,0.09375668,88.83938,89.892505,89.667342,79.30748,73.76143,6.655201,22.561113,0.04801273,-0.757431
615,2001-04-15,371.9,14.91245549,94.293708,0.984173923,14.83636849,14.66993706,14.98314374,14.72138113,14.94311135,-0.07068825,-0.03065586,92.95798,86.45,93.05543,76.77639,70.33324,1.238278,23.960468,0.13219356,2.945932
616,2001-05-15,371.76,15.0199899,95.214683,0.982159562,14.78312771,14.71932403,14.84514993,14.69859021,14.88907521,0.17483997,0.13091469,93.39769,87.469695,97.30015,76.06384,68.148,-2.085467,27.066683,-0.00532437,3.821897
617,2001-06-15,370.83,14.954791,95.565112,0.968759159,14.90677827,14.72358506,14.82182687,14.74997609,15.09365552,0.13296413,-0.13886452,96.322543,88.83938,96.55958,75.812842,67.704185,-0.994468,27.860927,0.03291988,3.469978
618,2001-07-15,369.45,15.04464905,97.23964,0.948812629,14.91245549,14.83636849,14.82737916,14.85872262,15.01793664,0.21726989,0.02671241,94.293708,92.95798,97.605575,81.81847,69.536956,-0.365935,27.702684,-0.08507442,-1.069204
619,2001-08-15,368.31,15.01466553,99.03658,0.932278784,15.0199899,14.78312771,14.89057343,14.95408433,14.92604344,0.1240921,0.08862209,95.214683,93.39769,92.29697,84.17636,71.97729,6.73961,27.05929,0.15080071,-6.641252
620,2001-09-15,368.36,14.98771088,99.03509,0.933005025,14.954791,14.90677827,14.82714074,14.73831837,14.86400502,0.16057014,0.12370586,95.565112,96.322543,89.892505,89.741374,72.828166,9.142585,26.206924,0.10821152,-9.60245
621,2001-10-15,369.71,14.95957463,96.170436,0.952576361,15.04464905,14.91245549,14.66993706,14.62530893,14.71734517,0.28963757,0.24222946,97.23964,94.293708,86.45,87.06576,73.734405,9.720436,22.436031,0.20180416,-6.755154
622,2001-11-15,371.06,15.16546624,92.395328,0.972076363,15.01466553,15.0199899,14.71932403,14.84633439,14.7075681,0.44614221,0.45789814,99.03658,95.214683,87.469695,85.39107,74.268306,4.925633,18.127022,-0.10770321,-1.932258
623,2001-12-15,371.98,15.0959224,89.43264,0.985324647,14.98771088,14.954791,14.72358506,14.81988328,14.72886651,0.37233734,0.36705589,99.03509,95.565112,88.83938,83.561004,73.81456,0.59326,15.61808,0.16101074,1.864055
624,2002-01-15,372.51,15.16137879,89.415282,0.992941943,14.95957463,15.04464905,14.83636849,14.69682783,14.85586064,0.3250103,0.30551815,96.170436,97.23964,92.95798,86.07995,76.370864,-3.542698,13.044418,-0.15913486,1.336498
625,2002-02-15,372.91,15.05776303,90.46307,0.998683673,15.16546624,15.01466553,14.78312771,14.7514581,14.81510633,0.27463532,0.2426567,92.395328,99.03658,93.39769,88.647506,78.360644,-2.93462,12.102426,0.08797741,1.974704
626,2002-03-15,373.38,15.25693314,91.296695,1.005422341,15.0959224,14.98771088,14.90677827,14.89566701,14.81876462,0.35015487,0.43816852,89.43264,99.03509,96.322543,92.171924,76.893012,-5.025848,14.403683,-0.16798305,3.64975
627,2002-04-15,373.73,15.00224393,90.75178,1.01043499,15.16137879,14.95957463,14.91245549,14.73790163,14.64630693,0.08978844,0.355937,89.415282,96.170436,94.293708,92.659392,75.75164,-3.541928,15.00014,0.09684658,4.274994
628,2002-05-15,373.71,15.14574044,92.437774,1.01014868,15.05776303,15.16546624,15.0199899,14.81338399,14.72716038,0.12575054,0.41858006,90.46307,92.395328,95.214683,93.25212,72.754306,-2.776909,19.683468,-0.12672615,1.700531
629,2002-06-15,372.84,15.08895009,94.946445,0.997679315,15.25693314,15.0959224,14.954791,14.98571961,14.74309723,0.13415909,0.34585286,91.296695,89.43264,95.565112,93.00883,73.39997,-0.618667,21.546475,-0.01785469,1.141452
630,2002-07-15,371.41,15.09909051,95.026774,0.977120338,15.00224393,15.16137879,15.04464905,14.8930835,14.60397809,0.05444146,0.49511242,90.75178,89.415282,97.23964,88.46817,71.717155,-2.212866,23.309619,-0.11439419,2.408352
631,2002-08-15,370.35,15.01901429,94.138305,0.961829667,15.14574044,15.05776303,15.01466553,14.9316129,14.57749551,0.00434876,0.44151878,92.437774,90.46307,99.03658,88.248702,71.76862,-4.898275,22.369685,-0.00787067,5.634552
632,2002-09-15,370.67,15.0710954,96.087897,0.966450326,15.08895009,15.25693314,14.98771088,15.00119584,14.45674223,0.08338452,0.61435317,94.946445,91.296695,99.03509,87.150493,72.82561,-2.947193,23.262287,-0.12746716,2.161377
633,2002-10-15,371.95,14.98469632,97.435126,0.984893154,15.09909051,15.00224393,14.95957463,15.01276009,14.46420473,0.02512169,0.52049159,95.026774,90.75178,96.170436,92.1909,76.151027,1.26469,21.284099,0.1879549,-0.406978
634,2002-11-15,373.28,15.01114362,99.772857,1.003989293,15.01901429,15.14574044,15.16546624,15.04753392,14.44800563,-0.15432262,0.56313799,94.138305,92.437774,92.395328,91.922233,75.21204,7.377529,24.560817,-0.0327673,-4.231617
635,2002-12-15,374.26,14.94362824,98.249274,1.018016644,15.0710954,15.08895009,15.0959224,15.01794141,14.60251897,-0.15229416,0.34110927,96.087897,94.946445,89.43264,94.09293,73.953952,8.816634,24.295322,-0.04370021,-3.445584
636,2003-01-15,374.94,15.17265122,97.028148,1.027728339,14.98469632,15.09909051,15.16137879,15.01816743,14.75849049,0.01127243,0.41416073,97.435126,95.026774,89.415282,90.751132,71.95581,7.612866,25.072338,-0.22687435,1.927932
637,2003-02-15,375.47,14.97837632,95.54124,1.035285542,15.01114362,15.01901429,15.05776303,15.2200517,14.75733559,-0.07938671,0.22104073,99.772857,94.138305,90.46307,87.260078,73.001712,5.07817,22.539528,0.07370377,6.14125
638,2003-03-15,375.91,14.89992803,94.80369,1.041551347,14.94362824,15.0710954,15.25693314,15.03052895,14.70220653,-0.35700511,0.1977215,98.249274,96.087897,91.296695,83.37303,74.681464,3.506995,20.122226,0.02702331,11.18705
639,2003-04-15,376.39,14.94577687,98.95608,1.048378412,15.17265122,14.98469632,15.00224393,15.18669217,14.73989575,-0.05646706,0.20588112,97.028148,97.435126,90.75178,79.74895,76.809302,8.2043,22.146778,0.07212544,7.519854
640,2003-05-15,376.54,15.05208009,101.68249,1.050510084,14.97837632,15.01114362,15.14574044,15.24399846,14.77053635,-0.09366035,0.28154374,95.54124,99.772857,92.437774,79.63827,77.188678,9.244716,24.493812,0.05944633,7.319123
641,2003-06-15,375.71,14.92695134,105.99074,1.038704164,14.89992803,14.94362824,15.08895009,15.24896901,14.76315301,-0.16199875,0.16379833,94.80369,98.249274,94.946445,79.91009,73.097037,11.044295,32.893703,0.21273708,3.892985
642,2003-07-15,374.16,15.01790231,106.475934,1.016586965,14.94577687,15.17265122,15.09909051,15.18690102,14.71521943,-0.0811882,0.30268288,98.95608,97.028148,95.026774,82.108893,69.60416,11.44916,36.871774,0.15176391,3.164478
643,2003-08-15,372.93,15.11152642,109.001613,0.998970598,15.05208009,14.97837632,15.01901429,15.20706933,14.68119805,0.09251213,0.43032837,101.68249,95.54124,94.138305,83.14758,66.50781,14.863308,42.493803,-0.08310127,-3.627299
644,2003-09-15,373.09,15.13968842,109.883725,1.001265443,14.92695134,14.89992803,15.0710954,15.01308148,14.54922478,0.06859302,0.59046364,105.99074,94.80369,96.087897,85.31116,63.39115,13.795828,46.492575,0.10344506,-6.132982
645,2003-10-15,374.36,15.16966622,109.640412,1.01944594,15.01790231,14.94577687,14.98469632,14.88796036,14.63538735,0.1849699,0.53427887,106.475934,98.95608,97.435126,83.427577,64.65116,12.205286,44.989252,-0.14532184,-9.135168
646,2003-11-15,375.65,15.02842515,105.374314,1.037849713,15.11152642,15.05208009,15.01114362,14.8267669,14.52332299,0.01728153,0.50510216,109.001613,101.68249,99.772857,81.540187,63.42213,5.601457,41.952184,0.06449318,-7.276574
647,2003-12-15,376.52,15.24313348,103.750743,1.05022591,15.13968842,14.92695134,14.94362824,14.97844117,14.71297066,0.29950524,0.53016282,109.883725,105.99074,98.249274,80.58693,67.89537,5.501469,35.855373,-0.18838215,-4.747133
648,2004-01-15,377.21,15.02434438,100.505244,1.060021198,15.16966622,15.01790231,15.17265122,14.83916562,14.67052548,-0.14830684,0.3538189,109.640412,106.475934,97.028148,83.91869,71.39577,3.477096,29.109474,0.02712917,-0.02774
649,2004-02-15,377.72,15.09291833,98.09774,1.067249684,15.02842515,15.11152642,14.97837632,15.01788895,14.42956633,0.11454201,0.663352,105.374314,109.001613,95.54124,87.613643,71.18595,2.5565,26.91179,-0.23744488,7.507842
650,2004-03-15,378.15,15.05475133,99.00361,1.07333671,15.24313348,15.13968842,14.89992803,14.67512314,14.64746278,0.1548233,0.40728855,103.750743,109.883725,94.80369,92.02342,72.669723,4.19992,26.333887,-0.0823803,8.18161
651,2004-04-15,378.48,15.05147355,100.477504,1.078003456,15.02434438,15.16966622,14.94577687,14.76235287,14.78532975,0.10569668,0.2661438,100.505244,109.640412,98.95608,91.30896,71.17806,1.521424,29.299444,-0.26217938,4.967802
652,2004-05-15,378.41,14.85547345,105.605582,1.07701388,15.09291833,15.02842515,15.05208009,14.76846497,14.71733658,-0.19660664,0.13813687,98.09774,105.374314,101.68249,92.35656,73.611095,3.923092,31.994487,0.04855728,0.439434
653,2004-06-15,377.51,14.97237103,107.18522,1.064274431,15.05475133,15.24313348,14.92695134,14.83355611,14.81177037,0.04541969,0.16060066,99.00361,103.750743,105.99074,91.615375,72.871677,1.19448,34.313543,0.05343247,-3.656218
654,2004-07-15,375.94,14.78929417,105.445306,1.041978294,15.05147355,15.02434438,15.01790231,14.86318391,14.79051678,-0.22860814,-0.00122261,100.477504,100.505244,106.475934,93.146495,75.74867,-1.030628,29.696636,0.28303719,-2.427766
655,2004-08-15,374.47,14.90403073,106.045016,1.021017726,14.85547345,15.09291833,15.11152642,14.82805054,14.68130868,-0.20749569,0.22272205,105.605582,98.09774,109.001613,92.096805,75.1356,-2.956597,30.909416,0.23295689,-5.020374
656,2004-09-15,374.38,15.0258035,103.529002,1.019731754,14.97237103,15.05475133,15.13968842,14.86517995,14.82715218,-0.11388492,0.19865132,107.18522,99.00361,109.883725,91.604396,75.10243,-6.354723,28.426572,-0.05572224,-2.443482
657,2004-10-15,375.72,15.07233136,103.01754,1.038846559,14.78929417,15.05147355,15.16966622,14.76424306,14.77362913,-0.09733486,0.29870223,105.445306,100.477504,109.640412,90.04663,74.826602,-6.622872,28.190938,0.14133453,1.24829
658,2004-11-15,377.2,15.13698762,101.024642,1.059879365,14.90403073,14.85547345,15.02842515,14.76277249,14.8163976,0.10856247,0.32059002,106.045016,105.605582,105.374314,86.730235,72.983504,-4.349672,28.041138,-0.06511402,3.234208
659,2004-12-15,378.17,14.97008126,101.08552,1.073619659,15.0258035,14.97237103,15.24313348,14.84224122,14.7938184,-0.27305222,0.17626286,103.529002,107.18522,103.750743,84.61819,75.14402,-2.665223,25.9415,0.18433952,1.46663
660,2005-01-15,378.73,15.21366589,104.26583,1.081536162,15.07233136,14.78929417,15.02434438,14.67656701,14.93702595,0.18932151,0.27663994,103.01754,105.445306,100.505244,82.669643,76.120044,3.760586,28.145786,-0.07736015,-2.036663
661,2005-02-15,379.27,15.0718736,104.25885,1.089158854,15.13698762,14.90403073,15.09291833,14.9293937,15.13120263,-0.02104473,-0.05932903,101.024642,106.045016,98.09774,85.360652,77.287356,6.16111,26.971494,0.06347274,-1.208817
662,2005-03-15,379.87,15.15442078,102.55215,1.097615794,14.97008126,15.0258035,15.05475133,14.84737103,14.83012383,0.09966945,0.32429695,101.08552,103.529002,99.00361,89.667342,78.57149,3.54854,23.98066,-0.01216793,2.519934
663,2005-04-15,380.32,15.13630574,102.229167,1.103949738,15.21366589,15.07233136,15.05147355,14.98314374,14.94652264,0.08483219,0.1897831,104.26583,103.01754,100.477504,93.05543,76.82014,1.751663,25.409027,0.01415539,3.045123
664,2005-05-15,380.42,15.13534634,103.050033,1.105356263,15.0718736,15.13698762,14.85547345,14.84514993,14.83063309,0.27987289,0.30471325,104.25885,101.024642,105.605582,97.30015,76.444575,-2.555549,26.605458,-0.04013538,0.730823
665,2005-06-15,379.6,15.14225285,105.072084,1.093811825,15.15442078,14.97008126,14.97237103,14.82182687,14.97967713,0.16988182,0.16257572,102.55215,101.08552,107.18522,96.55958,75.662543,-2.113136,29.409541,0.05328465,-4.942044
666,2005-07-15,377.94,15.15046113,105.27429,1.070364841,15.13630574,15.21366589,14.78929417,14.82737916,14.96123688,0.36116696,0.18922425,102.229167,104.26583,105.445306,97.605575,77.571033,-0.171016,27.703257,0.08701229,-6.203467
667,2005-08-15,376.73,15.09521096,103.780856,1.053208984,15.13534634,15.0718736,14.90403073,14.89057343,14.95872681,0.19118023,0.13648415,103.050033,104.25885,106.045016,92.29697,77.693145,-2.26416,26.087711,0.10206699,-6.28006
668,2005-09-15,376.76,15.1955375,100.13004,1.053635001,15.14225285,15.15442078,15.0258035,14.82714074,14.86524098,0.169734,0.33029652,105.072084,102.55215,103.529002,89.892505,79.488048,-3.398962,20.641992,-0.02865792,-1.60037
669,2005-10-15,378.07,15.23747342,99.070823,1.072204764,15.15046113,15.13630574,15.07233136,14.66993706,14.87071889,0.16514206,0.36675453,105.27429,102.229167,103.01754,86.45,80.735263,-3.946717,18.33556,-0.21514034,-1.054028
670,2005-11-15,379.53,15.19727795,97.500796,1.09282517,15.09521096,15.13534634,15.13698762,14.71932403,14.84160798,0.06029033,0.35566997,103.780856,103.050033,101.024642,87.469695,82.691672,-3.523846,14.809124,-0.04201603,3.487568
671,2005-12-15,380.53,15.16687958,98.52967,1.106903014,15.1955375,15.14225285,14.97008126,14.72358506,14.72534553,0.19679832,0.44153405,100.13004,105.072084,101.08552,88.83938,85.963904,-2.55585,12.565766,-0.11236858,7.35565
672,2006-01-15,381.34,15.02233308,98.016795,1.118278975,15.23747342,15.15046113,15.21366589,14.83636849,14.70661823,-0.19133281,0.31571485,99.070823,105.27429,104.26583,92.95798,85.085475,-6.249035,12.93132,-0.02638627,9.802231
673,2006-02-15,381.96,15.15526192,100.988364,1.126970186,15.19727795,15.09521096,15.0718736,14.78312771,14.84378331,0.08338832,0.31147861,97.500796,103.780856,104.25885,93.39769,84.843814,-3.270486,16.14455,-0.16121196,5.24454
674,2006-03-15,382.35,15.054511,105.88532,1.132430013,15.16687958,15.1955375,15.15442078,14.90677827,14.75550168,-0.09990978,0.29900932,98.52967,100.13004,102.55215,96.322543,79.30748,3.33317,26.57784,0.09246445,-3.6029
675,2006-04-15,382.67,14.99594681,107.819026,1.136905713,15.02233308,15.23747342,15.13630574,14.91245549,14.72138113,-0.14035893,0.27456568,98.016795,99.070823,102.229167,94.293708,76.77639,5.589859,31.042636,0.0724926,-6.933796
676,2006-05-15,382.62,14.99404996,106.232904,1.136206632,15.15526192,15.19727795,15.13534634,15.0199899,14.69859021,-0.14129638,0.29545975,100.988364,97.500796,103.050033,95.214683,76.06384,3.182871,30.169064,0.14253139,-3.227099
677,2006-06-15,381.76,15.14697545,102.28242,1.124168112,15.054511,15.16687958,15.14225285,14.954791,14.74997609,0.0047226,0.39699936,105.88532,98.52967,105.072084,95.565112,75.812842,-2.789664,26.469578,-0.03301144,3.204409
678,2006-07-15,380.06,15.06843941,100.88523,1.100291041,14.99594681,15.02233308,15.15046113,15.04464905,14.85872262,-0.08202172,0.20971679,107.819026,98.016795,105.27429,97.23964,81.81847,-4.38906,19.06676,0.13510609,5.859123
679,2006-08-15,378.47,15.13658135,103.005805,1.077862099,14.99404996,15.15526192,15.09521096,15.01466553,14.95408433,0.04137039,0.18249702,106.232904,100.988364,103.780856,99.03658,84.17636,-0.775051,18.829445,0.03031922,3.355702
680,2006-09-15,378.63,15.11396401,105.486829,1.080123359,15.14697545,15.054511,15.1955375,14.98771088,14.73831837,-0.08157349,0.37564564,102.28242,105.88532,100.13004,99.03509,89.741374,5.356789,15.745455,0.14711189,-5.104345
681,2006-10-15,380.09,15.2035455,106.744353,1.100713326,15.06843941,14.99594681,15.23747342,14.95957463,14.62530893,-0.03392792,0.57823657,100.88523,107.819026,99.070823,96.170436,87.06576,7.67353,19.678593,0.22581483,-8.992069
682,2006-11-15,381.45,15.16690057,106.361507,1.119821994,15.13658135,14.99404996,15.19727795,15.16546624,14.84633439,-0.03037738,0.32056618,103.005805,106.232904,97.500796,92.395328,85.39107,8.860711,20.970437,-0.01304532,-13.669937
683,2006-12-15,382.4,15.2610759,100.382484,1.133129588,15.11396401,15.14697545,15.16687958,15.0959224,14.81988328,0.09419632,0.44119262,105.486829,102.28242,98.52967,89.43264,83.561004,1.852814,16.82148,-0.19442653,-3.357472
684,2007-01-15,383.03,15.42936033,97.752284,1.141936404,15.2035455,15.06843941,15.02233308,15.16137879,14.69682783,0.40702725,0.7325325,106.744353,100.88523,98.016795,89.415282,86.07995,-0.264511,11.672334,-0.18978406,3.740706
685,2007-02-15,383.54,15.15385525,92.69157,1.149055129,15.16690057,15.13658135,15.15526192,15.05776303,14.7514581,-0.00140667,0.40239715,106.361507,103.005805,100.988364,90.46307,88.647506,-8.296794,4.044064,-0.00422287,17.498283
686,2007-03-15,384.01,15.06664937,97.025012,1.155607146,15.2610759,15.11396401,15.054511,15.25693314,14.89566701,0.01213837,0.17098236,100.382484,105.486829,105.88532,91.296695,92.171924,-8.860308,4.853088,-0.02465534,17.496042
687,2007-04-15,384.27,15.23957627,101.49299,1.159228222,15.42936033,15.2035455,14.99594681,15.00224393,14.73790163,0.24362946,0.50167464,97.752284,106.744353,107.819026,90.75178,92.659392,-6.326036,8.833598,-0.16811752,15.040369
688,2007-05-15,384.12,15.14963238,110.189853,1.157139439,15.15385525,15.16690057,14.99404996,15.14574044,14.81338399,0.15558242,0.33624839,92.69157,106.361507,106.232904,92.437774,93.25212,3.956949,16.937733,-0.10276126,4.787674
689,2007-06-15,383.26,15.04199403,114.521054,1.145147982,15.06664937,15.2610759,15.14697545,15.08895009,14.98571961,-0.10498142,0.05627442,97.025012,100.382484,102.28242,94.946445,93.00883,12.238634,21.512224,-0.06594181,-3.276966
690,2007-07-15,381.55,15.07145875,116.533359,1.121224353,15.23957627,15.42936033,15.06843941,15.09909051,14.8930835,0.00301934,0.17837525,101.49299,97.752284,100.88523,95.026774,88.46817,15.648129,28.065189,-0.01987744,-7.185819
691,2007-08-15,380.3,15.04687112,114.977527,1.103668388,15.14963238,15.15385525,15.13658135,15.01901429,14.9316129,-0.08971023,0.11525822,110.189853,92.69157,103.005805,94.138305,88.248702,11.971722,26.728825,-0.01975155,-5.312699
692,2007-09-15,380.69,14.97605222,111.244088,1.109152035,15.04199403,15.06664937,15.11396401,15.0710954,15.00119584,-0.13791179,-0.02514362,114.521054,97.025012,105.486829,96.087897,87.150493,5.757259,24.093595,0.00049304,-1.379618
693,2007-10-15,382.1,15.05158131,109.34754,1.128930765,15.07145875,15.23957627,15.2035455,14.98469632,15.01276009,-0.15196419,0.03882122,116.533359,101.49299,106.744353,97.435126,92.1909,2.603187,17.15664,-0.31348991,1.470912
694,2007-11-15,383.45,15.02711957,109.664828,1.147799571,15.04687112,15.14963238,15.16690057,15.01114362,15.04753392,-0.139781,-0.02041435,114.977527,110.189853,106.361507,99.772857,91.922233,3.303321,17.742595,-0.28201294,0.013121
695,2007-12-15,384.46,14.97654526,109.86447,1.161872843,14.97605222,15.04199403,15.2610759,14.94362824,15.01794141,-0.28453064,-0.04139615,111.244088,114.521054,100.382484,98.249274,94.09293,9.481986,15.77154,0.10818005,4.358357
696,2008-01-15,385.23,14.7380914,110.818452,1.172577156,15.05158131,15.07145875,15.42936033,15.17265122,15.01816743,-0.69126893,-0.28007603,109.34754,116.533359,97.752284,97.028148,90.751132,13.066168,20.06732,0.20109463,6.174097
697,2008-02-15,385.74,14.74510663,109.677949,1.179655254,15.02711957,15.04687112,15.15385525,14.97837632,15.2200517,-0.40874862,-0.47494507,109.664828,114.977527,92.69157,95.54124,87.260078,16.986379,22.417871,0.21547699,12.726261
698,2008-03-15,386.15,15.08472531,114.222827,1.185338707,14.97654526,14.97605222,15.06664937,14.89992803,15.03052895,0.01807594,0.05419636,109.86447,111.244088,97.025012,94.80369,83.37303,17.197815,30.849797,-0.21732712,8.490924
699,2008-04-15,386.53,14.93918603,116.992549,1.190600911,14.7380914,15.05158131,15.23957627,14.94577687,15.18669217,-0.30039024,-0.24750614,110.818452,109.34754,101.49299,98.95608,79.74895,15.499559,37.243599,0.10247802,7.57011
700,2008-05-15,386.49,14.96058362,122.40421,1.190047239,14.74510663,15.02711957,15.14963238,15.05208009,15.24399846,-0.18904876,-0.28341484,109.677949,109.664828,110.189853,101.68249,79.63827,12.214357,42.76594,0.02600574,-0.673549
701,2008-06-15,385.58,14.86739819,122.713751,1.177435682,15.08472531,14.97654526,15.04199403,14.92695134,15.24896901,-0.17459584,-0.38157082,114.222827,109.86447,114.521054,105.99074,79.91009,8.192697,42.803661,0.16835594,-3.217031
702,2008-07-15,384.1,15.04166405,124.562659,1.156860873,14.93918603,14.7380914,15.07145875,15.01790231,15.18690102,-0.0297947,-0.14523697,116.992549,110.818452,116.533359,106.475934,82.108893,8.0293,42.453766,0.06107521,-9.378248
703,2008-08-15,382.77,14.98658936,121.730661,1.138303602,14.96058362,14.74510663,15.04687112,15.11152642,15.20706933,-0.06028176,-0.22047997,122.40421,109.677949,114.977527,109.001613,83.14758,6.753134,38.583081,0.13073731,-7.312922
704,2008-09-15,382.54,15.03575413,119.49672,1.135087911,14.86739819,15.08472531,14.97605222,15.13968842,15.01308148,0.05970191,0.02267265,122.713751,114.222827,111.244088,109.883725,85.31116,8.252632,34.18556,-0.01389598,-7.641151
705,2008-10-15,383.67,15.10273926,115.184411,1.150868192,15.04166405,14.93918603,15.05158131,15.16966622,14.88796036,0.05115795,0.2147789,124.562659,116.992549,109.34754,109.640412,83.427577,5.836871,31.756834,0.02314377,-2.438461
706,2008-11-15,385.18,15.11732667,114.417739,1.171882721,14.98658936,14.96058362,15.02711957,15.02842515,14.8267669,0.0902071,0.29055977,121.730661,122.40421,109.664828,105.374314,81.540187,4.752911,32.877552,-0.08617306,-3.348446
707,2008-12-15,386.27,15.02185815,111.855569,1.187001015,15.03575413,14.86739819,14.97654526,15.24313348,14.97844117,0.04531289,0.04341698,119.49672,122.713751,109.86447,103.750743,80.58693,1.991099,31.268639,-0.07711888,2.613172
708,2009-01-15,387.03,15.12588303,112.74595,1.197516989,15.10273926,15.04166405,14.7380914,15.02434438,14.83916562,0.38779163,0.28671741,115.184411,124.562659,110.818452,100.505244,83.91869,1.927498,28.82726,-0.12009716,2.997688
709,2009-02-15,387.48,15.03115361,111.069293,1.203733823,15.11732667,14.98658936,14.74510663,15.09291833,15.01788895,0.28604698,0.01326466,114.417739,121.730661,109.677949,98.09774,87.613643,1.391344,23.45565,0.03057003,10.371307
710,2009-03-15,387.71,14.94473927,114.468741,1.206908529,15.02185815,15.03575413,15.08472531,15.05475133,14.67512314,-0.13998604,0.26961613,111.855569,119.49672,114.222827,99.00361,92.02342,0.245914,22.445321,0.12546063,10.556005
711,2009-04-15,387.99,15.00578587,115.743638,1.210770847,15.12588303,15.10273926,14.93918603,15.05147355,14.76235287,0.06659984,0.243433,112.74595,115.184411,116.992549,100.477504,91.30896,-1.248911,24.434678,0.19700909,10.704494
712,2009-05-15,387.95,15.06172364,121.4406,1.210219258,15.03115361,15.11732667,14.96058362,14.85547345,14.76846497,0.10114002,0.29325867,111.069293,114.417739,122.40421,105.605582,92.35656,-0.96361,29.08404,0.04908371,5.671552
713,2009-06-15,386.96,15.0701999,125.024746,1.196549276,14.94473927,15.02185815,14.86739819,14.97237103,14.83355611,0.20280171,0.23664379,114.468741,111.855569,122.713751,107.18522,91.615375,2.310995,33.409371,0.09938431,3.8781834
714,2009-07-15,385.01,15.20279496,126.448132,1.169520966,15.00578587,15.12588303,15.04166405,14.78929417,14.86318391,0.16113091,0.33961105,115.743638,112.74595,124.562659,105.445306,93.146495,1.885473,33.301637,-0.05719376,3.854049
715,2009-08-15,383.63,15.11080735,127.112152,1.150310392,15.06172364,15.03115361,14.98658936,14.90403073,14.82805054,0.12421799,0.28275681,121.4406,111.069293,121.730661,106.045016,92.096805,5.381491,35.015347,0.09593678,5.5134825
716,2009-09-15,383.93,15.16958421,128.9029294,1.154492475,15.0701999,14.94473927,15.03575413,15.0258035,14.86517995,0.13383008,0.30440426,125.024746,114.468741,119.49672,103.529002,91.604396,9.4062094,37.2985334,-0.03570557,7.4567209
717,2009-10-15,385.49,15.1456012,130.302181,1.176186768,15.20279496,15.00578587,15.10273926,15.07233136,14.76424306,0.04286194,0.38135814,126.448132,115.743638,115.184411,103.01754,90.04663,15.11777,40.255551,0.11427117,5.7054192
718,2009-11-15,386.94,15.20674413,132.6256345,1.196272754,15.11080735,15.06172364,15.11732667,15.13698762,14.76277249,0.08941746,0.44397164,127.112152,121.4406,114.417739,101.024642,86.730235,18.2078955,45.8953995,0.0813446,5.8619657
719,2009-12-15,387.84,15.13387864,136.3596503,1.208702095,15.16958421,15.0701999,15.02185815,14.97008126,14.84224122,0.11202049,0.29163742,128.9029294,125.024746,111.855569,101.08552,84.61819,24.5040813,51.7414603,0.20102882,-1.1520501
720,2010-01-15,388.62,15.25987237,136.0076002,1.219450881,15.1456012,15.20279496,15.12588303,15.21366589,14.67656701,0.13398934,0.58330536,130.302181,126.448132,112.74595,104.26583,82.669643,23.2616502,53.3379572,0.05840683,2.19
721,2010-02-15,389.33,15.28808873,138.4876002,1.229216293,15.20674413,15.11080735,15.03115361,15.0718736,14.9293937,0.25693512,0.35869503,132.6256345,127.112152,111.069293,104.25885,85.360652,27.4183072,53.1269482,-0.02395725,0.19
722,2010-03-15,389.68,15.33490746,135.2076002,1.234023677,15.13387864,15.16958421,14.94473927,15.15442078,14.84737103,0.39016819,0.48753643,136.3596503,128.9029294,114.468741,102.55215,89.667342,20.7388592,45.5402582,-0.18253422,4.66
723,2010-04-15,389.98,15.3182792,138.1976002,1.238140857,15.25987237,15.1456012,15.00578587,15.13630574,14.98314374,0.31249333,0.33513546,136.0076002,130.302181,115.743638,102.229167,93.05543,22.4539622,45.1421702,-0.20121193,0.2
724,2010-05-15,389.95,15.26413148,138.6776002,1.237729281,15.28808873,15.20674413,15.06172364,15.13534634,14.84514993,0.20240784,0.41898155,138.4876002,132.6256345,121.4406,103.050033,97.30015,17.2370002,41.3774502,-0.1524067,2.34
725,2010-06-15,389.01,15.15237324,139.8676002,1.224817187,15.33490746,15.13387864,15.0701999,15.14225285,14.82182687,0.08217334,0.33054637,135.2076002,136.3596503,125.024746,105.072084,96.55958,14.8428542,43.3080202,0.01253129,-4.35
726,2010-07-15,387.35,15.11706727,138.3976002,1.201938591,15.3182792,15.25987237,15.20279496,15.15046113,14.82737916,-0.08572769,0.28968811,138.1976002,136.0076002,126.448132,105.27429,97.605575,11.9494682,40.7920252,0.0649023,-2.65
727,2010-08-15,386.23,15.11172478,141.0176002,1.18644697,15.26413148,15.28808873,15.11080735,15.09521096,14.89057343,0.00091743,0.22115135,138.6776002,138.4876002,127.112152,103.780856,92.29697,13.9054482,48.7206302,0.08792687,-4.25
728,2010-09-15,386.7,15.16490453,135.5176002,1.192953381,15.15237324,15.33490746,15.16958421,15.1955375,14.82714074,-0.00467968,0.33776379,139.8676002,135.2076002,128.9029294,100.13004,89.892505,6.6146708,45.6250952,-0.20079041,-1.97
729,2010-10-15,388.25,15.18196957,135.7476002,1.21435479,15.11706727,15.3182792,15.1456012,15.23747342,14.66993706,0.03636837,0.51203251,138.3976002,138.1976002,130.302181,99.070823,86.45,5.4454192,49.2976002,-0.20621681,-2.56
730,2010-11-15,389.62,15.19965165,136.7676002,1.233199861,15.11172478,15.26413148,15.20674413,15.19727795,14.71932403,-0.00709248,0.48032762,141.0176002,138.6776002,132.6256345,97.500796,87.469695,4.1419657,49.2979052,-0.30972958,-4.61
731,2010-12-15,390.34,14.96411412,133.5476002,1.243077293,15.16490453,15.15237324,15.13387864,15.16687958,14.72358506,-0.16976452,0.24052906,135.5176002,139.8676002,136.3596503,98.52967,88.83938,-2.8120501,44.7082202,0.04325294,0.22
732,2011-01-15,390.85,14.97575276,133.1876002,1.250062791,15.18196957,15.11706727,15.25987237,15.02233308,14.83636849,-0.28411961,0.13938427,135.7476002,138.3976002,136.0076002,98.016795,92.95798,-2.82,40.2296202,0.1037302,0.45
733,2011-02-15,391.29,14.88992207,132.1576002,1.256082174,15.19965165,15.11172478,15.28808873,15.15526192,14.78312771,-0.39816666,0.10679436,136.7676002,141.0176002,138.4876002,100.988364,93.39769,-6.33,38.7599102,0.13408661,1.76
734,2011-03-15,391.66,15.00736706,133.7676002,1.261138692,14.96411412,15.16490453,15.33490746,15.054511,14.90677827,-0.3275404,0.10058879,133.5476002,135.5176002,135.2076002,105.88532,96.322543,-1.44,37.4450572,0.07887269,1.87
735,2011-04-15,392.05,15.07948296,133.6376002,1.266463366,14.97575276,15.18196957,15.3182792,14.99594681,14.91245549,-0.23879624,0.16702747,133.1876002,135.7476002,138.1976002,107.819026,94.293708,-4.56,39.3438922,0.12869072,-1.69
736,2011-05-15,392.08,15.02400868,133.9176002,1.266872737,14.88992207,15.19965165,15.26413148,14.99404996,15.0199899,-0.2401228,0.00401878,132.1576002,136.7676002,138.6776002,106.232904,95.214683,-4.76,38.7029172,0.1523428,0.96
737,2011-06-15,391.14,15.08623975,135.6376002,1.254030873,15.00736706,14.96411412,15.15237324,15.14697545,14.954791,-0.06613349,0.13144875,133.7676002,133.5476002,139.8676002,102.28242,95.565112,-4.23,40.0724882,0.02698612,-2.95
738,2011-07-15,389.2,15.20817368,131.9476002,1.227429593,15.07948296,14.97575276,15.11706727,15.06843941,15.04464905,0.09110641,0.16352463,133.6376002,133.1876002,138.3976002,100.88523,97.23964,-6.45,34.7079602,-0.11298942,7.5
739,2011-08-15,387.87,15.17635148,134.8776002,1.209115909,15.02400868,14.88992207,15.11172478,15.13658135,15.01466553,0.0646267,0.16168595,133.9176002,132.1576002,141.0176002,103.005805,99.03658,-6.14,35.8410202,-0.20510388,-3.11
740,2011-09-15,388.27,15.11322587,132.6876002,1.214630379,15.08623975,15.00736706,15.16490453,15.11396401,14.98771088,-0.05167866,0.12551499,135.6376002,133.7676002,135.5176002,105.486829,99.03509,-2.83,33.6525102,-0.08540535,5.81
741,2011-10-15,389.83,15.09518426,139.4476002,1.236082663,15.20817368,15.07948296,15.18196957,15.2035455,14.95957463,-0.08678531,0.13560963,131.9476002,133.6376002,135.7476002,106.744353,96.170436,3.7,43.2771642,-0.19453526,3.01
742,2011-11-15,391.19,14.9712476,131.7676002,1.254714727,15.17635148,15.02400868,15.19965165,15.16690057,15.16546624,-0.22840405,-0.19421864,134.8776002,133.9176002,136.7676002,106.361507,92.395328,-5,39.3722722,-0.08433532,11.99
743,2011-12-15,392.02,15.02782052,138.4976002,1.266053964,15.11322587,15.08623975,14.96411412,15.2610759,15.0959224,0.0637064,-0.06810188,132.6876002,135.6376002,133.5476002,100.382484,89.43264,4.95,49.0649602,-0.09808445,4.03
744,2012-01-15,392.61,14.900649,142.4576002,1.274099796,15.09518426,15.20817368,14.97575276,15.42936033,15.16137879,-0.07510376,-0.26072979,139.4476002,131.9476002,133.1876002,97.752284,89.415282,9.27,53.0423182,0.21953011,-0.27
745,2012-02-15,393.2,14.88691228,143.7576002,1.282133546,14.9712476,15.17635148,14.88992207,15.15385525,15.05776303,-0.00300979,-0.17085075,131.7676002,134.8776002,132.1576002,92.69157,90.46307,11.6,53.2945302,0.35235691,1.59
746,2012-03-15,393.72,14.92973607,142.5276002,1.289204151,15.02782052,15.11322587,15.00736706,15.06664937,15.25693314,-0.07763099,-0.32719707,138.4976002,132.6876002,133.7676002,97.025012,91.296695,8.76,51.2309052,0.25549507,5.66
747,2012-04-15,393.99,15.12017911,142.1876002,1.292871745,14.900649,15.09518426,15.07948296,15.23957627,15.00224393,0.04069615,0.11793518,142.4576002,139.4476002,133.6376002,101.49299,90.75178,8.55,51.4358202,-0.01480198,6.59
748,2012-05-15,393.88,15.23926919,145.3476002,1.291377843,14.88691228,14.9712476,15.02400868,15.14963238,15.14574044,0.21526051,0.09352875,143.7576002,131.7676002,133.9176002,110.189853,92.437774,11.43,52.9098262,-0.0973053,0.54
749,2012-06-15,392.84,15.18523114,148.1876002,1.277233031,14.92973607,15.02782052,15.08623975,15.04199403,15.08895009,0.09899139,0.09628105,142.5276002,138.4976002,135.6376002,114.521054,94.946445,12.55,53.2411552,-0.00645924,-0.79
750,2012-07-15,391,15.10537713,148.7776002,1.252115614,15.12017911,14.900649,15.20817368,15.07145875,15.09909051,-0.10279655,0.00628662,142.1876002,142.4576002,131.9476002,116.533359,95.026774,16.83,53.7508262,0.17938995,-1.1
751,2012-08-15,389.89,15.14196389,145.8876002,1.236906036,15.23926919,14.88691228,15.17635148,15.04687112,15.01901429,-0.03438759,0.1229496,145.3476002,143.7576002,134.8776002,114.977527,94.138305,11.01,51.7492952,0.11985588,2.44
752,2012-09-15,390.55,15.1787719,147.3976002,1.245954779,15.18523114,14.92973607,15.11322587,14.97605222,15.0710954,0.06554603,0.1076765,148.1876002,142.5276002,132.6876002,111.244088,96.087897,14.71,51.3097032,-0.14502239,0.1
753,2012-10-15,392.16,15.28476708,147.6776002,1.267964239,15.10537713,15.12017911,15.09518426,15.05158131,14.98469632,0.18958282,0.30007076,148.7776002,142.1876002,139.4476002,109.34754,97.435126,8.23,50.2424742,-0.07181835,-0.05
754,2012-11-15,393.56,15.26181977,148.3276002,1.287029575,15.14196389,15.23926919,14.9712476,15.02711957,15.01114362,0.29057217,0.25067615,145.8876002,145.3476002,131.7676002,109.664828,99.772857,16.56,48.5547432,-0.18026161,-0.77
755,2012-12-15,394.39,15.03374951,147.4976002,1.298300599,15.1787719,15.18523114,15.02782052,14.97654526,14.94362824,0.00592899,0.09012127,147.3976002,148.1876002,138.4976002,109.86447,98.249274,9,49.2483262,0.05612183,2.38
756,2013-01-15,395.07,15.21294873,147.6276002,1.307517028,15.28476708,15.10537713,14.900649,14.7380914,15.17265122,0.31229973,0.04029751,147.6776002,148.7776002,142.4576002,110.818452,97.028148,5.17,50.5994522,-0.18348122,0
757,2013-02-15,395.69,15.08155816,147.5576002,1.315906427,15.26181977,15.14196389,14.88691228,14.74510663,14.97837632,0.19464588,0.10318184,148.3276002,145.8876002,143.7576002,109.677949,95.54124,3.8,52.0163602,0.00564956,1.21
758,2013-03-15,396.28,15.08987134,149.8776002,1.32387769,15.03374951,15.1787719,14.92973607,15.08472531,14.89992803,0.16013527,0.18994331,147.4976002,147.3976002,142.5276002,114.222827,94.80369,7.35,55.0739102,0.08337021,-3.44
759,2013-04-15,396.74,15.02946751,147.6276002,1.330084344,15.21294873,15.28476708,15.12017911,14.93918603,14.94577687,-0.0907116,0.08369064,147.6276002,147.6776002,142.1876002,116.992549,98.95608,5.44,48.6715202,0.010602,-1.01
760,2013-05-15,396.75,15.08720772,148.7676002,1.330219191,15.08155816,15.26181977,15.23926919,14.96058362,15.05208009,-0.15206147,0.03512763,147.5576002,148.3276002,145.3476002,122.40421,101.68249,3.42,47.0851102,0.03299904,-5.29
761,2013-06-15,395.96,15.17324155,146.4376002,1.319555767,15.08987134,15.03374951,15.18523114,14.86739819,14.92695134,-0.01198959,0.24629021,149.8776002,147.4976002,148.1876002,122.713751,105.99074,-1.75,40.4468602,0.06231212,-3.49
762,2013-07-15,394.48,15.04006951,146.6176002,1.299521333,15.02946751,15.21294873,15.10537713,15.04166405,15.01790231,-0.06530762,0.0221672,147.6276002,147.6276002,148.7776002,124.562659,106.475934,-2.16,40.1416662,0.07693482,-0.04
763,2013-08-15,393.24,15.12020676,143.4776002,1.28267777,15.08720772,15.08155816,15.14196389,14.98658936,15.11152642,-0.02175713,0.00868034,148.7676002,147.5576002,145.8876002,121.730661,109.001613,-2.41,34.4759872,0.09535694,5.55
764,2013-09-15,393.21,15.23555367,142.9476002,1.282269607,15.17324155,15.08987134,15.1787719,15.03575413,15.13968842,0.05678177,0.09586525,146.4376002,149.8776002,147.3976002,119.49672,109.883725,-4.45,33.0638752,-0.04316234,1.9
765,2013-10-15,394.5,15.11700433,146.5776002,1.299792569,15.04006951,15.02946751,15.28476708,15.10273926,15.16966622,-0.16776275,-0.05266189,146.6176002,147.6276002,147.6776002,115.184411,109.640412,-1.1,36.9371882,0.07614803,1.65
766,2013-11-15,395.96,15.2155637,149.0276002,1.319555767,15.12020676,15.08720772,15.26181977,15.11732667,15.02842515,-0.04625607,0.18713855,143.4776002,148.7676002,148.3276002,114.417739,105.374314,0.7,43.6532862,-0.24542999,2.23
767,2013-12-15,396.87,15.19239133,144.8476002,1.331837094,15.23555367,15.17324155,15.03374951,15.02185815,15.24313348,0.15864182,-0.05074215,142.9476002,146.4376002,147.4976002,111.855569,103.750743,-2.65,41.0968572,-0.03580284,6.44
768,2014-01-15,397.51,15.19315236,148.2276002,1.340457655,15.11700433,15.04006951,15.21294873,15.12588303,15.02434438,-0.01979637,0.16880798,146.5776002,146.6176002,147.6276002,112.74595,100.505244,0.6,47.7223562,-0.01778412,2.34
769,2014-02-15,397.97,14.97013371,151.2576002,1.346645115,15.2155637,15.12020676,15.08155816,15.03115361,15.09291833,-0.11142445,-0.12278462,149.0276002,143.4776002,147.5576002,111.069293,98.09774,3.7,53.1598602,0.27896691,-3.27
770,2014-03-15,398.27,15.15658849,151.2876002,1.350676563,15.19239133,15.23555367,15.08987134,14.94473927,15.05475133,0.06671715,0.10183716,144.8476002,142.9476002,149.8776002,114.468741,99.00361,1.41,52.2839902,-0.01866723,-0.91
771,2014-04-15,398.63,15.17536824,150.5676002,1.355510294,15.19315236,15.11700433,15.02946751,15.00578587,15.05147355,0.14590073,0.12389469,148.2276002,146.5776002,147.6276002,115.743638,100.477504,2.94,50.0900962,-0.04453373,1.48
772,2014-05-15,398.69,15.24910062,147.9876002,1.356315492,14.97013371,15.2155637,15.08720772,15.06172364,14.85547345,0.1618929,0.39362717,151.2576002,149.0276002,148.7676002,121.4406,105.605582,-0.78,42.3820182,-0.04768086,4.65
773,2014-06-15,397.72,15.13792126,150.3776002,1.343283253,15.15658849,15.19239133,15.17324155,15.0701999,14.97237103,-0.03532029,0.16555023,151.2876002,144.8476002,146.4376002,125.024746,107.18522,3.94,43.1923802,0.11238385,1.76
774,2014-07-15,396.13,15.13083451,152.0476002,1.321852224,15.17536824,15.19315236,15.04006951,15.20279496,14.78929417,0.090765,0.34154034,150.5676002,148.2276002,146.6176002,126.448132,105.445306,5.43,46.6022942,0.09833431,2.47
775,2014-08-15,395.02,15.20141976,152.6376002,1.30683989,15.24910062,14.97013371,15.12020676,15.11080735,14.90403073,0.081213,0.29738903,147.9876002,151.2576002,143.4776002,127.112152,106.045016,9.16,46.5925842,-0.08439255,-1.11
776,2014-09-15,395.12,15.25030511,152.1376002,1.30819408,15.13792126,15.15658849,15.23555367,15.16958421,15.0258035,0.01475144,0.22450161,150.3776002,151.2876002,142.9476002,128.9029294,103.529002,9.19,48.6085982,0.00366402,5.6
777,2014-10-15,396.38,15.22916882,154.5176002,1.325227575,15.13083451,15.17536824,15.11700433,15.1456012,15.07233136,0.11216449,0.15683746,152.0476002,150.5676002,146.5776002,130.302181,103.01754,7.94,51.5000602,0.02952194,0.3
778,2014-11-15,397.86,15.11702721,151.5276002,1.345166156,15.20141976,15.24910062,15.2155637,15.20674413,15.13698762,-0.09853649,-0.01996041,152.6376002,147.9876002,149.0276002,132.6256345,101.024642,2.5,50.5029582,0.14763642,5.6
779,2014-12-15,398.83,15.25396913,157.7376002,1.358193814,15.25030511,15.13792126,15.19239133,15.13387864,14.97008126,0.0615778,0.28388787,152.1376002,150.3776002,144.8476002,136.3596503,101.08552,12.89,56.6520802,0.04062556,-0.69
780,2015-01-15,399.56,15.25869076,154.8176002,1.367977256,15.22916882,15.13083451,15.19315236,15.25987237,15.21366589,0.0655384,0.04502487,154.5176002,152.0476002,148.2276002,136.0076002,104.26583,6.59,50.5517702,-0.13632965,4.33
781,2015-02-15,400.12,15.26466363,157.1276002,1.375470255,15.11702721,15.20141976,14.97013371,15.28808873,15.0718736,0.29452992,0.19279003,151.5276002,152.6376002,151.2576002,138.4876002,104.25885,5.87,52.8687502,-0.02231408,-0.36
782,2015-03-15,400.57,15.29459469,157.0476002,1.381483819,15.25396913,15.25030511,15.15658849,15.33490746,15.15442078,0.1380062,0.14017391,157.7376002,152.1376002,151.2876002,135.2076002,102.55215,5.76,54.4954502,-0.04255294,2.07
783,2015-04-15,400.96,15.12236111,159.1476002,1.386690112,15.25869076,15.22916882,15.17536824,15.3182792,15.13630574,-0.05300713,-0.01394463,154.8176002,154.5176002,150.5676002,138.1976002,102.229167,8.58,56.9184332,0.09640408,-0.18
784,2015-05-15,400.91,15.24234955,156.7676002,1.386022922,15.26466363,15.11702721,15.24910062,15.26413148,15.13534634,-0.00675107,0.10700321,157.1276002,151.5276002,147.9876002,138.6776002,103.050033,8.78,53.7175672,0.0653286,2.53
785,2015-06-15,400.06,15.25204175,159.1176002,1.374667935,15.29459469,15.25396913,15.13792126,15.15237324,15.14225285,0.11412049,0.1097889,157.0476002,157.7376002,150.3776002,139.8676002,105.072084,8.74,54.0455162,0.0806942,2.43
786,2015-07-15,398.38,15.21876519,158.9676002,1.352154,15.12236111,15.25869076,15.13083451,15.11706727,15.15046113,0.08793068,0.06830406,159.1476002,154.8176002,152.0476002,138.3976002,105.27429,6.92,53.6933102,0.28807926,5.3
787,2015-08-15,397.07,15.30767815,159.2976002,1.334532512,15.24234955,15.26466363,15.20141976,15.11172478,15.09521096,0.10625839,0.21246719,156.7676002,157.1276002,152.6376002,141.0176002,103.780856,6.66,55.5167442,0.14402198,0.04
788,2015-09-15,397.34,15.33273595,161.5476002,1.338169173,15.25204175,15.29459469,15.25030511,15.16490453,15.1955375,0.08243084,0.13719845,159.1176002,157.0476002,152.1376002,135.5176002,100.13004,9.41,61.4175602,0.27224828,0.49
789,2015-10-15,398.8,15.50684445,164.2676002,1.357791372,15.21876519,15.12236111,15.22916882,15.18196957,15.23747342,0.27767563,0.26937103,158.9676002,159.1476002,154.5176002,135.7476002,99.070823,9.75,65.1967772,0.11037828,-3.07
790,2015-11-15,400.36,15.45170013,159.3376002,1.37867833,15.30767815,15.24234955,15.11702721,15.19965165,15.19727795,0.33467292,0.25442218,159.2976002,156.7676002,151.5276002,136.7676002,97.500796,7.81,61.8368042,0.3019009,4.74
791,2015-12-15,401.66,15.60498423,162.0376002,1.396022052,15.33273595,15.25204175,15.25396913,14.96411412,15.16687958,0.3510151,0.43810465,161.5476002,159.1176002,157.7376002,133.5476002,98.52967,4.3,63.5079302,0.0867643,0.27
792,2016-01-15,402.62,15.61722273,161.1976002,1.40879373,15.50684445,15.21876519,15.25869076,14.97575276,15.02233308,0.35853197,0.59488965,164.2676002,158.9676002,154.8176002,133.1876002,98.016795,6.38,63.1808052,-0.0218048,1.7
793,2016-02-15,403.26,15.75360103,164.0776002,1.417291275,15.45170013,15.30767815,15.26466363,14.88992207,15.15526192,0.4889374,0.59833911,159.3376002,159.2976002,157.1276002,132.1576002,100.988364,6.95,63.0892362,-0.27252677,-2.39
794,2016-03-15,403.85,15.69174853,162.3076002,1.425113011,15.60498423,15.33273595,15.29459469,15.00736706,15.054511,0.39715384,0.63723753,162.0376002,161.5476002,157.0476002,133.7676002,105.88532,5.26,56.4222802,-0.36473654,0.77
795,2016-04-15,404.36,15.59541793,162.8976002,1.431864969,15.61722273,15.50684445,15.12236111,15.07948296,14.99594681,0.47305682,0.59947112,161.1976002,164.2676002,159.1476002,133.6376002,107.819026,3.75,55.0785742,-0.1698065,-0.79
796,2016-05-15,404.4,15.48107426,161.6876002,1.432394175,15.75360103,15.45170013,15.24234955,15.02400868,14.99404996,0.23872471,0.4870243,164.0776002,159.3376002,156.7676002,133.9176002,106.232904,4.92,55.4546962,-0.01443003,-3.24
797,2016-06-15,403.62,15.32701199,163.0776002,1.422065219,15.69174853,15.60498423,15.25204175,15.08623975,15.14697545,0.07497024,0.18003654,162.3076002,162.0376002,159.1176002,135.6376002,102.28242,3.96,60.7951802,0.09659386,-1.52
798,2016-07-15,402.1,15.42561143,162.1076002,1.401879523,15.59541793,15.61722273,15.21876519,15.20817368,15.06843941,0.20684624,0.35717202,162.8976002,161.1976002,158.9676002,131.9476002,100.88523,3.14,61.2223702,-0.01843357,-3.74
799,2016-08-15,400.78,15.46664423,158.4476002,1.384287837,15.48107426,15.75360103,15.30767815,15.17635148,15.13658135,0.15896608,0.33006288,161.6876002,164.0776002,159.2976002,134.8776002,103.005805,-0.85,55.4417952,0.00401686,6.76
800,2016-09-15,400.96,15.42360585,161.5576002,1.386690112,15.32701199,15.69174853,15.33273595,15.11322587,15.11396401,0.0908699,0.30964184,163.0776002,162.3076002,161.5476002,132.6876002,105.486829,0.01,56.0707712,-0.02256012,1.54
801,2016-10-15,402.41,15.40717786,158.3676002,1.40600253,15.42561143,15.59541793,15.50684445,15.09518426,15.2035455,-0.09966659,0.20363236,162.1076002,162.8976002,164.2676002,139.4476002,106.744353,-5.9,51.6232472,0.06245899,5.08
802,2016-11-15,403.76,15.47066109,165.2076002,1.423920603,15.46664423,15.48107426,15.45170013,14.9712476,15.16690057,0.01896096,0.30376052,158.4476002,161.6876002,159.3376002,131.7676002,106.361507,5.87,58.8460932,0.09467507,-4.48
803,2016-12-15,404.67,15.40104573,163.0976002,1.435964941,15.42360585,15.32701199,15.60498423,15.02782052,15.2610759,-0.2039385,0.13996983,161.5576002,163.0776002,162.0376002,138.4976002,100.382484,1.06,62.7151162,0.16450024,0.08
804,2017-01-15,405.33,15.46963685,163.4476002,1.444683462,15.40717786,15.42561143,15.61722273,14.900649,15.42936033,-0.14758588,0.04027652,158.3676002,162.1076002,161.1976002,142.4576002,97.752284,2.25,65.6953162,-0.07555676,-0.24
805,2017-02-15,405.91,15.56533616,160.7276002,1.45233348,15.47066109,15.46664423,15.75360103,14.88691228,15.15385525,-0.18826487,0.41148091,165.2076002,158.4476002,164.0776002,143.7576002,92.69157,-3.35,68.0360302,-0.127038,2.15
806,2017-03-15,406.32,15.56554597,163.1776002,1.45773466,15.40104573,15.42360585,15.69174853,14.92973607,15.06664937,-0.12620256,0.4988966,163.0976002,161.5576002,162.3076002,142.5276002,97.025012,0.87,66.1525882,-0.29785634,-0.8
807,2017-04-15,406.6,15.39408009,163.2076002,1.46142014,15.46963685,15.40717786,15.59541793,15.12017911,15.23957627,-0.20133784,0.15450382,163.4476002,158.3676002,162.8976002,142.1876002,101.49299,0.31,61.7146102,-0.06338596,0.33
808,2017-05-15,406.64,15.43829816,162.8776002,1.46194643,15.56533616,15.47066109,15.48107426,15.23926919,15.14963238,-0.0427761,0.28866578,160.7276002,165.2076002,161.6876002,145.3476002,110.189853,1.19,52.6877472,-0.07694913,0.93
809,2017-06-15,405.85,15.26768963,162.3776002,1.451542606,15.56554597,15.40104573,15.32701199,15.18523114,15.04199403,-0.05932236,0.2256956,163.1776002,163.0976002,163.0776002,148.1876002,114.521054,-0.7,47.8565462,0.0777235,3.11
810,2017-07-15,404.11,15.33069413,163.5376002,1.42855625,15.39408009,15.46963685,15.42561143,15.10537713,15.07145875,-0.0949173,0.25923538,163.2076002,163.4476002,162.1076002,148.7776002,116.533359,1.43,47.0042412,0.09425068,0.88
811,2017-08-15,402.57,15.36134903,163.8076002,1.408129291,15.43829816,15.56533616,15.46664423,15.14196389,15.04687112,-0.1052952,0.31447791,162.8776002,160.7276002,158.4476002,145.8876002,114.977527,5.36,48.8300732,-0.0475645,3.21
812,2017-09-15,402.66,15.34541313,165.4876002,1.409325222,15.26768963,15.56554597,15.42360585,15.1787719,14.97605222,-0.07819272,0.36936091,162.3776002,163.1776002,161.5576002,147.3976002,111.244088,3.93,54.2435122,0.09199334,1.44
813,2017-10-15,404.16,15.42494481,164.4176002,1.429218158,15.33069413,15.39408009,15.40717786,15.28476708,15.05158131,0.01776695,0.3733635,163.5376002,163.2076002,158.3676002,147.6776002,109.34754,6.05,55.0700602,-0.11809826,1.15
814,2017-11-15,405.7,15.31378453,167.0176002,1.449564909,15.36134903,15.43829816,15.47066109,15.26181977,15.02711957,-0.15687656,0.28666496,163.8076002,162.8776002,165.2076002,148.3276002,109.664828,1.81,57.3527722,0.01464272,-3.95
815,2017-12-15,406.75,15.43740647,166.9276002,1.46339346,15.34541313,15.26768963,15.40104573,15.03374951,14.97654526,0.03636074,0.46086121,165.4876002,162.3776002,163.0976002,147.4976002,109.86447,3.83,57.0631302,-0.09832859,-0.98
816,2018-01-15,407.53,15.30684655,165.5676002,1.473643009,15.42494481,15.33069413,15.46963685,15.21294873,14.7380914,-0.1627903,0.56875515,164.4176002,163.5376002,163.4476002,147.6276002,110.818452,2.12,54.7491482,0.06413268,-1.21
817,2018-02-15,408.23,15.32842725,163.0676002,1.482824633,15.31378453,15.36134903,15.56533616,15.08155816,14.74510663,-0.23690891,0.58332062,167.0176002,163.8076002,160.7276002,147.5576002,109.677949,2.34,53.3896512,-0.01083947,2.24
818,2018-03-15,408.77,15.33907788,165.9476002,1.48989685,15.43740647,15.34541313,15.56554597,15.08987134,15.08472531,-0.22646809,0.25435257,166.9276002,165.4876002,163.1776002,149.8776002,114.222827,2.77,51.7247732,-0.04825211,-0.8
819,2018-04-15,409.07,15.37097923,164.3576002,1.493821823,15.30684655,15.42494481,15.39408009,15.02946751,14.93918603,-0.02310086,0.4317932,165.5676002,164.4176002,163.2076002,147.6276002,116.992549,1.15,47.3650512,-0.0275669,3.03
820,2018-05-15,408.93,15.31758778,165.3076002,1.491990527,15.32842725,15.31378453,15.43829816,15.08720772,14.96058362,-0.12071038,0.35700416,163.0676002,167.0176002,162.8776002,148.7676002,122.40421,2.43,42.9033902,-0.04372501,0.94
821,2018-06-15,408.06,15.29082577,165.1476002,1.480596258,15.33907788,15.43740647,15.26768963,15.17324155,14.86739819,0.02313614,0.42342758,165.9476002,166.9276002,162.3776002,146.4376002,122.713751,2.77,42.4338492,-0.02555084,3.48
822,2018-07-15,406.49,15.34341233,167.3876002,1.459972576,15.37097923,15.30684655,15.33069413,15.04006951,15.04166405,0.0127182,0.30174828,164.3576002,165.5676002,163.5376002,146.6176002,124.562659,3.85,42.8249412,0.0767889,1.14
823,2018-08-15,405.11,15.27386277,166.2476002,1.441778867,15.31758778,15.32842725,15.36134903,15.12020676,14.98658936,-0.08748626,0.28727341,165.3076002,163.0676002,163.8076002,143.4776002,121.730661,2.44,44.5169392,0.03020191,2.31
824,2018-09-15,405.18,15.26527493,168.6276002,1.442703227,15.29082577,15.33907788,15.34541313,15.23555367,15.03575413,-0.0801382,0.2295208,165.1476002,165.9476002,165.4876002,142.9476002,119.49672,3.14,49.1308802,0.13127423,-1.31
825,2018-10-15,406.65,15.42020123,168.5276002,1.462077994,15.34341233,15.37097923,15.42494481,15.11700433,15.10273926,-0.00474358,0.31746197,167.3876002,164.3576002,164.4176002,146.5776002,115.184411,4.11,53.3431892,-0.06971645,3.36
826,2018-11-15,408.12,15.30406468,168.5576002,1.48138285,15.27386277,15.31758778,15.31378453,15.2155637,15.11732667,-0.00971985,0.18673801,166.2476002,165.3076002,167.0176002,149.0276002,114.417739,1.54,54.1398612,0.07014085,1.94
827,2018-12-15,409.19,15.39654916,167.3176002,1.495391006,15.26527493,15.29082577,15.43740647,15.19239133,15.02185815,-0.04085731,0.37469101,168.6276002,165.1476002,166.9276002,144.8476002,111.855569,0.39,55.4620312,0.17749881,5.89
828,2019-01-15,409.93,15.35048478,171.8876002,1.50505748,15.42020123,15.34341233,15.30684655,15.19315236,15.12588303,0.04363823,0.22460175,168.5276002,167.3876002,165.5676002,148.2276002,112.74595,6.32,59.1416502,0.1525898,-1.09
829,2019-02-15,410.35,15.37420553,170.4976002,1.510536098,15.30406468,15.27386277,15.32842725,14.97013371,15.03115361,0.04577828,0.34305192,168.5576002,166.2476002,163.0676002,151.2576002,111.069293,7.43,59.4283072,0.0483408,1.54
830,2019-03-15,410.9,15.57404797,173.2076002,1.517702004,15.39654916,15.26527493,15.33907788,15.15658849,14.94473927,0.23497009,0.6293087,167.3176002,168.6276002,165.9476002,151.2876002,114.468741,7.26,58.7388592,-0.1396389,1.2
831,2019-04-15,411.35,15.50307458,170.7976002,1.523557888,15.35048478,15.42020123,15.37097923,15.17536824,15.00578587,0.13209535,0.49728871,171.8876002,168.5276002,164.3576002,150.5676002,115.743638,6.44,55.0539622,-0.04110527,2.13
832,2019-05-15,411.36,15.42254633,172.0376002,1.523687946,15.37420553,15.30406468,15.31758778,15.24910062,15.06172364,0.10495855,0.36082269,170.4976002,168.5576002,165.3076002,147.9876002,121.4406,6.73,50.5970002,-0.00111963,3.45
833,2019-06-15,410.54,15.43440907,174.4076002,1.513012678,15.57404797,15.39654916,15.29082577,15.13792126,15.0701999,0.1435833,0.36420917,173.2076002,167.3176002,165.1476002,150.3776002,125.024746,9.26,49.3828542,0.01018906,0.17
834,2019-07-15,408.88,15.46196931,172.9276002,1.491336341,15.50307458,15.35048478,15.34341233,15.13083451,15.20279496,0.11855698,0.25917435,170.7976002,171.8876002,167.3876002,152.0476002,126.448132,5.54,46.4794682,0.05675982,0.98
835,2019-08-15,407.64,15.4214267,175.4876002,1.475086879,15.42254633,15.37420553,15.27386277,15.20141976,15.11080735,0.14756393,0.31061935,172.0376002,170.4976002,166.2476002,152.6376002,127.112152,9.24,48.3754482,0.04928971,-0.36
836,2019-09-15,407.93,15.44459813,174.5776002,1.478891581,15.43440907,15.57404797,15.26527493,15.25030511,15.16958421,0.1793232,0.27501392,174.4076002,173.2076002,168.6276002,152.1376002,128.9029294,5.95,45.6746708,0.1604185,-0.25
837,2019-10-15,409.44,15.51872913,173.9076002,1.498658661,15.46196931,15.50307458,15.42020123,15.22916882,15.1456012,0.0985279,0.37312793,172.9276002,170.7976002,168.5276002,154.5176002,130.302181,5.38,43.6054192,0.1285734,-3.05
838,2019-11-15,410.87,15.47071641,175.1276002,1.517311384,15.4214267,15.42254633,15.30406468,15.11702721,15.20674413,0.16665173,0.26397228,175.4876002,172.0376002,168.5576002,151.5276002,132.6256345,6.57,42.5019657,0.19424057,1
839,2019-12-15,411.76,15.60501663,174.3276002,1.528887675,15.44459813,15.43440907,15.39654916,15.25396913,15.13387864,0.20846747,0.47113799,174.5776002,174.4076002,167.3176002,157.7376002,136.3596503,7.01,37.9679499,-0.05150317,0.13
840,2020-01-15,412.43,15.64730253,170.8576002,1.537585913,15.51872913,15.46196931,15.35048478,15.25869076,15.25987237,0.29681775,0.38743016,173.9076002,172.9276002,171.8876002,154.8176002,136.0076002,-1.03,34.85,-0.06115815,3.08
841,2020-02-15,412.95,15.66495698,176.1276002,1.544327052,15.47071641,15.4214267,15.37420553,15.26466363,15.28808873,0.29075145,0.37686825,175.1276002,175.4876002,170.4976002,157.1276002,138.4876002,5.63,37.64,-0.13325501,-0.17
842,2020-03-15,413.44,15.55351346,174.4576002,1.550671515,15.60501663,15.44459813,15.57404797,15.29459469,15.33490746,-0.02053451,0.218606,174.3276002,174.5776002,173.2076002,157.0476002,135.2076002,1.25,39.25,-0.12756729,-0.28
843,2020-04-15,413.86,15.58614438,173.9376002,1.556103644,15.64730253,15.51872913,15.50307458,15.12236111,15.3182792,0.0830698,0.26786518,170.8576002,173.9076002,170.7976002,159.1476002,138.1976002,3.14,35.74,-0.19578648,2.43
844,2020-05-15,413.81,15.53170197,175.9576002,1.555457251,15.66495698,15.47071641,15.42254633,15.24234955,15.26413148,0.10915564,0.26757049,176.1276002,175.1276002,172.0376002,156.7676002,138.6776002,3.92,37.28,-0.19957161,-2.24
845,2020-06-15,412.88,15.42594617,174.1776002,1.543420085,15.55351346,15.60501663,15.43440907,15.25204175,15.15237324,-0.0084629,0.27357293,174.4576002,174.3276002,174.4076002,159.1176002,139.8676002,-0.23,34.31,0.07341766,1.34
846,2020-07-15,411.17,15.3903579,176.3676002,1.521216304,15.58614438,15.64730253,15.46196931,15.21876519,15.11706727,-0.07161141,0.27329063,173.9376002,170.8576002,172.9276002,158.9676002,138.3976002,3.44,37.97,0.05117989,1.63
847,2020-08-15,409.73,15.33213036,173.7176002,1.502446642,15.53170197,15.66495698,15.4214267,15.30767815,15.11172478,-0.08929634,0.22040558,175.9576002,176.1276002,175.4876002,159.2976002,141.0176002,-1.77,32.7,0.27080441,3.39
848,2020-09-15,410,15.49936383,175.5176002,1.505970973,15.42594617,15.55351346,15.44459813,15.33273595,15.16490453,0.0547657,0.3344593,174.1776002,174.4576002,174.5776002,161.5476002,135.5176002,0.94,40,-0.19880867,0.32
849,2020-10-15,411.66,15.44153779,177.9976002,1.527588216,15.3903579,15.58614438,15.51872913,15.50684445,15.18196957,-0.07719134,0.25956822,176.3676002,173.9376002,173.9076002,164.2676002,135.7476002,4.09,42.25,-0.13216496,-0.15
850,2020-11-15,413.25,15.60293477,177.1076002,1.54821231,15.33213036,15.53170197,15.47071641,15.45170013,15.19965165,0.13221836,0.40328312,173.7176002,175.9576002,175.1276002,159.3376002,136.7676002,1.98,40.34,-0.47690392,0.71
851,2020-12-15,414.14,15.30055516,175.8376002,1.559722001,15.49936383,15.42594617,15.60501663,15.60498423,14.96411412,-0.30446147,0.33644104,175.5176002,174.1776002,174.3276002,162.0376002,133.5476002,1.51,42.29,-0.04516697,-1.28
852,2021-01-15,414.73,15.30937283,177.8476002,1.567338396,15.44153779,15.3903579,15.64730253,15.61722273,14.97575276,-0.3379297,0.33362007,177.9976002,176.3676002,170.8576002,161.1976002,133.1876002,6.99,44.66,-0.05296325,3.98
853,2021-02-15,415.2,15.12603085,177.8176002,1.573397944,15.60293477,15.33213036,15.66495698,15.75360103,14.88992207,-0.53892613,0.23610878,177.1076002,173.7176002,176.1276002,164.0776002,132.1576002,1.69,45.66,0.19710446,1.77
854,2021-03-15,415.49,15.25538819,174.5576002,1.577133393,15.30055516,15.49936383,15.55351346,15.69174853,15.00736706,-0.29812527,0.24802113,175.8376002,175.5176002,174.4576002,162.3076002,133.7676002,0.1,40.79,0.0229044,6.16
855,2021-04-15,415.81,15.25640958,181.8276002,1.581252243,15.30937283,15.44153779,15.58614438,15.59541793,15.07948296,-0.3297348,0.17692662,177.8476002,177.9976002,173.9376002,162.8976002,133.6376002,7.89,48.19,0.139472,-1.53
856,2021-05-15,416.01,15.32313531,179.5876002,1.583824915,15.12603085,15.60293477,15.53170197,15.48107426,15.02400868,-0.20856666,0.29912663,177.8176002,177.1076002,175.9576002,161.6876002,133.9176002,3.63,45.67,0.05335998,3.26
857,2021-06-15,415.2,15.27829259,180.7176002,1.573397944,15.25538819,15.30055516,15.42594617,15.32701199,15.08623975,-0.14765358,0.19205284,174.5576002,175.8376002,174.1776002,163.0776002,135.6376002,6.54,45.08,0.18894672,0.85
858,2021-07-15,413.45,15.39588158,180.2976002,1.550800915,15.25640958,15.30937283,15.3903579,15.42561143,15.20817368,0.00552368,0.1877079,181.8276002,177.8476002,176.3676002,162.1076002,131.9476002,3.93,48.35,0.09100819,1.7
859,2021-08-15,412.15,15.37649529,182.8476002,1.533952548,15.32313531,15.12603085,15.33213036,15.46664423,15.17635148,0.04436493,0.20014381,179.5876002,177.8176002,173.7176002,158.4476002,134.8776002,9.13,47.97,0.03533936,-3.04
860,2021-09-15,412.38,15.46723931,181.5676002,1.536937279,15.27829259,15.25538819,15.49936383,15.42360585,15.11322587,-0.03212452,0.35401344,180.7176002,174.5576002,175.5176002,161.5576002,132.6876002,6.05,48.88,-0.07943058,-1.31
861,2021-10-15,413.83,15.48688977,181.9976002,1.555715817,15.39588158,15.25640958,15.44153779,15.40717786,15.09518426,0.04535198,0.39170551,180.2976002,181.8276002,177.9976002,158.3676002,139.4476002,4,42.55,-0.14347554,1.32
862,2021-11-15,415.58,15.41183465,179.8076002,1.57829214,15.37649529,15.32313531,15.60293477,15.47066109,14.9712476,-0.19110012,0.44058705,182.8476002,179.5876002,177.1076002,165.2076002,131.7676002,2.7,48.04,-0.11631394,3.66
863,2021-12-15,416.6,15.38780873,180.2576002,1.591407098,15.46723931,15.27829259,15.30055516,15.40104573,15.02782052,0.08725357,0.35998821,181.5676002,180.7176002,175.8376002,163.0976002,138.4976002,4.42,41.76,0.0720291,1.85
864,2022-01-15,417.18,15.34341423,183.3176002,1.598850309,15.48688977,15.39588158,15.30937283,15.46963685,14.900649,0.0340414,0.44276523,181.9976002,180.2976002,177.8476002,163.4476002,142.4576002,5.47,40.86,0.0057316,0.2
865,2022-02-15,417.64,15.29552071,183.4676002,1.604746192,15.41183465,15.37649529,15.12603085,15.56533616,14.88691228,0.16948986,0.40860843,179.8076002,182.8476002,177.8176002,160.7276002,143.7576002,5.65,39.71,0.02606774,-3.28
866,2022-03-15,418.16,15.45983783,182.1076002,1.611403287,15.38780873,15.46723931,15.25538819,15.56554597,14.92973607,0.20444964,0.53010176,180.2576002,181.5676002,174.5576002,163.1776002,142.5276002,7.55,39.58,-0.0861244,-0.63
867,2022-04-15,418.58,15.34914583,183.5176002,1.616774132,15.34341423,15.48688977,15.25640958,15.39408009,15.12017911,0.09273625,0.22896672,183.3176002,181.9976002,181.8276002,163.2076002,142.1876002,1.69,41.33,0.09330748,0.79
868,2022-05-15,418.45,15.32158845,180.1876002,1.615112304,15.29552071,15.41183465,15.32313531,15.43829816,15.23926919,-0.00154686,0.08231926,183.4676002,179.8076002,179.5876002,162.8776002,145.3476002,0.6,34.84,0.03949928,-0.62
869,2022-06-15,417.43,15.37371343,181.4776002,1.602055399,15.45983783,15.38780873,15.27829259,15.26768963,15.18523114,0.09542084,0.18848229,182.1076002,180.2576002,180.7176002,162.3776002,148.1876002,0.76,33.29,0.0415554,3.76
870,2022-07-15,415.67,15.44245331,184.3076002,1.579450636,15.34914583,15.34341423,15.39588158,15.33069413,15.10537713,0.04657173,0.33707618,183.5176002,183.3176002,180.2976002,163.5376002,148.7776002,4.01,35.53,0.03206635,-0.85
871,2022-08-15,414.4,15.36108773,179.5676002,1.563079715,15.32158845,15.29552071,15.37649529,15.36134903,15.14196389,-0.01540756,0.21912384,180.1876002,183.4676002,182.8476002,163.8076002,145.8876002,-3.28,33.68,-0.13305855,2.87
872,2022-09-15,414.62,15.41526883,185.2376002,1.565919212,15.37371343,15.45983783,15.46723931,15.34541313,15.1787719,-0.05197048,0.23649693,181.4776002,182.1076002,181.5676002,165.4876002,147.3976002,3.67,37.84,-0.0789833,-0.51
873,2022-10-15,416.13,15.47451966,183.4576002,1.585367925,15.44245331,15.34914583,15.48688977,15.42494481,15.28476708,-0.01237011,0.18975258,184.3076002,183.5176002,181.9976002,164.4176002,147.6776002,1.46,35.78,-0.16182518,4.54
874,2022-11-15,417.84,15.22802918,182.4376002,1.607307594,15.36108773,15.32158845,15.41183465,15.31378453,15.26181977,-0.18380547,-0.03379059,179.5676002,180.1876002,179.8076002,167.0176002,148.3276002,2.63,34.11,0.13038731,0.78
875,2022-12-15,418.93,15.33628553,184.7276002,1.621245721,15.41526883,15.37371343,15.38780873,15.43740647,15.03374951,-0.0515232,0.30253602,185.2376002,181.4776002,180.2576002,166.9276002,147.4976002,4.47,37.23,0.2410946,3.91
876,2023-01-15,419.38,15.31269448,187.9976002,1.62698942,15.47451966,15.44245331,15.34341423,15.30684655,15.21294873,-0.03071975,0.09974575,183.4576002,184.3076002,183.3176002,165.5676002,147.6276002,4.68,40.37,0.07371235,-7.43
877,2023-02-15,419.65,15.35841649,183.2176002,1.630432682,15.22802918,15.36108773,15.29552071,15.32842725,15.08155816,0.06289578,0.27685833,182.4376002,179.5676002,183.4676002,163.0676002,147.5576002,-0.25,35.66,0.10266971,6.39
878,2023-03-15,419.98,15.57738013,188.6376002,1.634638106,15.33628553,15.41526883,15.45983783,15.33907788,15.08987134,0.1175423,0.48750879,184.7276002,185.2376002,182.1076002,165.9476002,149.8776002,6.53,38.76,0.0195999,-2.5
879,2023-04-15,420.51,15.38640683,180.5676002,1.641385361,15.31269448,15.47451966,15.34914583,15.37097923,15.02946751,0.037261,0.35693932,187.9976002,183.4576002,183.5176002,164.3576002,147.6276002,-2.95,32.94,0.40289783,9.7
880,2023-05-15,420.6,15.4610862,189.6076002,1.642530277,15.35841649,15.22802918,15.32158845,15.31758778,15.08720772,0.13949775,0.37387848,183.2176002,182.4376002,180.1876002,165.3076002,148.7676002,9.42,40.84,0.31385043,-0.6
881,2023-06-15,419.6,15.59698003,186.1376002,1.629795208,15.57738013,15.33628553,15.37371343,15.29082577,15.17324155,0.2232666,0.42373848,188.6376002,184.7276002,181.4776002,165.1476002,146.4376002,4.66,39.7,0.3994999,3.45
882,2023-07-15,417.93,15.78930466,190.2676002,1.608459824,15.38640683,15.31269448,15.44245331,15.34341233,15.04006951,0.34685135,0.74923515,180.5676002,187.9976002,184.3076002,167.3876002,146.6176002,5.96,43.65,0.12608907,3.94
883,2023-08-15,416.78,15.77493663,189.0076002,1.593718168,15.4610862,15.35841649,15.36108773,15.27386277,15.12020676,0.4138489,0.65472987,189.6076002,183.2176002,179.5676002,166.2476002,143.4776002,9.44,45.53,0.1446819,1.03
884,2023-09-15,417.18,15.99647993,189.5876002,1.598850309,15.59698003,15.57738013,15.41526883,15.26527493,15.23555367,0.5812111,0.76092626,186.1376002,188.6376002,185.2376002,168.6276002,142.9476002,4.35,46.64,-0.0858946,-0.24
885,2023-10-15,418.85,15.91539373,194.2076002,1.620223973,15.78930466,15.38640683,15.47451966,15.42020123,15.11700433,0.44087407,0.7983894,190.2676002,180.5676002,183.4576002,168.5276002,146.5776002,10.75,47.63,-0.1510887,-0.99
886,2023-11-15,420.4,15.91961853,190.0376002,1.639985687,15.77493663,15.4610862,15.22802918,15.30406468,15.2155637,0.69158935,0.70405483,189.0076002,189.6076002,182.4376002,168.5576002,149.0276002,7.6,41.01,-0.0435295,2.64
887,2023-12-15,421.5,15.91058533,189.3476002,1.653965978,15.99647993,15.59698003,15.33628553,15.39654916,15.19239133,0.5742998,0.718194,189.5876002,186.1376002,184.7276002,167.3176002,144.8476002,4.62,44.5,-0.1166916,6.07
888,2024-01-15,422.21,15.76430503,193.2176002,1.662970259,15.91539373,15.78930466,15.31269448,15.35048478,15.19315236,0.45161055,0.57115267,194.2076002,190.2676002,187.9976002,171.8876002,148.2276002,5.22,44.99,-0.02824305,-1.91
889,2024-02-15,422.81,15.87608903,192.6776002,1.670567713,15.91961853,15.77493663,15.35841649,15.37420553,14.97013371,0.51767254,0.90595532,190.0376002,189.0076002,183.2176002,170.4976002,151.2576002,9.46,41.42,-0.1584673,0.43
890,2024-03-15,423.41,15.79389373,195.4176002,1.678154394,15.91058533,15.99647993,15.57738013,15.57404797,15.15658849,0.2165136,0.63730524,189.3476002,189.5876002,188.6376002,173.2076002,151.2876002,6.78,44.13,-0.0538549,-2.59
891,2024-04-15,423.89,15.73606198,191.3076002,1.684216002,15.76430503,15.91539373,15.38640683,15.50307458,15.17536824,0.34965515,0.56069374,193.2176002,194.2076002,180.5676002,170.7976002,150.5676002,10.74,40.74,0.00788405,1.1
892,2024-05-15,423.94,15.71762173,193.1076002,1.684847025,15.87608903,15.91961853,15.4610862,15.42254633,15.24910062,0.25653553,0.46852111,192.6776002,190.0376002,189.6076002,172.0376002,147.9876002,3.5,45.12,0.0588274,-4.56
893,2024-06-15,423.22,15.74003883,192.8276002,1.675753109,15.79389373,15.91058533,15.59698003,15.43440907,15.13792126,0.1430588,0.60211757,195.4176002,189.3476002,186.1376002,174.4076002,150.3776002,6.69,42.45,0.0537414,-1.69
894,2024-07-15,421.61,15.74394603,192.4076002,1.655362,15.73606198,15.76430503,15.78930466,15.46196931,15.13083451,-0.04535863,0.61311152,191.3076002,193.2176002,190.2676002,172.9276002,152.0476002,2.14,40.36,0.1205358,0.48
895,2024-08-15,420.26,15.77644913,188.5476002,1.638203754,15.71762173,15.87608903,15.77493663,15.4214267,15.20141976,0.0015125,0.57502937,193.1076002,192.6776002,189.0076002,175.4876002,152.6376002,-0.46,35.91,0.0174084,2.29
896,2024-09-15,420.58,15.79378023,191.1376002,1.642275872,15.74003883,15.79389373,15.99647993,15.44459813,15.25030511,-0.2026997,0.54347512,192.8276002,195.4176002,189.5876002,174.5776002,152.1376002,1.55,39,0.0304165,1.02
897,2024-10-15,422.35,15.86448183,192.8876002,1.664743963,15.74394603,15.73606198,15.91539373,15.51872913,15.22916882,-0.0509119,0.63531301,192.4076002,191.3076002,194.2076002,173.9076002,154.5176002,-1.32,38.37,-0.01148317,-0.56
898,2024-11-15,424.07,15.79385753,190.8376002,1.686487336,15.77644913,15.71762173,15.91961853,15.47071641,15.11702721,-0.125761,0.67683032,188.5476002,193.1076002,190.0376002,175.1276002,151.5276002,0.8,39.31,-0.1007538,2.49
